Ｍ,日付,開催,Ｒ,レース名,馬名,Ｃ,性別,年齢,騎手,斤量,頭数,馬番,馬印,馬印2,馬印3,馬印4,レース印１,人気,着順,芝・ダ,距離,コース区分,馬場状態,賞金,多頭出し,所属,調教師,走破タイム,着差,2角,3角,4角,上り3F,PCI,好走,PCI3,RPCI,上3F地点差,馬体重,馬体重増減,ブリンカー,単勝配当,複勝配当,枠連,馬連,馬単,３連複,３連単
,251026,3京9,12,嵯峨野Ｈ･2勝,ピエマンソン,,牡,3,池添謙一, 56 ,16,13,"  ","  ","  ","  ",,1,１,ダ,1400,,重,1550,,(栗),平田修,1228,-0.2,,5,5,36.3,46.1,*,46.23,44.2,0.4,478,+2,,250,130,750,700,1200,6820,18820
,251026,3京9,12,嵯峨野Ｈ･2勝,ウルスクローム,,牡,3,高杉吏麒, 55 ,16,15,"  ","  ","  ","  ",,3,２,ダ,1400,,重,620,,(栗),大橋勇樹,1230,0.2,,8,5,36.4,46.0,*,46.23,44.2,0.5,480,-8,,(5.8),200,750,700,1200,6820,18820
,251026,3京9,12,嵯峨野Ｈ･2勝,アレ,,牡,4,西村淳也, 56 ,16,9,"  ","  ","  ","  ",,9,３,ダ,1400,,重,390,,(栗),中内田充,1233,0.5,,10,10,36.4,46.6,*,46.23,44.2,0.8,514,0,,(28.8),460,,,,6820,18820
,251026,3京9,12,嵯峨野Ｈ･2勝,コスモストーム,,牡,3,秋山稔樹, 56 ,16,6,"  ","  ","  ","  ",,4,４,ダ,1400,,重,230,,(栗),北出成人,1233,0.5,,11,11,36.3,47.1,*,46.23,44.2,0.9,514,+6,,(8.5),,,,,,
,251026,3京9,12,嵯峨野Ｈ･2勝,テーオールビー,,牝,4,長岡禎仁, 53 ,16,11,"  ","  ","  ","  ",,10,５,ダ,1400,,重,155,,(栗),宮徹,1233,0.5,,2,2,37.1,43.4,*,46.23,44.2,0.1,462,-6,,(50.2),,,,,,
,251026,3京9,12,嵯峨野Ｈ･2勝,ヤマニンバロネス,,牝,3,武豊, 53 ,16,3,"  ","  ","  ","  ",,5,６,ダ,1400,,重,0,,(栗),千田輝彦,1234,0.6,,11,11,36.5,46.4,*,46.23,44.2,0.8,468,-4,,(9.4),,,,,,
,251026,3京9,12,嵯峨野Ｈ･2勝,アメリカンポリス,,牡,3,坂井瑠星, 55 ,16,4,"  ","  ","  ","  ",,2,７,ダ,1400,,重,0,,(栗),池江泰寿,1235,0.7,,5,5,37.0,44.3,*,46.23,44.2,0.4,514,+2,,(4.7),,,,,,
,251026,3京9,12,嵯峨野Ｈ･2勝,バックトゥザライト,,牡,5,団野大成, 55 ,16,2,"  ","  ","  ","  ",,12,８,ダ,1400,,重,0,,(栗),辻野泰之,1237,0.9,,13,11,36.5,47.0,*,46.23,44.2,1.1,526,+2,,(138.4),,,,,,
,251026,3京9,12,嵯峨野Ｈ･2勝,アストラカ,,セ,4,吉村誠之, 55 ,16,14,"  ","  ","  ","  ",,14,９,ダ,1400,,重,0,,(栗),田中克典,1239,1.1,,14,11,36.5,47.4,,46.23,44.2,1.3,500,+18,B,(182.3),,,,,,
,251026,3京9,12,嵯峨野Ｈ･2勝,シンゼンイズモ,,牡,5,和田竜二, 53 ,16,5,"  ","  ","  ","  ",,16,10,ダ,1400,,重,0,,(栗),荒川義之,1239,1.1,,16,16,36.4,47.9,*,46.23,44.2,1.4,528,+6,,(322.3),,,,,,
,251026,3京9,12,嵯峨野Ｈ･2勝,アスクキングコング,,セ,7,戸崎圭太, 53 ,16,7,"  ","  ","  ","  ",,11,11,ダ,1400,,重,0,,(栗),梅田智之,1240,1.2,,9,8,37.3,43.9,,46.23,44.2,0.6,476,0,,(88.1),,,,,,
,251026,3京9,12,嵯峨野Ｈ･2勝,サンダーロード,,牡,3,松若風馬, 54 ,16,10,"  ","  ","  ","  ",,6,12,ダ,1400,,重,0,,(栗),杉山晴紀,1240,1.2,,3,3,37.7,42.1,,46.23,44.2,0.2,530,-8,B,(13.9),,,,,,
,251026,3京9,12,嵯峨野Ｈ･2勝,フェリ,,牝,5,酒井学, 52 ,16,1,"  ","  ","  ","  ",,13,13,ダ,1400,,重,0,,(栗),佐々木晶,1244,1.6,,14,15,37.1,45.6,,46.23,44.2,1.2,480,+18,,(144.6),,,,,,
,251026,3京9,12,嵯峨野Ｈ･2勝,ジェネラーレ,,牡,4,岩田望来, 55 ,16,12,"  ","  ","  ","  ",,7,14,ダ,1400,,重,0,,(栗),野中賢二,1246,1.8,,1,1,38.5,39.8,,46.23,44.2,0.0,488,-6,B,(23.8),,,,,,
,251026,3京9,12,嵯峨野Ｈ･2勝,クアトロジャック,,牡,4,北村友一, 55 ,16,8,"  ","  ","  ","  ",,8,15,ダ,1400,,重,0,,(栗),庄野靖志,1261,3.3,,5,8,39.7,37.7,,46.23,44.2,0.3,486,-8,B,(24.1),,,,,,
,251026,3京9,12,嵯峨野Ｈ･2勝,ルージュイストリア,,牝,5,田山旺佑, 51 ,16,16,"  ","  ","  ","  ",,15,16,ダ,1400,,重,0,,(美),浅利英明,1264,3.6,,3,3,40.1,36.6,,46.23,44.2,0.2,462,+2,,(276.4),,,,,,
,251026,3京9,11,菊花賞G1,エネルジコ,,牡,3,ルメール, 57 ,18,9,"  ","  ","  ","  ",,1,１,芝,3000,A,稍,20000,,(美),高柳瑞樹,3040,-0.3,14,8,4,35.0,56.4,*,55.47,55.3,0.3,456,-12,,380,180,1010,1110,2100,45690,140270
,251026,3京9,11,菊花賞G1,エリキング,,牡,3,川田将雅, 57 ,18,15,"  ","  ","  ","  ",,2,２,芝,3000,A,稍,8000,,(栗),中内田充,3043,0.3,17,12,8,35.2,55.9,*,55.47,55.3,0.4,508,-2,,(4.3),190,1010,1110,2100,45690,140270
,251026,3京9,11,菊花賞G1,エキサイトバイオ,,牡,3,荻野極, 57 ,18,14,"  ","  ","  ","  ",,13,３,芝,3000,A,稍,5000,,(栗),今野貞一,3044,0.4,5,2,1,35.7,54.1,*,55.47,55.3,0.0,480,+8,,(82.6),1180,,,,45690,140270
,251026,3京9,11,菊花賞G1,ゲルチュタール,,牡,3,坂井瑠星, 57 ,18,12,"  ","  ","  ","  ",,5,４,芝,3000,A,稍,3000,*,(栗),杉山晴紀,3044,0.4,9,12,8,35.2,56.0,*,55.47,55.3,0.5,524,+8,,(9.2),,,,,,
,251026,3京9,11,菊花賞G1,レッドバンデ,,牡,3,佐々木大, 57 ,18,18,"  ","  ","  ","  ",,9,５,芝,3000,A,稍,2000,,(美),大竹正博,3045,0.5,6,6,4,35.5,54.9,*,55.47,55.3,0.3,482,-4,,(17.4),,,,,,
,251026,3京9,11,菊花賞G1,ミラージュナイト,,牡,3,藤岡佑介, 57 ,18,6,"  ","  ","  ","  ",,8,６,芝,3000,A,稍,0,,(栗),辻野泰之,3045,0.5,18,17,14,35.1,56.4,*,55.47,55.3,0.7,492,+6,,(15.2),,,,,,
,251026,3京9,11,菊花賞G1,コーチェラバレー,,牡,3,西村淳也, 57 ,18,1,"  ","  ","  ","  ",,15,７,芝,3000,A,稍,0,,(栗),安田翔伍,3046,0.6,16,12,14,35.3,55.7,*,55.47,55.3,0.6,438,-4,,(107.0),,,,,,
,251026,3京9,11,菊花賞G1,ジョバンニ,,牡,3,松山弘平, 57 ,18,5,"  ","  ","  ","  ",,6,８,芝,3000,A,稍,0,*,(栗),杉山晴紀,3047,0.7,9,12,16,35.2,56.2,*,55.47,55.3,0.8,478,+2,,(11.9),,,,,,
,251026,3京9,11,菊花賞G1,レクスノヴァス,,牡,3,横山和生, 57 ,18,8,"  ","  ","  ","  ",,10,９,芝,3000,A,稍,0,*,(栗),上村洋行,3048,0.8,3,3,2,36.0,53.3,*,55.47,55.3,0.1,484,-6,,(20.4),,,,,,
,251026,3京9,11,菊花賞G1,アロンディ,,牡,3,団野大成, 57 ,18,13,"  ","  ","  ","  ",,17,10,芝,3000,A,稍,0,,(栗),武英智,3051,1.1,12,8,8,35.9,53.9,,55.47,55.3,0.5,452,0,,(214.4),,,,,,
,251026,3京9,11,菊花賞G1,アマキヒ,,牡,3,戸崎圭太, 57 ,18,2,"  ","  ","  ","  ",,12,11,芝,3000,A,稍,0,,(美),国枝栄,3054,1.4,12,17,18,35.7,54.8,,55.47,55.3,1.0,492,0,,(45.9),,,,,,
,251026,3京9,11,菊花賞G1,ライトトラック,,牡,3,和田竜二, 57 ,18,3,"  ","  ","  ","  ",,11,12,芝,3000,A,稍,0,*,(栗),友道康夫,3055,1.5,6,8,8,36.3,52.8,,55.47,55.3,0.5,474,-4,,(41.9),,,,,,
,251026,3京9,11,菊花賞G1,マイユニバース,,牡,3,武豊, 57 ,18,11,"  ","  ","  ","  ",,4,13,芝,3000,A,稍,0,,(栗),武幸四郎,3055,1.5,11,3,3,36.7,51.4,,55.47,55.3,0.1,464,-2,,(9.1),,,,,,
,251026,3京9,11,菊花賞G1,ショウヘイ,,牡,3,岩田望来, 57 ,18,7,"  ","  ","  ","  ",,3,14,芝,3000,A,稍,0,*,(栗),友道康夫,3056,1.6,4,3,4,36.7,51.4,,55.47,55.3,0.2,472,+8,,(7.9),,,,,,
,251026,3京9,11,菊花賞G1,レイヤードレッド,,牡,3,嶋田純次, 57 ,18,17,"  ","  ","  ","  ",,18,15,芝,3000,A,稍,0,,(美),手塚貴久,3063,2.3,14,16,16,36.9,51.2,,55.47,55.3,0.7,484,+8,,(265.1),,,,,,
,251026,3京9,11,菊花賞G1,ヤマニンブークリエ,,牡,3,横山典弘, 57 ,18,4,"  ","  ","  ","  ",,7,16,芝,3000,A,稍,0,,(栗),松永幹夫,3064,2.4,2,6,8,37.3,49.9,,55.47,55.3,0.4,516,0,,(14.1),,,,,,
,251026,3京9,11,菊花賞G1,ラーシャローム,,牡,3,岩田康誠, 57 ,18,16,"  ","  ","  ","  ",,16,17,芝,3000,A,稍,0,,(美),奥村武,3083,4.3,6,8,13,39.2,45.1,,55.47,55.3,0.4,470,-8,B,(179.1),,,,,,
,251026,3京9,11,菊花賞G1,ジーティーアダマン,,牡,3,北村友一, 57 ,18,10,"  ","  ","  ","  ",,14,18,芝,3000,A,稍,0,*,(栗),上村洋行,3108,6.8,1,1,4,42.0,38.6,,55.47,55.3,0.1,492,0,,(85.2),,,,,,
,251026,3京9,10,カノープＨ,シゲルショウグン,,牡,5,岩田康誠,57.5,14,4,"  ","  ","  ","  ",,4,１,ダ,1800,,重,2200,,(栗),大橋勇樹,1486,-0.2,4,2,3,36.5,48.8,*,48.67,48.0,0.2,520,-2,,730,270,810,1460,3520,3850,21460
,251026,3京9,10,カノープＨ,ジューンアヲニヨシ,,牡,5,西村淳也, 56 ,14,5,"  ","  ","  ","  ",,2,２,ダ,1800,,重,880,,(栗),松下武士,1488,0.2,2,2,2,36.7,48.2,*,48.67,48.0,0.2,494,0,B,(4.0),170,810,1460,3520,3850,21460
,251026,3京9,10,カノープＨ,スナークラファエロ,,セ,4,岩田望来, 56 ,14,3,"  ","  ","  ","  ",,5,３,ダ,1800,,重,550,,(栗),野中賢二,1491,0.5,10,8,4,36.6,49.0,*,48.67,48.0,0.6,480,0,B,(9.8),330,,,,3850,21460
,251026,3京9,10,カノープＨ,マリアナトレンチ,,牡,5,松若風馬, 55 ,14,10,"  ","  ","  ","  ",,13,４,ダ,1800,,重,330,,(栗),東田明士,1492,0.6,8,8,8,36.8,48.4,*,48.67,48.0,0.5,478,+6,,(74.2),,,,,,
,251026,3京9,10,カノープＨ,レアンダー,,牡,4,菱田裕二, 54 ,14,7,"  ","  ","  ","  ",,11,５,ダ,1800,,重,220,,(栗),大根田裕,1494,0.8,1,1,1,37.5,45.9,*,48.67,48.0,0.0,470,+8,,(43.9),,,,,,
,251026,3京9,10,カノープＨ,サーマルソアリング,,牝,5,北村友一, 53 ,14,13,"  ","  ","  ","  ",,9,６,ダ,1800,,重,0,,(栗),藤原英昭,1494,0.8,13,13,12,36.4,50.3,*,48.67,48.0,1.1,502,-4,,(22.4),,,,,,
,251026,3京9,10,カノープＨ,タイトニット,,牡,5,坂井瑠星,56.5,14,12,"  ","  ","  ","  ",,1,７,ダ,1800,,重,0,,(栗),今野貞一,1496,1.0,11,10,10,36.9,48.5,*,48.67,48.0,0.8,560,+6,B,(3.9),,,,,,
,251026,3京9,10,カノープＨ,コトホドサヨウニ,,牡,4,川田将雅, 56 ,14,11,"  ","  ","  ","  ",,6,８,ダ,1800,,重,0,,(栗),奥村豊,1496,1.0,4,5,4,37.3,46.9,*,48.67,48.0,0.4,506,+6,,(13.2),,,,,,
,251026,3京9,10,カノープＨ,エナハツホ,,牝,6,高倉稜, 51 ,14,8,"  ","  ","  ","  ",,14,９,ダ,1800,,重,0,,(栗),吉田直弘,1497,1.1,13,13,14,36.8,49.0,*,48.67,48.0,1.0,466,-4,,(89.7),,,,,,
,251026,3京9,10,カノープＨ,エルゲルージ,,牡,6,高杉吏麒, 56 ,14,2,"  ","  ","  ","  ",,10,10,ダ,1800,,重,0,,(栗),石坂公一,1498,1.2,12,10,10,37.2,47.6,,48.67,48.0,0.7,518,0,,(28.1),,,,,,
,251026,3京9,10,カノープＨ,タガノエスコート,,牡,6,酒井学, 55 ,14,1,"  ","  ","  ","  ",,12,11,ダ,1800,,重,0,,(栗),小林真也,1499,1.3,6,5,8,37.6,46.1,,48.67,48.0,0.4,506,+10,B,(64.6),,,,,,
,251026,3京9,10,カノープＨ,マーブルロック,,牡,5,武豊,56.5,14,14,"  ","  ","  ","  ",,7,12,ダ,1800,,重,0,,(栗),西園正都,1507,2.1,2,2,4,38.6,43.4,,48.67,48.0,0.2,520,+4,,(19.2),,,,,,
,251026,3京9,10,カノープＨ,ヴァルツァーシャル,,牡,6,和田竜二, 58 ,14,6,"  ","  ","  ","  ",,8,13,ダ,1800,,重,0,,(美),高木登,1526,4.0,6,5,4,40.3,39.7,,48.67,48.0,0.4,500,-4,B,(20.2),,,,,,
,251026,3京9,10,カノープＨ,ルシュヴァルドール,,牡,4,松山弘平, 56 ,14,9,"  ","  ","  ","  ",,3,14,ダ,1800,,重,0,,(栗),矢作芳人,2039,15.3,9,10,12,51.1,21.2,,48.67,48.0,0.9,532,-4,,(5.3),,,,,,
,251026,3京9,9,萩Ｓ(L),バドリナート,,牡,2,坂井瑠星, 56 ,8,5,"  ","  ","  ","  ",,3,１,芝,1800,A,稍,1700,,(栗),松永幹夫,1471,-0.1,,3,2,34.3,56.1,*,56.63,54.8,0.3,488,-2,,400,140,,410,1010,2590,9760
,251026,3京9,9,萩Ｓ(L),キッコベッロ,,牡,2,川田将雅, 56 ,8,2,"  ","  ","  ","  ",,1,２,芝,1800,A,稍,680,,(栗),友道康夫,1472,0.1,,6,7,34.1,57.2,*,56.63,54.8,0.6,494,+6,,(1.9),110,,410,1010,2590,9760
,251026,3京9,9,萩Ｓ(L),ストームサンダー,,牡,2,岩田望来, 56 ,8,1,"  ","  ","  ","  ",,6,３,芝,1800,A,稍,430,,(栗),安達昭夫,1474,0.3,,6,4,34.3,56.6,*,56.63,54.8,0.6,456,+2,,(31.2),240,,,,2590,9760
,251026,3京9,9,萩Ｓ(L),カレントゥルーシー,,牡,2,松山弘平, 56 ,8,8,"  ","  ","  ","  ",,4,４,芝,1800,A,稍,260,,(栗),鈴木孝志,1475,0.4,,1,1,35.0,53.6,*,56.63,54.8,0.0,492,-2,,(10.1),,,,,,
,251026,3京9,9,萩Ｓ(L),オルネーロ,,牡,2,ルメール, 56 ,8,6,"  ","  ","  ","  ",,2,５,芝,1800,A,稍,170,,(美),宮田敬介,1476,0.5,,4,4,34.7,55.0,*,56.63,54.8,0.4,494,+4,,(3.6),,,,,,
,251026,3京9,9,萩Ｓ(L),クールデイトナ,,牡,2,吉村誠之, 56 ,8,7,"  ","  ","  ","  ",,5,６,芝,1800,A,稍,0,,(栗),宮地貴稔,1478,0.7,,2,2,35.2,53.1,*,56.63,54.8,0.1,474,+16,,(20.6),,,,,,
,251026,3京9,9,萩Ｓ(L),ディーリライズ,,牡,2,高杉吏麒, 56 ,8,4,"  ","  ","  ","  ",,7,７,芝,1800,A,稍,0,,(栗),緒方努,1482,1.1,,4,4,35.2,53.7,,56.63,54.8,0.5,472,+12,,(35.3),,,,,,
,251026,3京9,9,萩Ｓ(L),セイカンサンラン,,牡,2,田口貫太, 56 ,8,3,"  ","  ","  ","  ",,8,８,芝,1800,A,稍,0,,(栗),大根田裕,1506,3.5,,8,8,36.8,50.3,,56.63,54.8,1.3,428,-2,,(161.7),,,,,,
,251026,3京9,8,壬生特別･2勝,モジャーリオ,,牡,3,横山和生, 57 ,14,9,"  ","  ","  ","  ",,1,１,芝,1200,A,稍,1550,,(美),斎藤誠,1087,-0.1,,3,3,33.7,53.9,*,54.70,51.5,0.4,462,+4,,370,160,2350,2490,5060,5660,36000
,251026,3京9,8,壬生特別･2勝,アオイレーギーナ,,牝,3,池添謙一, 55 ,14,8,"  ","  ","  ","  ",,6,２,芝,1200,A,稍,620,,(栗),宮地貴稔,1088,0.1,,7,7,33.5,55.4,*,54.70,51.5,0.7,498,+6,,(10.6),350,2350,2490,5060,5660,36000
,251026,3京9,8,壬生特別･2勝,フードマン,,牡,3,岩田望来, 57 ,14,3,"  ","  ","  ","  ",,4,３,芝,1200,A,稍,390,,(栗),小栗実,1088,0.1,,7,7,33.6,54.8,*,54.70,51.5,0.6,482,-2,B,(6.6),240,,,,5660,36000
,251026,3京9,8,壬生特別･2勝,コウセキ,,牡,3,ルメール, 57 ,14,14,"  ","  ","  ","  ",,2,４,芝,1200,A,稍,230,,(栗),西園正都,1089,0.2,,2,2,34.1,52.1,*,54.70,51.5,0.2,486,0,,(3.8),,,,,,
,251026,3京9,8,壬生特別･2勝,ルージュスエルテ,,牝,4,佐々木大, 56 ,14,12,"  ","  ","  ","  ",,7,５,芝,1200,A,稍,155,,(美),国枝栄,1090,0.3,,13,13,33.2,57.8,*,54.70,51.5,1.2,480,0,,(14.0),,,,,,
,251026,3京9,8,壬生特別･2勝,アンビバレント,,牡,5,田口貫太, 58 ,14,7,"  ","  ","  ","  ",,10,６,芝,1200,A,稍,0,,(栗),藤野健太,1090,0.3,,10,11,33.4,56.6,*,54.70,51.5,1.0,482,+6,,(44.6),,,,,,
,251026,3京9,8,壬生特別･2勝,シュブロンレーヴル,,牝,4,吉村誠之, 56 ,14,13,"  ","  ","  ","  ",,9,７,芝,1200,A,稍,0,,(栗),杉山佳明,1091,0.4,,5,3,34.0,53.2,*,54.70,51.5,0.5,420,-2,,(33.7),,,,,,
,251026,3京9,8,壬生特別･2勝,スーパーマン,,牡,5,松若風馬, 58 ,14,6,"  ","  ","  ","  ",,12,８,芝,1200,A,稍,0,,(美),岩戸孝樹,1092,0.5,,13,13,33.5,56.6,*,54.70,51.5,1.1,490,+4,,(83.7),,,,,,
,251026,3京9,8,壬生特別･2勝,レディメローラ,,牝,5,和田竜二, 56 ,14,2,"  ","  ","  ","  ",,14,９,芝,1200,A,稍,0,,(栗),北出成人,1092,0.5,,5,6,34.1,52.9,*,54.70,51.5,0.5,420,+18,,(87.8),,,,,,
,251026,3京9,8,壬生特別･2勝,クールベイビー,,牝,4,荻野極, 56 ,14,5,"  ","  ","  ","  ",,8,10,芝,1200,A,稍,0,,(美),矢野英一,1092,0.5,,1,1,34.6,50.0,*,54.70,51.5,0.0,468,+4,,(26.6),,,,,,
,251026,3京9,8,壬生特別･2勝,ピースフルナイト,,牝,5,戸崎圭太, 56 ,14,1,"  ","  ","  ","  ",,11,11,芝,1200,A,稍,0,,(栗),畑端省吾,1092,0.5,,9,9,33.9,54.1,*,54.70,51.5,0.7,420,+6,,(48.5),,,,,,
,251026,3京9,8,壬生特別･2勝,ビービーエフォート,,牝,3,武豊, 55 ,14,11,"  ","  ","  ","  ",,5,12,芝,1200,A,稍,0,,(美),高柳瑞樹,1092,0.5,,10,11,33.6,56.0,*,54.70,51.5,1.0,402,-2,,(10.0),,,,,,
,251026,3京9,8,壬生特別･2勝,ドナウパール,,牝,5,団野大成, 56 ,14,10,"  ","  ","  ","  ",,13,13,芝,1200,A,稍,0,,(栗),斉藤崇史,1094,0.7,,10,9,34.0,54.1,*,54.70,51.5,0.8,456,-14,,(86.3),,,,,,
,251026,3京9,8,壬生特別･2勝,キントラダンサー,,牝,3,西村淳也, 55 ,14,4,"  ","  ","  ","  ",,3,14,芝,1200,A,稍,0,,(栗),長谷川浩,1096,0.9,,3,3,34.7,50.6,*,54.70,51.5,0.3,470,+8,,(6.0),,,,,,
,251026,3京9,7,１勝ｸﾗｽ・牝,ステアハート,,牝,3,田山旺佑,51▲,12,7,"  ","  ","  ","  ",,2,１,ダ,1800,,重,800,,(栗),新谷功一,1518,-0.3,3,3,3,35.9,55.7,*,54.77,54.4,0.3,468,-6,,360,170,1670,3250,4770,6740,23730
,251026,3京9,7,１勝ｸﾗｽ・牝,ナムラルッコラ,,牝,4,田口貫太, 56 ,12,12,"  ","  ","  ","  ",,7,２,ダ,1800,,重,320,,(栗),大橋勇樹,1521,0.3,2,2,1,36.5,53.6,*,54.77,54.4,0.0,508,-2,,(13.5),260,1670,3250,4770,6740,23730
,251026,3京9,7,１勝ｸﾗｽ・牝,ハギノコラソン,,牝,3,岩田望来, 54 ,12,8,"  ","  ","  ","  ",,3,３,ダ,1800,,重,200,,(栗),寺島良,1525,0.7,8,5,4,36.3,55.0,*,54.77,54.4,0.6,474,-4,,(8.3),200,,,,6740,23730
,251026,3京9,7,１勝ｸﾗｽ・牝,デルマサクラサク,,牝,3,吉村誠之,53☆,12,5,"  ","  ","  ","  ",,8,４,ダ,1800,,重,120,,(栗),牧田和弥,1525,0.7,8,8,6,36.1,55.8,*,54.77,54.4,0.8,474,0,B,(67.5),,,,,,
,251026,3京9,7,１勝ｸﾗｽ・牝,ジュルナール,,牝,3,松山弘平, 54 ,12,6,"  ","  ","  ","  ",,1,５,ダ,1800,,重,80,,(栗),池添学,1526,0.8,1,1,2,37.0,52.2,*,54.77,54.4,0.0,470,+4,,(2.0),,,,,,
,251026,3京9,7,１勝ｸﾗｽ・牝,カルミアクラウン,,牝,3,川田将雅, 54 ,12,9,"  ","  ","  ","  ",,5,６,ダ,1800,,重,0,,(栗),吉岡辰弥,1528,1.0,3,3,4,36.8,53.3,*,54.77,54.4,0.4,442,-4,,(12.1),,,,,,
,251026,3京9,7,１勝ｸﾗｽ・牝,スルーザナイト,,牝,3,北村友一, 54 ,12,1,"  ","  ","  ","  ",,4,７,ダ,1800,,重,0,,(栗),西園翔太,1529,1.1,6,5,6,36.6,54.2,,54.77,54.4,0.7,494,+8,,(11.2),,,,,,
,251026,3京9,7,１勝ｸﾗｽ・牝,シゲルオトヒメ,,牝,6,酒井学, 56 ,12,11,"  ","  ","  ","  ",,9,８,ダ,1800,,重,0,,(栗),谷潔,1529,1.1,12,12,11,35.9,57.2,*,54.77,54.4,1.4,438,-2,,(103.1),,,,,,
,251026,3京9,7,１勝ｸﾗｽ・牝,メイショウマヒロ,,牝,3,角田大和, 54 ,12,4,"  ","  ","  ","  ",,12,９,ダ,1800,,重,0,,(栗),飯田祐史,1533,1.5,7,9,9,36.7,54.4,,54.77,54.4,1.0,400,-4,,(231.7),,,,,,
,251026,3京9,7,１勝ｸﾗｽ・牝,ルージュミステリオ,,牝,3,菱田裕二, 54 ,12,3,"  ","  ","  ","  ",,6,10,ダ,1800,,重,0,,(栗),辻野泰之,1537,1.9,11,10,10,36.9,54.1,,54.77,54.4,1.2,434,+10,,(12.8),,,,,,
,251026,3京9,7,１勝ｸﾗｽ・牝,オースミライト,,牝,3,加藤祥太, 54 ,12,10,"  ","  ","  ","  ",,11,11,ダ,1800,,重,0,,(栗),宮本博,1546,2.8,5,5,6,38.4,49.2,,54.77,54.4,0.6,474,+2,,(224.4),,,,,,
,251026,3京9,7,１勝ｸﾗｽ・牝,ニホンピロマリンバ,,牝,4,松若風馬, 56 ,12,2,"  ","  ","  ","  ",,10,12,ダ,1800,,重,0,,(栗),安達昭夫,1556,3.8,8,10,11,38.8,49.0,,54.77,54.4,1.2,526,+28,,(118.2),,,,,,
,251026,3京9,6,１勝ｸﾗｽ,アンビシャスヨシノ,,牡,3,角田大和, 56 ,11,3,"  ","  ","  ","  ",,11,１,ダ,1400,,重,800,,(栗),吉田直弘,1234,-0.3,,10,10,36.0,48.7,*,46.30,45.0,0.8,468,0,,9190,1050,6470,8130,27420,22020,330820
,251026,3京9,6,１勝ｸﾗｽ,サンマルノヴェル,,牡,3,田口貫太, 56 ,11,2,"  ","  ","  ","  ",,1,２,ダ,1400,,重,320,,(栗),大橋勇樹,1237,0.3,,3,4,36.9,45.1,*,46.30,45.0,0.2,510,+8,,(2.4),130,6470,8130,27420,22020,330820
,251026,3京9,6,１勝ｸﾗｽ,テイエムパイロット,,牡,3,田山旺佑,53▲,11,11,"  ","  ","  ","  ",,5,３,ダ,1400,,重,200,,(栗),秋山真一,1237,0.3,,3,2,36.9,45.1,*,46.30,45.0,0.2,506,-6,,(13.2),290,,,,22020,330820
,251026,3京9,6,１勝ｸﾗｽ,ポッドドンナー,,牡,3,吉村誠之,55☆,11,7,"  ","  ","  ","  ",,6,４,ダ,1400,,重,120,,(栗),辻野泰之,1238,0.4,,7,7,36.7,46.3,*,46.30,45.0,0.5,476,+6,,(15.7),,,,,,
,251026,3京9,6,１勝ｸﾗｽ,サンライズシア,,牡,4,高杉吏麒, 58 ,11,10,"  ","  ","  ","  ",,4,５,ダ,1400,,重,80,,(栗),石坂公一,1243,0.9,,7,7,37.0,45.9,*,46.30,45.0,0.7,512,+6,,(8.3),,,,,,
,251026,3京9,6,１勝ｸﾗｽ,セナマリン,,牝,3,岩田望来, 54 ,11,9,"  ","  ","  ","  ",,2,６,ダ,1400,,重,0,,(栗),安田翔伍,1244,1.0,,6,6,37.4,44.3,*,46.30,45.0,0.4,512,+2,,(2.8),,,,,,
,251026,3京9,6,１勝ｸﾗｽ,ケイアイブイスリー,,牡,3,和田竜二, 56 ,11,6,"  ","  ","  ","  ",,7,７,ダ,1400,,重,0,,(栗),平田修,1245,1.1,,2,2,37.9,42.2,,46.30,45.0,0.0,444,0,,(25.9),,,,,,
,251026,3京9,6,１勝ｸﾗｽ,モズフラッシュ,,牝,3,佐々木大, 54 ,11,1,"  ","  ","  ","  ",,3,８,ダ,1400,,重,0,,(栗),畑端省吾,1245,1.1,,3,4,37.6,43.6,,46.30,45.0,0.3,502,-7,,(8.1),,,,,,
,251026,3京9,6,１勝ｸﾗｽ,バシリス,,牝,3,小崎綾也, 54 ,11,5,"  ","  ","  ","  ",,8,９,ダ,1400,,重,0,,(栗),寺島良,1252,1.8,,1,1,38.6,40.5,,46.30,45.0,0.0,458,-2,B,(26.0),,,,,,
,251026,3京9,6,１勝ｸﾗｽ,サムデイ,,牝,4,団野大成, 56 ,11,4,"  ","  ","  ","  ",,9,10,ダ,1400,,重,0,,(栗),新谷功一,1253,1.9,,10,11,37.9,43.8,,46.30,45.0,0.8,442,0,B,(67.5),,,,,,
,251026,3京9,6,１勝ｸﾗｽ,デュアルロール,,牝,3,北村友一, 54 ,11,8,"  ","  ","  ","  ",,10,11,ダ,1400,,重,0,,(栗),笹田和秀,1255,2.1,,7,7,38.4,42.0,,46.30,45.0,0.5,490,-4,,(85.6),,,,,,
,251026,3京9,5,新馬,テルヒコウ,,牡,2,坂井瑠星, 56 ,10,6,"  ","  ","  ","  ",,3,１,芝,1800,A,稍,750,,(栗),矢作芳人,1505,-0.4,,1,1,33.7,63.9,*,64.77,63.9,0.0,486,,,700,170,280,410,1490,1720,12650
,251026,3京9,5,新馬,エムズビギン,,牡,2,ルメール, 56 ,10,1,"  ","  ","  ","  ",,1,２,芝,1800,A,稍,300,,(栗),友道康夫,1509,0.4,,5,5,33.6,65.0,*,64.77,63.9,0.5,504,,,(1.4),110,280,410,1490,1720,12650
,251026,3京9,5,新馬,シートゥサミット,,牡,2,小崎綾也, 56 ,10,4,"  ","  ","  ","  ",,6,３,芝,1800,A,稍,190,,(栗),吉岡辰弥,1515,1.0,,8,8,33.7,65.4,*,64.77,63.9,1.0,518,,,(30.7),270,,,,1720,12650
,251026,3京9,5,新馬,ジュンドラドラ,,牡,2,岩田望来, 56 ,10,5,"  ","  ","  ","  ",,4,４,芝,1800,A,稍,110,,(栗),清水久詞,1515,1.0,,5,5,34.2,63.0,*,64.77,63.9,0.5,546,,,(8.3),,,,,,
,251026,3京9,5,新馬,スウィーティーベル,,牝,2,北村友一, 55 ,10,2,"  ","  ","  ","  ",,5,５,芝,1800,A,稍,75,,(栗),田中克典,1517,1.2,,8,7,34.1,63.8,,64.77,63.9,0.8,408,,,(23.0),,,,,,
,251026,3京9,5,新馬,ジェンティール,,牡,2,佐々木大, 56 ,10,7,"  ","  ","  ","  ",,7,６,芝,1800,A,稍,0,,(栗),須貝尚介,1518,1.3,,2,2,34.8,60.6,,64.77,63.9,0.2,494,,,(33.8),,,,,,
,251026,3京9,5,新馬,グラシアムヘール,,牝,2,松山弘平, 55 ,10,8,"  ","  ","  ","  ",,2,７,芝,1800,A,稍,0,,(栗),藤原英昭,1520,1.5,,3,3,34.9,60.5,,64.77,63.9,0.3,496,,,(6.4),,,,,,
,251026,3京9,5,新馬,キョウエイクローム,,牝,2,高倉稜, 55 ,10,3,"  ","  ","  ","  ",,10,８,芝,1800,A,稍,0,,(栗),森田直行,1530,2.5,,4,3,35.8,57.8,,64.77,63.9,0.4,434,,,(179.2),,,,,,
,251026,3京9,5,新馬,アマビエ,,牝,2,嶋田純次, 55 ,10,10,"  ","  ","  ","  ",,9,９,芝,1800,A,稍,0,,(美),南田美知,1538,3.3,,8,8,36.1,57.6,,64.77,63.9,0.9,406,,,(169.1),,,,,,
,251026,3京9,5,新馬,ヨシノサンキュー,,牡,2,角田大和, 56 ,10,9,"  ","  ","  ","  ",,8,10,芝,1800,A,稍,0,,(栗),中竹和也,1576,7.1,,5,10,39.8,47.7,,64.77,63.9,1.0,490,,,(111.3),,,,,,
,251026,3京9,4,新馬,ダノンバーボン,,牡,2,松山弘平, 56 ,16,8,"  ","  ","  ","  ",,3,１,ダ,1800,,重,750,,(栗),池添学,1519,-1.7,1,1,1,36.1,55.0,*,52.97,55.0,0.0,500,,,540,220,1790,2530,4890,110640,447360
,251026,3京9,4,新馬,ファイアスピリット,,牡,2,松若風馬, 56 ,16,4,"  ","  ","  ","  ",,4,２,ダ,1800,,重,300,,(栗),東田明士,1536,1.7,7,6,3,37.3,52.3,*,52.97,55.0,0.5,528,,,(7.4),240,1790,2530,4890,110640,447360
,251026,3京9,4,新馬,キタノシャカール,,牡,2,池添謙一, 56 ,16,1,"  ","  ","  ","  ",,15,３,ダ,1800,,重,190,,(栗),吉田直弘,1540,2.1,7,6,7,37.6,51.6,*,52.97,55.0,0.6,430,,,(101.5),2720,,,,110640,447360
,251026,3京9,4,新馬,メイショウセンドウ,,牡,2,横山和生, 56 ,16,16,"  ","  ","  ","  ",,5,４,ダ,1800,,重,110,,(栗),飯田祐史,1541,2.2,2,4,5,37.8,50.9,*,52.97,55.0,0.5,484,,,(9.4),,,,,,
,251026,3京9,4,新馬,ジーティーピカソ,,牡,2,西村淳也, 56 ,16,12,"  ","  ","  ","  ",,1,５,ダ,1800,,重,75,*,(栗),宮地貴稔,1542,2.3,2,2,2,38.2,49.5,*,52.97,55.0,0.2,542,,,(3.6),,,,,,
,251026,3京9,4,新馬,リーチグローリー,,牝,2,和田竜二, 55 ,16,15,"  ","  ","  ","  ",,9,６,ダ,1800,,重,0,,(栗),浜田多実,1547,2.8,16,15,12,37.3,53.8,*,52.97,55.0,1.6,496,,,(30.3),,,,,,
,251026,3京9,4,新馬,サイモンエクセラー,,牡,2,小崎綾也, 56 ,16,3,"  ","  ","  ","  ",,10,７,ダ,1800,,重,0,,(栗),四位洋文,1550,3.1,4,4,5,38.8,48.2,,52.97,55.0,0.4,446,,,(46.7),,,,,,
,251026,3京9,4,新馬,イザベラサンライズ,,牝,2,田山旺佑,52▲,16,14,"  ","  ","  ","  ",,11,８,ダ,1800,,重,0,,(栗),羽月友彦,1552,3.3,4,8,8,38.6,49.2,,52.97,55.0,0.8,390,,,(49.3),,,,,,
,251026,3京9,4,新馬,フローラルウェイ,,牝,2,岩田望来, 55 ,16,6,"  ","  ","  ","  ",,8,９,ダ,1800,,重,0,,(栗),佐藤悠太,1555,3.6,4,3,3,39.4,46.6,,52.97,55.0,0.3,424,,,(26.9),,,,,,
,251026,3京9,4,新馬,サラサダンディー,,牡,2,菱田裕二, 56 ,16,11,"  ","  ","  ","  ",,14,10,ダ,1800,,重,0,,(栗),岡田稲男,1559,4.0,14,14,15,38.4,50.9,,52.97,55.0,1.7,506,,,(97.4),,,,,,
,251026,3京9,4,新馬,リオンサーガ,,牡,2,田口貫太, 56 ,16,10,"  ","  ","  ","  ",,12,11,ダ,1800,,重,0,*,(栗),宮地貴稔,1562,4.3,7,9,9,39.4,47.5,,52.97,55.0,1.0,518,,,(81.1),,,,,,
,251026,3京9,4,新馬,ゴーレジェンド,,牡,2,吉村誠之,55☆,16,9,"  ","  ","  ","  ",,7,12,ダ,1800,,重,0,,(栗),武英智,1563,4.4,7,10,9,39.4,47.6,,52.97,55.0,1.1,472,,,(17.8),,,,,,
,251026,3京9,4,新馬,ゼウステソーロ,,牡,2,酒井学, 56 ,16,2,"  ","  ","  ","  ",,13,13,ダ,1800,,重,0,,(美),加藤士津,1584,6.5,11,12,9,41.5,42.7,,52.97,55.0,1.1,476,,,(83.3),,,,,,
,251026,3京9,4,新馬,アルダ,,牡,2,佐々木大, 56 ,16,5,"  ","  ","  ","  ",,2,14,ダ,1800,,重,0,,(栗),石坂公一,1588,6.9,13,13,13,41.6,42.8,,52.97,55.0,1.4,500,,,(3.9),,,,,,
,251026,3京9,4,新馬,ミスティパープル,,牝,2,戸崎圭太, 55 ,16,7,"  ","  ","  ","  ",,6,15,ダ,1800,,重,0,,(栗),茶木太樹,1588,6.9,11,10,14,41.8,42.1,,52.97,55.0,1.2,448,,,(12.1),,,,,,
,251026,3京9,4,新馬,ワンダーサイファー,,牡,2,長岡禎仁, 56 ,16,13,"  ","  ","  ","  ",,16,16,ダ,1800,,重,0,,(栗),森田直行,1593,7.4,15,16,16,41.0,45.5,,52.97,55.0,2.5,502,,,(253.8),,,,,,
,251026,3京9,3,未勝利*,メイショウソラリス,,牡,2,武豊, 56 ,10,8,"  ","  ","  ","  ",,4,１,芝,2000,A,稍,560,,(栗),角田晃一,2025,-0.5,1,1,1,35.7,54.2,*,54.23,54.2,0.0,460,0,,670,200,1240,1420,2690,1240,9050
,251026,3京9,3,未勝利*,パーヴォ,,牡,2,和田竜二, 56 ,10,9,"  ","  ","  ","  ",,3,２,芝,2000,A,稍,220,,(栗),吉田直弘,2030,0.5,9,8,9,35.6,55.2,*,54.23,54.2,0.6,456,+4,,(4.3),170,1240,1420,2690,1240,9050
,251026,3京9,3,未勝利*,ショウナンバンライ,,牡,2,池添謙一, 56 ,10,4,"  ","  ","  ","  ",,2,３,芝,2000,A,稍,140,,(栗),松下武士,2031,0.6,4,3,2,36.1,53.3,*,54.23,54.2,0.2,466,+4,,(3.8),160,,,,1240,9050
,251026,3京9,3,未勝利*,ヨカオウ,,牡,2,岩田康誠, 56 ,10,3,"  ","  ","  ","  ",,6,４,芝,2000,A,稍,84,,(栗),谷潔,2032,0.7,5,5,5,36.0,53.8,*,54.23,54.2,0.4,470,-2,,(14.8),,,,,,
,251026,3京9,3,未勝利*,カトマンズゴールド,,牝,2,松山弘平, 55 ,10,6,"  ","  ","  ","  ",,1,５,芝,2000,A,稍,56,,(栗),宮本博,2033,0.8,8,5,5,36.1,53.5,*,54.23,54.2,0.4,474,+4,,(2.3),,,,,,
,251026,3京9,3,未勝利*,キーテーマ,,牝,2,長岡禎仁, 55 ,10,10,"  ","  ","  ","  ",,7,６,芝,2000,A,稍,0,,(栗),宮徹,2033,0.8,7,10,9,35.8,54.7,*,54.23,54.2,0.7,446,0,,(46.7),,,,,,
,251026,3京9,3,未勝利*,イロゴルシ,,牡,2,高杉吏麒, 56 ,10,2,"  ","  ","  ","  ",,8,７,芝,2000,A,稍,0,,(栗),牧田和弥,2038,1.3,9,8,8,36.5,52.5,,54.23,54.2,0.5,512,+2,,(57.0),,,,,,
,251026,3京9,3,未勝利*,アスクチャンスマン,,牡,2,戸崎圭太, 56 ,10,5,"  ","  ","  ","  ",,5,８,芝,2000,A,稍,0,*,(栗),梅田智之,2039,1.4,5,7,5,36.6,52.2,,54.23,54.2,0.5,438,+4,,(12.5),,,,,,
,251026,3京9,3,未勝利*,ウインビスタ,,牡,2,松若風馬, 56 ,10,1,"  ","  ","  ","  ",,9,９,芝,2000,A,稍,0,*,(栗),梅田智之,2041,1.6,3,3,4,37.0,50.9,,54.23,54.2,0.3,438,-2,,(147.1),,,,,,
,251026,3京9,3,未勝利*,バンダムソレール,,牡,2,田口貫太, 56 ,10,7,"  ","  ","  ","  ",,10,10,芝,2000,A,稍,0,,(栗),小栗実,2057,3.2,2,2,2,38.8,46.0,,54.23,54.2,0.1,462,-2,,(204.2),,,,,,
,251026,3京9,2,未勝利*,マイリトルヒーロー,,牡,2,坂井瑠星, 56 ,10,10,"  ","  ","  ","  ",,2,１,芝,1600,A,稍,560,,(栗),高橋康之,1350,-0.2,,5,5,36.4,46.6,*,45.83,44.1,0.6,464,+6,,280,120,340,400,770,1150,4180
,251026,3京9,2,未勝利*,カルロット,,牡,2,武豊, 56 ,10,1,"  ","  ","  ","  ",,1,２,芝,1600,A,稍,220,,(栗),武幸四郎,1352,0.2,,1,1,37.2,43.5,*,45.83,44.1,0.0,502,-10,,(2.7),120,340,400,770,1150,4180
,251026,3京9,2,未勝利*,パーシャングレー,,牡,2,松山弘平, 56 ,10,2,"  ","  ","  ","  ",,3,３,芝,1600,A,稍,140,,(栗),池添学,1352,0.2,,7,9,36.3,47.4,*,45.83,44.1,0.9,484,+8,,(5.4),160,,,,1150,4180
,251026,3京9,2,未勝利*,ミライチケット,,牝,2,田口貫太, 55 ,10,3,"  ","  ","  ","  ",,7,４,芝,1600,A,稍,84,,(栗),加藤公太,1354,0.4,,10,9,36.4,47.3,*,45.83,44.1,1.0,442,+2,,(29.1),,,,,,
,251026,3京9,2,未勝利*,トランスマリーン,,牡,2,和田竜二, 56 ,10,8,"  ","  ","  ","  ",,4,５,芝,1600,A,稍,56,,(栗),平田修,1355,0.5,,7,6,36.7,46.1,*,45.83,44.1,0.8,482,-4,,(8.6),,,,,,
,251026,3京9,2,未勝利*,ウォーターブビンガ,,牡,2,吉村誠之,55☆,10,4,"  ","  ","  ","  ",,8,６,芝,1600,A,稍,0,,(栗),藤野健太,1356,0.6,,4,3,37.2,44.2,*,45.83,44.1,0.4,440,+2,,(29.6),,,,,,
,251026,3京9,2,未勝利*,ミトノリン,,牝,2,西村淳也, 55 ,10,9,"  ","  ","  ","  ",,6,７,芝,1600,A,稍,0,,(栗),前川恭子,1362,1.2,,2,2,38.0,41.9,,45.83,44.1,0.2,476,+2,,(19.3),,,,,,
,251026,3京9,2,未勝利*,ナデシコザクラ,,牝,2,菱田裕二, 55 ,10,7,"  ","  ","  ","  ",,5,８,芝,1600,A,稍,0,,(栗),秋山真一,1364,1.4,,3,3,38.1,41.8,,45.83,44.1,0.3,424,-2,,(12.3),,,,,,
,251026,3京9,2,未勝利*,クロワール,,牡,2,酒井学, 56 ,10,5,"  ","  ","  ","  ",,10,９,芝,1600,A,稍,0,,(栗),鈴木孝志,1366,1.6,,7,6,37.8,43.3,,45.83,44.1,0.8,464,-2,,(198.6),,,,,,
,251026,3京9,2,未勝利*,ジェイパック,,牝,2,松若風馬, 55 ,10,6,"  ","  ","  ","  ",,9,10,芝,1600,A,稍,0,,(栗),宮本博,1379,2.9,,5,6,39.2,39.8,,45.83,44.1,0.7,438,-10,,(41.8),,,,,,
,251026,3京9,1,未勝利・牝*,サリカリーフォリア,,牝,2,松山弘平, 55 ,9,6,"  ","  ","  ","  ",,3,１,ダ,1800,,重,560,,(栗),橋口慎介,1530,-0.0,1,1,1,38.4,47.1,*,47.03,47.1,0.0,520,+6,,430,150,2040,2070,3550,4750,20610
,251026,3京9,1,未勝利・牝*,ウンナターシャ,,牝,2,坂井瑠星, 55 ,9,2,"  ","  ","  ","  ",,6,２,ダ,1800,,重,220,,(栗),高柳大輔,1530,0.0,2,2,2,38.3,47.5,*,47.03,47.1,0.1,470,0,,(14.4),300,2040,2070,3550,4750,20610
,251026,3京9,1,未勝利・牝*,ジーティービキニ,,牝,2,北村友一, 55 ,9,1,"  ","  ","  ","  ",,5,３,ダ,1800,,重,140,,(栗),松下武士,1537,0.7,3,3,3,38.8,46.5,*,47.03,47.1,0.3,496,0,,(10.2),230,,,,4750,20610
,251026,3京9,1,未勝利・牝*,アーネストアイズ,,牝,2,角田大和, 55 ,9,5,"  ","  ","  ","  ",,1,４,ダ,1800,,重,84,,(栗),松永幹夫,1541,1.1,5,5,3,39.0,46.3,,47.03,47.1,0.5,466,-8,,(2.8),,,,,,
,251026,3京9,1,未勝利・牝*,ジェイストリーク,,牝,2,ルメール, 55 ,9,7,"  ","  ","  ","  ",,2,５,ダ,1800,,重,56,,(栗),武幸四郎,1541,1.1,3,3,3,39.1,45.9,,47.03,47.1,0.4,498,+6,,(2.8),,,,,,
,251026,3京9,1,未勝利・牝*,ケイトバローズ,,牝,2,松若風馬, 55 ,9,3,"  ","  ","  ","  ",,8,６,ダ,1800,,重,0,,(栗),渡辺薫彦,1546,1.6,7,6,6,39.4,45.4,,47.03,47.1,0.6,468,0,,(103.8),,,,,,
,251026,3京9,1,未勝利・牝*,エンジェルグラース,,牝,2,酒井学, 55 ,9,8,"  ","  ","  ","  ",,7,７,ダ,1800,,重,0,,(栗),高橋康之,1547,1.7,7,7,7,39.3,45.9,,47.03,47.1,0.8,436,0,,(98.9),,,,,,
,251026,3京9,1,未勝利・牝*,レステダンルヴァン,,牝,2,高杉吏麒, 55 ,9,9,"  ","  ","  ","  ",,4,８,ダ,1800,,重,0,,(栗),藤岡健一,1548,1.8,5,8,7,39.1,46.8,,47.03,47.1,1.1,498,+22,,(7.6),,,,,,
,251026,3京9,1,未勝利・牝*,オッハッピー,,牝,2,城戸義政, 55 ,9,4,"  ","  ","  ","  ",,9,９,ダ,1800,,重,0,,(栗),西村真幸,1554,2.4,9,9,9,39.7,45.3,,47.03,47.1,1.1,416,-8,,(235.4),,,,,,
,251025,3京8,12,１勝ｸﾗｽ,マイネルフルムーン,,牡,3,団野大成, 56 ,10,9,"  ","  ","  ","  ",,3,１,芝,1800,A,良,800,,(栗),吉田直弘,1476,-0.1,,7,5,33.9,58.7,*,58.63,56.9,0.4,468,+6,,580,160,1530,1420,3080,1360,9620
,251025,3京8,12,１勝ｸﾗｽ,アレンテージョ,,牡,5,藤岡佑介, 58 ,10,10,"  ","  ","  ","  ",,2,２,芝,1800,A,良,320,,(栗),坂口智康,1477,0.1,,9,8,33.8,59.3,*,58.63,56.9,0.6,478,0,,(5.3),150,1530,1420,3080,1360,9620
,251025,3京8,12,１勝ｸﾗｽ,ニュークレド,,牡,3,高杉吏麒, 56 ,10,1,"  ","  ","  ","  ",,1,３,芝,1800,A,良,200,,(栗),石坂公一,1477,0.1,,4,5,34.1,57.9,*,58.63,56.9,0.3,432,+2,,(3.0),140,,,,1360,9620
,251025,3京8,12,１勝ｸﾗｽ,イガッチ,,牡,3,浜中俊, 56 ,10,5,"  ","  ","  ","  ",,6,４,芝,1800,A,良,120,,(栗),笹田和秀,1477,0.1,,2,2,34.3,57.0,*,58.63,56.9,0.1,470,-2,,(10.2),,,,,,
,251025,3京8,12,１勝ｸﾗｽ,デルシエロ,,牡,4,吉村誠之,57☆,10,3,"  ","  ","  ","  ",,8,５,芝,1800,A,良,80,,(栗),清水久詞,1479,0.3,,8,8,34.1,58.2,*,58.63,56.9,0.5,420,+2,,(14.2),,,,,,
,251025,3京8,12,１勝ｸﾗｽ,サラコスティ,,牡,3,北村友一, 56 ,10,7,"  ","  ","  ","  ",,7,６,芝,1800,A,良,0,,(栗),池添学,1480,0.4,,4,4,34.5,56.5,*,58.63,56.9,0.2,476,+4,,(14.1),,,,,,
,251025,3京8,12,１勝ｸﾗｽ,エンベッカ,,牝,3,西村淳也, 54 ,10,4,"  ","  ","  ","  ",,4,７,芝,1800,A,良,0,,(栗),斉藤崇史,1481,0.5,,4,5,34.5,56.7,*,58.63,56.9,0.3,420,-6,,(5.8),,,,,,
,251025,3京8,12,１勝ｸﾗｽ,エボルヴィング,,牡,4,松山弘平, 58 ,10,8,"  ","  ","  ","  ",,5,８,芝,1800,A,良,0,,(栗),藤原英昭,1481,0.5,,3,2,34.6,56.2,*,58.63,56.9,0.2,462,+12,,(9.5),,,,,,
,251025,3京8,12,１勝ｸﾗｽ,ランフォースマイル,,牝,3,坂井瑠星, 54 ,10,6,"  ","  ","  ","  ",,9,９,芝,1800,A,良,0,,(栗),渡辺薫彦,1486,1.0,,1,1,35.3,53.8,*,58.63,56.9,0.0,448,0,,(20.9),,,,,,
,251025,3京8,12,１勝ｸﾗｽ,スティルザワン,,セ,4,荻野琢真, 58 ,10,2,"  ","  ","  ","  ",,10,10,芝,1800,A,良,0,,(栗),前川恭子,1495,1.9,,9,10,35.6,53.8,,58.63,56.9,0.6,452,-2,,(236.1),,,,,,
,251025,3京8,11,カシオペ(L),オーロラエックス,,牝,4,松山弘平, 55 ,10,7,"  ","  ","  ","  ",,2,１,芝,1800,A,良,2800,,(栗),杉山晴紀,1450,-0.0,,7,8,33.7,55.8,*,52.43,48.3,1.7,488,-2,,390,150,1140,1240,2700,24710,110530
,251025,3京8,11,カシオペ(L),ナムラエイハブ,,牡,4,吉田隼人, 57 ,10,3,"  ","  ","  ","  ",,4,２,芝,1800,A,良,1100,,(栗),長谷川浩,1450,0.0,,3,3,34.2,53.5,*,52.43,48.3,1.2,518,0,,(5.2),200,1140,1240,2700,24710,110530
,251025,3京8,11,カシオペ(L),ショウナンマグマ,,セ,6,池添謙一, 58 ,10,9,"  ","  ","  ","  ",,9,３,芝,1800,A,良,700,,(美),尾関知人,1451,0.1,,1,1,35.5,48.0,*,52.43,48.3,0.0,508,+8,,(74.2),1410,,,,24710,110530
,251025,3京8,11,カシオペ(L),バレエマスター,,牡,6,吉村誠之, 57 ,10,2,"  ","  ","  ","  ",,6,４,芝,1800,A,良,420,,(栗),梅田智之,1452,0.2,,8,6,33.8,55.6,*,52.43,48.3,1.8,476,0,,(13.2),,,,,,
,251025,3京8,11,カシオペ(L),ドクタードリトル,,牡,5,岩田望来, 57 ,10,4,"  ","  ","  ","  ",,7,５,芝,1800,A,良,280,,(栗),今野貞一,1453,0.3,,10,9,33.5,57.2,*,52.43,48.3,2.2,474,0,,(21.5),,,,,,
,251025,3京8,11,カシオペ(L),ピースワンデュック,,牡,4,柴田善臣, 57 ,10,10,"  ","  ","  ","  ",,1,６,芝,1800,A,良,0,,(美),大竹正博,1455,0.5,,2,2,34.9,51.1,*,52.43,48.3,1.0,452,-2,,(3.8),,,,,,
,251025,3京8,11,カシオペ(L),センツブラッド,,牡,3,坂井瑠星, 55 ,10,1,"  ","  ","  ","  ",,3,７,芝,1800,A,良,0,,(栗),斉藤崇史,1455,0.5,,5,4,34.4,53.3,*,52.43,48.3,1.5,462,+2,,(3.9),,,,,,
,251025,3京8,11,カシオペ(L),ダンテスヴュー,,牡,6,小崎綾也, 57 ,10,5,"  ","  ","  ","  ",,10,８,芝,1800,A,良,0,,(栗),友道康夫,1455,0.5,,5,6,34.3,53.8,*,52.43,48.3,1.6,468,0,,(91.3),,,,,,
,251025,3京8,11,カシオペ(L),マイネルメモリー,,牡,5,菱田裕二, 57 ,10,8,"  ","  ","  ","  ",,8,９,芝,1800,A,良,0,,(栗),宮徹,1455,0.5,,9,9,33.9,55.6,*,52.43,48.3,2.0,460,-4,,(30.1),,,,,,
,251025,3京8,11,カシオペ(L),シルトホルン,,牡,5,浜中俊, 58 ,10,6,"  ","  ","  ","  ",,5,10,芝,1800,A,良,0,,(美),新開幸一,1457,0.7,,4,4,34.7,52.3,*,52.43,48.3,1.4,466,+2,,(8.8),,,,,,
,251025,3京8,10,長岡京Ｓ･3勝,スリールミニョン,,牝,3,坂井瑠星, 54 ,13,5,"  ","  ","  ","  ",,4,１,芝,1400,A,良,1840,,(栗),高橋康之,1202,-0.1,,1,1,34.1,51.4,*,52.43,51.4,0.0,458,+16,,550,220,680,1110,2330,3790,18830
,251025,3京8,10,長岡京Ｓ･3勝,スマートワイス,,牡,4,松山弘平, 58 ,13,13,"  ","  ","  ","  ",,2,２,芝,1400,A,良,740,,(栗),大久保龍,1203,0.1,,4,4,33.9,52.7,*,52.43,51.4,0.3,490,-14,,(4.2),180,680,1110,2330,3790,18830
,251025,3京8,10,長岡京Ｓ･3勝,キタサンダムール,,牝,5,岩田望来, 56 ,13,3,"  ","  ","  ","  ",,5,３,芝,1400,A,良,460,,(栗),清水久詞,1203,0.1,,4,4,33.8,53.2,*,52.43,51.4,0.4,500,+18,,(9.4),250,,,,3790,18830
,251025,3京8,10,長岡京Ｓ･3勝,ケーブパール,,牝,4,小崎綾也, 56 ,13,4,"  ","  ","  ","  ",,3,４,芝,1400,A,良,280,,(栗),友道康夫,1203,0.1,,10,10,33.0,57.5,*,52.43,51.4,1.2,430,-2,,(4.8),,,,,,
,251025,3京8,10,長岡京Ｓ･3勝,ヤマニンアストロン,,牡,4,高杉吏麒, 58 ,13,2,"  ","  ","  ","  ",,7,５,芝,1400,A,良,184,,(栗),石橋守,1203,0.1,,6,6,33.5,54.8,*,52.43,51.4,0.7,494,+4,,(14.5),,,,,,
,251025,3京8,10,長岡京Ｓ･3勝,レディマリオン,,牝,4,吉村誠之, 56 ,13,9,"  ","  ","  ","  ",,1,６,芝,1400,A,良,0,,(栗),長谷川浩,1204,0.2,,2,2,34.2,51.3,*,52.43,51.4,0.1,450,-2,,(3.7),,,,,,
,251025,3京8,10,長岡京Ｓ･3勝,サクセスアイ,,牝,5,池添謙一, 56 ,13,1,"  ","  ","  ","  ",,6,７,芝,1400,A,良,0,*,(栗),北出成人,1205,0.3,,2,2,34.2,51.5,*,52.43,51.4,0.2,450,+6,,(10.8),,,,,,
,251025,3京8,10,長岡京Ｓ･3勝,ルミノメテオール,,牝,5,岩田康誠, 56 ,13,12,"  ","  ","  ","  ",,11,８,芝,1400,A,良,0,,(美),金成貴史,1207,0.5,,6,6,33.9,53.5,*,52.43,51.4,0.7,456,-2,,(64.8),,,,,,
,251025,3京8,10,長岡京Ｓ･3勝,ジョディーズマロン,,牡,7,菱田裕二, 58 ,13,8,"  ","  ","  ","  ",,10,９,芝,1400,A,良,0,*,(栗),北出成人,1209,0.7,,13,13,33.0,58.9,*,52.43,51.4,1.8,470,0,,(59.9),,,,,,
,251025,3京8,10,長岡京Ｓ･3勝,アバンチュリエ,,セ,6,柴田善臣, 58 ,13,10,"  ","  ","  ","  ",,13,10,芝,1400,A,良,0,,(美),大竹正博,1211,0.9,,8,8,34.0,53.9,*,52.43,51.4,1.0,476,-10,,(158.5),,,,,,
,251025,3京8,10,長岡京Ｓ･3勝,ウインスノーライト,,牡,5,長岡禎仁, 58 ,13,7,"  ","  ","  ","  ",,9,11,芝,1400,A,良,0,,(栗),宮徹,1212,1.0,,11,11,33.7,55.7,*,52.43,51.4,1.4,496,+6,,(49.8),,,,,,
,251025,3京8,10,長岡京Ｓ･3勝,シークレットキー,,牡,4,田口貫太, 58 ,13,6,"  ","  ","  ","  ",,12,12,芝,1400,A,良,0,,(栗),井上智史,1213,1.1,,12,12,33.6,56.5,*,52.43,51.4,1.6,498,+6,B,(101.3),,,,,,
,251025,3京8,10,長岡京Ｓ･3勝,フライングブレード,,牡,5,浜中俊, 58 ,13,11,"  ","  ","  ","  ",,8,13,芝,1400,A,良,0,,(栗),飯田祐史,1216,1.4,,8,8,34.5,52.4,,52.43,51.4,1.0,486,+4,,(47.6),,,,,,
,251025,3京8,9,北國新聞･2勝,タガノマカシヤ,,牡,3,岩田望来, 56 ,16,13,"  ","  ","  ","  ",,1,１,ダ,1900,,良,1550,,(栗),中村直也,1580,-0.2,4,5,3,37.3,49.9,*,47.50,47.2,0.7,506,0,,190,110,600,770,1170,1810,6160
,251025,3京8,9,北國新聞･2勝,ジョータルマエ,,セ,5,鮫島良太, 58 ,16,8,"  ","  ","  ","  ",,4,２,ダ,1900,,良,620,*,(栗),河嶋宏樹,1582,0.2,1,1,1,38.2,46.7,*,47.50,47.2,0.0,498,0,B,(10.3),230,600,770,1170,1810,6160
,251025,3京8,9,北國新聞･2勝,ソウルアンドジャズ,,セ,4,松山弘平, 58 ,16,10,"  ","  ","  ","  ",,2,３,ダ,1900,,良,390,,(美),武井亮,1588,0.8,2,2,2,38.6,45.9,*,47.50,47.2,0.2,494,0,B,(4.5),150,,,,1810,6160
,251025,3京8,9,北國新聞･2勝,ノボリクレバー,,牝,5,坂井瑠星, 56 ,16,12,"  ","  ","  ","  ",,5,４,ダ,1900,,良,230,,(栗),石橋守,1592,1.2,3,3,3,38.7,46.0,*,47.50,47.2,0.5,506,+2,B,(11.7),,,,,,
,251025,3京8,9,北國新聞･2勝,レッドリベルタ,,牡,4,西村淳也, 58 ,16,2,"  ","  ","  ","  ",,3,５,ダ,1900,,良,155,,(栗),庄野靖志,1592,1.2,8,8,8,38.0,48.6,*,47.50,47.2,1.2,458,0,,(7.5),,,,,,
,251025,3京8,9,北國新聞･2勝,メイケイロゼッタ,,牡,3,酒井学, 56 ,16,7,"  ","  ","  ","  ",,7,６,ダ,1900,,良,0,*,(栗),河嶋宏樹,1592,1.2,6,7,6,38.3,47.5,,47.50,47.2,0.9,464,0,,(33.4),,,,,,
,251025,3京8,9,北國新聞･2勝,リアド,,牡,6,岩田康誠, 58 ,16,6,"  ","  ","  ","  ",,8,７,ダ,1900,,良,0,,(栗),小椋研介,1593,1.3,4,3,3,38.9,45.4,,47.50,47.2,0.4,480,-8,,(39.6),,,,,,
,251025,3京8,9,北國新聞･2勝,シャンバラ,,牡,6,田口貫太, 58 ,16,5,"  ","  ","  ","  ",,9,８,ダ,1900,,良,0,*,(栗),橋口慎介,1594,1.4,10,11,10,38.0,48.9,*,47.50,47.2,1.4,526,+4,,(46.1),,,,,,
,251025,3京8,9,北國新聞･2勝,タイセイアディクト,,牡,4,団野大成, 58 ,16,14,"  ","  ","  ","  ",,6,９,ダ,1900,,良,0,,(美),池上昌和,1594,1.4,11,10,10,38.1,48.5,*,47.50,47.2,1.3,490,-2,B,(25.7),,,,,,
,251025,3京8,9,北國新聞･2勝,シュプリンガー,,セ,6,長岡禎仁, 58 ,16,15,"  ","  ","  ","  ",,11,10,ダ,1900,,良,0,,(栗),小栗実,1595,1.5,13,13,13,37.5,50.9,*,47.50,47.2,2.0,492,-10,B,(47.6),,,,,,
,251025,3京8,9,北國新聞･2勝,ハッピーアズラリー,,牝,5,松若風馬, 56 ,16,9,"  ","  ","  ","  ",,15,11,ダ,1900,,良,0,,(栗),安田翔伍,1597,1.7,11,11,10,38.1,48.8,*,47.50,47.2,1.6,466,+8,,(134.4),,,,,,
,251025,3京8,9,北國新聞･2勝,キャリーハピネス,,牡,5,高杉吏麒, 58 ,16,4,"  ","  ","  ","  ",,12,12,ダ,1900,,良,0,*,(栗),河嶋宏樹,2006,2.6,15,15,16,38.1,49.9,*,47.50,47.2,2.5,502,-4,,(66.4),,,,,,
,251025,3京8,9,北國新聞･2勝,メイショウシロガネ,,牡,7,角田大和, 58 ,16,16,"  ","  ","  ","  ",,16,13,ダ,1900,,良,0,,(栗),笹田和秀,2008,2.8,16,15,14,38.4,49.0,,47.50,47.2,2.4,462,+4,B,(241.7),,,,,,
,251025,3京8,9,北國新聞･2勝,バナマンテソーロ,,牡,4,吉村誠之, 58 ,16,1,"  ","  ","  ","  ",,13,14,ダ,1900,,良,0,,(美),加藤士津,2008,2.8,6,5,6,40.2,42.5,,47.50,47.2,0.6,496,-4,B,(80.0),,,,,,
,251025,3京8,9,北國新聞･2勝,セレクティオ,,牡,5,菱田裕二, 58 ,16,3,"  ","  ","  ","  ",,10,15,ダ,1900,,良,0,*,(栗),橋口慎介,2013,3.3,14,14,15,39.0,47.4,,47.50,47.2,2.3,486,+6,,(46.2),,,,,,
,251025,3京8,9,北國新聞･2勝,メイショウジェンマ,,牡,5,池添謙一, 58 ,16,11,"  ","  ","  ","  ",,14,16,ダ,1900,,良,0,,(栗),飯田祐史,2014,3.4,9,8,8,40.2,43.2,,47.50,47.2,1.2,476,+8,,(86.0),,,,,,
,251025,3京8,8,２勝ｸﾗｽ,ネブラディスク,,牡,3,岩田望来, 56 ,12,2,"  ","  ","  ","  ",,1,１,芝,1800,A,良,1140,,(栗),福永祐一,1457,-0.3,,10,10,33.5,57.8,*,55.77,53.6,0.9,448,+14,,190,120,840,800,1050,2410,6160
,251025,3京8,8,２勝ｸﾗｽ,リカントロポ,,牡,3,田口貫太, 56 ,12,1,"  ","  ","  ","  ",,5,２,芝,1800,A,良,460,,(栗),梅田智之,1460,0.3,,7,7,34.1,55.4,*,55.77,53.6,0.6,478,+2,,(16.2),200,840,800,1050,2410,6160
,251025,3京8,8,２勝ｸﾗｽ,コスモアンソロジー,,牡,3,坂井瑠星, 56 ,12,4,"  ","  ","  ","  ",,4,３,芝,1800,A,良,290,,(美),嘉藤貴行,1460,0.3,,4,5,34.4,54.1,*,55.77,53.6,0.3,440,-6,,(14.2),220,,,,2410,6160
,251025,3京8,8,２勝ｸﾗｽ,キングスコール,,牡,3,藤岡佑介, 56 ,12,9,"  ","  ","  ","  ",,2,４,芝,1800,A,良,170,,(栗),矢作芳人,1460,0.3,,1,1,34.7,52.7,*,55.77,53.6,0.0,498,+6,,(3.5),,,,,,
,251025,3京8,8,２勝ｸﾗｽ,オデット,,牝,3,吉村誠之,53☆,12,5,"  ","  ","  ","  ",,9,５,芝,1800,A,良,114,,(栗),緒方努,1461,0.4,,6,5,34.4,54.2,*,55.77,53.6,0.4,446,0,,(69.2),,,,,,
,251025,3京8,8,２勝ｸﾗｽ,マイネルバーテクス,,牡,4,松若風馬, 58 ,12,6,"  ","  ","  ","  ",,12,６,芝,1800,A,良,0,,(美),水野貴広,1462,0.5,,7,8,34.3,54.8,*,55.77,53.6,0.6,502,-14,,(117.0),,,,,,
,251025,3京8,8,２勝ｸﾗｽ,アラタマフェーヴル,,牡,4,北村友一, 58 ,12,8,"  ","  ","  ","  ",,8,７,芝,1800,A,良,0,,(栗),浜田多実,1463,0.6,,4,4,34.8,52.7,*,55.77,53.6,0.2,496,0,,(60.6),,,,,,
,251025,3京8,8,２勝ｸﾗｽ,プリズマジコ,,牡,4,秋山稔樹, 58 ,12,7,"  ","  ","  ","  ",,6,８,芝,1800,A,良,0,,(栗),高橋義忠,1463,0.6,,10,11,34.1,55.9,*,55.77,53.6,0.9,444,0,,(18.6),,,,,,
,251025,3京8,8,２勝ｸﾗｽ,メイショウヨゾラ,,牝,4,松山弘平, 56 ,12,3,"  ","  ","  ","  ",,3,９,芝,1800,A,良,0,,(美),高柳瑞樹,1465,0.8,,7,8,34.5,54.3,*,55.77,53.6,0.7,478,+2,,(5.0),,,,,,
,251025,3京8,8,２勝ｸﾗｽ,レッドベルアーム,,牡,6,鮫島良太, 58 ,12,12,"  ","  ","  ","  ",,7,10,芝,1800,A,良,0,,(栗),河嶋宏樹,1466,0.9,,3,2,35.1,51.9,*,55.77,53.6,0.2,534,+6,,(49.9),,,,,,
,251025,3京8,8,２勝ｸﾗｽ,テンメジャーガール,,牝,6,西村淳也, 56 ,12,11,"  ","  ","  ","  ",,11,11,芝,1800,A,良,0,,(栗),高柳大輔,1469,1.2,,10,12,34.4,55.4,,55.77,53.6,1.2,512,0,B,(113.8),,,,,,
,251025,3京8,8,２勝ｸﾗｽ,リリーブライト,,牡,7,荻野琢真, 58 ,12,10,"  ","  ","  ","  ",,10,12,芝,1800,A,良,0,,(美),西田雄一,1471,1.4,,2,2,35.7,50.0,,55.77,53.6,0.1,480,+6,,(103.2),,,,,,
,251025,3京8,7,１勝ｸﾗｽ,エリカヴェネチア,,牝,4,高杉吏麒, 56 ,11,2,"  ","  ","  ","  ",,8,１,ダ,1800,,良,800,,(栗),吉岡辰弥,1527,-0.2,11,10,11,37.7,49.5,*,48.73,46.0,0.9,492,-6,,2810,460,8600,10460,24020,10350,121620
,251025,3京8,7,１勝ｸﾗｽ,アークドール,,牡,4,浜中俊, 58 ,11,10,"  ","  ","  ","  ",,6,２,ダ,1800,,良,320,,(栗),松永幹夫,1529,0.2,7,6,2,38.2,47.8,*,48.73,46.0,0.6,444,-6,,(11.1),280,8600,10460,24020,10350,121620
,251025,3京8,7,１勝ｸﾗｽ,ディニテ,,牡,3,松山弘平, 56 ,11,4,"  ","  ","  ","  ",,2,３,ダ,1800,,良,200,,(栗),辻野泰之,1529,0.2,10,10,7,37.9,48.9,*,48.73,46.0,0.9,498,+2,,(3.7),160,,,,10350,121620
,251025,3京8,7,１勝ｸﾗｽ,ポイントネモ,,牡,3,菱田裕二, 56 ,11,5,"  ","  ","  ","  ",,5,４,ダ,1800,,良,120,,(栗),大久保龍,1531,0.4,2,2,1,38.9,45.4,*,48.73,46.0,0.1,488,-2,,(9.9),,,,,,
,251025,3京8,7,１勝ｸﾗｽ,ゴルデールスカー,,牡,5,西村淳也, 58 ,11,6,"  ","  ","  ","  ",,10,５,ダ,1800,,良,80,,(栗),加藤公太,1534,0.7,5,4,5,39.0,45.4,*,48.73,46.0,0.3,480,+10,,(40.5),,,,,,
,251025,3京8,7,１勝ｸﾗｽ,リアルペガサス,,牡,4,田口貫太, 58 ,11,7,"  ","  ","  ","  ",,7,６,ダ,1800,,良,0,,(栗),大橋勇樹,1535,0.8,8,8,10,38.6,47.0,*,48.73,46.0,0.8,464,+10,,(27.5),,,,,,
,251025,3京8,7,１勝ｸﾗｽ,ミライエイゴウ,,牡,3,田山旺佑,53▲,11,9,"  ","  ","  ","  ",,1,７,ダ,1800,,良,0,,(栗),四位洋文,1540,1.3,2,2,2,39.7,43.6,,48.73,46.0,0.2,454,+6,,(2.9),,,,,,
,251025,3京8,7,１勝ｸﾗｽ,ニシノミチアキ,,牡,3,池添謙一, 56 ,11,11,"  ","  ","  ","  ",,9,８,ダ,1800,,良,0,,(栗),吉村圭司,1541,1.4,2,4,6,39.5,44.4,,48.73,46.0,0.5,494,+22,,(38.4),,,,,,
,251025,3京8,7,１勝ｸﾗｽ,マジックブルー,,牡,4,団野大成, 58 ,11,8,"  ","  ","  ","  ",,4,９,ダ,1800,,良,0,,(栗),荒川義之,1541,1.4,5,6,7,39.4,44.8,,48.73,46.0,0.6,502,+6,,(6.6),,,,,,
,251025,3京8,7,１勝ｸﾗｽ,プチプランス,,牡,3,藤岡佑介, 56 ,11,1,"  ","  ","  ","  ",,3,10,ダ,1800,,良,0,,(栗),藤岡健一,1543,1.6,8,8,7,39.6,44.3,,48.73,46.0,0.6,492,-6,,(5.5),,,,,,
,251025,3京8,7,１勝ｸﾗｽ,サンダーユニバンス,,牡,4,城戸義政, 58 ,11,3,"  ","  ","  ","  ",,11,11,ダ,1800,,良,0,,(栗),奥村豊,1554,2.7,1,1,2,41.3,39.7,,48.73,46.0,0.0,474,-2,B,(138.6),,,,,,
,251025,3京8,6,新馬・牝,フレグレイ,,牝,2,北村友一, 55 ,16,6,"  ","  ","  ","  ",,1,１,ダ,1400,,良,750,,(栗),角田晃一,1256,-0.2,,5,3,37.9,44.4,*,44.07,43.1,0.3,492,,,310,170,910,18750,23490,54990,309860
,251025,3京8,6,新馬・牝,ピカラ,,牝,2,吉村誠之,54☆,16,12,"  ","  ","  ","  ",,16,２,ダ,1400,,良,300,,(栗),坂口智康,1258,0.2,,6,3,37.9,44.8,*,44.07,43.1,0.5,452,,,(114.3),1950,910,18750,23490,54990,309860
,251025,3京8,6,新馬・牝,テーオーナタリー,,牝,2,西村淳也, 55 ,16,13,"  ","  ","  ","  ",,4,３,ダ,1400,,良,190,,(栗),梅田智之,1260,0.4,,2,2,38.4,43.0,*,44.07,43.1,0.2,436,,,(10.5),300,,,,54990,309860
,251025,3京8,6,新馬・牝,アイカンアズーラ,,牝,2,酒井学, 55 ,16,4,"  ","  ","  ","  ",,7,４,ダ,1400,,良,110,,(栗),河嶋宏樹,1263,0.7,,8,7,38.4,43.6,*,44.07,43.1,0.5,448,,,(22.4),,,,,,
,251025,3京8,6,新馬・牝,コズミックフレア,,牝,2,岩田康誠, 55 ,16,2,"  ","  ","  ","  ",,13,５,ダ,1400,,良,75,,(栗),吉田直弘,1263,0.7,,14,12,37.5,47.6,*,44.07,43.1,1.4,464,,,(76.3),,,,,,
,251025,3京8,6,新馬・牝,コイバナ,,牝,2,小崎綾也, 55 ,16,10,"  ","  ","  ","  ",,15,６,ダ,1400,,良,0,,(栗),渡辺薫彦,1264,0.8,,9,9,38.3,44.2,*,44.07,43.1,0.7,458,,,(97.3),,,,,,
,251025,3京8,6,新馬・牝,カネコメブライト,,牝,2,松若風馬, 55 ,16,5,"  ","  ","  ","  ",,10,７,ダ,1400,,良,0,*,(栗),中尾秀正,1266,1.0,,12,12,38.1,45.5,*,44.07,43.1,1.1,480,,,(38.0),,,,,,
,251025,3京8,6,新馬・牝,オリヒメボシ,,牝,2,田口貫太, 55 ,16,14,"  ","  ","  ","  ",,9,８,ダ,1400,,良,0,,(栗),庄野靖志,1268,1.2,,10,9,38.5,44.1,,44.07,43.1,0.9,426,,,(35.2),,,,,,
,251025,3京8,6,新馬・牝,ミスヘンリー,,牝,2,長岡禎仁, 55 ,16,3,"  ","  ","  ","  ",,8,９,ダ,1400,,良,0,,(栗),羽月友彦,1269,1.3,,6,7,39.1,41.7,,44.07,43.1,0.4,436,,,(32.3),,,,,,
,251025,3京8,6,新馬・牝,アクシュラ,,牝,2,松山弘平, 55 ,16,9,"  ","  ","  ","  ",,5,10,ダ,1400,,良,0,,(栗),橋口慎介,1269,1.3,,14,15,38.0,46.5,*,44.07,43.1,1.5,452,,,(13.4),,,,,,
,251025,3京8,6,新馬・牝,スノーガーネット,,牝,2,角田大和, 55 ,16,8,"  ","  ","  ","  ",,11,11,ダ,1400,,良,0,*,(栗),中尾秀正,1274,1.8,,1,1,40.0,38.9,,44.07,43.1,0.0,478,,,(43.5),,,,,,
,251025,3京8,6,新馬・牝,テンタイムトップ,,牝,2,坂井瑠星, 55 ,16,15,"  ","  ","  ","  ",,2,12,ダ,1400,,良,0,,(栗),高柳大輔,1277,2.1,,11,9,39.4,41.9,,44.07,43.1,0.9,452,,,(3.1),,,,,,
,251025,3京8,6,新馬・牝,タイセイパフューム,,牝,2,高杉吏麒, 55 ,16,16,"  ","  ","  ","  ",,6,13,ダ,1400,,良,0,,(栗),牧浦充徳,1287,3.1,,12,14,40.1,40.9,,44.07,43.1,1.2,474,,,(19.3),,,,,,
,251025,3京8,6,新馬・牝,ウインジャスミン,,牝,2,吉田隼人, 55 ,16,1,"  ","  ","  ","  ",,14,14,ダ,1400,,良,0,,(栗),緒方努,1291,3.5,,16,16,39.4,44.6,,44.07,43.1,2.3,428,,,(84.3),,,,,,
,251025,3京8,6,新馬・牝,ディーズベンチャー,,牝,2,菱田裕二, 55 ,16,7,"  ","  ","  ","  ",,12,15,ダ,1400,,良,0,,(栗),岡田稲男,1292,3.6,,2,3,41.5,36.2,,44.07,43.1,0.3,422,,,(58.2),,,,,,
,251025,3京8,6,新馬・牝,メイショウピュルテ,,牝,2,岩田望来, 55 ,16,11,"  ","  ","  ","  ",,3,16,ダ,1400,,良,0,,(栗),笹田和秀,1296,4.0,,2,3,42.0,35.0,,44.07,43.1,0.2,440,,,(5.5),,,,,,
,251025,3京8,5,新馬,アーリーハーベスト,,牝,2,北村友一, 55 ,14,4,"  ","  ","  ","  ",,4,１,芝,1600,A,良,750,,(栗),小林真也,1348,-0.2,,1,1,34.8,53.4,*,54.07,53.4,0.0,460,,,680,200,980,1080,2580,6040,30880
,251025,3京8,5,新馬,トミーバローズ,,牡,2,松若風馬, 56 ,14,2,"  ","  ","  ","  ",,2,２,芝,1600,A,良,300,,(栗),清水久詞,1350,0.2,,3,3,34.8,53.8,*,54.07,53.4,0.2,474,,,(3.5),170,980,1080,2580,6040,30880
,251025,3京8,5,新馬,エイズルブルーム,,牝,2,団野大成, 55 ,14,5,"  ","  ","  ","  ",,10,３,芝,1600,A,良,190,,(栗),坂口智康,1357,0.9,,11,9,34.8,55.0,*,54.07,53.4,0.9,450,,,(29.6),680,,,,6040,30880
,251025,3京8,5,新馬,ビケイムフリー,,牝,2,吉村誠之,54☆,14,1,"  ","  ","  ","  ",,12,４,芝,1600,A,良,110,*,(栗),吉村圭司,1359,1.1,,7,6,35.5,52.1,*,54.07,53.4,0.4,406,,,(114.5),,,,,,
,251025,3京8,5,新馬,ヒルノジェノヴァ,,牝,2,菱田裕二, 55 ,14,8,"  ","  ","  ","  ",,14,５,芝,1600,A,良,75,,(栗),藤野健太,1359,1.1,,2,2,35.9,50.3,*,54.07,53.4,0.0,432,,,(228.7),,,,,,
,251025,3京8,5,新馬,サイモンシャリオ,,牡,2,松山弘平, 56 ,14,10,"  ","  ","  ","  ",,8,６,芝,1600,A,良,0,,(栗),梅田智之,1360,1.2,,12,11,34.9,55.0,*,54.07,53.4,1.1,494,,,(26.8),,,,,,
,251025,3京8,5,新馬,メランコリニスタ,,牝,2,岩田康誠, 55 ,14,13,"  ","  ","  ","  ",,5,７,芝,1600,A,良,0,*,(栗),吉村圭司,1363,1.5,,3,3,36.1,50.1,,54.07,53.4,0.2,456,,,(20.7),,,,,,
,251025,3京8,5,新馬,アスクウルトラモア,,牡,2,西村淳也, 56 ,14,3,"  ","  ","  ","  ",,6,８,芝,1600,A,良,0,,(栗),矢作芳人,1364,1.6,,7,6,35.9,51.1,,54.07,53.4,0.5,408,,,(21.7),,,,,,
,251025,3京8,5,新馬,ペガサスジルシ,,牝,2,坂井瑠星, 55 ,14,6,"  ","  ","  ","  ",,1,９,芝,1600,A,良,0,,(栗),新谷功一,1367,1.9,,3,3,36.4,49.4,,54.07,53.4,0.3,432,,,(2.6),,,,,,
,251025,3京8,5,新馬,メドウセージ,,牝,2,高杉吏麒, 55 ,14,7,"  ","  ","  ","  ",,9,10,芝,1600,A,良,0,,(栗),藤岡健一,1374,2.6,,9,9,36.6,49.7,,54.07,53.4,0.8,488,,,(29.1),,,,,,
,251025,3京8,5,新馬,メイショウランケイ,,牡,2,浜中俊, 56 ,14,12,"  ","  ","  ","  ",,11,11,芝,1600,A,良,0,,(栗),武幸四郎,1379,3.1,,12,11,36.7,50.1,,54.07,53.4,1.2,492,,,(57.9),,,,,,
,251025,3京8,5,新馬,ファフロツキーズ,,牡,2,岩田望来, 56 ,14,14,"  ","  ","  ","  ",,3,12,芝,1600,A,良,0,,(栗),野中賢二,1380,3.2,,6,6,37.6,46.4,,54.07,53.4,0.4,474,,,(5.5),,,,,,
,251025,3京8,5,新馬,シャマレル,,牡,2,田口貫太, 56 ,14,11,"  ","  ","  ","  ",,7,13,芝,1600,A,良,0,,(栗),渡辺薫彦,1384,3.6,,9,11,37.5,47.4,,54.07,53.4,0.9,446,,B,(25.1),,,,,,
,251025,3京8,5,新馬,ピレシー,,牝,2,小崎綾也, 55 ,14,9,"  ","  ","  ","  ",,13,14,芝,1600,A,良,0,,(栗),宮地貴稔,1401,5.3,,14,14,38.0,48.1,,54.07,53.4,2.1,480,,,(225.8),,,,,,
,251025,3京8,3,未勝利・牝*,フロムレイブン,,牝,2,松山弘平, 55 ,12,8,"  ","  ","  ","  ",,2,１,芝,1400,A,良,560,,(栗),坂口智康,1213,-0.0,,2,2,35.3,47.7,*,47.93,47.2,0.1,472,0,,460,220,2730,2590,4480,12320,53560
,251025,3京8,3,未勝利・牝*,ナムラコスモス,,牝,2,田口貫太, 55 ,12,7,"  ","  ","  ","  ",,5,２,芝,1400,A,良,220,,(栗),大橋勇樹,1213,0.0,,3,3,35.1,48.7,*,47.93,47.2,0.3,490,+10,,(15.9),400,2730,2590,4480,12320,53560
,251025,3京8,3,未勝利・牝*,テイエムアイラン,,牝,2,酒井学, 55 ,12,2,"  ","  ","  ","  ",,7,３,芝,1400,A,良,140,,(栗),宮地貴稔,1216,0.3,,3,3,35.5,47.4,*,47.93,47.2,0.2,412,-2,,(28.1),540,,,,12320,53560
,251025,3京8,3,未勝利・牝*,ペプチドブッドレア,,牝,2,川又賢治, 55 ,12,10,"  ","  ","  ","  ",,3,４,芝,1400,A,良,84,,(栗),吉村圭司,1216,0.3,,10,9,34.9,50.4,*,47.93,47.2,0.8,472,+4,,(10.7),,,,,,
,251025,3京8,3,未勝利・牝*,クロスボーダー,,牝,2,北村友一, 55 ,12,12,"  ","  ","  ","  ",,4,５,芝,1400,A,良,56,,(栗),小林真也,1217,0.4,,11,11,34.7,51.6,*,47.93,47.2,1.1,488,0,,(11.7),,,,,,
,251025,3京8,3,未勝利・牝*,ナムラオリガミ,,牝,2,小崎綾也, 55 ,12,3,"  ","  ","  ","  ",,11,６,芝,1400,A,良,0,,(栗),高橋一哉,1219,0.6,,6,6,35.6,47.5,*,47.93,47.2,0.4,448,+2,,(225.5),,,,,,
,251025,3京8,3,未勝利・牝*,モカプウイング,,牝,2,岩田望来, 55 ,12,11,"  ","  ","  ","  ",,9,７,芝,1400,A,良,0,,(栗),加藤公太,1220,0.7,,7,7,35.6,47.8,*,47.93,47.2,0.5,454,-4,,(43.5),,,,,,
,251025,3京8,3,未勝利・牝*,オフクマメ,,牝,2,荻野琢真, 55 ,12,1,"  ","  ","  ","  ",,10,８,芝,1400,A,良,0,,(栗),松下武士,1221,0.8,,11,11,35.1,50.4,*,47.93,47.2,1.1,468,+6,,(62.3),,,,,,
,251025,3京8,3,未勝利・牝*,シャローアロス,,牝,2,坂井瑠星, 55 ,12,6,"  ","  ","  ","  ",,6,９,芝,1400,A,良,0,,(栗),安達昭夫,1223,1.0,,7,7,35.8,47.4,*,47.93,47.2,0.6,440,+2,,(25.8),,,,,,
,251025,3京8,3,未勝利・牝*,ダンシングドール,,牝,2,高杉吏麒, 55 ,12,5,"  ","  ","  ","  ",,8,10,芝,1400,A,良,0,,(栗),牧田和弥,1225,1.2,,3,5,36.3,45.5,,47.93,47.2,0.3,456,+4,,(30.6),,,,,,
,251025,3京8,3,未勝利・牝*,ナオミニオールイン,,牝,2,浜中俊, 55 ,12,4,"  ","  ","  ","  ",,1,11,芝,1400,A,良,0,,(栗),佐藤悠太,1234,2.1,,1,1,37.5,41.8,,47.93,47.2,0.0,436,+4,,(1.5),,,,,,
,251025,3京8,3,未勝利・牝*,ステイフリー,,牝,2,吉田隼人, 55 ,12,9,"  ","  ","  ","  ",,12,12,芝,1400,A,良,0,,(栗),高橋義忠,1237,2.4,,9,9,37.1,44.2,,47.93,47.2,0.7,446,+2,,(296.4),,,,,,
,251025,3京8,2,未勝利*,ゴールデンスラム,,牡,2,坂井瑠星, 56 ,11,11,"  ","  ","  ","  ",,2,１,ダ,1800,,良,560,,(栗),池江泰寿,1556,-0.5,3,3,2,37.3,55.0,*,54.27,53.3,0.4,484,-4,,330,130,2840,3440,5250,2060,14450
,251025,3京8,2,未勝利*,サンライズケヴィン,,牡,2,池添謙一, 56 ,11,10,"  ","  ","  ","  ",,5,２,ダ,1800,,良,220,,(栗),平田修,1561,0.5,4,4,4,37.6,54.4,*,54.27,53.3,0.6,494,+2,,(15.1),270,2840,3440,5250,2060,14450
,251025,3京8,2,未勝利*,アンリミテッド,,牡,2,岩田望来, 56 ,11,5,"  ","  ","  ","  ",,1,３,ダ,1800,,良,140,,(栗),高野友和,1563,0.7,4,4,5,37.9,53.4,*,54.27,53.3,0.5,498,+2,,(2.0),110,,,,2060,14450
,251025,3京8,2,未勝利*,ヒロノスカイ,,牡,2,松若風馬, 56 ,11,9,"  ","  ","  ","  ",,3,４,ダ,1800,,良,84,,(栗),宮本博,1563,0.7,7,7,5,37.7,54.2,*,54.27,53.3,0.7,506,+4,,(5.4),,,,,,
,251025,3京8,2,未勝利*,マルーンドライブ,,牡,2,田口貫太, 56 ,11,4,"  ","  ","  ","  ",,6,５,ダ,1800,,良,56,,(栗),庄野靖志,1564,0.8,4,4,5,38.0,53.2,*,54.27,53.3,0.5,450,-6,,(18.9),,,,,,
,251025,3京8,2,未勝利*,リフラ,,牡,2,西村淳也, 56 ,11,7,"  ","  ","  ","  ",,4,６,ダ,1800,,良,0,,(栗),西村真幸,1568,1.2,10,8,5,38.0,53.7,,54.27,53.3,0.9,478,-2,,(11.4),,,,,,
,251025,3京8,2,未勝利*,メイショウハチマキ,,牡,2,川又賢治, 56 ,11,3,"  ","  ","  ","  ",,11,７,ダ,1800,,良,0,,(栗),飯田祐史,1572,1.6,7,8,9,38.5,52.2,,54.27,53.3,0.8,492,-4,,(323.0),,,,,,
,251025,3京8,2,未勝利*,コパノルーカス,,牡,2,岩田康誠, 56 ,11,8,"  ","  ","  ","  ",,9,８,ダ,1800,,良,0,,(栗),梅田智之,1576,2.0,2,2,2,39.5,48.9,,54.27,53.3,0.2,484,+4,,(95.4),,,,,,
,251025,3京8,2,未勝利*,ファインマン,,牡,2,高倉稜, 56 ,11,6,"  ","  ","  ","  ",,10,９,ダ,1800,,良,0,,(栗),前川恭子,1592,3.6,7,8,10,40.5,47.2,,54.27,53.3,0.8,492,-4,,(125.0),,,,,,
,251025,3京8,2,未勝利*,タガノニューデリー,,牡,2,田山旺佑,53▲,11,2,"  ","  ","  ","  ",,8,10,ダ,1800,,良,0,,(栗),斉藤崇史,2003,4.7,1,1,1,42.4,41.9,,54.27,53.3,0.0,468,0,B,(54.7),,,,,,
,251025,3京8,1,未勝利*,ホールオブミラーズ,,牡,2,北村友一, 56 ,14,14,"  ","  ","  ","  ",,2,１,ダ,1400,,良,560,,(栗),高野友和,1263,-0.0,,8,6,39.0,41.0,*,40.70,38.4,0.6,464,+4,,450,200,1020,3370,4480,9190,38180
,251025,3京8,1,未勝利*,ジャストアダッシュ,,牡,2,松若風馬, 56 ,14,9,"  ","  ","  ","  ",,6,２,ダ,1400,,良,220,,(栗),藤野健太,1263,0.0,,9,7,38.9,41.4,*,40.70,38.4,0.7,474,+4,,(16.3),390,1020,3370,4480,9190,38180
,251025,3京8,1,未勝利*,キープシャイニング,,牡,2,吉村誠之,55☆,14,8,"  ","  ","  ","  ",,5,３,ダ,1400,,良,140,,(栗),長谷川浩,1263,0.0,,4,4,39.3,39.7,*,40.70,38.4,0.3,488,-6,B,(10.6),240,,,,9190,38180
,251025,3京8,1,未勝利*,アドフランマム,,牡,2,角田大和, 56 ,14,4,"  ","  ","  ","  ",,10,４,ダ,1400,,良,84,,(栗),本田優,1265,0.2,,12,10,38.7,42.6,*,40.70,38.4,1.1,506,0,,(34.8),,,,,,
,251025,3京8,1,未勝利*,トワイライトビュー,,牡,2,田山旺佑,53▲,14,1,"  ","  ","  ","  ",,8,５,ダ,1400,,良,56,,(栗),佐々木晶,1265,0.2,,9,7,39.2,40.5,*,40.70,38.4,0.6,492,+10,,(25.2),,,,,,
,251025,3京8,1,未勝利*,リアライズガイザー,,牡,2,西村淳也, 56 ,14,3,"  ","  ","  ","  ",,1,６,ダ,1400,,良,0,,(栗),杉山晴紀,1271,0.8,,2,1,40.4,36.7,*,40.70,38.4,0.0,514,+6,,(2.5),,,,,,
,251025,3京8,1,未勝利*,サクライロマウコロ,,牝,2,松山弘平, 55 ,14,6,"  ","  ","  ","  ",,11,７,ダ,1400,,良,0,,(栗),西園正都,1282,1.9,,14,14,39.7,41.6,,40.70,38.4,1.8,442,0,,(39.0),,,,,,
,251025,3京8,1,未勝利*,ロードベルファスト,,牡,2,長岡禎仁, 56 ,14,11,"  ","  ","  ","  ",,13,８,ダ,1400,,良,0,,(栗),畑端省吾,1284,2.1,,2,2,41.7,34.0,,40.70,38.4,0.0,478,+4,,(101.5),,,,,,
,251025,3京8,1,未勝利*,ジョイフルサンデー,,牡,2,秋山稔樹, 56 ,14,7,"  ","  ","  ","  ",,14,９,ダ,1400,,良,0,,(栗),宮徹,1284,2.1,,12,12,40.5,38.7,,40.70,38.4,1.2,464,-8,,(323.4),,,,,,
,251025,3京8,1,未勝利*,メイショウシンガン,,牡,2,岩田望来, 56 ,14,10,"  ","  ","  ","  ",,3,10,ダ,1400,,良,0,,(栗),高橋義忠,1285,2.2,,4,4,41.5,34.9,,40.70,38.4,0.3,462,0,,(5.5),,,,,,
,251025,3京8,1,未勝利*,ラヴネヴァーダイズ,,牡,2,団野大成, 56 ,14,12,"  ","  ","  ","  ",,7,11,ダ,1400,,良,0,,(栗),渡辺薫彦,1286,2.3,,1,2,41.9,33.6,,40.70,38.4,0.0,492,+4,,(21.8),,,,,,
,251025,3京8,1,未勝利*,アイク,,牝,2,浜中俊, 55 ,14,13,"  ","  ","  ","  ",,12,12,ダ,1400,,良,0,,(栗),佐藤悠太,1289,2.6,,11,12,41.0,37.6,,40.70,38.4,1.2,420,0,,(77.6),,,,,,
,251025,3京8,1,未勝利*,メイワキラリ,,牡,2,高杉吏麒, 56 ,14,5,"  ","  ","  ","  ",,9,13,ダ,1400,,良,0,,(栗),河嶋宏樹,1299,3.6,,4,9,42.9,32.2,,40.70,38.4,0.3,466,+10,,(29.0),,,,,,
,251025,3京8,1,未勝利*,エコロガルダ,,牡,2,小崎綾也, 56 ,14,2,"  ","  ","  ","  ",,4,14,ダ,1400,,良,0,,(栗),大久保龍,1300,3.7,,4,10,43.0,32.0,,40.70,38.4,0.3,458,+6,,(10.2),,,,,,
,251019,3京7,12,聚楽第特･2勝,テスティモーネ,,牡,3,古川吉洋, 56 ,14,9,"  ","  ","  ","  ",,1,１,ダ,1800,,良,1550,,(栗),大根田裕,1509,-0.1,5,4,2,36.9,50.3,*,50.67,48.3,0.5,520,+2,,330,160,1110,1820,2690,5600,22060
,251019,3京7,12,聚楽第特･2勝,バッケンレコード,,牡,3,太宰啓介, 56 ,14,6,"  ","  ","  ","  ",,6,２,ダ,1800,,良,620,,(栗),秋山真一,1510,0.1,7,6,5,36.8,50.8,*,50.67,48.3,0.7,490,+2,,(10.7),290,1110,1820,2690,5600,22060
,251019,3京7,12,聚楽第特･2勝,クリノフィガロ,,牡,4,岩田望来, 58 ,14,1,"  ","  ","  ","  ",,5,３,ダ,1800,,良,390,,(栗),荒川義之,1514,0.5,11,9,7,36.9,50.9,*,50.67,48.3,1.0,496,0,,(8.4),220,,,,5600,22060
,251019,3京7,12,聚楽第特･2勝,プルナチャンドラ,,牡,4,酒井学, 58 ,14,2,"  ","  ","  ","  ",,11,４,ダ,1800,,良,230,,(美),小野次郎,1515,0.6,11,11,9,36.8,51.5,*,50.67,48.3,1.2,506,-18,B,(44.0),,,,,,
,251019,3京7,12,聚楽第特･2勝,アンバードール,,牡,4,川田将雅, 58 ,14,12,"  ","  ","  ","  ",,3,５,ダ,1800,,良,155,,(栗),吉岡辰弥,1517,0.8,7,7,7,37.3,49.7,*,50.67,48.3,0.9,508,+4,,(6.3),,,,,,
,251019,3京7,12,聚楽第特･2勝,ポッドフォルク,,牡,3,松山弘平, 56 ,14,3,"  ","  ","  ","  ",,7,６,ダ,1800,,良,0,,(栗),西園正都,1521,1.2,2,2,2,38.4,46.0,,50.67,48.3,0.2,492,0,,(16.0),,,,,,
,251019,3京7,12,聚楽第特･2勝,メイショウマントル,,牡,7,高倉稜, 58 ,14,5,"  ","  ","  ","  ",,14,７,ダ,1800,,良,0,,(栗),安達昭夫,1522,1.3,13,13,11,37.3,50.4,,50.67,48.3,1.4,512,0,B,(129.2),,,,,,
,251019,3京7,12,聚楽第特･2勝,アーロンイメル,,牡,4,藤懸貴志, 58 ,14,8,"  ","  ","  ","  ",,8,８,ダ,1800,,良,0,,(栗),高橋一哉,1523,1.4,1,1,1,38.8,44.7,,50.67,48.3,0.0,500,+4,B,(16.5),,,,,,
,251019,3京7,12,聚楽第特･2勝,ストップヤーニング,,牡,3,高杉吏麒, 56 ,14,4,"  ","  ","  ","  ",,2,９,ダ,1800,,良,0,,(栗),羽月友彦,1525,1.6,9,9,9,37.9,48.4,,50.67,48.3,1.1,436,-6,,(5.5),,,,,,
,251019,3京7,12,聚楽第特･2勝,インペリアルライン,,セ,6,丹内祐次, 58 ,14,11,"  ","  ","  ","  ",,10,10,ダ,1800,,良,0,,(美),中舘英二,1527,1.8,14,14,14,36.2,55.7,*,50.67,48.3,3.0,474,-2,B,(39.0),,,,,,
,251019,3京7,12,聚楽第特･2勝,アリエスキング,,牡,4,田口貫太, 58 ,14,10,"  ","  ","  ","  ",,4,11,ダ,1800,,良,0,,(栗),庄野靖志,1530,2.1,6,7,11,38.5,46.8,,50.67,48.3,1.0,470,+8,,(6.4),,,,,,
,251019,3京7,12,聚楽第特･2勝,タガノマルアフ,,牡,3,横山武史, 56 ,14,7,"  ","  ","  ","  ",,12,12,ダ,1800,,良,0,,(栗),角田晃一,1536,2.7,9,11,13,38.6,47.2,,50.67,48.3,1.5,480,+4,,(63.6),,,,,,
,251019,3京7,12,聚楽第特･2勝,トーレ,,牡,4,松若風馬, 58 ,14,14,"  ","  ","  ","  ",,9,13,ダ,1800,,良,0,,(栗),高橋亮,1540,3.1,3,2,2,40.2,41.8,,50.67,48.3,0.3,492,-6,,(24.4),,,,,,
,251019,3京7,12,聚楽第特･2勝,ヴォルスター,,牡,4,吉村誠之, 58 ,14,13,"  ","  ","  ","  ",,13,14,ダ,1800,,良,0,,(栗),清水久詞,1543,3.4,4,4,6,40.3,41.8,,50.67,48.3,0.5,434,0,,(115.7),,,,,,
,251019,3京7,11,秋華賞G1,エンブロイダリー,,牝,3,ルメール, 55 ,18,11,"  ","  ","  ","  ",,2,１,芝,2000,A,良,11000,,(美),森一誠,1583,-0.1,6,2,2,35.2,51.2,*,52.17,50.8,0.1,488,+6,,550,240,2530,5280,8170,29560,129850
,251019,3京7,11,秋華賞G1,エリカエクスプレス,,牝,3,武豊, 55 ,18,10,"  ","  ","  ","  ",,5,２,芝,2000,A,良,4400,*,(栗),杉山晴紀,1584,0.1,1,1,1,35.4,50.5,*,52.17,50.8,0.0,462,0,,(15.1),560,2530,5280,8170,29560,129850
,251019,3京7,11,秋華賞G1,パラディレーヌ,,牝,3,丹内祐次, 55 ,18,18,"  ","  ","  ","  ",,6,３,芝,2000,A,良,2800,,(栗),千田輝彦,1585,0.2,17,14,10,34.4,54.8,*,52.17,50.8,1.1,502,+6,,(16.9),550,,,,29560,129850
,251019,3京7,11,秋華賞G1,ジョスラン,,牝,3,岩田望来, 55 ,18,3,"  ","  ","  ","  ",,4,４,芝,2000,A,良,1700,,(美),鹿戸雄一,1588,0.5,9,11,13,34.7,53.9,*,52.17,50.8,1.1,472,+2,,(12.5),,,,,,
,251019,3京7,11,秋華賞G1,セナスタイル,,牝,3,岩田康誠, 55 ,18,13,"  ","  ","  ","  ",,3,５,芝,2000,A,良,1100,,(栗),安田翔伍,1588,0.5,13,14,14,34.6,54.3,*,52.17,50.8,1.2,434,0,,(10.1),,,,,,
,251019,3京7,11,秋華賞G1,ビップデイジー,,牝,3,西村淳也, 55 ,18,14,"  ","  ","  ","  ",,9,６,芝,2000,A,良,0,,(栗),松下武士,1590,0.7,10,6,6,35.5,50.8,*,52.17,50.8,0.5,442,+10,,(23.9),,,,,,
,251019,3京7,11,秋華賞G1,クリノメイ,,牝,3,酒井学, 55 ,18,7,"  ","  ","  ","  ",,17,７,芝,2000,A,良,0,,(栗),須貝尚介,1590,0.7,14,14,15,34.7,54.1,*,52.17,50.8,1.3,454,+2,,(180.6),,,,,,
,251019,3京7,11,秋華賞G1,ルージュソリテール,,牝,3,北村友一, 55 ,18,2,"  ","  ","  ","  ",,12,８,芝,2000,A,良,0,*,(栗),藤原英昭,1592,0.9,6,9,9,35.4,51.5,*,52.17,50.8,0.8,450,+2,,(43.2),,,,,,
,251019,3京7,11,秋華賞G1,インヴォーグ,,牝,3,団野大成, 55 ,18,15,"  ","  ","  ","  ",,14,９,芝,2000,A,良,0,*,(栗),福永祐一,1592,0.9,2,3,3,35.8,49.8,*,52.17,50.8,0.4,502,+6,,(56.0),,,,,,
,251019,3京7,11,秋華賞G1,マピュース,,牝,3,横山武史, 55 ,18,9,"  ","  ","  ","  ",,10,10,芝,2000,A,良,0,,(美),和田勇介,1592,0.9,10,9,10,35.3,51.9,*,52.17,50.8,0.9,488,0,,(28.1),,,,,,
,251019,3京7,11,秋華賞G1,ケリフレッドアスク,,牝,3,西塚洸二, 55 ,18,6,"  ","  ","  ","  ",,11,11,芝,2000,A,良,0,*,(栗),藤原英昭,1593,1.0,4,8,7,35.7,50.4,*,52.17,50.8,0.6,458,+2,,(39.5),,,,,,
,251019,3京7,11,秋華賞G1,ヴーレヴー,,牝,3,菱田裕二, 55 ,18,12,"  ","  ","  ","  ",,16,12,芝,2000,A,良,0,,(栗),武幸四郎,1594,1.1,15,11,10,35.5,51.3,,52.17,50.8,0.9,494,+6,,(122.6),,,,,,
,251019,3京7,11,秋華賞G1,ランフォーヴァウ,,牝,3,小崎綾也, 55 ,18,16,"  ","  ","  ","  ",,18,13,芝,2000,A,良,0,*,(栗),福永祐一,1596,1.3,16,17,15,35.1,53.2,*,52.17,50.8,1.5,460,-4,,(348.5),,,,,,
,251019,3京7,11,秋華賞G1,テレサ,,牝,3,松山弘平, 55 ,18,8,"  ","  ","  ","  ",,8,14,芝,2000,A,良,0,*,(栗),杉山晴紀,1598,1.5,6,6,7,36.2,49.0,,52.17,50.8,0.6,444,+6,,(19.4),,,,,,
,251019,3京7,11,秋華賞G1,ダノンフェアレディ,,牝,3,坂井瑠星, 55 ,18,1,"  ","  ","  ","  ",,7,15,芝,2000,A,良,0,,(栗),橋口慎介,2000,1.7,2,3,3,36.7,47.3,,52.17,50.8,0.3,470,-12,,(18.8),,,,,,
,251019,3京7,11,秋華賞G1,カムニャック,,牝,3,川田将雅, 55 ,18,17,"  ","  ","  ","  ",,1,16,芝,2000,A,良,0,,(栗),友道康夫,2002,1.9,4,3,3,36.9,46.7,,52.17,50.8,0.3,490,+8,,(2.1),,,,,,
,251019,3京7,11,秋華賞G1,レーゼドラマ,,牝,3,藤岡佑介, 55 ,18,4,"  ","  ","  ","  ",,15,17,芝,2000,A,良,0,,(栗),辻野泰之,2021,3.8,17,17,18,37.6,46.3,,52.17,50.8,1.5,474,-2,,(78.0),,,,,,
,251019,3京7,11,秋華賞G1,ブラウンラチェット,,牝,3,池添謙一, 55 ,18,5,"  ","  ","  ","  ",,13,18,芝,2000,A,良,0,,(美),手塚貴久,2070,8.7,10,11,15,42.9,34.0,,52.17,50.8,1.1,440,-2,,(45.5),,,,,,
,251019,3京7,10,京都競Ｈ･3勝,グランフォーブル,,牡,5,酒井学, 54 ,16,12,"  ","  ","  ","  ",,14,１,ダ,1400,,良,1840,,(美),土田稔,1232,-0.3,,1,1,35.4,51.3,*,51.70,51.3,0.0,484,+2,B,11650,1480,6330,64660,144850,26270,508860
,251019,3京7,10,京都競Ｈ･3勝,エストレヤデベレン,,牡,4,ルメール, 57 ,16,10,"  ","  ","  ","  ",,4,２,ダ,1400,,良,740,,(栗),武幸四郎,1235,0.3,,2,2,35.5,51.4,*,51.70,51.3,0.2,536,-10,,(12.1),240,6330,64660,144850,26270,508860
,251019,3京7,10,京都競Ｈ･3勝,ダノンフィーゴ,,牡,3,川田将雅, 55 ,16,13,"  ","  ","  ","  ",,1,３,ダ,1400,,良,460,,(栗),友道康夫,1235,0.3,,4,6,35.3,52.4,*,51.70,51.3,0.4,476,+6,,(1.5),110,,,,26270,508860
,251019,3京7,10,京都競Ｈ･3勝,セミマル,,牡,5,西村淳也, 55 ,16,9,"  ","  ","  ","  ",,5,４,ダ,1400,,良,280,,(栗),西村真幸,1236,0.4,,4,4,35.4,52.1,*,51.70,51.3,0.4,534,-4,,(17.8),,,,,,
,251019,3京7,10,京都競Ｈ･3勝,プロミシングスター,,牡,4,団野大成, 56 ,16,5,"  ","  ","  ","  ",,2,５,ダ,1400,,良,184,,(栗),高橋義忠,1236,0.4,,8,7,35.2,53.1,*,51.70,51.3,0.6,454,-6,,(7.9),,,,,,
,251019,3京7,10,京都競Ｈ･3勝,レーウィン,,セ,4,岩田康誠, 55 ,16,16,"  ","  ","  ","  ",,11,６,ダ,1400,,良,0,,(栗),上村洋行,1240,0.8,,15,14,34.9,55.5,*,51.70,51.3,1.3,514,+14,,(53.9),,,,,,
,251019,3京7,10,京都競Ｈ･3勝,タマモダイジョッキ,,牡,7,高杉吏麒, 56 ,16,3,"  ","  ","  ","  ",,10,７,ダ,1400,,良,0,,(栗),緒方努,1242,1.0,,9,7,35.8,51.4,*,51.70,51.3,0.6,486,0,,(52.1),,,,,,
,251019,3京7,10,京都競Ｈ･3勝,イノセントキャット,,牝,4,横山武史, 53 ,16,14,"  ","  ","  ","  ",,6,８,ダ,1400,,良,0,,(美),久保田貴,1242,1.0,,2,2,36.3,49.0,*,51.70,51.3,0.1,454,0,,(19.1),,,,,,
,251019,3京7,10,京都競Ｈ･3勝,ライジン,,牡,5,池添謙一, 56 ,16,6,"  ","  ","  ","  ",,12,９,ダ,1400,,良,0,,(栗),池添学,1243,1.1,,7,7,36.0,50.6,,51.70,51.3,0.5,492,+6,,(93.4),,,,,,
,251019,3京7,10,京都競Ｈ･3勝,パルデンス,,牡,7,小崎綾也, 55 ,16,2,"  ","  ","  ","  ",,16,10,ダ,1400,,良,0,,(美),森一誠,1245,1.3,,11,10,35.9,51.5,,51.70,51.3,0.8,496,+2,B,(221.3),,,,,,
,251019,3京7,10,京都競Ｈ･3勝,ビルカール,,牡,5,丹内祐次, 54 ,16,7,"  ","  ","  ","  ",,15,11,ダ,1400,,良,0,,(美),水野貴広,1246,1.4,,4,4,36.5,48.8,,51.70,51.3,0.3,462,-8,,(161.0),,,,,,
,251019,3京7,10,京都競Ｈ･3勝,ジャーヴィス,,牡,5,坂井瑠星, 55 ,16,15,"  ","  ","  ","  ",,7,12,ダ,1400,,良,0,,(栗),千田輝彦,1247,1.5,,11,12,36.0,51.5,,51.70,51.3,0.9,498,+4,,(20.8),,,,,,
,251019,3京7,10,京都競Ｈ･3勝,ノボリショウリュウ,,牡,4,武豊, 56 ,16,4,"  ","  ","  ","  ",,3,13,ダ,1400,,良,0,,(栗),石橋守,1247,1.5,,13,12,36.0,51.5,,51.70,51.3,0.9,464,0,,(8.7),,,,,,
,251019,3京7,10,京都競Ｈ･3勝,テイエムランウェイ,,牡,6,鮫島良太, 55 ,16,11,"  ","  ","  ","  ",,9,14,ダ,1400,,良,0,,(栗),河嶋宏樹,1251,1.9,,13,15,36.3,50.8,,51.70,51.3,1.0,494,+6,,(46.6),,,,,,
,251019,3京7,10,京都競Ｈ･3勝,ワレハウミノコ,,牝,5,高倉稜, 52 ,16,8,"  ","  ","  ","  ",,13,15,ダ,1400,,良,0,,(栗),武英智,1252,2.0,,9,10,36.7,49.1,,51.70,51.3,0.7,462,+2,,(96.5),,,,,,
,251019,3京7,10,京都競Ｈ･3勝,ヘンリー,,牡,5,吉村誠之, 54 ,16,1,"  ","  ","  ","  ",,8,16,ダ,1400,,良,0,,(栗),吉岡辰弥,1258,2.6,,16,16,36.6,50.8,,51.70,51.3,1.4,542,-2,,(29.9),,,,,,
,251019,3京7,9,もみじＳ,リリージョワ,,牝,2,ルメール, 55 ,7,7,"  ","  ","  ","  ",,2,１,芝,1400,A,良,1600,,(栗),武幸四郎,1205,-0.1,,1,1,34.2,51.5,*,54.37,51.5,0.0,434,-10,,270,150,,300,560,980,3180
,251019,3京7,9,もみじＳ,ダイヤモンドノット,,牡,2,川田将雅, 56 ,7,2,"  ","  ","  ","  ",,1,２,芝,1400,A,良,640,,(栗),福永祐一,1206,0.1,,2,2,33.3,56.5,*,54.37,51.5,1.0,474,+2,,(2.5),140,,300,560,980,3180
,251019,3京7,9,もみじＳ,ファニーバニー,,牝,2,横山武史, 55 ,7,1,"  ","  ","  ","  ",,5,３,芝,1400,A,良,400,,(栗),杉山佳明,1214,0.9,,3,3,33.9,55.1,*,54.37,51.5,1.2,446,+12,,(18.2),,,,,980,3180
,251019,3京7,9,もみじＳ,シルバーナイツ,,牡,2,団野大成, 56 ,7,6,"  ","  ","  ","  ",,3,４,芝,1400,A,良,240,,(栗),西園正都,1216,1.1,,5,5,33.8,56.1,*,54.37,51.5,1.5,506,0,,(3.3),,,,,,
,251019,3京7,9,もみじＳ,コラルリーフ,,牝,2,西村淳也, 55 ,7,5,"  ","  ","  ","  ",,6,５,芝,1400,A,良,160,,(栗),佐藤悠太,1221,1.6,,7,6,34.1,55.6,,54.37,51.5,1.7,456,-4,,(26.9),,,,,,
,251019,3京7,9,もみじＳ,ナオミライトニング,,牝,2,坂井瑠星, 55 ,7,4,"  ","  ","  ","  ",,4,６,芝,1400,A,良,0,,(栗),矢作芳人,1223,1.8,,3,3,34.8,52.4,,54.37,51.5,1.2,460,+18,,(13.4),,,,,,
,251019,3京7,9,もみじＳ,ロードヴィゴラス,,牡,2,高杉吏麒, 56 ,7,3,"  ","  ","  ","  ",,7,７,芝,1400,A,良,0,,(栗),四位洋文,1226,2.1,,6,6,34.6,54.0,,54.37,51.5,1.7,432,+2,,(47.0),,,,,,
,251019,3京7,8,２勝ｸﾗｽ,ミニトランザット,,牡,3,吉村誠之,55☆,10,4,"  ","  ","  ","  ",,1,１,芝,1600,A,良,1140,,(栗),杉山佳明,1333,-0.1,,7,7,33.1,59.1,*,58.93,56.1,0.6,468,+10,,200,120,460,590,930,2210,6450
,251019,3京7,8,２勝ｸﾗｽ,フェアリーライク,,牝,3,武豊, 54 ,10,2,"  ","  ","  ","  ",,2,２,芝,1600,A,良,460,,(栗),笹田和秀,1334,0.1,,10,10,32.6,61.9,*,58.93,56.1,1.2,468,+4,,(4.4),180,460,590,930,2210,6450
,251019,3京7,8,２勝ｸﾗｽ,ヴィスマール,,牡,4,西村淳也, 58 ,10,5,"  ","  ","  ","  ",,6,３,芝,1600,A,良,290,,(栗),奥村豊,1334,0.1,,1,1,33.8,55.8,*,58.93,56.1,0.0,450,-2,,(17.4),260,,,,2210,6450
,251019,3京7,8,２勝ｸﾗｽ,サクラオーラ,,牝,6,酒井学, 56 ,10,10,"  ","  ","  ","  ",,8,４,芝,1600,A,良,170,,(栗),河嶋宏樹,1335,0.2,,3,3,33.7,56.5,*,58.93,56.1,0.2,454,0,,(37.4),,,,,,
,251019,3京7,8,２勝ｸﾗｽ,ロンドボス,,牝,3,横山武史, 54 ,10,8,"  ","  ","  ","  ",,3,５,芝,1600,A,良,114,,(栗),藤原英昭,1335,0.2,,3,3,33.7,56.5,*,58.93,56.1,0.2,460,+8,,(5.8),,,,,,
,251019,3京7,8,２勝ｸﾗｽ,アンジョルラス,,セ,4,藤岡佑介, 58 ,10,7,"  ","  ","  ","  ",,5,６,芝,1600,A,良,0,,(栗),藤野健太,1336,0.3,,9,9,33.1,59.7,*,58.93,56.1,0.9,500,0,,(9.5),,,,,,
,251019,3京7,8,２勝ｸﾗｽ,エーデルサンライズ,,牝,5,小崎綾也, 56 ,10,6,"  ","  ","  ","  ",,9,７,芝,1600,A,良,0,,(栗),小林真也,1339,0.6,,2,2,34.2,54.7,*,58.93,56.1,0.1,450,+2,,(97.9),,,,,,
,251019,3京7,8,２勝ｸﾗｽ,メイショウカイト,,牝,7,高杉吏麒, 56 ,10,1,"  ","  ","  ","  ",,7,８,芝,1600,A,良,0,,(栗),荒川義之,1340,0.7,,5,5,34.0,55.9,*,58.93,56.1,0.4,478,+6,,(25.0),,,,,,
,251019,3京7,8,２勝ｸﾗｽ,オトコギアンパン,,牡,4,松山弘平, 58 ,10,9,"  ","  ","  ","  ",,4,９,芝,1600,A,良,0,,(栗),小栗実,1343,1.0,,5,5,34.4,54.5,*,58.93,56.1,0.3,502,+2,B,(7.7),,,,,,
,251019,3京7,8,２勝ｸﾗｽ,ドンアチェカ,,牡,5,菱田裕二, 58 ,10,3,"  ","  ","  ","  ",,10,10,芝,1600,A,良,0,,(栗),千田輝彦,1347,1.4,,7,7,34.5,54.7,,58.93,56.1,0.6,494,+6,,(227.8),,,,,,
,251019,3京7,7,１勝ｸﾗｽ,イリフィ,,牝,3,西村淳也, 55 ,12,9,"  ","  ","  ","  ",,6,１,ダ,1200,,良,800,,(栗),高野友和,1114,-0.3,,8,6,35.6,50.6,*,49.00,47.2,0.6,430,+8,,1750,330,1450,8780,17520,5450,61610
,251019,3京7,7,１勝ｸﾗｽ,ジャスパーソレイユ,,牡,3,武豊, 57 ,12,12,"  ","  ","  ","  ",,3,２,ダ,1200,,良,320,,(栗),森秀行,1117,0.3,,3,3,36.2,48.1,*,49.00,47.2,0.3,476,+12,,(8.2),230,1450,8780,17520,5450,61610
,251019,3京7,7,１勝ｸﾗｽ,バッハアルプゼー,,牡,3,松山弘平, 57 ,12,2,"  ","  ","  ","  ",,1,３,ダ,1200,,良,200,,(栗),橋口慎介,1118,0.4,,4,6,36.2,48.3,*,49.00,47.2,0.4,490,+12,,(1.9),130,,,,5450,61610
,251019,3京7,7,１勝ｸﾗｽ,ララアヴリル,,セ,3,団野大成, 57 ,12,8,"  ","  ","  ","  ",,2,４,ダ,1200,,良,120,,(栗),斉藤崇史,1119,0.5,,1,1,36.7,45.9,*,49.00,47.2,0.0,484,+4,B,(3.7),,,,,,
,251019,3京7,7,１勝ｸﾗｽ,ペッパーミル,,牡,4,横山武史, 58 ,12,10,"  ","  ","  ","  ",,5,５,ダ,1200,,良,80,,(美),加藤士津,1119,0.5,,4,4,36.3,48.1,*,49.00,47.2,0.4,500,-4,B,(15.5),,,,,,
,251019,3京7,7,１勝ｸﾗｽ,プルミエールパス,,牝,4,小崎綾也, 56 ,12,11,"  ","  ","  ","  ",,8,６,ダ,1200,,良,0,,(栗),河嶋宏樹,1121,0.7,,2,2,36.8,45.9,*,49.00,47.2,0.1,498,+15,,(26.4),,,,,,
,251019,3京7,7,１勝ｸﾗｽ,ガンマジーティーピ,,牡,3,岩田望来, 57 ,12,5,"  ","  ","  ","  ",,4,７,ダ,1200,,良,0,,(栗),渡辺薫彦,1121,0.7,,10,10,36.1,49.7,*,49.00,47.2,0.8,462,+2,,(12.5),,,,,,
,251019,3京7,7,１勝ｸﾗｽ,ワールドシリーズ,,牡,4,北村友一, 58 ,12,3,"  ","  ","  ","  ",,11,８,ダ,1200,,良,0,,(栗),秋山真一,1123,0.9,,10,10,36.3,49.2,*,49.00,47.2,0.8,470,+2,,(62.6),,,,,,
,251019,3京7,7,１勝ｸﾗｽ,ガウラスパーク,,セ,4,高杉吏麒, 58 ,12,1,"  ","  ","  ","  ",,10,９,ダ,1200,,良,0,,(栗),高柳大輔,1127,1.3,,8,8,36.9,47.0,,49.00,47.2,0.6,548,0,B,(38.9),,,,,,
,251019,3京7,7,１勝ｸﾗｽ,リーサムギニー,,牡,4,吉村誠之,57☆,12,7,"  ","  ","  ","  ",,9,10,ダ,1200,,良,0,,(栗),矢作芳人,1133,1.9,,7,9,37.6,44.9,,49.00,47.2,0.5,510,+6,,(36.5),,,,,,
,251019,3京7,7,１勝ｸﾗｽ,マキシマムレーヴ,,牡,3,高倉稜, 57 ,12,4,"  ","  ","  ","  ",,12,11,ダ,1200,,良,0,,(栗),武英智,1135,2.1,,12,12,37.0,48.6,,49.00,47.2,1.3,502,-6,,(306.3),,,,,,
,251019,3京7,7,１勝ｸﾗｽ,ミトノキャット,,牝,3,坂井瑠星, 55 ,12,6,"  ","  ","  ","  ",,7,12,ダ,1200,,良,0,,(栗),前川恭子,1140,2.6,,4,4,38.5,42.2,,49.00,47.2,0.3,454,+14,,(20.6),,,,,,
,251019,3京7,6,１勝ｸﾗｽ,ミッションルース,,牡,4,田口貫太, 58 ,12,9,"  ","  ","  ","  ",,11,１,ダ,1800,,良,800,*,(栗),平田修,1525,-0.0,2,1,1,37.8,48.8,*,49.30,48.8,0.0,440,-14,,17040,2030,3380,16040,53020,96710,772710
,251019,3京7,6,１勝ｸﾗｽ,ギュルヴィ,,牡,3,武豊, 56 ,12,1,"  ","  ","  ","  ",,2,２,ダ,1800,,良,320,,(栗),大久保龍,1525,0.0,3,5,5,37.4,50.4,*,49.30,48.8,0.4,514,-4,,(2.4),160,3380,16040,53020,96710,772710
,251019,3京7,6,１勝ｸﾗｽ,サルタール,,セ,3,小崎綾也, 56 ,12,8,"  ","  ","  ","  ",,10,３,ダ,1800,,良,200,,(栗),小崎憲,1527,0.2,1,2,2,37.9,48.7,*,49.30,48.8,0.1,518,+6,B,(73.5),1010,,,,96710,772710
,251019,3京7,6,１勝ｸﾗｽ,ユキノクラウン,,牡,3,吉村誠之,55☆,12,11,"  ","  ","  ","  ",,3,４,ダ,1800,,良,120,,(栗),長谷川浩,1528,0.3,3,2,2,37.9,48.8,*,49.30,48.8,0.2,516,-6,B,(6.5),,,,,,
,251019,3京7,6,１勝ｸﾗｽ,メイショウマジック,,牡,5,古川吉洋, 58 ,12,3,"  ","  ","  ","  ",,8,５,ダ,1800,,良,80,,(栗),四位洋文,1530,0.5,8,8,8,37.7,49.9,*,49.30,48.8,0.6,490,+6,,(43.4),,,,,,
,251019,3京7,6,１勝ｸﾗｽ,ジーティーアメリカ,,牡,3,北村友一, 56 ,12,10,"  ","  ","  ","  ",,6,６,ダ,1800,,良,0,,(栗),吉岡辰弥,1531,0.6,9,7,5,37.9,49.2,*,49.30,48.8,0.5,534,+4,,(40.4),,,,,,
,251019,3京7,6,１勝ｸﾗｽ,マテンロウノカゼ,,牡,4,太宰啓介, 58 ,12,7,"  ","  ","  ","  ",,7,７,ダ,1800,,良,0,,(栗),昆貢,1531,0.6,10,2,2,38.2,48.0,*,49.30,48.8,0.2,486,0,B,(42.1),,,,,,
,251019,3京7,6,１勝ｸﾗｽ,モズバンディット,,牡,5,高杉吏麒, 58 ,12,2,"  ","  ","  ","  ",,9,８,ダ,1800,,良,0,,(栗),中尾秀正,1537,1.2,6,10,9,38.2,48.8,,49.30,48.8,0.8,458,+10,,(56.1),,,,,,
,251019,3京7,6,１勝ｸﾗｽ,レッドボブ,,牡,3,ルメール, 56 ,12,5,"  ","  ","  ","  ",,1,９,ダ,1800,,良,0,,(栗),田中克典,1537,1.2,5,5,7,38.5,47.7,,49.30,48.8,0.5,520,-2,B,(2.2),,,,,,
,251019,3京7,6,１勝ｸﾗｽ,リュクスドレフォン,,牡,5,藤懸貴志, 58 ,12,6,"  ","  ","  ","  ",,4,10,ダ,1800,,良,0,*,(栗),平田修,1538,1.3,10,11,10,38.1,49.3,,49.30,48.8,1.0,520,+14,,(13.1),,,,,,
,251019,3京7,6,１勝ｸﾗｽ,スティルザワン,,セ,4,荻野琢真, 58 ,12,12,"  ","  ","  ","  ",,12,11,ダ,1800,,良,0,,(栗),前川恭子,1539,1.4,12,11,11,38.1,49.5,,49.30,48.8,1.1,454,+2,,(181.5),,,,,,
,251019,3京7,6,１勝ｸﾗｽ,キタノサワヤカ,,牡,3,池添謙一, 56 ,12,4,"  ","  ","  ","  ",,5,12,ダ,1800,,良,0,,(栗),吉田直弘,1549,2.4,6,8,11,39.4,45.8,,49.30,48.8,0.8,464,0,,(19.7),,,,,,
,251019,3京7,5,新馬,ヴァロンブローサ,,牡,2,北村友一, 56 ,11,4,"  ","  ","  ","  ",,5,１,芝,2000,A,良,750,,(栗),池添学,2021,-0.2,1,1,1,35.8,53.3,*,54.33,53.3,0.0,462,,,970,270,1870,5640,11000,8220,55070
,251019,3京7,5,新馬,マジックファイヤー,,牡,2,岩田康誠, 56 ,11,7,"  ","  ","  ","  ",,7,２,芝,2000,A,良,300,,(栗),辻野泰之,2023,0.2,3,4,4,35.7,54.0,*,54.33,53.3,0.3,466,,,(14.6),330,1870,5640,11000,8220,55070
,251019,3京7,5,新馬,インフィオラータ,,牝,2,岩田望来, 55 ,11,3,"  ","  ","  ","  ",,2,３,芝,2000,A,良,190,,(栗),須貝尚介,2024,0.3,10,10,10,35.3,55.7,*,54.33,53.3,0.8,446,,,(4.5),190,,,,8220,55070
,251019,3京7,5,新馬,パウンドフォーワン,,牡,2,坂井瑠星, 56 ,11,1,"  ","  ","  ","  ",,4,４,芝,2000,A,良,110,,(栗),田中克典,2024,0.3,6,7,8,35.6,54.5,*,54.33,53.3,0.5,488,,,(8.2),,,,,,
,251019,3京7,5,新馬,マジョレルブルー,,牡,2,川田将雅, 56 ,11,6,"  ","  ","  ","  ",,3,５,芝,2000,A,良,75,,(栗),友道康夫,2024,0.3,9,3,3,35.9,53.3,*,54.33,53.3,0.2,464,,,(5.1),,,,,,
,251019,3京7,5,新馬,タガノアルトゥーラ,,牡,2,吉村誠之,55☆,11,5,"  ","  ","  ","  ",,10,６,芝,2000,A,良,0,,(栗),長谷川浩,2025,0.4,8,7,8,35.6,54.6,*,54.33,53.3,0.6,488,,,(85.4),,,,,,
,251019,3京7,5,新馬,リン,,牡,2,松山弘平, 56 ,11,11,"  ","  ","  ","  ",,1,７,芝,2000,A,良,0,*,(栗),四位洋文,2026,0.5,3,6,4,35.9,53.5,*,54.33,53.3,0.4,460,,,(2.6),,,,,,
,251019,3京7,5,新馬,トラカイキャッスル,,牝,2,丹内祐次, 55 ,11,9,"  ","  ","  ","  ",,6,８,芝,2000,A,良,0,,(栗),西村真幸,2027,0.6,5,4,6,36.0,53.2,*,54.33,53.3,0.4,438,,,(13.9),,,,,,
,251019,3京7,5,新馬,ゴールデンドラゴン,,牡,2,松若風馬, 56 ,11,8,"  ","  ","  ","  ",,9,９,芝,2000,A,良,0,,(栗),宮本博,2038,1.7,6,7,6,37.0,50.5,,54.33,53.3,0.5,450,,,(76.1),,,,,,
,251019,3京7,5,新馬,ダンツカレン,,牝,2,藤岡佑介, 55 ,11,10,"  ","  ","  ","  ",,8,10,芝,2000,A,良,0,*,(栗),四位洋文,2046,2.5,2,2,2,38.2,46.9,,54.33,53.3,0.1,502,,,(15.8),,,,,,
,251019,3京7,4,新馬,ミルトベスト,,牡,2,岩田望来, 56 ,17,15,"  ","  ","  ","  ",,5,１,芝,1400,A,良,750,,(栗),中村直也,1222,-0.3,,2,1,35.0,51.1,*,52.40,51.1,0.0,470,,,2160,330,750,2280,7320,4460,56940
,251019,3京7,4,新馬,アゲンストオッズ,,牝,2,川田将雅, 55 ,17,6,"  ","  ","  ","  ",,1,２,芝,1400,A,良,300,,(栗),大久保龍,1225,0.3,,5,4,35.0,51.8,*,52.40,51.1,0.3,426,,,(1.8),120,750,2280,7320,4460,56940
,251019,3京7,4,新馬,メイショウトウコウ,,牡,2,武豊, 56 ,17,4,"  ","  ","  ","  ",,4,３,芝,1400,A,良,190,,(栗),石橋守,1225,0.3,,11,10,34.5,54.3,*,52.40,51.1,0.8,464,,,(12.5),270,,,,4460,56940
,251019,3京7,4,新馬,ベアコルム,,牝,2,田山旺佑,52▲,17,11,"  ","  ","  ","  ",,11,４,芝,1400,A,良,110,*,(栗),小栗実,1225,0.3,,3,4,35.1,51.3,*,52.40,51.1,0.2,436,,,(68.3),,,,,,
,251019,3京7,4,新馬,フリーダムスタイル,,牝,2,北村友一, 55 ,17,16,"  ","  ","  ","  ",,12,５,芝,1400,A,良,75,,(栗),森田直行,1227,0.5,,13,12,34.4,55.3,*,52.40,51.1,1.1,404,,,(76.2),,,,,,
,251019,3京7,4,新馬,プラヤデルカルメン,,牝,2,ルメール, 55 ,17,12,"  ","  ","  ","  ",,2,６,芝,1400,A,良,0,,(栗),杉山晴紀,1228,0.6,,1,2,35.6,49.4,*,52.40,51.1,0.0,448,,,(4.5),,,,,,
,251019,3京7,4,新馬,ナムラロダン,,牡,2,西村淳也, 56 ,17,14,"  ","  ","  ","  ",,3,７,芝,1400,A,良,0,,(栗),長谷川浩,1229,0.7,,5,4,35.2,51.6,*,52.40,51.1,0.5,472,,,(7.2),,,,,,
,251019,3京7,4,新馬,イズントイット,,牝,2,菱田裕二, 55 ,17,17,"  ","  ","  ","  ",,7,８,芝,1400,A,良,0,,(栗),岡田稲男,1229,0.7,,3,3,35.5,50.1,*,52.40,51.1,0.2,510,,,(23.7),,,,,,
,251019,3京7,4,新馬,ティンクルバレット,,牝,2,池添謙一, 55 ,17,2,"  ","  ","  ","  ",,8,９,芝,1400,A,良,0,,(栗),池添学,1232,1.0,,7,7,35.4,51.3,*,52.40,51.1,0.6,412,,,(24.2),,,,,,
,251019,3京7,4,新馬,ラッキーヴォーグ,,牡,2,岩田康誠, 56 ,17,10,"  ","  ","  ","  ",,13,10,芝,1400,A,良,0,,(栗),牧田和弥,1234,1.2,,13,12,35.1,53.2,*,52.40,51.1,1.1,486,,,(88.4),,,,,,
,251019,3京7,4,新馬,ロードヴェルテクス,,牡,2,吉村誠之,55☆,17,8,"  ","  ","  ","  ",,14,11,芝,1400,A,良,0,,(栗),奥村豊,1237,1.5,,11,12,35.5,51.8,,52.40,51.1,1.0,448,,,(145.1),,,,,,
,251019,3京7,4,新馬,チャナッカレ,,牝,2,松若風馬, 55 ,17,3,"  ","  ","  ","  ",,9,12,芝,1400,A,良,0,,(栗),佐々木晶,1238,1.6,,7,7,36.1,49.1,,52.40,51.1,0.5,380,,,(43.3),,,,,,
,251019,3京7,4,新馬,シティプロスパー,,牝,2,丹内祐次, 55 ,17,13,"  ","  ","  ","  ",,15,13,芝,1400,A,良,0,*,(栗),小栗実,1239,1.7,,10,10,36.0,49.8,,52.40,51.1,0.7,444,,,(172.6),,,,,,
,251019,3京7,4,新馬,レインボーステート,,牡,2,松山弘平, 56 ,17,7,"  ","  ","  ","  ",,6,14,芝,1400,A,良,0,,(栗),茶木太樹,1243,2.1,,17,16,35.4,53.6,,52.40,51.1,1.7,444,,,(22.7),,,,,,
,251019,3京7,4,新馬,エナジーアユ,,牝,2,高杉吏麒, 55 ,17,5,"  ","  ","  ","  ",,10,15,芝,1400,A,良,0,,(栗),荒川義之,1243,2.1,,7,7,36.5,48.2,,52.40,51.1,0.6,464,,,(62.0),,,,,,
,251019,3京7,4,新馬,ニホンピロエール,,牡,2,田口貫太, 56 ,17,1,"  ","  ","  ","  ",,16,16,芝,1400,A,良,0,*,(栗),安達昭夫,1244,2.2,,15,15,35.9,51.3,,52.40,51.1,1.3,432,,,(249.0),,,,,,
,251019,3京7,4,新馬,ヤマトフォース,,牡,2,高倉稜, 56 ,17,9,"  ","  ","  ","  ",,17,17,芝,1400,A,良,0,*,(栗),安達昭夫,1255,3.3,,15,16,36.9,48.8,,52.40,51.1,1.4,392,,,(410.3),,,,,,
,251019,3京7,3,１勝ｸﾗｽ,トゥロン,,牝,3,西村淳也, 54 ,12,4,"  ","  ","  ","  ",,2,１,ダ,1400,,稍,800,,(栗),佐々木晶,1241,-0.4,,8,8,36.2,49.2,*,46.70,43.6,1.2,524,+4,,340,160,2470,6440,10110,27820,144130
,251019,3京7,3,１勝ｸﾗｽ,エフエイト,,牡,4,和田竜二, 58 ,12,6,"  ","  ","  ","  ",,9,２,ダ,1400,,稍,320,,(栗),北出成人,1245,0.4,,6,8,36.9,46.7,*,46.70,43.6,0.9,452,+10,,(43.2),630,2470,6440,10110,27820,144130
,251019,3京7,3,１勝ｸﾗｽ,ペイドラロワール,,牡,3,西塚洸二,55☆,12,5,"  ","  ","  ","  ",,7,３,ダ,1400,,稍,200,,(栗),清水久詞,1246,0.5,,3,3,37.5,44.2,*,46.70,43.6,0.4,458,+2,,(21.0),430,,,,27820,144130
,251019,3京7,3,１勝ｸﾗｽ,タイセイディアマン,,牡,3,田口貫太, 56 ,12,12,"  ","  ","  ","  ",,3,４,ダ,1400,,稍,120,,(栗),大橋勇樹,1248,0.7,,6,6,37.1,46.4,*,46.70,43.6,1.0,464,+2,,(3.7),,,,,,
,251019,3京7,3,１勝ｸﾗｽ,タイセイレグノ,,牡,3,高杉吏麒, 56 ,12,3,"  ","  ","  ","  ",,6,５,ダ,1400,,稍,80,,(栗),浜田多実,1249,0.8,,11,12,36.7,48.5,*,46.70,43.6,1.5,470,+2,,(17.8),,,,,,
,251019,3京7,3,１勝ｸﾗｽ,テーオーミリカン,,牡,3,岩田康誠, 56 ,12,1,"  ","  ","  ","  ",,8,６,ダ,1400,,稍,0,,(栗),宮徹,1249,0.8,,4,4,37.6,44.3,*,46.70,43.6,0.6,470,0,,(22.5),,,,,,
,251019,3京7,3,１勝ｸﾗｽ,ラフォン,,牡,3,吉村誠之,55☆,12,8,"  ","  ","  ","  ",,1,７,ダ,1400,,稍,0,,(栗),松下武士,1251,1.0,,2,2,38.3,41.6,*,46.70,43.6,0.1,512,0,,(3.3),,,,,,
,251019,3京7,3,１勝ｸﾗｽ,メイショウゴールド,,牡,3,丹内祐次, 56 ,12,11,"  ","  ","  ","  ",,4,８,ダ,1400,,稍,0,,(栗),荒川義之,1253,1.2,,4,4,37.9,43.8,,46.70,43.6,0.7,460,+20,,(9.5),,,,,,
,251019,3京7,3,１勝ｸﾗｽ,カフェロワイヤル,,牝,3,小崎綾也, 54 ,12,9,"  ","  ","  ","  ",,11,９,ダ,1400,,稍,0,,(栗),小林真也,1253,1.2,,11,10,37.3,46.5,,46.70,43.6,1.3,470,+4,B,(65.9),,,,,,
,251019,3京7,3,１勝ｸﾗｽ,ベレニーチェ,,牝,4,高倉稜, 56 ,12,10,"  ","  ","  ","  ",,10,10,ダ,1400,,稍,0,,(栗),武英智,1254,1.3,,8,10,37.5,45.8,,46.70,43.6,1.2,464,+12,B,(47.3),,,,,,
,251019,3京7,3,１勝ｸﾗｽ,ケイエイト,,牡,5,田山旺佑,55▲,12,7,"  ","  ","  ","  ",,12,11,ダ,1400,,稍,0,,(栗),羽月友彦,1255,1.4,,8,6,37.8,44.6,,46.70,43.6,1.0,478,+6,B,(267.6),,,,,,
,251019,3京7,3,１勝ｸﾗｽ,ダディーズアイル,,牡,4,岩田望来, 58 ,12,2,"  ","  ","  ","  ",,5,12,ダ,1400,,稍,0,,(栗),千田輝彦,1259,1.8,,1,1,39.2,39.3,,46.70,43.6,0.0,486,+4,,(13.1),,,,,,
,251019,3京7,2,未勝利*,サーディンラン,,牡,2,松山弘平, 56 ,6,1,"  ","  ","  ","  ",,1,１,芝,1800,A,良,560,,(栗),武英智,1474,-0.1,,2,2,34.7,54.8,*,55.67,53.9,0.2,460,+6,,160,110,,180,320,280,720
,251019,3京7,2,未勝利*,クールドリオン,,牡,2,坂井瑠星, 56 ,6,6,"  ","  ","  ","  ",,2,２,芝,1800,A,良,220,,(栗),庄野靖志,1475,0.1,,3,3,34.6,55.3,*,55.67,53.9,0.4,482,-6,,(2.8),130,,180,320,280,720
,251019,3京7,2,未勝利*,ダンツウルス,,牡,2,田口貫太, 56 ,6,2,"  ","  ","  ","  ",,3,３,芝,1800,A,良,140,,(栗),谷潔,1476,0.2,,6,5,34.3,56.9,*,55.67,53.9,0.8,468,-6,,(8.5),,,,,280,720
,251019,3京7,2,未勝利*,コマチチャン,,牝,2,松若風馬, 55 ,6,3,"  ","  ","  ","  ",,5,４,芝,1800,A,良,84,,(栗),小椋研介,1477,0.3,,1,1,35.2,53.0,*,55.67,53.9,0.0,460,-8,,(19.7),,,,,,
,251019,3京7,2,未勝利*,ボンボンベイビー,,牡,2,岩田望来, 56 ,6,5,"  ","  ","  ","  ",,4,５,芝,1800,A,良,56,,(栗),矢作芳人,1477,0.3,,4,4,34.6,55.6,*,55.67,53.9,0.6,456,0,,(10.5),,,,,,
,251019,3京7,2,未勝利*,パンパネイラ,,牡,2,岩田康誠, 56 ,6,4,"  ","  ","  ","  ",,6,６,芝,1800,A,良,0,,(栗),上村洋行,1537,6.3,,4,5,40.6,40.0,,55.67,53.9,0.6,446,+2,,(23.3),,,,,,
,251019,3京7,1,未勝利・牝*,フィアーブル,,牝,2,松山弘平, 55 ,12,11,"  ","  ","  ","  ",,1,１,ダ,1400,,稍,560,,(栗),長谷川浩,1254,-0.6,,1,1,38.2,42.7,*,42.60,42.7,0.0,460,0,,140,100,170,210,330,830,1500
,251019,3京7,1,未勝利・牝*,アーガイルショア,,牝,2,西村淳也, 55 ,12,8,"  ","  ","  ","  ",,2,２,ダ,1400,,稍,220,,(栗),安田翔伍,1260,0.6,,5,4,38.4,43.0,*,42.60,42.7,0.4,504,+10,,(3.3),110,170,210,330,830,1500
,251019,3京7,1,未勝利・牝*,ナムラティアラ,,牝,2,高杉吏麒, 55 ,12,7,"  ","  ","  ","  ",,4,３,ダ,1400,,稍,140,,(栗),牧田和弥,1262,0.8,,3,2,38.7,42.1,*,42.60,42.7,0.3,464,-4,,(19.6),190,,,,830,1500
,251019,3京7,1,未勝利・牝*,ベラジオリン,,牝,2,吉村誠之,54☆,12,9,"  ","  ","  ","  ",,7,４,ダ,1400,,稍,84,*,(栗),小椋研介,1267,1.3,,2,2,39.3,40.5,*,42.60,42.7,0.2,418,+2,,(47.2),,,,,,
,251019,3京7,1,未勝利・牝*,パドゼフィール,,牝,2,田山旺佑,52▲,12,3,"  ","  ","  ","  ",,5,５,ダ,1400,,稍,56,,(栗),新谷功一,1273,1.9,,3,4,39.8,39.5,,42.60,42.7,0.3,466,+14,,(25.9),,,,,,
,251019,3京7,1,未勝利・牝*,アロハマウロア,,牝,2,古川吉洋, 55 ,12,1,"  ","  ","  ","  ",,11,６,ダ,1400,,稍,0,,(栗),藤野健太,1275,2.1,,12,11,38.9,43.7,*,42.60,42.7,1.4,454,+4,,(195.7),,,,,,
,251019,3京7,1,未勝利・牝*,サリー,,牝,2,田口貫太, 55 ,12,2,"  ","  ","  ","  ",,10,７,ダ,1400,,稍,0,,(栗),前川恭子,1280,2.6,,9,9,40.1,39.6,,42.60,42.7,0.7,406,-6,,(175.3),,,,,,
,251019,3京7,1,未勝利・牝*,グリッタードール,,牝,2,和田竜二, 55 ,12,5,"  ","  ","  ","  ",,12,８,ダ,1400,,稍,0,,(栗),大橋勇樹,1281,2.7,,7,7,40.4,38.6,,42.60,42.7,0.5,456,-2,,(295.3),,,,,,
,251019,3京7,1,未勝利・牝*,サンタクローチェ,,牝,2,城戸義政, 55 ,12,12,"  ","  ","  ","  ",,3,９,ダ,1400,,稍,0,,(栗),西村真幸,1287,3.3,,7,6,41.0,37.3,,42.60,42.7,0.5,454,+8,,(12.4),,,,,,
,251019,3京7,1,未勝利・牝*,シュネードリーム,,牝,2,丹内祐次, 55 ,12,6,"  ","  ","  ","  ",,9,10,ダ,1400,,稍,0,,(栗),緒方努,1293,3.9,,11,11,40.8,39.2,,42.60,42.7,1.3,446,+6,,(167.2),,,,,,
,251019,3京7,1,未勝利・牝*,スイーヴル,,牝,2,加藤祥太, 55 ,12,10,"  ","  ","  ","  ",,8,11,ダ,1400,,稍,0,*,(栗),小椋研介,1306,5.2,,5,7,42.9,33.4,,42.60,42.7,0.5,454,0,,(86.8),,,,,,
,251019,3京7,1,未勝利・牝*,ベルフィーノ,,牝,2,菱田裕二, 55 ,12,4,"  ","  ","  ","  ",,6,12,ダ,1400,,稍,0,,(栗),宮本博,1316,6.2,,9,9,43.6,32.6,,42.60,42.7,0.8,442,-4,,(40.2),,,,,,
,251018,3京6,12,１勝ｸﾗｽ,リアライズ,,牡,5,角田大和, 58 ,15,6,"  ","  ","  ","  ",,7,１,芝,1400,A,良,800,,(栗),石橋守,1205,-0.0,,3,3,33.8,53.6,*,53.00,50.0,0.7,506,+6,,1590,420,4550,8970,20750,107570,724470
,251018,3京6,12,１勝ｸﾗｽ,ダノンクロム,,牡,5,西村淳也, 58 ,15,15,"  ","  ","  ","  ",,4,２,芝,1400,A,良,320,,(栗),東田明士,1205,0.0,,2,2,34.3,51.0,*,53.00,50.0,0.2,534,0,,(10.0),310,4550,8970,20750,107570,724470
,251018,3京6,12,１勝ｸﾗｽ,タンテドヴィーヴル,,牡,3,和田竜二, 56 ,15,4,"  ","  ","  ","  ",,12,３,芝,1400,A,良,200,*,(栗),斉藤崇史,1206,0.1,,5,5,33.7,54.4,*,53.00,50.0,0.9,496,+2,,(40.3),910,,,,107570,724470
,251018,3京6,12,１勝ｸﾗｽ,インペリアルコート,,牝,5,森田誠也,53▲,15,8,"  ","  ","  ","  ",,13,４,芝,1400,A,良,120,,(栗),畑端省吾,1206,0.1,,1,1,34.6,49.7,*,53.00,50.0,0.0,446,+4,B,(90.1),,,,,,
,251018,3京6,12,１勝ｸﾗｽ,セクシーマージュ,,牝,3,吉村誠之,53☆,15,9,"  ","  ","  ","  ",,2,５,芝,1400,A,良,80,,(栗),小椋研介,1207,0.2,,3,3,34.1,52.5,*,53.00,50.0,0.6,424,+4,,(3.7),,,,,,
,251018,3京6,12,１勝ｸﾗｽ,サーナーティオン,,牡,4,高杉吏麒, 58 ,15,11,"  ","  ","  ","  ",,1,６,芝,1400,A,良,0,,(栗),藤岡健一,1209,0.4,,13,14,33.1,58.3,*,53.00,50.0,1.8,488,-6,,(3.5),,,,,,
,251018,3京6,12,１勝ｸﾗｽ,ショウナンラウール,,牝,4,岩田康誠, 56 ,15,10,"  ","  ","  ","  ",,8,７,芝,1400,A,良,0,,(栗),高橋義忠,1209,0.4,,12,11,33.3,57.2,*,53.00,50.0,1.6,418,-8,,(16.9),,,,,,
,251018,3京6,12,１勝ｸﾗｽ,バニーラビット,,牡,3,鮫島克駿, 56 ,15,13,"  ","  ","  ","  ",,5,８,芝,1400,A,良,0,,(栗),武幸四郎,1210,0.5,,7,6,33.8,54.7,*,53.00,50.0,1.2,496,+6,,(13.1),,,,,,
,251018,3京6,12,１勝ｸﾗｽ,ビーグラッド,,牝,4,菱田裕二, 56 ,15,12,"  ","  ","  ","  ",,6,９,芝,1400,A,良,0,,(栗),岡田稲男,1210,0.5,,10,9,33.6,55.8,*,53.00,50.0,1.4,440,+2,,(14.0),,,,,,
,251018,3京6,12,１勝ｸﾗｽ,ヴァージル,,牡,3,高倉稜, 56 ,15,2,"  ","  ","  ","  ",,3,10,芝,1400,A,良,0,,(栗),杉山晴紀,1210,0.5,,15,15,33.0,59.1,*,53.00,50.0,2.0,456,+2,B,(5.5),,,,,,
,251018,3京6,12,１勝ｸﾗｽ,ウォーターエルピス,,牝,3,松若風馬, 54 ,15,14,"  ","  ","  ","  ",,11,11,芝,1400,A,良,0,,(栗),藤野健太,1214,0.9,,13,13,33.6,56.7,*,53.00,50.0,1.8,510,0,,(40.0),,,,,,
,251018,3京6,12,１勝ｸﾗｽ,グランルーチェ,,セ,4,藤懸貴志, 58 ,15,5,"  ","  ","  ","  ",,15,12,芝,1400,A,良,0,,(栗),庄野靖志,1216,1.1,,8,6,34.3,53.4,,53.00,50.0,1.3,488,-2,,(277.6),,,,,,
,251018,3京6,12,１勝ｸﾗｽ,アルバニー,,牝,4,岩田望来, 56 ,15,3,"  ","  ","  ","  ",,10,13,芝,1400,A,良,0,,(栗),千田輝彦,1219,1.4,,5,6,34.8,51.5,,53.00,50.0,1.1,480,+28,,(25.8),,,,,,
,251018,3京6,12,１勝ｸﾗｽ,アーデルリーベ,,牝,3,古川吉洋, 54 ,15,7,"  ","  ","  ","  ",,9,14,芝,1400,A,良,0,*,(栗),斉藤崇史,1219,1.4,,10,11,34.4,53.6,,53.00,50.0,1.5,458,-2,,(21.4),,,,,,
,251018,3京6,12,１勝ｸﾗｽ,ノイヤー,,牝,4,田山旺佑,53▲,15,1,"  ","  ","  ","  ",,14,15,芝,1400,A,良,0,,(栗),高橋亮,1220,1.5,,8,9,34.6,52.7,,53.00,50.0,1.4,466,0,,(235.1),,,,,,
,251018,3京6,11,トルマリ･3勝,レイナデアルシーラ,,牝,3,田口貫太, 54 ,16,5,"  ","  ","  ","  ",,1,１,ダ,1800,,稍,1840,,(栗),西園正都,1511,-0.1,1,1,1,36.6,51.8,*,52.03,51.8,0.0,512,+12,,320,150,800,890,1360,5420,19060
,251018,3京6,11,トルマリ･3勝,パルクリチュード,,牝,5,鮫島克駿, 56 ,16,6,"  ","  ","  ","  ",,2,２,ダ,1800,,稍,740,,(栗),松永幹夫,1512,0.1,3,5,3,36.4,52.7,*,52.03,51.8,0.3,464,+8,,(5.7),180,800,890,1360,5420,19060
,251018,3京6,11,トルマリ･3勝,ルージュアベリア,,牝,4,高杉吏麒, 56 ,16,9,"  ","  ","  ","  ",,5,３,ダ,1800,,稍,460,,(美),加藤士津,1513,0.2,2,2,2,36.7,51.6,*,52.03,51.8,0.1,486,-2,B,(8.2),270,,,,5420,19060
,251018,3京6,11,トルマリ･3勝,イージーオンミー,,牝,5,西村淳也, 56 ,16,7,"  ","  ","  ","  ",,9,４,ダ,1800,,稍,280,,(美),中舘英二,1516,0.5,6,9,7,36.6,52.5,*,52.03,51.8,0.5,442,-6,B,(22.6),,,,,,
,251018,3京6,11,トルマリ･3勝,スミ,,牝,6,角田大和, 56 ,16,11,"  ","  ","  ","  ",,7,５,ダ,1800,,稍,184,,(栗),高橋亮,1518,0.7,6,3,3,37.0,51.1,*,52.03,51.8,0.3,498,+6,,(15.7),,,,,,
,251018,3京6,11,トルマリ･3勝,クレメダンジュ,,牝,5,酒井学, 56 ,16,1,"  ","  ","  ","  ",,13,６,ダ,1800,,稍,0,,(栗),鈴木孝志,1519,0.8,12,13,13,36.4,53.7,*,52.03,51.8,1.0,482,+10,,(69.1),,,,,,
,251018,3京6,11,トルマリ･3勝,タガノチョコラータ,,牝,5,岩田康誠, 56 ,16,10,"  ","  ","  ","  ",,11,７,ダ,1800,,稍,0,*,(栗),角田晃一,1520,0.9,8,8,9,37.0,51.4,*,52.03,51.8,0.5,516,+4,B,(44.6),,,,,,
,251018,3京6,11,トルマリ･3勝,メイショウポペット,,牝,5,松若風馬, 56 ,16,2,"  ","  ","  ","  ",,12,８,ダ,1800,,稍,0,*,(栗),角田晃一,1520,0.9,8,11,10,36.8,52.2,*,52.03,51.8,0.7,498,+10,,(49.7),,,,,,
,251018,3京6,11,トルマリ･3勝,ピクシレーション,,牝,5,吉村誠之, 56 ,16,14,"  ","  ","  ","  ",,3,９,ダ,1800,,稍,0,,(美),菊沢隆徳,1520,0.9,11,11,12,36.7,52.6,*,52.03,51.8,0.8,484,-2,B,(6.2),,,,,,
,251018,3京6,11,トルマリ･3勝,メテオールライト,,牝,5,岩田望来, 56 ,16,3,"  ","  ","  ","  ",,10,10,ダ,1800,,稍,0,,(美),萩原清,1522,1.1,12,9,10,37.0,51.6,,52.03,51.8,0.7,434,0,,(37.7),,,,,,
,251018,3京6,11,トルマリ･3勝,アグラシアド,,牝,5,藤岡佑介, 56 ,16,13,"  ","  ","  ","  ",,14,11,ダ,1800,,稍,0,,(栗),中村直也,1522,1.1,16,15,14,36.4,54.1,*,52.03,51.8,1.3,476,-12,,(69.1),,,,,,
,251018,3京6,11,トルマリ･3勝,サイモンブーケ,,牝,5,古川奈穂, 56 ,16,8,"  ","  ","  ","  ",,15,12,ダ,1800,,稍,0,,(栗),梅田智之,1523,1.2,3,5,6,37.4,50.1,,52.03,51.8,0.4,516,-6,B,(166.7),,,,,,
,251018,3京6,11,トルマリ･3勝,ライジングラパス,,牝,5,荻野琢真, 56 ,16,12,"  ","  ","  ","  ",,16,13,ダ,1800,,稍,0,,(栗),宮本博,1524,1.3,15,15,14,36.7,53.1,,52.03,51.8,1.2,458,+6,,(260.6),,,,,,
,251018,3京6,11,トルマリ･3勝,リバートゥルー,,牝,5,吉田豊, 56 ,16,4,"  ","  ","  ","  ",,4,14,ダ,1800,,稍,0,,(美),久保田貴,1526,1.5,14,13,14,37.0,52.2,,52.03,51.8,1.1,466,-4,,(7.6),,,,,,
,251018,3京6,11,トルマリ･3勝,タマモプルメリア,,牝,4,古川吉洋, 56 ,16,16,"  ","  ","  ","  ",,8,15,ダ,1800,,稍,0,,(栗),大橋勇樹,1528,1.7,3,3,3,38.1,48.0,,52.03,51.8,0.2,466,+2,,(21.2),,,,,,
,251018,3京6,11,トルマリ･3勝,バロッサヴァレー,,牝,5,和田竜二, 56 ,16,15,"  ","  ","  ","  ",,6,16,ダ,1800,,稍,0,,(栗),高野友和,1534,2.3,8,5,7,38.4,47.7,,52.03,51.8,0.5,488,0,,(10.3),,,,,,
,251018,3京6,10,清滝特別･2勝,ジョイボーイ,,牡,3,岩田望来, 55 ,10,2,"  ","  ","  ","  ",,1,１,芝,2200,A,良,1550,,(栗),四位洋文,2137,-0.1,3,3,3,33.6,61.7,*,60.50,60.8,0.2,484,0,,200,110,400,400,740,350,1700
,251018,3京6,10,清滝特別･2勝,シュバルツマサムネ,,牡,3,藤岡佑介, 55 ,10,4,"  ","  ","  ","  ",,2,２,芝,2200,A,良,620,,(栗),杉山佳明,2138,0.1,1,1,1,33.9,60.5,*,60.50,60.8,0.0,470,+8,,(3.5),120,400,400,740,350,1700
,251018,3京6,10,清滝特別･2勝,リギーロ,,牡,3,西村淳也, 55 ,10,6,"  ","  ","  ","  ",,3,３,芝,2200,A,良,390,,(美),栗田徹,2143,0.6,3,3,3,34.3,59.3,*,60.50,60.8,0.1,476,0,,(4.0),120,,,,350,1700
,251018,3京6,10,清滝特別･2勝,デルマグレムリン,,牡,6,高杉吏麒, 58 ,10,1,"  ","  ","  ","  ",,6,４,芝,2200,A,良,230,,(栗),緒方努,2143,0.6,5,5,5,33.8,61.5,*,60.50,60.8,0.6,462,+4,B,(42.7),,,,,,
,251018,3京6,10,清滝特別･2勝,カエルム,,牡,4,鮫島克駿, 58 ,10,8,"  ","  ","  ","  ",,4,５,芝,2200,A,良,155,,(栗),安田翔伍,2144,0.7,6,5,5,33.9,61.2,*,60.50,60.8,0.6,478,0,,(8.0),,,,,,
,251018,3京6,10,清滝特別･2勝,パーサヴィアランス,,牡,6,角田大和, 58 ,10,3,"  ","  ","  ","  ",,7,６,芝,2200,A,良,0,,(栗),西村真幸,2144,0.7,2,2,2,34.5,58.6,*,60.50,60.8,0.0,464,-2,B,(64.1),,,,,,
,251018,3京6,10,清滝特別･2勝,ライフセービング,,牡,4,岩田康誠, 58 ,10,7,"  ","  ","  ","  ",,5,７,芝,2200,A,良,0,,(栗),宮徹,2151,1.4,8,8,8,33.7,62.8,*,60.50,60.8,1.5,454,+4,,(22.4),,,,,,
,251018,3京6,10,清滝特別･2勝,ショウナンハウル,,セ,4,松若風馬, 58 ,10,9,"  ","  ","  ","  ",,8,８,芝,2200,A,良,0,,(栗),松下武士,2152,1.5,9,8,7,34.0,61.6,,60.50,60.8,1.3,498,0,,(71.8),,,,,,
,251018,3京6,10,清滝特別･2勝,スカイドゥエラー,,牡,7,井上敏樹, 58 ,10,5,"  ","  ","  ","  ",,9,９,芝,2200,A,良,0,,(栗),谷潔,2156,1.9,7,7,9,34.0,62.1,,60.50,60.8,1.7,458,+14,,(240.9),,,,,,
,251018,3京6,9,２勝ｸﾗｽ・牝,ヴェロクオーレ,,牝,4,高杉吏麒, 56 ,13,10,"  ","  ","  ","  ",,1,１,ダ,1400,,稍,1140,,(栗),石坂公一,1231,-0.4,,2,1,36.2,47.2,*,48.03,47.2,0.0,476,+4,,260,120,580,1510,2170,1040,6030
,251018,3京6,9,２勝ｸﾗｽ・牝,ワイノナオミ,,牝,4,藤岡佑介, 56 ,13,13,"  ","  ","  ","  ",,4,２,ダ,1400,,稍,460,,(栗),畑端省吾,1235,0.4,,8,7,36.0,49.0,*,48.03,47.2,0.6,474,0,,(9.5),190,580,1510,2170,1040,6030
,251018,3京6,9,２勝ｸﾗｽ・牝,アンズアメ,,牝,3,鮫島克駿, 54 ,13,5,"  ","  ","  ","  ",,2,３,ダ,1400,,稍,290,,(栗),高柳大輔,1237,0.6,,7,5,36.3,47.9,*,48.03,47.2,0.5,476,+6,,(3.1),130,,,,1040,6030
,251018,3京6,9,２勝ｸﾗｽ・牝,ミロワール,,牝,6,古川吉洋, 56 ,13,9,"  ","  ","  ","  ",,7,４,ダ,1400,,稍,170,,(栗),河嶋宏樹,1238,0.7,,11,10,35.9,50.1,*,48.03,47.2,1.0,474,+2,,(23.5),,,,,,
,251018,3京6,9,２勝ｸﾗｽ・牝,ジューンポンポン,,牝,6,岩田康誠, 56 ,13,7,"  ","  ","  ","  ",,6,５,ダ,1400,,稍,114,,(美),和田勇介,1245,1.4,,12,12,36.3,49.6,*,48.03,47.2,1.3,504,+4,,(16.3),,,,,,
,251018,3京6,9,２勝ｸﾗｽ・牝,クリノクリスタル,,牝,5,田口貫太, 56 ,13,6,"  ","  ","  ","  ",,12,６,ダ,1400,,稍,0,,(栗),大橋勇樹,1247,1.6,,9,8,37.0,46.7,,48.03,47.2,0.8,472,-6,,(97.7),,,,,,
,251018,3京6,9,２勝ｸﾗｽ・牝,アルタビスタ,,牝,5,角田大和, 56 ,13,2,"  ","  ","  ","  ",,10,７,ダ,1400,,稍,0,,(栗),松永幹夫,1249,1.8,,5,4,37.7,43.9,,48.03,47.2,0.3,492,+8,B,(85.5),,,,,,
,251018,3京6,9,２勝ｸﾗｽ・牝,ブリーズオンチーク,,牝,4,菱田裕二, 56 ,13,3,"  ","  ","  ","  ",,8,８,ダ,1400,,稍,0,,(栗),高野友和,1252,2.1,,9,8,37.5,45.4,,48.03,47.2,0.8,482,+20,,(34.6),,,,,,
,251018,3京6,9,２勝ｸﾗｽ・牝,ラヴオントップ,,牝,4,西村淳也, 56 ,13,4,"  ","  ","  ","  ",,3,９,ダ,1400,,稍,0,,(栗),西村真幸,1257,2.6,,5,10,38.3,42.8,,48.03,47.2,0.5,492,-4,,(5.9),,,,,,
,251018,3京6,9,２勝ｸﾗｽ・牝,ブライトルピナス,,牝,4,松若風馬, 56 ,13,11,"  ","  ","  ","  ",,11,10,ダ,1400,,稍,0,,(栗),東田明士,1258,2.7,,2,2,38.8,40.9,,48.03,47.2,0.1,472,-4,B,(86.6),,,,,,
,251018,3京6,9,２勝ｸﾗｽ・牝,フレッシュラン,,牝,3,吉田豊, 54 ,13,12,"  ","  ","  ","  ",,5,11,ダ,1400,,稍,0,,(美),尾形和幸,1259,2.8,,4,5,38.7,41.5,,48.03,47.2,0.3,466,-6,,(11.3),,,,,,
,251018,3京6,9,２勝ｸﾗｽ・牝,ディクレアブルーム,,牝,5,田山旺佑,53▲,13,8,"  ","  ","  ","  ",,9,12,ダ,1400,,稍,0,,(栗),辻野泰之,1273,4.2,,1,2,40.4,37.1,,48.03,47.2,0.0,484,+6,,(47.2),,,,,,
,251018,3京6,8,なでしこ･1勝,ローズカリス,,牝,2,田口貫太, 55 ,7,3,"  ","  ","  ","  ",,4,１,ダ,1400,,稍,1110,,(栗),大橋勇樹,1247,-0.3,,1,1,36.2,50.5,*,51.20,50.5,0.0,434,-4,,520,250,,1000,2220,720,4880
,251018,3京6,8,なでしこ･1勝,ブロンテス,,牡,2,古川吉洋, 56 ,7,6,"  ","  ","  ","  ",,1,２,ダ,1400,,稍,440,,(栗),大根田裕,1250,0.3,,6,4,35.9,52.6,*,51.20,50.5,0.6,468,+4,,(3.3),190,,1000,2220,720,4880
,251018,3京6,8,なでしこ･1勝,テーオーグレーザー,,牡,2,高杉吏麒, 56 ,7,7,"  ","  ","  ","  ",,3,３,ダ,1400,,稍,280,,(栗),藤岡健一,1254,0.7,,3,3,36.5,50.5,*,51.20,50.5,0.4,490,0,,(3.7),,,,,720,4880
,251018,3京6,8,なでしこ･1勝,キーンセンス,,牡,2,西村淳也, 56 ,7,4,"  ","  ","  ","  ",,2,４,ダ,1400,,稍,170,,(栗),松永幹夫,1259,1.2,,2,2,37.2,48.2,,51.20,50.5,0.2,510,-6,,(3.4),,,,,,
,251018,3京6,8,なでしこ･1勝,キンダープンシュ,,牝,2,岩田望来, 55 ,7,1,"  ","  ","  ","  ",,6,５,ダ,1400,,稍,111,,(栗),大久保龍,1262,1.5,,3,4,37.4,47.9,,51.20,50.5,0.3,476,-2,,(23.5),,,,,,
,251018,3京6,8,なでしこ･1勝,カラクニダケ,,牡,2,岩田康誠, 56 ,7,5,"  ","  ","  ","  ",,7,６,ダ,1400,,稍,0,,(栗),谷潔,1263,1.6,,7,7,36.7,51.4,,51.20,50.5,1.1,494,+16,,(25.2),,,,,,
,251018,3京6,8,なでしこ･1勝,イダテンシャチョウ,,牡,2,吉村誠之, 56 ,7,2,"  ","  ","  ","  ",,5,７,ダ,1400,,稍,0,,(栗),森秀行,1284,3.7,,5,6,39.4,43.3,,51.20,50.5,0.5,472,0,,(7.8),,,,,,
,251018,3京6,7,１勝ｸﾗｽ,バガン,,牡,7,岩田望来, 58 ,8,8,"  ","  ","  ","  ",,2,１,芝,2000,A,良,800,,(栗),宮地貴稔,2003,-0.2,7,7,5,35.1,54.0,*,52.30,50.8,0.8,478,-2,,330,120,,770,1400,460,2910
,251018,3京6,7,１勝ｸﾗｽ,サンライズグラシア,,牡,3,西村淳也, 56 ,8,5,"  ","  ","  ","  ",,3,２,芝,2000,A,良,320,,(栗),矢作芳人,2005,0.2,4,2,2,35.8,51.4,*,52.30,50.8,0.3,482,+16,,(4.0),140,,770,1400,460,2910
,251018,3京6,7,１勝ｸﾗｽ,ルージュスティーズ,,牝,3,森田誠也,51▲,8,7,"  ","  ","  ","  ",,1,３,芝,2000,A,良,200,,(栗),斉藤崇史,2006,0.3,6,2,5,35.8,51.5,*,52.30,50.8,0.4,502,+10,,(2.6),110,,,,460,2910
,251018,3京6,7,１勝ｸﾗｽ,サイモンイロハニー,,牝,3,菱田裕二, 54 ,8,4,"  ","  ","  ","  ",,7,４,芝,2000,A,良,120,,(栗),谷潔,2006,0.3,8,8,8,35.1,54.4,*,52.30,50.8,1.1,416,+4,,(40.8),,,,,,
,251018,3京6,7,１勝ｸﾗｽ,ニホンピロホリデー,,牝,4,高杉吏麒, 56 ,8,6,"  ","  ","  ","  ",,5,５,芝,2000,A,良,80,,(栗),緒方努,2011,0.8,4,5,4,36.2,50.5,*,52.30,50.8,0.5,410,+14,,(9.4),,,,,,
,251018,3京6,7,１勝ｸﾗｽ,アスクアットバット,,セ,3,田口貫太, 56 ,8,2,"  ","  ","  ","  ",,8,６,芝,2000,A,良,0,,(栗),藤原英昭,2020,1.7,3,5,7,37.0,48.5,,52.30,50.8,0.6,480,+6,,(146.6),,,,,,
,251018,3京6,7,１勝ｸﾗｽ,モルティフレーバー,,牝,3,吉村誠之,53☆,8,3,"  ","  ","  ","  ",,4,７,芝,2000,A,良,0,,(栗),清水久詞,2021,1.8,1,1,1,37.7,45.9,,52.30,50.8,0.0,472,+18,,(7.6),,,,,,
,251018,3京6,7,１勝ｸﾗｽ,ワイドモヒート,,牡,4,鮫島克駿, 58 ,8,1,"  ","  ","  ","  ",,6,８,芝,2000,A,良,0,,(栗),藤岡健一,2024,2.1,2,2,2,37.8,45.9,,52.30,50.8,0.2,502,-10,,(14.3),,,,,,
,251018,3京6,6,新馬,エブリーポッシブル,,牝,2,岩田望来, 55 ,16,10,"  ","  ","  ","  ",,1,１,ダ,1400,,稍,750,,(栗),新谷功一,1250,-0.6,,2,2,36.4,50.1,*,49.70,49.2,0.2,450,,,200,130,650,670,970,2480,6680
,251018,3京6,6,新馬,ナリタアーマー,,牡,2,高杉吏麒, 56 ,16,1,"  ","  ","  ","  ",,2,２,ダ,1400,,稍,300,*,(栗),高橋亮,1256,0.6,,7,6,36.6,50.4,*,49.70,49.2,0.6,474,,,(5.4),170,650,670,970,2480,6680
,251018,3京6,6,新馬,プルメリアリノ,,牝,2,田山旺佑,52▲,16,5,"  ","  ","  ","  ",,4,３,ダ,1400,,稍,190,,(栗),小栗実,1261,1.1,,6,6,37.2,48.6,*,49.70,49.2,0.5,434,,,(13.4),280,,,,2480,6680
,251018,3京6,6,新馬,ムーランオランジュ,,牡,2,和田竜二, 56 ,16,14,"  ","  ","  ","  ",,6,４,ダ,1400,,稍,110,,(栗),小崎憲,1265,1.5,,4,3,37.7,47.1,*,49.70,49.2,0.4,482,,,(16.7),,,,,,
,251018,3京6,6,新馬,タガノヒダマリ,,牝,2,酒井学, 55 ,16,12,"  ","  ","  ","  ",,7,５,ダ,1400,,稍,75,,(栗),西園正都,1269,1.9,,4,3,38.1,46.1,*,49.70,49.2,0.4,458,,,(18.3),,,,,,
,251018,3京6,6,新馬,シェイプオブユー,,牝,2,川又賢治, 55 ,16,16,"  ","  ","  ","  ",,10,６,ダ,1400,,稍,0,,(栗),吉村圭司,1271,2.1,,1,1,38.7,43.8,,49.70,49.2,0.0,482,,,(41.6),,,,,,
,251018,3京6,6,新馬,キングスペード,,牡,2,菱田裕二, 56 ,16,6,"  ","  ","  ","  ",,14,７,ダ,1400,,稍,0,,(栗),武英智,1274,2.4,,12,12,37.6,49.3,*,49.70,49.2,1.4,474,,,(73.6),,,,,,
,251018,3京6,6,新馬,メイショウケンゴウ,,牡,2,松若風馬, 56 ,16,3,"  ","  ","  ","  ",,12,８,ダ,1400,,稍,0,*,(栗),高橋亮,1277,2.7,,12,12,38.0,48.1,,49.70,49.2,1.3,484,,,(60.4),,,,,,
,251018,3京6,6,新馬,モズタイシソウシ,,牡,2,藤懸貴志, 56 ,16,4,"  ","  ","  ","  ",,5,９,ダ,1400,,稍,0,,(栗),平田修,1278,2.8,,10,9,38.4,46.5,,49.70,49.2,1.0,472,,,(15.4),,,,,,
,251018,3京6,6,新馬,ジャズホリック,,牝,2,田口貫太, 55 ,16,8,"  ","  ","  ","  ",,9,10,ダ,1400,,稍,0,,(栗),梅田智之,1281,3.1,,9,6,39.0,44.4,,49.70,49.2,0.7,466,,,(40.5),,,,,,
,251018,3京6,6,新馬,テイエムカミカゼ,,牝,2,古川吉洋, 55 ,16,11,"  ","  ","  ","  ",,8,11,ダ,1400,,稍,0,,(栗),鈴木孝志,1282,3.2,,15,14,37.8,50.0,,49.70,49.2,2.0,422,,,(24.2),,,,,,
,251018,3京6,6,新馬,ラブペイトー,,牝,2,森田誠也,52▲,16,15,"  ","  ","  ","  ",,16,12,ダ,1400,,稍,0,*,(栗),羽月友彦,1289,3.9,,14,14,38.9,46.4,,49.70,49.2,1.6,448,,,(252.5),,,,,,
,251018,3京6,6,新馬,グレートアゲイン,,牡,2,鮫島克駿, 56 ,16,2,"  ","  ","  ","  ",,15,13,ダ,1400,,稍,0,*,(栗),牧浦充徳,1290,4.0,,16,16,38.3,49.3,,49.70,49.2,2.3,458,,,(86.8),,,,,,
,251018,3京6,6,新馬,ウエスタンオレンジ,,牝,2,吉村誠之,54☆,16,7,"  ","  ","  ","  ",,13,14,ダ,1400,,稍,0,,(栗),前川恭子,1291,4.1,,7,10,40.1,41.6,,49.70,49.2,0.6,440,,,(60.7),,,,,,
,251018,3京6,6,新馬,フェーヴルブラン,,牡,2,鮫島良太, 56 ,16,9,"  ","  ","  ","  ",,11,15,ダ,1400,,稍,0,*,(栗),牧浦充徳,1298,4.8,,10,10,40.3,42.1,,49.70,49.2,1.1,472,,,(46.8),,,,,,
,251018,3京6,6,新馬,ヤングジャガー,,牡,2,角田大和, 56 ,16,13,"  ","  ","  ","  ",,3,16,ダ,1400,,稍,0,*,(栗),羽月友彦,1309,5.9,,2,3,42.2,36.6,,49.70,49.2,0.3,436,,,(6.5),,,,,,
,251018,3京6,5,新馬・牝,スウィートハピネス,,牝,2,高杉吏麒, 55 ,13,5,"  ","  ","  ","  ",,5,１,芝,1600,A,良,750,,(栗),北出成人,1348,-0.0,,4,4,34.2,56.3,*,54.70,54.4,0.4,446,,,1790,270,330,2400,7320,1860,22760
,251018,3京6,5,新馬・牝,タイムレスキス,,牝,2,吉村誠之,54☆,13,6,"  ","  ","  ","  ",,1,２,芝,1600,A,良,300,,(栗),吉村圭司,1348,0.0,,2,2,34.5,54.9,*,54.70,54.4,0.1,462,,,(2.6),120,330,2400,7320,1860,22760
,251018,3京6,5,新馬・牝,デアヴェローチェ,,牝,2,岩田望来, 55 ,13,4,"  ","  ","  ","  ",,2,３,芝,1600,A,良,190,,(栗),上村洋行,1353,0.5,,1,1,35.1,52.9,*,54.70,54.4,0.0,460,,,(3.3),130,,,,1860,22760
,251018,3京6,5,新馬・牝,クープグラッセ,,牝,2,菱田裕二, 55 ,13,1,"  ","  ","  ","  ",,6,４,芝,1600,A,良,110,,(栗),岡田稲男,1356,0.8,,6,6,34.8,54.8,*,54.70,54.4,0.6,438,,,(22.7),,,,,,
,251018,3京6,5,新馬・牝,ワンダーアスク,,牝,2,岩田康誠, 55 ,13,2,"  ","  ","  ","  ",,9,５,芝,1600,A,良,75,,(栗),笹田和秀,1356,0.8,,4,4,35.0,53.9,*,54.70,54.4,0.4,438,,,(43.9),,,,,,
,251018,3京6,5,新馬・牝,プルーフリーディン,,牝,2,鮫島克駿, 55 ,13,11,"  ","  ","  ","  ",,4,６,芝,1600,A,良,0,,(栗),小林真也,1359,1.1,,9,9,34.8,55.3,*,54.70,54.4,0.9,514,,,(12.4),,,,,,
,251018,3京6,5,新馬・牝,ブエノスオプティマ,,牝,2,和田竜二, 55 ,13,9,"  ","  ","  ","  ",,7,７,芝,1600,A,良,0,,(栗),高橋義忠,1360,1.2,,6,6,35.1,54.1,,54.70,54.4,0.7,458,,,(22.8),,,,,,
,251018,3京6,5,新馬・牝,メイワメジェール,,牝,2,西村淳也, 55 ,13,12,"  ","  ","  ","  ",,3,８,芝,1600,A,良,0,,(栗),茶木太樹,1365,1.7,,3,3,36.1,50.4,,54.70,54.4,0.2,462,,,(4.1),,,,,,
,251018,3京6,5,新馬・牝,キミガスキダ,,牝,2,松若風馬, 55 ,13,8,"  ","  ","  ","  ",,11,９,芝,1600,A,良,0,,(栗),牧田和弥,1369,2.1,,6,8,36.1,51.1,,54.70,54.4,0.6,438,,,(63.2),,,,,,
,251018,3京6,5,新馬・牝,ジューンレイヴン,,牝,2,加藤祥太, 55 ,13,7,"  ","  ","  ","  ",,12,10,芝,1600,A,良,0,,(栗),小椋研介,1369,2.1,,11,11,35.6,53.3,,54.70,54.4,1.1,454,,,(91.1),,,,,,
,251018,3京6,5,新馬・牝,ゴールドアテネ,,牝,2,田口貫太, 55 ,13,10,"  ","  ","  ","  ",,10,11,芝,1600,A,良,0,,(栗),小崎憲,1372,2.4,,9,9,36.1,51.6,,54.70,54.4,0.9,432,,,(56.2),,,,,,
,251018,3京6,5,新馬・牝,ラヴィングチャンプ,,牝,2,田山旺佑,52▲,13,13,"  ","  ","  ","  ",,8,12,芝,1600,A,良,0,,(栗),河嶋宏樹,1375,2.7,,13,11,36.0,52.5,,54.70,54.4,1.3,464,,,(28.8),,,,,,
,251018,3京6,5,新馬・牝,アスターリコッタ,,牝,2,角田大和, 55 ,13,3,"  ","  ","  ","  ",,13,13,芝,1600,A,良,0,,(栗),中竹和也,1385,3.7,,11,11,37.3,48.4,,54.70,54.4,1.0,420,,,(92.3),,,,,,
,251018,3京6,3,未勝利*,ルートサーティーン,,牡,2,岩田康誠, 56 ,7,4,"  ","  ","  ","  ",,2,１,芝,1600,A,良,560,,(栗),辻野泰之,1354,-0.3,,2,2,33.9,58.8,*,57.93,57.9,0.2,472,+4,,240,160,,780,1150,890,4250
,251018,3京6,3,未勝利*,イージーライダー,,牡,2,西村淳也, 56 ,7,3,"  ","  ","  ","  ",,4,２,芝,1600,A,良,220,,(栗),杉山晴紀,1357,0.3,,3,2,34.1,58.4,*,57.93,57.9,0.3,456,-2,,(10.5),290,,780,1150,890,4250
,251018,3京6,3,未勝利*,クラウンインジエア,,牡,2,高杉吏麒, 56 ,7,2,"  ","  ","  ","  ",,3,３,芝,1600,A,良,140,,(栗),藤岡健一,1358,0.4,,1,1,34.5,56.6,*,57.93,57.9,0.0,480,-8,,(6.6),,,,,890,4250
,251018,3京6,3,未勝利*,ルージュプルーヴ,,牝,2,岩田望来, 55 ,7,5,"  ","  ","  ","  ",,1,４,芝,1600,A,良,84,,(栗),中内田充,1361,0.7,,4,4,34.4,57.6,*,57.93,57.9,0.4,444,+2,,(1.9),,,,,,
,251018,3京6,3,未勝利*,セイントホース,,牡,2,菱田裕二, 56 ,7,7,"  ","  ","  ","  ",,5,５,芝,1600,A,良,56,,(栗),谷潔,1362,0.8,,7,7,34.0,59.8,*,57.93,57.9,0.9,500,+4,,(18.1),,,,,,
,251018,3京6,3,未勝利*,ツーエムボヌール,,牝,2,城戸義政, 55 ,7,1,"  ","  ","  ","  ",,7,６,芝,1600,A,良,0,,(栗),本田優,1365,1.1,,5,5,34.6,57.3,,57.93,57.9,0.6,454,0,,(51.8),,,,,,
,251018,3京6,3,未勝利*,サウンドコネクト,,セ,2,吉村誠之,55☆,7,6,"  ","  ","  ","  ",,6,７,芝,1600,A,良,0,,(栗),安達昭夫,1368,1.4,,5,5,34.9,56.4,,57.93,57.9,0.6,434,-2,,(46.5),,,,,,
,251018,3京6,2,未勝利*,シルバーレシオ,,牡,2,岩田望来, 56 ,10,2,"  ","  ","  ","  ",,1,１,ダ,1800,,稍,560,,(栗),野中賢二,1523,-1.4,7,5,3,37.8,48.5,*,45.20,46.6,0.5,510,-4,,260,140,520,540,930,800,3280
,251018,3京6,2,未勝利*,サマーマッドネス,,牡,2,岩田康誠, 56 ,10,3,"  ","  ","  ","  ",,2,２,ダ,1800,,稍,220,,(栗),森秀行,1537,1.4,2,2,2,39.6,43.6,*,45.20,46.6,0.1,518,-2,,(3.6),120,520,540,930,800,3280
,251018,3京6,2,未勝利*,ブームバップビート,,牡,2,西村淳也, 56 ,10,5,"  ","  ","  ","  ",,4,３,ダ,1800,,稍,140,,(栗),中内田充,1539,1.6,3,3,3,39.7,43.5,*,45.20,46.6,0.2,544,-4,,(6.0),170,,,,800,3280
,251018,3京6,2,未勝利*,ライトフライヤー,,牡,2,菱田裕二, 56 ,10,6,"  ","  ","  ","  ",,6,４,ダ,1800,,稍,84,,(栗),吉岡辰弥,1541,1.8,6,7,6,39.3,45.2,,45.20,46.6,0.8,486,+2,,(20.8),,,,,,
,251018,3京6,2,未勝利*,テイエムパイロダン,,牡,2,酒井学, 56 ,10,4,"  ","  ","  ","  ",,8,５,ダ,1800,,稍,56,,(栗),宮地貴稔,1542,1.9,9,9,9,39.1,46.0,*,45.20,46.6,1.1,450,+8,,(52.2),,,,,,
,251018,3京6,2,未勝利*,タガノニューデリー,,牡,2,森田誠也,53▲,10,7,"  ","  ","  ","  ",,10,６,ダ,1800,,稍,0,,(栗),斉藤崇史,1544,2.1,10,10,10,38.5,48.6,*,45.20,46.6,1.9,468,+8,B,(153.0),,,,,,
,251018,3京6,2,未勝利*,ファイブタンゴ,,牡,2,吉村誠之,55☆,10,10,"  ","  ","  ","  ",,5,７,ダ,1800,,稍,0,,(栗),秋山真一,1546,2.3,8,7,6,39.9,43.6,,45.20,46.6,0.7,502,+6,,(18.0),,,,,,
,251018,3京6,2,未勝利*,カセノコンコルド,,牡,2,和田竜二, 56 ,10,8,"  ","  ","  ","  ",,9,８,ダ,1800,,稍,0,,(栗),中尾秀正,1546,2.3,5,5,6,40.1,42.9,,45.20,46.6,0.5,452,+6,,(68.7),,,,,,
,251018,3京6,2,未勝利*,カフジクロミエ,,牝,2,田山旺佑,52▲,10,9,"  ","  ","  ","  ",,3,９,ダ,1800,,稍,0,,(栗),中竹和也,1554,3.1,3,3,3,41.1,40.4,,45.20,46.6,0.3,478,0,,(4.0),,,,,,
,251018,3京6,2,未勝利*,ゴールデンバランス,,牡,2,松若風馬, 56 ,10,1,"  ","  ","  ","  ",,7,10,ダ,1800,,稍,0,,(栗),杉山晴紀,1555,3.2,1,1,1,41.5,39.2,,45.20,46.6,0.0,510,-10,B,(23.7),,,,,,
,251018,3京6,1,未勝利*,エシェックオロワ,,牡,2,岩田望来, 56 ,9,9,"  ","  ","  ","  ",,2,１,ダ,1400,,稍,560,,(栗),千田輝彦,1252,-0.2,,3,3,37.7,44.5,*,46.63,42.7,0.4,474,-10,,370,310,3840,5580,6710,19830,122170
,251018,3京6,1,未勝利*,ノリノドラゴン,,牡,2,城戸義政, 56 ,9,6,"  ","  ","  ","  ",,7,２,ダ,1400,,稍,220,,(栗),荒川義之,1254,0.2,,9,7,36.8,49.0,*,46.63,42.7,1.5,450,-4,,(34.6),790,3840,5580,6710,19830,122170
,251018,3京6,1,未勝利*,ジャカルタバオ,,セ,2,松若風馬, 56 ,9,7,"  ","  ","  ","  ",,6,３,ダ,1400,,稍,140,,(栗),藤野健太,1257,0.5,,6,6,37.5,46.4,*,46.63,42.7,1.1,448,0,,(21.9),950,,,,19830,122170
,251018,3京6,1,未勝利*,マクアケ,,牡,2,鮫島克駿, 56 ,9,1,"  ","  ","  ","  ",,9,４,ダ,1400,,稍,84,,(栗),杉山佳明,1257,0.5,,4,4,38.1,43.7,*,46.63,42.7,0.5,492,-4,,(94.4),,,,,,
,251018,3京6,1,未勝利*,リーグナイト,,牡,2,田山旺佑,53▲,9,3,"  ","  ","  ","  ",,1,５,ダ,1400,,稍,56,,(栗),新谷功一,1258,0.6,,2,2,38.5,42.1,*,46.63,42.7,0.2,458,-2,,(2.0),,,,,,
,251018,3京6,1,未勝利*,ルファーダ,,牡,2,古川吉洋, 56 ,9,8,"  ","  ","  ","  ",,4,６,ダ,1400,,稍,0,,(栗),大根田裕,1258,0.6,,5,5,37.9,44.8,*,46.63,42.7,0.8,504,-12,,(7.0),,,,,,
,251018,3京6,1,未勝利*,デルニエジョイ,,牡,2,和田竜二, 56 ,9,2,"  ","  ","  ","  ",,3,７,ダ,1400,,稍,0,,(栗),鈴木孝志,1259,0.7,,1,1,38.8,41.0,*,46.63,42.7,0.0,458,-10,,(5.1),,,,,,
,251018,3京6,1,未勝利*,カレンショー,,牡,2,吉村誠之,55☆,9,4,"  ","  ","  ","  ",,5,８,ダ,1400,,稍,0,,(栗),安田翔伍,1280,2.8,,6,8,39.7,41.2,,46.63,42.7,1.2,432,+6,B,(17.4),,,,,,
,251018,3京6,1,未勝利*,スナークホクサイ,,牡,2,田口貫太, 56 ,9,5,"  ","  ","  ","  ",,8,９,ダ,1400,,稍,0,,(栗),野中賢二,1311,5.9,,8,9,42.6,35.4,,46.63,42.7,1.4,476,-2,B,(87.9),,,,,,
,251013,3京5,12,１勝ｸﾗｽ,セールヴォラン,,牡,4,松若風馬, 58 ,16,13,"  ","  ","  ","  ",,5,１,ダ,1200,,良,800,,(栗),北出成人,1114,-0.0,,4,4,35.9,48.9,*,48.33,47.2,0.3,452,+2,,1020,270,1250,3000,6380,3620,28290
,251013,3京5,12,１勝ｸﾗｽ,ロードヴァルカン,,牡,3,岩田望来, 57 ,16,9,"  ","  ","  ","  ",,4,２,ダ,1200,,良,320,,(栗),中村直也,1114,0.0,,2,1,36.1,47.8,*,48.33,47.2,0.1,464,0,B,(7.3),230,1250,3000,6380,3620,28290
,251013,3京5,12,１勝ｸﾗｽ,ヴリトラハン,,牡,3,高杉吏麒, 57 ,16,14,"  ","  ","  ","  ",,2,３,ダ,1200,,良,200,,(栗),千田輝彦,1120,0.6,,7,5,36.3,48.3,*,48.33,47.2,0.5,480,0,,(4.2),180,,,,3620,28290
,251013,3京5,12,１勝ｸﾗｽ,ヴェントインコーダ,,牝,3,田口貫太, 55 ,16,11,"  ","  ","  ","  ",,7,４,ダ,1200,,良,120,,(栗),角田晃一,1123,0.9,,3,2,37.0,45.4,*,48.33,47.2,0.1,464,0,,(15.4),,,,,,
,251013,3京5,12,１勝ｸﾗｽ,モンテディアーナ,,牝,3,坂井瑠星, 55 ,16,7,"  ","  ","  ","  ",,1,５,ダ,1200,,良,80,,(栗),四位洋文,1123,0.9,,7,8,36.6,47.5,*,48.33,47.2,0.5,474,+14,,(4.0),,,,,,
,251013,3京5,12,１勝ｸﾗｽ,サムデイ,,牝,4,田山旺佑,53▲,16,6,"  ","  ","  ","  ",,8,６,ダ,1200,,良,0,,(栗),新谷功一,1125,1.1,,7,8,36.8,47.0,,48.33,47.2,0.5,442,-8,B,(18.9),,,,,,
,251013,3京5,12,１勝ｸﾗｽ,ワイルドブッター,,牡,3,高倉稜, 57 ,16,4,"  ","  ","  ","  ",,14,７,ダ,1200,,良,0,,(栗),武英智,1125,1.1,,14,14,36.0,51.4,*,48.33,47.2,1.3,502,-16,B,(90.1),,,,,,
,251013,3京5,12,１勝ｸﾗｽ,ペイドラロワール,,牡,3,和田竜二, 57 ,16,3,"  ","  ","  ","  ",,11,８,ダ,1200,,良,0,,(栗),清水久詞,1126,1.2,,11,11,36.6,48.4,,48.33,47.2,0.8,456,+2,,(29.9),,,,,,
,251013,3京5,12,１勝ｸﾗｽ,セルヴァンス,,セ,3,長岡禎仁, 57 ,16,16,"  ","  ","  ","  ",,12,９,ダ,1200,,良,0,,(栗),小椋研介,1126,1.2,,7,10,36.7,47.8,,48.33,47.2,0.7,434,+18,,(50.4),,,,,,
,251013,3京5,12,１勝ｸﾗｽ,キープライジング,,牝,4,井上敏樹, 56 ,16,10,"  ","  ","  ","  ",,16,10,ダ,1200,,良,0,,(栗),吉田直弘,1127,1.3,,16,16,35.2,56.5,*,48.33,47.2,2.3,462,-4,,(166.0),,,,,,
,251013,3京5,12,１勝ｸﾗｽ,ナムラモモ,,牝,3,小沢大仁, 55 ,16,2,"  ","  ","  ","  ",,10,11,ダ,1200,,良,0,,(栗),羽月友彦,1127,1.3,,1,2,37.5,43.9,,48.33,47.2,0.0,436,+2,,(27.4),,,,,,
,251013,3京5,12,１勝ｸﾗｽ,ミルミナーヴァ,,牝,4,菱田裕二, 56 ,16,5,"  ","  ","  ","  ",,9,12,ダ,1200,,良,0,,(栗),西園正都,1129,1.5,,15,15,35.8,53.6,*,48.33,47.2,1.9,484,+2,,(24.3),,,,,,
,251013,3京5,12,１勝ｸﾗｽ,セサンパ,,牝,3,今村聖奈,53◇,16,12,"  ","  ","  ","  ",,13,13,ダ,1200,,良,0,,(栗),寺島良,1132,1.8,,11,13,37.1,47.3,,48.33,47.2,0.9,436,0,B,(78.7),,,,,,
,251013,3京5,12,１勝ｸﾗｽ,アーデルリーベ,,牝,3,戸崎圭太, 55 ,16,1,"  ","  ","  ","  ",,3,14,ダ,1200,,良,0,,(栗),斉藤崇史,1133,1.9,,4,5,37.9,43.4,,48.33,47.2,0.2,460,+6,,(5.8),,,,,,
,251013,3京5,12,１勝ｸﾗｽ,オースミライト,,牝,3,加藤祥太, 55 ,16,8,"  ","  ","  ","  ",,15,15,ダ,1200,,良,0,,(栗),宮本博,1134,2.0,,11,11,37.4,46.3,,48.33,47.2,0.8,472,-4,,(135.7),,,,,,
,251013,3京5,12,１勝ｸﾗｽ,コーリンラズベリー,,牝,5,松山弘平, 56 ,16,15,"  ","  ","  ","  ",,6,16,ダ,1200,,良,0,,(栗),茶木太樹,1137,2.3,,4,5,38.1,43.4,,48.33,47.2,0.4,518,-3,,(12.5),,,,,,
,251013,3京5,11,スワンＳG2,オフトレイル,,牡,4,菅原明良, 57 ,18,7,"  ","  ","  ","  ",,5,１,芝,1400,A,良,5900,,(栗),吉村圭司,1189,-0.0,,11,11,33.2,53.2,*,52.40,49.0,0.8,462,-2,,750,230,2490,14780,22150,30920,168690
,251013,3京5,11,スワンＳG2,ワイドラトゥール,,牝,4,北村友一, 55 ,18,4,"  ","  ","  ","  ",,12,２,芝,1400,A,良,2400,,(栗),藤原英昭,1189,0.0,,11,11,33.3,52.7,*,52.40,49.0,0.7,428,+8,,(43.7),1010,2490,14780,22150,30920,168690
,251013,3京5,11,スワンＳG2,ランスオブカオス,,牡,3,吉村誠之, 55 ,18,1,"  ","  ","  ","  ",,4,３,芝,1400,A,良,1500,,(栗),奥村豊,1190,0.1,,6,6,33.6,51.3,*,52.40,49.0,0.5,492,-2,,(7.0),230,,,,30920,168690
,251013,3京5,11,スワンＳG2,ウインマーベル,,牡,6,松山弘平, 57 ,18,5,"  ","  ","  ","  ",,3,４,芝,1400,A,良,890,,(美),深山雅史,1190,0.1,,4,4,33.8,50.3,*,52.40,49.0,0.3,482,-2,B,(5.9),,,,,,
,251013,3京5,11,スワンＳG2,シュタールヴィント,,牡,5,小崎綾也, 57 ,18,9,"  ","  ","  ","  ",,14,５,芝,1400,A,良,590,,(栗),矢作芳人,1191,0.2,,13,13,33.2,53.7,*,52.40,49.0,1.0,446,0,B,(64.9),,,,,,
,251013,3京5,11,スワンＳG2,アドマイヤズーム,,牡,3,坂井瑠星, 55 ,18,14,"  ","  ","  ","  ",,2,６,芝,1400,A,良,0,,(栗),友道康夫,1191,0.2,,6,6,33.7,51.0,*,52.40,49.0,0.5,474,-4,,(4.7),,,,,,
,251013,3京5,11,スワンＳG2,ダンツエラン,,牝,3,松若風馬, 53 ,18,13,"  ","  ","  ","  ",,17,７,芝,1400,A,良,0,,(栗),本田優,1192,0.3,,15,13,33.2,53.9,*,52.40,49.0,1.1,492,+2,,(201.6),,,,,,
,251013,3京5,11,スワンＳG2,ワールズエンド,,牡,4,戸崎圭太, 57 ,18,8,"  ","  ","  ","  ",,1,８,芝,1400,A,良,0,,(栗),池添学,1192,0.3,,1,1,34.3,48.2,*,52.40,49.0,0.0,470,+2,,(4.4),,,,,,
,251013,3京5,11,スワンＳG2,レッドモンレーヴ,,牡,6,酒井学, 57 ,18,18,"  ","  ","  ","  ",,15,９,芝,1400,A,良,0,,(美),蛯名正義,1193,0.4,,17,16,33.0,55.2,*,52.40,49.0,1.4,512,-12,,(78.1),,,,,,
,251013,3京5,11,スワンＳG2,ロジリオン,,牡,4,古川吉洋, 57 ,18,12,"  ","  ","  ","  ",,7,10,芝,1400,A,良,0,,(美),古賀慎明,1194,0.5,,6,8,33.9,50.7,*,52.40,49.0,0.6,504,+8,,(18.8),,,,,,
,251013,3京5,11,スワンＳG2,ショウナンザナドゥ,,牝,3,池添謙一, 53 ,18,15,"  ","  ","  ","  ",,10,10,芝,1400,A,良,0,,(栗),松下武士,1194,0.5,,10,10,33.8,51.2,*,52.40,49.0,0.7,450,-2,,(26.8),,,,,,
,251013,3京5,11,スワンＳG2,タイムトゥヘヴン,,牡,7,柴田善臣, 57 ,18,2,"  ","  ","  ","  ",,16,12,芝,1400,A,良,0,,(美),戸田博文,1195,0.6,,17,18,33.1,55.1,*,52.40,49.0,1.5,482,-2,,(86.9),,,,,,
,251013,3京5,11,スワンＳG2,グレイイングリーン,,牡,7,高杉吏麒, 57 ,18,16,"  ","  ","  ","  ",,13,13,芝,1400,A,良,0,,(栗),池江泰寿,1195,0.6,,16,16,33.3,54.1,*,52.40,49.0,1.3,504,+6,,(48.5),,,,,,
,251013,3京5,11,スワンＳG2,ムイ,,牝,3,岩田望来, 53 ,18,3,"  ","  ","  ","  ",,9,14,芝,1400,A,良,0,,(栗),笹田和秀,1198,0.9,,14,13,33.9,51.5,*,52.40,49.0,1.0,478,+14,,(21.9),,,,,,
,251013,3京5,11,スワンＳG2,アルテヴェローチェ,,牡,3,佐々木大, 55 ,18,10,"  ","  ","  ","  ",,6,15,芝,1400,A,良,0,,(栗),須貝尚介,1198,0.9,,4,4,34.5,48.5,*,52.40,49.0,0.4,462,+6,,(16.9),,,,,,
,251013,3京5,11,スワンＳG2,バルサムノート,,牡,5,小沢大仁, 57 ,18,11,"  ","  ","  ","  ",,18,16,芝,1400,A,良,0,,(栗),高野友和,1201,1.2,,2,3,35.0,46.6,,52.40,49.0,0.2,516,+6,B,(281.3),,,,,,
,251013,3京5,11,スワンＳG2,アサカラキング,,牡,5,岩田康誠, 57 ,18,17,"  ","  ","  ","  ",,8,17,芝,1400,A,良,0,,(美),斎藤誠,1202,1.3,,2,2,35.2,45.9,,52.40,49.0,0.1,526,-4,,(19.1),,,,,,
,251013,3京5,11,スワンＳG2,ソーダズリング,,牝,5,菱田裕二, 55 ,18,6,"  ","  ","  ","  ",,11,18,芝,1400,A,良,0,,(栗),新谷功一,1209,2.0,,6,8,35.4,46.4,,52.40,49.0,0.6,466,-4,,(29.7),,,,,,
,251013,3京5,10,堀川特別･2勝,ローランドバローズ,,牡,3,岩田康誠, 56 ,10,2,"  ","  ","  ","  ",,1,１,芝,1800,A,良,1550,,(栗),上村洋行,1458,-0.1,,4,4,33.2,59.3,*,58.87,57.9,0.3,498,0,,160,110,390,430,620,1040,2520
,251013,3京5,10,堀川特別･2勝,レディーミコノス,,牝,3,岩田望来, 54 ,10,5,"  ","  ","  ","  ",,3,２,芝,1800,A,良,620,,(栗),寺島良,1459,0.1,,2,2,33.4,58.5,*,58.87,57.9,0.2,468,+8,,(6.8),160,390,430,620,1040,2520
,251013,3京5,10,堀川特別･2勝,ゼンダンハヤブサ,,牡,3,坂井瑠星, 56 ,10,6,"  ","  ","  ","  ",,5,３,芝,1800,A,良,390,,(栗),佐々木晶,1461,0.3,,5,6,33.4,58.8,*,58.87,57.9,0.4,452,+4,,(11.5),170,,,,1040,2520
,251013,3京5,10,堀川特別･2勝,リカントロポ,,牡,3,田口貫太, 56 ,10,8,"  ","  ","  ","  ",,6,４,芝,1800,A,良,230,,(栗),梅田智之,1461,0.3,,2,2,33.6,57.9,*,58.87,57.9,0.2,476,-2,,(32.3),,,,,,
,251013,3京5,10,堀川特別･2勝,チェルノボーグ,,セ,6,松山弘平, 58 ,10,10,"  ","  ","  ","  ",,2,５,芝,1800,A,良,155,,(栗),藤原英昭,1461,0.3,,5,4,33.4,58.8,*,58.87,57.9,0.4,480,0,,(5.3),,,,,,
,251013,3京5,10,堀川特別･2勝,ジャルディニエ,,牝,3,吉村誠之, 54 ,10,7,"  ","  ","  ","  ",,7,６,芝,1800,A,良,0,,(栗),奥村豊,1465,0.7,,9,8,33.5,59.0,*,58.87,57.9,0.7,454,+12,,(38.0),,,,,,
,251013,3京5,10,堀川特別･2勝,ジェットマグナム,,牡,3,戸崎圭太, 56 ,10,3,"  ","  ","  ","  ",,4,７,芝,1800,A,良,0,,(栗),安達昭夫,1466,0.8,,9,8,33.6,58.6,*,58.87,57.9,0.7,494,-8,,(7.5),,,,,,
,251013,3京5,10,堀川特別･2勝,アラタマフェーヴル,,牡,4,国分優作, 58 ,10,9,"  ","  ","  ","  ",,8,８,芝,1800,A,良,0,,(栗),浜田多実,1467,0.9,,7,6,34.0,56.9,*,58.87,57.9,0.4,496,+2,,(69.6),,,,,,
,251013,3京5,10,堀川特別･2勝,ベント,,セ,4,小崎綾也, 58 ,10,4,"  ","  ","  ","  ",,9,９,芝,1800,A,良,0,,(栗),小崎憲,1468,1.0,,1,1,34.5,54.8,*,58.87,57.9,0.0,434,-2,,(138.9),,,,,,
,251013,3京5,10,堀川特別･2勝,ジッピーレーサー,,セ,8,菅原明良, 58 ,10,1,"  ","  ","  ","  ",,10,10,芝,1800,A,良,0,,(美),天間昭一,1472,1.4,,7,10,34.2,56.7,,58.87,57.9,0.7,484,-8,,(173.2),,,,,,
,251013,3京5,9,蹴上特別･2勝,ハナウマビーチ,,牡,3,松山弘平, 56 ,12,9,"  ","  ","  ","  ",,3,１,ダ,1800,,良,1550,,(栗),西園翔太,1519,-0.0,7,6,6,37.8,48.0,*,47.47,45.7,0.6,518,+2,,640,130,530,610,1750,430,4030
,251013,3京5,9,蹴上特別･2勝,タガノマカシヤ,,牡,3,岩田望来, 56 ,12,11,"  ","  ","  ","  ",,1,２,ダ,1800,,良,620,*,(栗),中村直也,1519,0.0,1,1,1,38.4,45.7,*,47.47,45.7,0.0,506,+4,,(1.9),110,530,610,1750,430,4030
,251013,3京5,9,蹴上特別･2勝,テーオーライマン,,牡,3,高杉吏麒, 56 ,12,8,"  ","  ","  ","  ",,2,３,ダ,1800,,良,390,,(栗),宮徹,1521,0.2,9,8,8,37.7,48.7,*,47.47,45.7,0.9,464,+10,,(3.3),110,,,,430,4030
,251013,3京5,9,蹴上特別･2勝,スーパージョック,,牡,3,北村友一, 56 ,12,4,"  ","  ","  ","  ",,4,４,ダ,1800,,良,230,,(栗),佐々木晶,1522,0.3,4,4,3,38.4,46.1,*,47.47,45.7,0.3,500,+8,,(7.5),,,,,,
,251013,3京5,9,蹴上特別･2勝,ゴヴェルナーレリコ,,牝,4,菅原明良, 56 ,12,6,"  ","  ","  ","  ",,6,５,ダ,1800,,良,155,,(美),辻哲英,1523,0.4,5,4,3,38.5,45.8,*,47.47,45.7,0.3,444,+2,,(37.2),,,,,,
,251013,3京5,9,蹴上特別･2勝,コスモオピニオン,,牡,5,和田竜二, 58 ,12,1,"  ","  ","  ","  ",,8,６,ダ,1800,,良,0,,(美),黒岩陽一,1527,0.8,7,6,6,38.6,46.0,*,47.47,45.7,0.6,508,-2,,(63.8),,,,,,
,251013,3京5,9,蹴上特別･2勝,オールマイデイズ,,牡,5,佐々木大, 58 ,12,3,"  ","  ","  ","  ",,7,７,ダ,1800,,良,0,,(美),矢嶋大樹,1532,1.3,9,8,8,38.8,45.9,,47.47,45.7,0.9,502,-6,,(37.8),,,,,,
,251013,3京5,9,蹴上特別･2勝,セイウンガレオン,,セ,6,古川吉洋, 58 ,12,2,"  ","  ","  ","  ",,12,８,ダ,1800,,良,0,,(美),奥平雅士,1533,1.4,11,11,10,38.4,47.5,*,47.47,45.7,1.4,528,-2,,(207.0),,,,,,
,251013,3京5,9,蹴上特別･2勝,タッチャブル,,牡,5,吉村誠之, 58 ,12,7,"  ","  ","  ","  ",,10,９,ダ,1800,,良,0,*,(栗),中村直也,1536,1.7,12,12,12,38.2,48.7,*,47.47,45.7,1.9,516,0,B,(108.1),,,,,,
,251013,3京5,9,蹴上特別･2勝,シホノペルフェット,,牡,3,坂井瑠星, 56 ,12,10,"  ","  ","  ","  ",,5,10,ダ,1800,,良,0,,(栗),寺島良,1539,2.0,2,2,2,40.4,41.0,,47.47,45.7,0.0,504,-6,B,(20.6),,,,,,
,251013,3京5,9,蹴上特別･2勝,キュピドン,,牡,5,松若風馬, 58 ,12,5,"  ","  ","  ","  ",,9,11,ダ,1800,,良,0,,(栗),森秀行,1539,2.0,3,3,5,40.1,42.0,,47.47,45.7,0.3,516,-1,,(76.6),,,,,,
,251013,3京5,9,蹴上特別･2勝,メイショウトム,,牡,4,田口貫太, 58 ,12,12,"  ","  ","  ","  ",,11,12,ダ,1800,,良,0,,(栗),谷潔,1542,2.3,5,10,10,39.5,44.6,,47.47,45.7,1.2,478,-4,,(153.1),,,,,,
,251013,3京5,8,１勝ｸﾗｽ,ハッピーダンチャン,,牡,3,西塚洸二,55☆,13,6,"  ","  ","  ","  ",,1,１,ダ,1900,,良,800,,(栗),小椋研介,1598,-0.6,1,1,1,38.6,47.1,*,48.60,47.1,0.0,468,+4,,420,160,440,1100,2570,2280,10020
,251013,3京5,8,１勝ｸﾗｽ,ユキノクラウン,,牡,3,吉村誠之,55☆,13,11,"  ","  ","  ","  ",,2,２,ダ,1900,,良,320,,(栗),長谷川浩,2004,0.6,5,5,5,38.6,47.8,*,48.60,47.1,0.6,522,+12,B,(5.5),200,440,1100,2570,2280,10020
,251013,3京5,8,１勝ｸﾗｽ,オーレアミスト,,牡,3,岩田望来, 56 ,13,3,"  ","  ","  ","  ",,3,３,ダ,1900,,良,200,,(栗),友道康夫,2004,0.6,10,11,10,37.8,50.9,*,48.60,47.1,1.4,494,0,,(5.6),190,,,,2280,10020
,251013,3京5,8,１勝ｸﾗｽ,ロードシュヴァリエ,,牡,3,中井裕二, 56 ,13,7,"  ","  ","  ","  ",,7,４,ダ,1900,,良,120,,(栗),森田直行,2007,0.9,5,8,6,38.4,48.9,*,48.60,47.1,1.1,484,-8,B,(10.6),,,,,,
,251013,3京5,8,１勝ｸﾗｽ,バースライト,,牡,3,戸崎圭太, 56 ,13,10,"  ","  ","  ","  ",,5,５,ダ,1900,,良,80,,(栗),武幸四郎,2008,1.0,2,3,3,39.3,45.7,*,48.60,47.1,0.3,514,+8,,(7.1),,,,,,
,251013,3京5,8,１勝ｸﾗｽ,テンカオーライ,,牡,5,田口貫太, 58 ,13,13,"  ","  ","  ","  ",,13,６,ダ,1900,,良,0,,(栗),松下武士,2010,1.2,9,8,6,38.6,48.5,*,48.60,47.1,1.2,504,+2,,(161.7),,,,,,
,251013,3京5,8,１勝ｸﾗｽ,テルアスワッド,,牡,3,大久保友,53▲,13,8,"  ","  ","  ","  ",,8,７,ダ,1900,,良,0,,(栗),須貝尚介,2011,1.3,11,13,12,38.3,49.8,*,48.60,47.1,1.6,492,-12,,(15.7),,,,,,
,251013,3京5,8,１勝ｸﾗｽ,モーメントキャッチ,,牡,5,原田和真, 58 ,13,9,"  ","  ","  ","  ",,4,８,ダ,1900,,良,0,,(美),松山将樹,2012,1.4,11,3,3,39.7,44.7,,48.60,47.1,0.3,528,+2,,(5.6),,,,,,
,251013,3京5,8,１勝ｸﾗｽ,コウジョリョウゾク,,牡,3,荻野琢真, 56 ,13,5,"  ","  ","  ","  ",,11,９,ダ,1900,,良,0,,(栗),牧田和弥,2012,1.4,13,2,2,39.9,44.0,,48.60,47.1,0.1,462,-4,,(55.2),,,,,,
,251013,3京5,8,１勝ｸﾗｽ,ココデイック,,牡,3,高杉吏麒, 56 ,13,12,"  ","  ","  ","  ",,6,10,ダ,1900,,良,0,,(栗),藤岡健一,2024,2.6,5,7,10,40.3,44.0,,48.60,47.1,0.9,476,-16,B,(9.6),,,,,,
,251013,3京5,8,１勝ｸﾗｽ,トリプルバレル,,牡,3,松若風馬, 56 ,13,1,"  ","  ","  ","  ",,10,11,ダ,1900,,良,0,,(栗),藤野健太,2028,3.0,3,8,8,40.6,43.4,,48.60,47.1,1.0,470,-6,,(51.5),,,,,,
,251013,3京5,8,１勝ｸﾗｽ,アロガントシェイム,,牝,3,秋山稔樹, 54 ,13,4,"  ","  ","  ","  ",,12,12,ダ,1900,,良,0,,(栗),杉山佳明,2032,3.4,8,11,13,40.4,44.6,,48.60,47.1,1.6,478,-14,,(86.5),,,,,,
,251013,3京5,8,１勝ｸﾗｽ,エイシンアニーモ,,牡,3,永島まな,54◇,13,2,"  ","  ","  ","  ",,9,13,ダ,1900,,良,0,,(栗),高橋康之,2043,4.5,3,5,8,42.4,39.2,,48.60,47.1,0.7,500,+8,,(40.9),,,,,,
,251013,3京5,7,１勝ｸﾗｽ・牝,スニーカースキル,,牝,3,戸崎圭太, 54 ,15,11,"  ","  ","  ","  ",,5,１,ダ,1400,,良,800,,(栗),杉山晴紀,1240,-0.3,,5,5,37.4,43.4,*,41.97,41.2,0.5,494,0,,730,240,1770,2490,5260,2970,18720
,251013,3京5,7,１勝ｸﾗｽ・牝,ルクスデイジー,,牝,3,永島まな,52◇,15,12,"  ","  ","  ","  ",,4,２,ダ,1400,,良,320,,(栗),高橋亮,1243,0.3,,2,2,38.1,40.9,*,41.97,41.2,0.1,480,+28,,(6.7),200,1770,2490,5260,2970,18720
,251013,3京5,7,１勝ｸﾗｽ・牝,ステアハート,,牝,3,田山旺佑,51▲,15,14,"  ","  ","  ","  ",,2,３,ダ,1400,,良,200,,(栗),新谷功一,1244,0.4,,3,3,38.0,41.6,*,41.97,41.2,0.3,474,-8,,(4.3),170,,,,2970,18720
,251013,3京5,7,１勝ｸﾗｽ・牝,キョラムン,,牝,3,高杉吏麒, 54 ,15,3,"  ","  ","  ","  ",,1,４,ダ,1400,,良,120,,(栗),石橋守,1247,0.7,,8,8,37.7,43.5,*,41.97,41.2,0.9,462,+4,,(4.0),,,,,,
,251013,3京5,7,１勝ｸﾗｽ・牝,バシリス,,牝,3,今村聖奈,52◇,15,7,"  ","  ","  ","  ",,9,５,ダ,1400,,良,80,,(栗),寺島良,1249,0.9,,8,8,37.9,43.0,*,41.97,41.2,0.9,460,-2,B,(27.7),,,,,,
,251013,3京5,7,１勝ｸﾗｽ・牝,アレーティア,,牝,3,北村友一, 54 ,15,1,"  ","  ","  ","  ",,8,６,ダ,1400,,良,0,*,(栗),田中克典,1249,0.9,,3,3,38.6,40.0,*,41.97,41.2,0.2,504,+8,B,(19.4),,,,,,
,251013,3京5,7,１勝ｸﾗｽ・牝,ラピダリア,,牝,4,富田暁, 56 ,15,5,"  ","  ","  ","  ",,14,７,ダ,1400,,良,0,,(栗),吉田直弘,1250,1.0,,10,10,37.8,43.7,*,41.97,41.2,1.1,472,-10,,(225.3),,,,,,
,251013,3京5,7,１勝ｸﾗｽ・牝,ゴーオンパーパス,,牝,3,小沢大仁, 54 ,15,8,"  ","  ","  ","  ",,12,８,ダ,1400,,良,0,,(栗),長谷川浩,1252,1.2,,5,5,38.7,40.1,,41.97,41.2,0.4,444,+11,,(96.1),,,,,,
,251013,3京5,7,１勝ｸﾗｽ・牝,プレゼンティーア,,牝,4,坂井瑠星, 56 ,15,4,"  ","  ","  ","  ",,3,９,ダ,1400,,良,0,*,(栗),田中克典,1252,1.2,,1,1,39.1,38.4,,41.97,41.2,0.0,490,-4,B,(4.9),,,,,,
,251013,3京5,7,１勝ｸﾗｽ・牝,ロンシャンクイーン,,牝,5,佐々木大, 56 ,15,9,"  ","  ","  ","  ",,6,10,ダ,1400,,良,0,,(栗),野中賢二,1253,1.3,,12,13,37.8,44.2,*,41.97,41.2,1.4,446,-2,,(10.2),,,,,,
,251013,3京5,7,１勝ｸﾗｽ・牝,ルルフィーユ,,牝,4,和田陽希,53▲,15,10,"  ","  ","  ","  ",,13,11,ダ,1400,,良,0,,(栗),谷潔,1256,1.6,,15,15,37.3,47.1,*,41.97,41.2,2.2,452,-8,,(148.1),,,,,,
,251013,3京5,7,１勝ｸﾗｽ・牝,ブロードグリン,,牝,4,吉村誠之,55☆,15,6,"  ","  ","  ","  ",,10,12,ダ,1400,,良,0,,(栗),中村直也,1257,1.7,,12,11,38.2,43.3,,41.97,41.2,1.4,454,+10,B,(76.1),,,,,,
,251013,3京5,7,１勝ｸﾗｽ・牝,デュアルロール,,牝,3,岩田望来, 54 ,15,13,"  ","  ","  ","  ",,7,13,ダ,1400,,良,0,,(栗),笹田和秀,1263,2.3,,10,11,39.0,41.0,,41.97,41.2,1.2,494,+6,,(19.1),,,,,,
,251013,3京5,7,１勝ｸﾗｽ・牝,デアルーチェ,,牝,3,鷲頭虎太,52△,15,2,"  ","  ","  ","  ",,15,14,ダ,1400,,良,0,,(栗),井上智史,1264,2.4,,14,14,38.4,43.8,,41.97,41.2,1.9,480,-8,,(360.8),,,,,,
,251013,3京5,7,１勝ｸﾗｽ・牝,フルドド,,牝,3,長岡禎仁, 54 ,15,15,"  ","  ","  ","  ",,11,15,ダ,1400,,良,0,,(栗),茶木太樹,1264,2.4,,5,7,39.7,38.2,,41.97,41.2,0.6,466,+4,,(82.4),,,,,,
,251013,3京5,6,新馬,バルセシート,,牡,2,北村友一, 56 ,15,12,"  ","  ","  ","  ",,3,１,芝,1600,A,良,750,,(栗),松下武士,1336,-0.6,,8,7,34.8,51.4,*,50.27,48.6,0.6,466,,,470,190,1120,1140,2170,4310,19840
,251013,3京5,6,新馬,アロハ,,牝,2,松山弘平, 55 ,15,5,"  ","  ","  ","  ",,2,２,芝,1600,A,良,300,,(栗),杉山晴紀,1342,0.6,,5,4,35.6,48.8,*,50.27,48.6,0.4,450,,,(3.9),150,1120,1140,2170,4310,19840
,251013,3京5,6,新馬,パウワウビート,,牡,2,岩田望来, 56 ,15,6,"  ","  ","  ","  ",,5,３,芝,1600,A,良,190,,(栗),友道康夫,1345,0.9,,9,8,35.3,50.6,*,50.27,48.6,1.0,478,,,(13.9),330,,,,4310,19840
,251013,3京5,6,新馬,ラブインアクション,,牝,2,坂井瑠星, 55 ,15,9,"  ","  ","  ","  ",,1,４,芝,1600,A,良,110,,(栗),橋口慎介,1346,1.0,,2,2,36.2,46.8,*,50.27,48.6,0.2,470,,,(3.1),,,,,,
,251013,3京5,6,新馬,メイショウソウテン,,牡,2,和田竜二, 56 ,15,11,"  ","  ","  ","  ",,8,５,芝,1600,A,良,75,,(栗),鈴木孝志,1348,1.2,,5,4,36.1,47.6,*,50.27,48.6,0.5,558,,,(39.8),,,,,,
,251013,3京5,6,新馬,ラヴィニール,,牝,2,戸崎圭太, 55 ,15,7,"  ","  ","  ","  ",,4,６,芝,1600,A,良,0,,(栗),武英智,1348,1.2,,12,12,35.1,52.1,*,50.27,48.6,1.5,448,,,(5.7),,,,,,
,251013,3京5,6,新馬,ウインハルフォード,,牡,2,団野大成, 56 ,15,1,"  ","  ","  ","  ",,9,７,芝,1600,A,良,0,,(栗),西園翔太,1349,1.3,,1,1,36.7,45.1,,50.27,48.6,0.0,454,,,(45.4),,,,,,
,251013,3京5,6,新馬,メイショウゴウケツ,,牡,2,太宰啓介, 56 ,15,3,"  ","  ","  ","  ",,10,８,芝,1600,A,良,0,,(栗),石橋守,1358,2.2,,10,9,36.4,47.9,,50.27,48.6,1.2,492,,,(71.1),,,,,,
,251013,3京5,6,新馬,モチモチチャン,,牝,2,佐々木大, 55 ,15,14,"  ","  ","  ","  ",,6,９,芝,1600,A,良,0,,(栗),西村真幸,1361,2.5,,10,11,36.7,47.1,,50.27,48.6,1.2,482,,,(15.0),,,,,,
,251013,3京5,6,新馬,ラヴネヴァーダイズ,,牡,2,吉村誠之,55☆,15,10,"  ","  ","  ","  ",,7,10,芝,1600,A,良,0,,(栗),渡辺薫彦,1372,3.6,,2,3,38.7,40.7,,50.27,48.6,0.3,488,,,(17.5),,,,,,
,251013,3京5,6,新馬,ゴッドシュアウイン,,牡,2,角田大和, 56 ,15,2,"  ","  ","  ","  ",,13,11,芝,1600,A,良,0,,(栗),飯田祐史,1373,3.7,,5,4,38.6,41.2,,50.27,48.6,0.5,496,,,(134.9),,,,,,
,251013,3京5,6,新馬,メイショウトッド,,牡,2,田口貫太, 56 ,15,13,"  ","  ","  ","  ",,11,12,芝,1600,A,良,0,,(栗),安達昭夫,1378,4.2,,2,9,39.0,40.5,,50.27,48.6,0.6,450,,,(72.5),,,,,,
,251013,3京5,6,新馬,マイネルカイザー,,牡,2,菱田裕二, 56 ,15,4,"  ","  ","  ","  ",,12,13,芝,1600,A,良,0,*,(栗),宮徹,1382,4.6,,14,13,36.3,52.3,,50.27,48.6,3.7,448,,,(105.1),,,,,,
,251013,3京5,6,新馬,ジョイフルサンデー,,牡,2,古川吉洋, 56 ,15,8,"  ","  ","  ","  ",,14,14,芝,1600,A,良,0,*,(栗),宮徹,1383,4.7,,13,15,36.4,52.0,,50.27,48.6,3.7,472,,,(146.6),,,,,,
,251013,3京5,6,新馬,マサノハヤブサ,,牡,2,和田陽希,53▲,15,15,"  ","  ","  ","  ",,15,15,芝,1600,A,良,0,,(栗),藤野健太,1383,4.7,,14,13,36.5,51.6,,50.27,48.6,3.6,420,,,(187.2),,,,,,
,251013,3京5,5,新馬,ジャスティンビスタ,,牡,2,北村友一, 56 ,11,10,"  ","  ","  ","  ",,5,１,芝,1800,A,良,750,,(栗),吉岡辰弥,1477,-0.1,,2,2,34.7,55.2,*,56.33,55.2,0.0,512,,,720,200,1130,1570,4170,4740,23920
,251013,3京5,5,新馬,タイムレスフレアー,,牡,2,岩田望来, 56 ,11,8,"  ","  ","  ","  ",,2,２,芝,1800,A,良,300,,(栗),橋口慎介,1478,0.1,,4,4,34.4,56.7,*,56.33,55.2,0.4,470,,,(4.6),160,1130,1570,4170,4740,23920
,251013,3京5,5,新馬,ノンブルドール,,牡,2,戸崎圭太, 56 ,11,6,"  ","  ","  ","  ",,4,３,芝,1800,A,良,190,,(栗),西園翔太,1481,0.4,,6,6,34.4,57.1,*,56.33,55.2,0.7,438,,,(7.1),220,,,,4740,23920
,251013,3京5,5,新馬,セヴェロ,,牡,2,菅原明良, 56 ,11,7,"  ","  ","  ","  ",,1,４,芝,1800,A,良,110,,(栗),池江泰寿,1481,0.4,,9,8,34.2,58.0,*,56.33,55.2,0.9,502,,,(4.3),,,,,,
,251013,3京5,5,新馬,シャリキモン,,牡,2,松若風馬, 56 ,11,9,"  ","  ","  ","  ",,8,５,芝,1800,A,良,75,,(栗),吉田直弘,1486,0.9,,1,1,35.6,52.5,*,56.33,55.2,0.0,432,,,(12.6),,,,,,
,251013,3京5,5,新馬,ランスオブヒーロー,,牡,2,高杉吏麒, 56 ,11,2,"  ","  ","  ","  ",,7,６,芝,1800,A,良,0,,(栗),奥村豊,1488,1.1,,8,8,34.9,55.9,,56.33,55.2,0.9,478,,,(10.5),,,,,,
,251013,3京5,5,新馬,メイショウヒタカミ,,牡,2,角田大和, 56 ,11,11,"  ","  ","  ","  ",,11,７,芝,1800,A,良,0,,(栗),石橋守,1489,1.2,,2,3,35.8,52.1,,56.33,55.2,0.1,446,,,(99.8),,,,,,
,251013,3京5,5,新馬,リヴァデラルナ,,牡,2,池添謙一, 56 ,11,1,"  ","  ","  ","  ",,6,８,芝,1800,A,良,0,,(栗),西村真幸,1502,2.5,,4,4,36.9,49.3,,56.33,55.2,0.3,516,,,(7.6),,,,,,
,251013,3京5,5,新馬,イニシオ,,牡,2,松山弘平, 56 ,11,5,"  ","  ","  ","  ",,3,９,芝,1800,A,良,0,,(栗),福永祐一,1503,2.6,,6,6,36.6,50.7,,56.33,55.2,0.7,474,,,(6.8),,,,,,
,251013,3京5,5,新馬,クロワール,,牡,2,佐々木大, 56 ,11,4,"  ","  ","  ","  ",,9,10,芝,1800,A,良,0,,(栗),鈴木孝志,1514,3.7,,10,10,36.8,51.4,,56.33,55.2,1.6,466,,,(27.5),,,,,,
,251013,3京5,4,１勝ｸﾗｽ・牝,プリンセッサ,,牝,3,松若風馬, 54 ,13,8,"  ","  ","  ","  ",,3,１,ダ,1800,,良,800,,(栗),牧田和弥,1522,-0.2,2,2,2,37.3,50.4,*,49.73,49.6,0.2,510,-4,,490,220,1110,1150,1560,3880,14010
,251013,3京5,4,１勝ｸﾗｽ・牝,ヴァンアグレアブル,,牝,3,戸崎圭太, 54 ,13,2,"  ","  ","  ","  ",,2,２,ダ,1800,,良,320,,(栗),橋口慎介,1524,0.2,1,1,1,37.7,49.1,*,49.73,49.6,0.0,520,+6,,(3.8),160,1110,1150,1560,3880,14010
,251013,3京5,4,１勝ｸﾗｽ・牝,アリストクラシア,,牝,4,高杉吏麒, 56 ,13,1,"  ","  ","  ","  ",,7,３,ダ,1800,,良,200,*,(栗),吉岡辰弥,1538,1.6,7,8,8,38.0,49.7,*,49.73,49.6,1.1,470,+4,,(14.1),360,,,,3880,14010
,251013,3京5,4,１勝ｸﾗｽ・牝,レイフロレット,,牝,4,鷲頭虎太,54△,13,7,"  ","  ","  ","  ",,9,４,ダ,1800,,良,120,,(栗),井上智史,1540,1.8,3,5,3,38.9,46.5,*,49.73,49.6,0.4,426,+20,,(31.8),,,,,,
,251013,3京5,4,１勝ｸﾗｽ・牝,カルミアクラウン,,牝,3,松山弘平, 54 ,13,11,"  ","  ","  ","  ",,5,５,ダ,1800,,良,80,*,(栗),吉岡辰弥,1540,1.8,3,3,3,38.9,46.5,,49.73,49.6,0.4,446,+12,,(12.6),,,,,,
,251013,3京5,4,１勝ｸﾗｽ・牝,ハギノコラソン,,牝,3,坂井瑠星, 54 ,13,12,"  ","  ","  ","  ",,1,６,ダ,1800,,良,0,,(栗),寺島良,1541,1.9,5,5,6,38.9,46.7,,49.73,49.6,0.5,478,+8,,(3.1),,,,,,
,251013,3京5,4,１勝ｸﾗｽ・牝,パシフィックハイ,,牝,4,吉村誠之,55☆,13,10,"  ","  ","  ","  ",,6,７,ダ,1800,,良,0,,(栗),杉山佳明,1541,1.9,5,3,3,39.0,46.3,,49.73,49.6,0.4,472,-2,,(13.3),,,,,,
,251013,3京5,4,１勝ｸﾗｽ・牝,メラヴィリオーザ,,牝,5,柴田裕一,53▲,13,4,"  ","  ","  ","  ",,8,８,ダ,1800,,良,0,,(栗),秋山真一,1542,2.0,10,10,10,37.9,50.7,*,49.73,49.6,1.6,472,+4,,(31.1),,,,,,
,251013,3京5,4,１勝ｸﾗｽ・牝,スカイビート,,牝,3,岩田望来, 54 ,13,13,"  ","  ","  ","  ",,4,９,ダ,1800,,良,0,,(栗),野中賢二,1545,2.3,8,7,6,38.9,47.2,,49.73,49.6,0.9,470,+14,,(8.3),,,,,,
,251013,3京5,4,１勝ｸﾗｽ・牝,ヒラリーステップ,,牝,5,和田竜二, 56 ,13,5,"  ","  ","  ","  ",,10,10,ダ,1800,,良,0,,(美),天間昭一,1549,2.7,11,9,9,38.9,47.7,,49.73,49.6,1.3,498,+2,,(35.9),,,,,,
,251013,3京5,4,１勝ｸﾗｽ・牝,シゲルオトヒメ,,牝,6,永島まな,54◇,13,6,"  ","  ","  ","  ",,11,11,ダ,1800,,良,0,,(栗),谷潔,1551,2.9,13,13,12,37.7,52.7,*,49.73,49.6,2.7,440,+4,,(68.8),,,,,,
,251013,3京5,4,１勝ｸﾗｽ・牝,メイショウマヒロ,,牝,3,今村聖奈,52◇,13,3,"  ","  ","  ","  ",,12,12,ダ,1800,,良,0,,(栗),飯田祐史,1551,2.9,9,11,11,38.4,49.9,,49.73,49.6,2.0,404,-6,,(77.3),,,,,,
,251013,3京5,4,１勝ｸﾗｽ・牝,リノアラ,,牝,6,小沢大仁, 56 ,13,9,"  ","  ","  ","  ",,13,13,ダ,1800,,良,0,,(栗),今野貞一,1560,3.8,12,12,12,38.9,49.1,,49.73,49.6,2.4,450,+4,B,(253.2),,,,,,
,251013,3京5,3,未勝利*,ネネキリマル,,牡,2,高杉吏麒, 56 ,16,13,"  ","  ","  ","  ",,10,１,芝,1400,A,良,560,,(栗),河嶋宏樹,1209,-0.3,,7,4,35.2,47.4,*,47.47,43.5,0.8,472,-4,,4550,1150,2570,13380,29980,29080,196740
,251013,3京5,3,未勝利*,シャンデリュイーズ,,牝,2,戸崎圭太, 55 ,16,16,"  ","  ","  ","  ",,3,２,芝,1400,A,良,220,,(栗),小栗実,1212,0.3,,8,9,35.4,47.0,*,47.47,43.5,0.9,410,0,,(4.7),190,2570,13380,29980,29080,196740
,251013,3京5,3,未勝利*,パトローナス,,牡,2,亀田温心, 56 ,16,2,"  ","  ","  ","  ",,4,３,芝,1400,A,良,140,,(栗),高橋亮,1212,0.3,,10,9,35.2,48.0,*,47.47,43.5,1.1,486,+6,,(5.4),220,,,,29080,196740
,251013,3京5,3,未勝利*,ミトノリン,,牝,2,菅原明良, 55 ,16,4,"  ","  ","  ","  ",,9,４,芝,1400,A,良,84,,(栗),前川恭子,1214,0.5,,8,8,35.6,46.5,*,47.47,43.5,0.9,474,0,,(36.8),,,,,,
,251013,3京5,3,未勝利*,ウォーターブビンガ,,牡,2,吉村誠之,55☆,16,9,"  ","  ","  ","  ",,12,５,芝,1400,A,良,56,,(栗),藤野健太,1215,0.6,,12,12,35.3,48.2,*,47.47,43.5,1.3,438,-2,,(72.8),,,,,,
,251013,3京5,3,未勝利*,タワワ,,牝,2,小崎綾也, 55 ,16,7,"  ","  ","  ","  ",,8,６,芝,1400,A,良,0,,(栗),秋山真一,1215,0.6,,3,2,36.3,43.4,*,47.47,43.5,0.3,418,-8,,(32.3),,,,,,
,251013,3京5,3,未勝利*,タナブイハチターボ,,牡,2,和田陽希,53▲,16,14,"  ","  ","  ","  ",,6,７,芝,1400,A,良,0,*,(栗),大根田裕,1216,0.7,,1,1,36.7,41.8,*,47.47,43.5,0.0,480,-4,,(16.7),,,,,,
,251013,3京5,3,未勝利*,ルナーマンス,,牝,2,団野大成, 55 ,16,3,"  ","  ","  ","  ",,2,８,芝,1400,A,良,0,,(栗),斉藤崇史,1218,0.9,,6,4,36.2,44.5,*,47.47,43.5,0.7,428,-10,,(4.2),,,,,,
,251013,3京5,3,未勝利*,アウェイクネス,,牝,2,古川奈穂,52▲,16,11,"  ","  ","  ","  ",,7,９,芝,1400,A,良,0,,(栗),矢作芳人,1220,1.1,,10,9,36.0,45.8,,47.47,43.5,1.1,428,+6,,(16.7),,,,,,
,251013,3京5,3,未勝利*,パークヒルシューズ,,牝,2,松若風馬, 55 ,16,1,"  ","  ","  ","  ",,11,10,芝,1400,A,良,0,,(栗),高橋一哉,1223,1.4,,14,13,35.8,47.4,,47.47,43.5,1.6,452,+10,B,(72.1),,,,,,
,251013,3京5,3,未勝利*,クライナリーゼ,,牡,2,酒井学, 56 ,16,12,"  ","  ","  ","  ",,16,11,芝,1400,A,良,0,,(栗),高橋康之,1223,1.4,,15,15,35.4,49.4,*,47.47,43.5,2.0,374,-6,,(178.6),,,,,,
,251013,3京5,3,未勝利*,イクヒロ,,牡,2,和田竜二, 56 ,16,10,"  ","  ","  ","  ",,13,12,芝,1400,A,良,0,,(栗),小椋研介,1225,1.6,,4,4,37.1,41.8,,47.47,43.5,0.5,466,+10,,(78.0),,,,,,
,251013,3京5,3,未勝利*,グランディマージュ,,牡,2,藤懸貴志, 56 ,16,8,"  ","  ","  ","  ",,15,13,芝,1400,A,良,0,,(栗),鈴木孝志,1228,1.9,,13,13,36.4,45.6,,47.47,43.5,1.5,544,+2,,(169.9),,,,,,
,251013,3京5,3,未勝利*,トモジャプレジール,,牡,2,国分優作, 56 ,16,6,"  ","  ","  ","  ",,5,14,芝,1400,A,良,0,*,(栗),大根田裕,1232,2.3,,2,2,38.1,38.8,,47.47,43.5,0.2,440,+22,,(9.2),,,,,,
,251013,3京5,3,未勝利*,マサハヤルージュ,,牝,2,岩田望来, 55 ,16,5,"  ","  ","  ","  ",,1,15,芝,1400,A,良,0,,(栗),千田輝彦,1236,2.7,,4,4,38.1,39.6,,47.47,43.5,0.6,422,+6,,(4.0),,,,,,
,251013,3京5,3,未勝利*,ソンブレロ,,牡,2,北村友一, 56 ,16,15,"  ","  ","  ","  ",,14,16,芝,1400,A,良,0,,(栗),飯田祐史,1266,5.7,,16,16,38.5,43.7,,47.47,43.5,3.2,510,+8,,(143.5),,,,,,
,251013,3京5,2,未勝利・牝*,メイプルハッピー,,牝,2,亀田温心, 55 ,10,9,"  ","  ","  ","  ",,3,１,芝,1600,A,良,560,,(栗),北出成人,1346,-0.1,,1,1,34.8,53.1,*,53.53,53.1,0.0,498,+2,,420,120,560,700,1500,360,3270
,251013,3京5,2,未勝利・牝*,サンダーバード,,牝,2,戸崎圭太, 55 ,10,7,"  ","  ","  ","  ",,2,２,芝,1600,A,良,220,,(栗),武幸四郎,1347,0.1,,2,2,34.8,53.3,*,53.53,53.1,0.1,436,-8,,(2.6),110,560,700,1500,360,3270
,251013,3京5,2,未勝利・牝*,アンディムジーク,,牝,2,吉村誠之,54☆,10,5,"  ","  ","  ","  ",,1,３,芝,1600,A,良,140,*,(栗),渡辺薫彦,1347,0.1,,4,2,34.6,54.2,*,53.53,53.1,0.3,436,-8,,(2.6),110,,,,360,3270
,251013,3京5,2,未勝利・牝*,リトゥリア,,牝,2,北村友一, 55 ,10,6,"  ","  ","  ","  ",,5,４,芝,1600,A,良,84,,(栗),河嶋宏樹,1349,0.3,,7,7,34.6,54.6,*,53.53,53.1,0.5,452,+2,,(17.3),,,,,,
,251013,3京5,2,未勝利・牝*,フィラーエ,,牝,2,永島まな,53◇,10,2,"  ","  ","  ","  ",,4,５,芝,1600,A,良,56,,(栗),高橋康之,1350,0.4,,8,7,34.5,55.2,*,53.53,53.1,0.7,444,-6,,(10.8),,,,,,
,251013,3京5,2,未勝利・牝*,ジェイパック,,牝,2,松若風馬, 55 ,10,10,"  ","  ","  ","  ",,8,６,芝,1600,A,良,0,,(栗),宮本博,1350,0.4,,4,5,34.9,53.3,*,53.53,53.1,0.3,448,+2,,(45.6),,,,,,
,251013,3京5,2,未勝利・牝*,ナムラオリガミ,,牝,2,小崎綾也, 55 ,10,3,"  ","  ","  ","  ",,10,７,芝,1600,A,良,0,,(栗),高橋一哉,1350,0.4,,4,5,34.9,53.3,*,53.53,53.1,0.3,446,+6,,(132.3),,,,,,
,251013,3京5,2,未勝利・牝*,オドワローズ,,牝,2,小沢大仁, 55 ,10,4,"  ","  ","  ","  ",,9,８,芝,1600,A,良,0,*,(栗),渡辺薫彦,1357,1.1,,10,10,35.1,53.6,,53.53,53.1,0.8,442,0,B,(123.9),,,,,,
,251013,3京5,2,未勝利・牝*,アイク,,牝,2,岩田望来, 55 ,10,8,"  ","  ","  ","  ",,6,９,芝,1600,A,良,0,,(栗),佐藤悠太,1357,1.1,,3,2,35.7,50.8,,53.53,53.1,0.2,420,+8,,(19.9),,,,,,
,251013,3京5,2,未勝利・牝*,サラサチャーミング,,牝,2,柴田裕一,52▲,10,1,"  ","  ","  ","  ",,7,10,芝,1600,A,良,0,,(栗),高柳大輔,1359,1.3,,8,9,35.5,52.1,,53.53,53.1,0.6,412,+2,,(40.9),,,,,,
,251013,3京5,1,未勝利*,ライトオブヌカタ,,牡,2,岩田康誠, 56 ,8,8,"  ","  ","  ","  ",,4,１,ダ,1400,,良,560,,(栗),上村洋行,1254,-0.3,,3,3,38.0,43.6,*,41.37,41.8,0.4,496,-2,,870,150,,680,1840,780,6510
,251013,3京5,1,未勝利*,カッタッパ,,牡,2,団野大成, 56 ,8,1,"  ","  ","  ","  ",,1,２,ダ,1400,,良,220,,(栗),森秀行,1257,0.3,,2,2,38.5,41.9,*,41.37,41.8,0.2,484,+4,,(1.7),110,,680,1840,780,6510
,251013,3京5,1,未勝利*,ネメス,,牡,2,北村友一, 56 ,8,5,"  ","  ","  ","  ",,3,３,ダ,1400,,良,140,,(栗),坂口智康,1268,1.4,,1,1,39.8,38.6,*,41.37,41.8,0.0,478,0,,(4.8),120,,,,780,6510
,251013,3京5,1,未勝利*,サマーブリザード,,牡,2,西塚洸二,55☆,8,6,"  ","  ","  ","  ",,6,４,ダ,1400,,良,84,,(栗),吉田直弘,1268,1.4,,5,5,38.5,44.1,*,41.37,41.8,1.3,452,-8,,(42.9),,,,,,
,251013,3京5,1,未勝利*,アーデントアイ,,牡,2,高杉吏麒, 56 ,8,7,"  ","  ","  ","  ",,5,５,ダ,1400,,良,56,,(栗),高柳大輔,1268,1.4,,4,4,39.0,41.9,,41.37,41.8,0.8,444,-2,,(10.7),,,,,,
,251013,3京5,1,未勝利*,キープシャイニング,,牡,2,田口貫太, 56 ,8,4,"  ","  ","  ","  ",,2,６,ダ,1400,,良,0,,(栗),長谷川浩,1272,1.8,,6,6,38.5,44.9,*,41.37,41.8,1.7,494,+2,B,(4.5),,,,,,
,251013,3京5,1,未勝利*,ケンフィールド,,牡,2,古川吉洋, 56 ,8,2,"  ","  ","  ","  ",,7,７,ダ,1400,,良,0,,(栗),大根田裕,1275,2.1,,6,6,38.9,43.7,,41.37,41.8,1.6,470,-8,,(142.5),,,,,,
,251013,3京5,1,未勝利*,ナンテヒダ,,牡,2,柴田裕一,53▲,8,3,"  ","  ","  ","  ",,8,８,ダ,1400,,良,0,,(栗),中尾秀正,1277,2.3,,8,8,38.6,45.4,,41.37,41.8,2.1,448,+2,,(151.9),,,,,,
,251012,3京4,12,１勝ｸﾗｽ,ワンモアスマイル,,牡,3,坂井瑠星, 56 ,18,17,"  ","  ","  ","  ",,5,１,芝,1600,A,良,800,,(栗),藤岡健一,1327,-0.1,,5,5,33.5,56.0,*,54.60,52.2,0.8,454,-2,B,830,250,2660,9190,16490,16170,126760
,251012,3京4,12,１勝ｸﾗｽ,ミッキースターダム,,セ,4,高杉吏麒, 58 ,18,4,"  ","  ","  ","  ",,8,２,芝,1600,A,良,320,,(栗),前川恭子,1328,0.1,,1,1,34.4,51.9,*,54.60,52.2,0.0,458,-2,,(23.3),560,2660,9190,16490,16170,126760
,251012,3京4,12,１勝ｸﾗｽ,シャイフ,,牡,3,西村淳也, 56 ,18,13,"  ","  ","  ","  ",,2,３,芝,1600,A,良,200,,(栗),池添学,1329,0.2,,8,6,33.6,55.9,*,54.60,52.2,0.9,476,0,,(4.8),210,,,,16170,126760
,251012,3京4,12,１勝ｸﾗｽ,ラトラース,,セ,3,川田将雅, 56 ,18,15,"  ","  ","  ","  ",,1,４,芝,1600,A,良,120,,(栗),中内田充,1329,0.2,,3,3,34.0,53.9,*,54.60,52.2,0.5,476,+14,,(4.7),,,,,,
,251012,3京4,12,１勝ｸﾗｽ,ニシノイツキムスメ,,牝,3,和田竜二, 54 ,18,9,"  ","  ","  ","  ",,11,５,芝,1600,A,良,80,,(栗),北出成人,1332,0.5,,3,3,34.2,53.5,*,54.60,52.2,0.6,418,+2,,(60.1),,,,,,
,251012,3京4,12,１勝ｸﾗｽ,ハレアカラフラ,,牝,5,池添謙一, 56 ,18,12,"  ","  ","  ","  ",,14,６,芝,1600,A,良,0,,(栗),吉田直弘,1332,0.5,,2,2,34.4,52.6,*,54.60,52.2,0.4,482,+8,,(137.7),,,,,,
,251012,3京4,12,１勝ｸﾗｽ,ラージギャラリー,,牝,3,鮫島克駿, 54 ,18,3,"  ","  ","  ","  ",,6,７,芝,1600,A,良,0,,(栗),高橋亮,1333,0.6,,5,6,34.0,54.6,*,54.60,52.2,0.9,484,+18,,(10.9),,,,,,
,251012,3京4,12,１勝ｸﾗｽ,フェイトライン,,牡,3,団野大成, 56 ,18,1,"  ","  ","  ","  ",,7,８,芝,1600,A,良,0,,(栗),斉藤崇史,1333,0.6,,9,9,33.8,55.6,*,54.60,52.2,1.1,520,-4,B,(11.1),,,,,,
,251012,3京4,12,１勝ｸﾗｽ,レベルスルール,,牡,3,田口貫太, 56 ,18,5,"  ","  ","  ","  ",,3,９,芝,1600,A,良,0,,(栗),池江泰寿,1333,0.6,,11,12,33.6,56.6,*,54.60,52.2,1.3,504,+4,,(4.9),,,,,,
,251012,3京4,12,１勝ｸﾗｽ,ジーティーマン,,牡,3,北村友一, 56 ,18,14,"  ","  ","  ","  ",,4,10,芝,1600,A,良,0,,(栗),小栗実,1335,0.8,,17,15,33.6,57.0,*,54.60,52.2,1.5,492,-2,,(6.1),,,,,,
,251012,3京4,12,１勝ｸﾗｽ,ホウオウペトリュス,,牝,4,大久保友,53▲,18,7,"  ","  ","  ","  ",,13,11,芝,1600,A,良,0,,(栗),須貝尚介,1335,0.8,,15,12,33.7,56.5,*,54.60,52.2,1.4,464,-2,,(82.8),,,,,,
,251012,3京4,12,１勝ｸﾗｽ,ミッキーストライク,,牡,4,松若風馬, 58 ,18,18,"  ","  ","  ","  ",,10,12,芝,1600,A,良,0,,(栗),矢作芳人,1335,0.8,,14,6,34.0,55.0,*,54.60,52.2,1.1,520,+6,,(36.6),,,,,,
,251012,3京4,12,１勝ｸﾗｽ,グローブアマランス,,牝,4,西塚洸二,55☆,18,8,"  ","  ","  ","  ",,9,13,芝,1600,A,良,0,,(栗),中尾秀正,1335,0.8,,5,9,34.1,54.5,*,54.60,52.2,1.0,484,+18,,(33.5),,,,,,
,251012,3京4,12,１勝ｸﾗｽ,テクノデザイン,,牝,5,鷲頭虎太,54△,18,10,"  ","  ","  ","  ",,15,14,芝,1600,A,良,0,,(栗),千田輝彦,1336,0.9,,11,16,33.9,55.7,*,54.60,52.2,1.3,446,0,,(166.9),,,,,,
,251012,3京4,12,１勝ｸﾗｽ,メイショウオオミネ,,牡,5,角田大和, 58 ,18,11,"  ","  ","  ","  ",,17,15,芝,1600,A,良,0,,(栗),石橋守,1336,0.9,,15,16,33.7,56.6,*,54.60,52.2,1.5,452,-2,,(287.2),,,,,,
,251012,3京4,12,１勝ｸﾗｽ,オレノアイバ,,牡,5,酒井学, 58 ,18,6,"  ","  ","  ","  ",,16,16,芝,1600,A,良,0,,(栗),高橋康之,1338,1.1,,9,12,34.3,54.1,,54.60,52.2,1.1,472,+12,,(280.1),,,,,,
,251012,3京4,12,１勝ｸﾗｽ,デリュージョン,,牡,3,城戸義政, 56 ,18,16,"  ","  ","  ","  ",,12,17,芝,1600,A,良,0,,(栗),奥村豊,1340,1.3,,11,11,34.5,53.5,,54.60,52.2,1.1,466,-2,,(71.6),,,,,,
,251012,3京4,12,１勝ｸﾗｽ,ピエナオルフェ,,牡,4,田中健, 58 ,18,2,"  ","  ","  ","  ",,18,18,芝,1600,A,良,0,,(栗),荒川義之,1341,1.4,,17,18,34.0,56.1,,54.60,52.2,1.7,452,-6,,(311.7),,,,,,
,251012,3京4,11,太秦Ｓ,ハピ,,牡,6,菱田裕二, 58 ,9,8,"  ","  ","  ","  ",,5,１,ダ,1800,,良,2200,,(栗),大久保龍,1504,-0.3,8,6,5,35.6,55.1,*,52.73,51.2,0.9,488,+10,,910,200,5850,17870,37400,7490,98250
,251012,3京4,11,太秦Ｓ,カネトシゴウト,,牡,4,高杉吏麒, 57 ,9,5,"  ","  ","  ","  ",,8,２,ダ,1800,,良,880,,(栗),大橋勇樹,1507,0.3,2,2,2,36.6,51.2,*,52.73,51.2,0.2,466,0,,(44.8),550,5850,17870,37400,7490,98250
,251012,3京4,11,太秦Ｓ,ジンセイ,,牡,4,川田将雅, 57 ,9,6,"  ","  ","  ","  ",,1,３,ダ,1800,,良,550,,(栗),庄野靖志,1509,0.5,4,3,3,36.5,51.9,*,52.73,51.2,0.5,514,+2,,(1.9),110,,,,7490,98250
,251012,3京4,11,太秦Ｓ,ハビレ,,牡,4,池添謙一, 57 ,9,2,"  ","  ","  ","  ",,4,４,ダ,1800,,良,330,,(美),武井亮,1509,0.5,9,8,8,35.8,54.9,*,52.73,51.2,1.2,508,+2,,(8.7),,,,,,
,251012,3京4,11,太秦Ｓ,サーマルソアリング,,牝,5,北村友一, 55 ,9,3,"  ","  ","  ","  ",,6,５,ダ,1800,,良,220,,(栗),藤原英昭,1510,0.6,1,1,1,37.1,49.6,*,52.73,51.2,0.0,506,+16,,(16.0),,,,,,
,251012,3京4,11,太秦Ｓ,ルヴァンユニベール,,牡,3,和田竜二, 55 ,9,9,"  ","  ","  ","  ",,2,６,ダ,1800,,良,0,,(栗),北出成人,1511,0.7,3,3,3,36.8,51.0,*,52.73,51.2,0.4,552,+10,,(4.0),,,,,,
,251012,3京4,11,太秦Ｓ,タイセイドレフォン,,牡,6,田口貫太, 58 ,9,7,"  ","  ","  ","  ",,7,７,ダ,1800,,良,0,,(栗),西村真幸,1514,1.0,5,5,5,36.8,51.4,*,52.73,51.2,0.7,500,0,,(31.8),,,,,,
,251012,3京4,11,太秦Ｓ,エナハツホ,,牝,6,西塚洸二, 55 ,9,4,"  ","  ","  ","  ",,9,８,ダ,1800,,良,0,,(栗),吉田直弘,1515,1.1,7,6,7,36.8,51.5,,52.73,51.2,0.8,470,+4,,(124.7),,,,,,
,251012,3京4,10,三年坂Ｈ･3勝,ブエナオンダ,,牡,4,川田将雅, 56 ,13,4,"  ","  ","  ","  ",,3,１,芝,1600,A,良,1840,,(栗),須貝尚介,1321,-0.0,,7,6,33.5,55.0,*,55.37,52.1,0.6,456,+4,,690,180,690,950,2300,1860,12600
,251012,3京4,10,三年坂Ｈ･3勝,マイネルチケット,,牡,3,和田竜二, 56 ,13,2,"  ","  ","  ","  ",,1,２,芝,1600,A,良,740,,(栗),宮徹,1321,0.0,,6,6,33.6,54.5,*,55.37,52.1,0.5,474,+8,,(2.6),120,690,950,2300,1860,12600
,251012,3京4,10,三年坂Ｈ･3勝,ウォーターガーベラ,,牝,3,高杉吏麒, 54 ,13,11,"  ","  ","  ","  ",,2,３,芝,1600,A,良,460,,(栗),石橋守,1322,0.1,,12,12,33.2,56.6,*,55.37,52.1,1.0,452,+14,,(5.4),190,,,,1860,12600
,251012,3京4,10,三年坂Ｈ･3勝,プッシュオン,,牡,5,坂井瑠星, 56 ,13,9,"  ","  ","  ","  ",,4,４,芝,1600,A,良,280,,(栗),西村真幸,1322,0.1,,13,13,33.1,57.1,*,55.37,52.1,1.1,458,-2,,(9.0),,,,,,
,251012,3京4,10,三年坂Ｈ･3勝,ミエスペランサ,,牝,4,団野大成, 54 ,13,10,"  ","  ","  ","  ",,7,５,芝,1600,A,良,184,,(栗),池江泰寿,1323,0.2,,11,9,33.5,55.3,*,55.37,52.1,0.8,452,+14,,(15.3),,,,,,
,251012,3京4,10,三年坂Ｈ･3勝,エポックヴィーナス,,牝,4,田口貫太, 54 ,13,6,"  ","  ","  ","  ",,9,６,芝,1600,A,良,0,,(栗),新谷功一,1324,0.3,,9,9,33.7,54.5,*,55.37,52.1,0.7,444,+2,,(20.7),,,,,,
,251012,3京4,10,三年坂Ｈ･3勝,エアミアーニ,,セ,7,角田大和, 54 ,13,8,"  ","  ","  ","  ",,12,７,芝,1600,A,良,0,,(栗),笹田和秀,1324,0.3,,7,6,33.8,54.0,*,55.37,52.1,0.6,456,+2,,(107.0),,,,,,
,251012,3京4,10,三年坂Ｈ･3勝,サムハンター,,牡,7,斎藤新, 54 ,13,12,"  ","  ","  ","  ",,13,８,芝,1600,A,良,0,,(栗),高橋康之,1325,0.4,,1,1,34.5,50.9,*,55.37,52.1,0.0,502,+16,,(132.2),,,,,,
,251012,3京4,10,三年坂Ｈ･3勝,ケイデンシーマーク,,牝,5,鮫島克駿, 53 ,13,1,"  ","  ","  ","  ",,6,９,芝,1600,A,良,0,,(栗),福永祐一,1325,0.4,,3,4,34.2,52.3,*,55.37,52.1,0.3,448,+2,B,(12.9),,,,,,
,251012,3京4,10,三年坂Ｈ･3勝,ファインライン,,牡,4,池添謙一, 55 ,13,3,"  ","  ","  ","  ",,5,10,芝,1600,A,良,0,,(栗),松永幹夫,1328,0.7,,9,9,34.1,53.3,*,55.37,52.1,0.7,484,+4,,(11.3),,,,,,
,251012,3京4,10,三年坂Ｈ･3勝,メルトユアハート,,牝,4,吉村誠之, 53 ,13,13,"  ","  ","  ","  ",,10,11,芝,1600,A,良,0,,(栗),長谷川浩,1328,0.7,,5,4,34.5,51.4,*,55.37,52.1,0.3,508,+4,B,(23.7),,,,,,
,251012,3京4,10,三年坂Ｈ･3勝,ウインレイアー,,牝,5,西村淳也, 54 ,13,7,"  ","  ","  ","  ",,11,12,芝,1600,A,良,0,,(美),和田雄二,1328,0.7,,3,2,34.6,50.9,*,55.37,52.1,0.2,460,0,,(26.4),,,,,,
,251012,3京4,10,三年坂Ｈ･3勝,ブリックワーク,,牝,4,西塚洸二, 53 ,13,5,"  ","  ","  ","  ",,8,13,芝,1600,A,良,0,,(栗),辻野泰之,1330,0.9,,2,2,34.9,49.9,*,55.37,52.1,0.1,432,-8,B,(15.6),,,,,,
,251012,3京4,9,円山特別･2勝,アメリカンビキニ,,牝,3,団野大成, 55 ,14,11,"  ","  ","  ","  ",,1,１,ダ,1200,,良,1550,,(栗),斉藤崇史,1101,-0.2,,1,1,35.8,45.8,*,48.03,45.8,0.0,518,+8,,220,120,400,410,660,790,2630
,251012,3京4,9,円山特別･2勝,アスタールフナ,,牝,3,川田将雅, 55 ,14,8,"  ","  ","  ","  ",,2,２,ダ,1200,,良,620,,(栗),中竹和也,1103,0.2,,2,2,35.7,46.9,*,48.03,45.8,0.3,452,0,,(4.4),140,400,410,660,790,2630
,251012,3京4,9,円山特別･2勝,ウルスクローム,,牡,3,高杉吏麒, 57 ,14,14,"  ","  ","  ","  ",,3,３,ダ,1200,,良,390,,(栗),大橋勇樹,1105,0.4,,7,7,35.0,51.4,*,48.03,45.8,1.2,488,+8,,(5.2),150,,,,790,2630
,251012,3京4,9,円山特別･2勝,ランウインディ,,牝,4,国分優作, 56 ,14,12,"  ","  ","  ","  ",,7,４,ダ,1200,,良,230,,(栗),中尾秀正,1108,0.7,,4,4,35.9,47.2,*,48.03,45.8,0.6,460,0,,(26.4),,,,,,
,251012,3京4,9,円山特別･2勝,ズバットマサムネ,,セ,4,荻野琢真, 58 ,14,3,"  ","  ","  ","  ",,10,５,ダ,1200,,良,155,,(栗),杉山佳明,1110,0.9,,5,6,35.9,47.8,*,48.03,45.8,0.8,494,+2,,(69.1),,,,,,
,251012,3京4,9,円山特別･2勝,スペシャルナンバー,,牡,6,斎藤新, 58 ,14,9,"  ","  ","  ","  ",,12,６,ダ,1200,,良,0,,(栗),西村真幸,1111,1.0,,9,10,35.3,51.4,*,48.03,45.8,1.5,502,+6,,(104.7),,,,,,
,251012,3京4,9,円山特別･2勝,セントールビースト,,牡,3,田山旺佑, 57 ,14,13,"  ","  ","  ","  ",,6,７,ダ,1200,,良,0,,(栗),羽月友彦,1113,1.2,,2,2,36.6,44.8,,48.03,45.8,0.4,436,+14,,(14.8),,,,,,
,251012,3京4,9,円山特別･2勝,プレアデスグループ,,牝,4,鮫島克駿, 56 ,14,5,"  ","  ","  ","  ",,5,８,ダ,1200,,良,0,,(栗),吉岡辰弥,1113,1.2,,7,7,35.8,49.2,*,48.03,45.8,1.2,446,+2,,(11.3),,,,,,
,251012,3京4,9,円山特別･2勝,パールフロント,,牝,3,川又賢治, 55 ,14,6,"  ","  ","  ","  ",,4,９,ダ,1200,,良,0,,(栗),寺島良,1113,1.2,,6,5,36.1,47.5,,48.03,45.8,0.9,540,+2,B,(9.4),,,,,,
,251012,3京4,9,円山特別･2勝,ヒルノピレネー,,牡,5,秋山稔樹, 58 ,14,10,"  ","  ","  ","  ",,8,10,ダ,1200,,良,0,,(栗),北出成人,1114,1.3,,13,12,35.1,53.4,*,48.03,45.8,2.0,452,+8,,(27.2),,,,,,
,251012,3京4,9,円山特別･2勝,サンガネーブ,,牡,5,吉村誠之, 58 ,14,4,"  ","  ","  ","  ",,9,11,ダ,1200,,良,0,,(栗),田中克典,1121,2.0,,9,9,36.3,48.6,,48.03,45.8,1.5,500,0,B,(54.3),,,,,,
,251012,3京4,9,円山特別･2勝,カツラノキサノキ,,牡,4,岩田康誠, 58 ,14,1,"  ","  ","  ","  ",,13,12,ダ,1200,,良,0,,(栗),庄野靖志,1121,2.0,,11,11,36.2,49.2,,48.03,45.8,1.6,494,0,,(157.2),,,,,,
,251012,3京4,9,円山特別･2勝,ストームバンガード,,牡,4,田口貫太, 58 ,14,2,"  ","  ","  ","  ",,11,13,ダ,1200,,良,0,,(栗),岡田稲男,1123,2.2,,13,14,35.9,51.4,,48.03,45.8,2.1,498,-8,B,(104.3),,,,,,
,251012,3京4,9,円山特別･2勝,イルザ,,牝,6,菱田裕二, 56 ,14,7,"  ","  ","  ","  ",,14,14,ダ,1200,,良,0,,(美),小手川準,1129,2.8,,11,12,36.7,48.6,,48.03,45.8,1.9,470,0,,(225.1),,,,,,
,251012,3京4,8,２勝ｸﾗｽ・牝,ルージュミラージュ,,牝,3,森田誠也,51▲,14,4,"  ","  ","  ","  ",,5,１,ダ,1800,,良,1140,,(栗),武幸四郎,1517,-0.8,2,1,1,37.0,50.9,*,52.67,50.9,0.0,446,-2,,1090,530,3210,15890,34860,66650,451470
,251012,3京4,8,２勝ｸﾗｽ・牝,ウィンターダフネ,,牝,5,柴田裕一,53▲,14,11,"  ","  ","  ","  ",,10,２,ダ,1800,,良,460,,(美),国枝栄,1525,0.8,12,13,12,36.4,54.5,*,52.67,50.9,1.4,484,0,,(37.8),900,3210,15890,34860,66650,451470
,251012,3京4,8,２勝ｸﾗｽ・牝,フクキタテーラー,,牝,3,菱田裕二, 54 ,14,14,"  ","  ","  ","  ",,9,３,ダ,1800,,良,290,,(栗),緒方努,1526,0.9,12,8,8,36.9,52.6,*,52.67,50.9,1.0,442,+2,,(18.6),550,,,,66650,451470
,251012,3京4,8,２勝ｸﾗｽ・牝,メイショウタムシバ,,牝,4,池添謙一, 56 ,14,3,"  ","  ","  ","  ",,8,４,ダ,1800,,良,170,,(栗),飯田祐史,1527,1.0,8,7,6,37.2,51.5,*,52.67,50.9,0.8,446,+4,,(18.6),,,,,,
,251012,3京4,8,２勝ｸﾗｽ・牝,オーケーカルメン,,牝,4,泉谷楓真, 56 ,14,1,"  ","  ","  ","  ",,14,５,ダ,1800,,良,114,,(栗),奥村豊,1528,1.1,1,2,2,38.1,48.0,*,52.67,50.9,0.0,434,+6,,(221.0),,,,,,
,251012,3京4,8,２勝ｸﾗｽ・牝,シンコーナホチャン,,牝,4,国分優作, 56 ,14,2,"  ","  ","  ","  ",,2,６,ダ,1800,,良,0,,(栗),畑端省吾,1528,1.1,9,12,8,36.8,53.3,*,52.67,50.9,1.3,482,+12,,(6.7),,,,,,
,251012,3京4,8,２勝ｸﾗｽ・牝,オーケアニス,,牝,3,坂井瑠星, 54 ,14,8,"  ","  ","  ","  ",,1,７,ダ,1800,,良,0,,(栗),松永幹夫,1530,1.3,3,3,3,37.9,49.1,,52.67,50.9,0.4,458,-2,,(2.0),,,,,,
,251012,3京4,8,２勝ｸﾗｽ・牝,メイショウリリー,,牝,4,藤懸貴志, 56 ,14,7,"  ","  ","  ","  ",,7,８,ダ,1800,,良,0,,(栗),高橋義忠,1531,1.4,14,14,13,36.8,53.7,*,52.67,50.9,1.6,436,-10,,(17.3),,,,,,
,251012,3京4,8,２勝ｸﾗｽ・牝,ツキノアカリ,,牝,3,田山旺佑,51▲,14,9,"  ","  ","  ","  ",,3,９,ダ,1800,,良,0,,(栗),牧田和弥,1531,1.4,6,5,4,37.7,50.0,,52.67,50.9,0.7,464,+18,,(7.1),,,,,,
,251012,3京4,8,２勝ｸﾗｽ・牝,キタノブライド,,牝,5,古川吉洋, 56 ,14,5,"  ","  ","  ","  ",,12,10,ダ,1800,,良,0,*,(栗),坂口智康,1532,1.5,10,10,11,37.4,51.3,,52.67,50.9,1.1,450,+8,,(195.1),,,,,,
,251012,3京4,8,２勝ｸﾗｽ・牝,タマモナポリ,,牝,4,岩田康誠, 56 ,14,12,"  ","  ","  ","  ",,6,11,ダ,1800,,良,0,,(栗),河嶋宏樹,1533,1.6,4,5,6,37.9,49.5,,52.67,50.9,0.7,474,+18,,(14.3),,,,,,
,251012,3京4,8,２勝ｸﾗｽ・牝,プウスカンドゥール,,牝,5,中井裕二, 56 ,14,10,"  ","  ","  ","  ",,11,12,ダ,1800,,良,0,*,(栗),坂口智康,1533,1.6,10,8,8,37.6,50.7,,52.67,50.9,1.0,460,-8,,(96.0),,,,,,
,251012,3京4,8,２勝ｸﾗｽ・牝,ルナビス,,牝,5,田口貫太, 56 ,14,6,"  ","  ","  ","  ",,4,13,ダ,1800,,良,0,,(栗),森田直行,1534,1.7,4,4,4,38.2,48.4,,52.67,50.9,0.5,492,0,,(10.1),,,,,,
,251012,3京4,8,２勝ｸﾗｽ・牝,ミレニアムヒロイン,,牝,4,高杉吏麒, 56 ,14,13,"  ","  ","  ","  ",,13,14,ダ,1800,,良,0,,(美),池上昌和,1552,3.5,6,10,13,39.2,46.9,,52.67,50.9,1.3,442,0,,(210.4),,,,,,
,251012,3京4,7,１勝ｸﾗｽ,ランツフート,,牡,3,松本大輝,54☆,13,5,"  ","  ","  ","  ",,9,１,芝,2400,A,良,800,,(栗),大久保龍,2264,-0.1,2,3,3,33.8,61.0,*,60.27,59.8,0.3,462,+8,,2390,760,1390,8010,19300,30310,210540
,251012,3京4,7,１勝ｸﾗｽ,レジェンドシップ,,セ,5,西村淳也, 58 ,13,10,"  ","  ","  ","  ",,4,２,芝,2400,A,良,320,,(栗),佐藤悠太,2265,0.1,4,4,3,33.9,60.7,*,60.27,59.8,0.3,456,-4,,(8.2),290,1390,8010,19300,30310,210540
,251012,3京4,7,１勝ｸﾗｽ,サイモンベローチェ,,牡,3,酒井学, 55 ,13,7,"  ","  ","  ","  ",,2,３,芝,2400,A,良,200,,(栗),佐々木晶,2266,0.2,1,1,1,34.3,59.1,*,60.27,59.8,0.0,544,+4,,(6.0),260,,,,30310,210540
,251012,3京4,7,１勝ｸﾗｽ,ジュンライデン,,牡,3,西塚洸二,54☆,13,4,"  ","  ","  ","  ",,6,４,芝,2400,A,良,120,,(栗),友道康夫,2267,0.3,5,5,5,33.9,60.9,*,60.27,59.8,0.5,520,+22,,(9.6),,,,,,
,251012,3京4,7,１勝ｸﾗｽ,アットアブラスト,,セ,5,吉村誠之,57☆,13,12,"  ","  ","  ","  ",,12,５,芝,2400,A,良,80,,(栗),小椋研介,2267,0.3,6,5,5,33.9,60.9,*,60.27,59.8,0.5,460,+2,B,(53.7),,,,,,
,251012,3京4,7,１勝ｸﾗｽ,ホウオウレイヴン,,セ,3,坂井瑠星, 55 ,13,8,"  ","  ","  ","  ",,1,６,芝,2400,A,良,0,,(栗),矢作芳人,2268,0.4,10,8,8,33.7,61.9,*,60.27,59.8,0.8,456,-2,,(2.7),,,,,,
,251012,3京4,7,１勝ｸﾗｽ,ヘルツアス,,牝,4,松若風馬, 56 ,13,6,"  ","  ","  ","  ",,8,７,芝,2400,A,良,0,,(栗),森田直行,2268,0.4,2,2,2,34.4,58.9,*,60.27,59.8,0.1,426,+10,,(20.6),,,,,,
,251012,3京4,7,１勝ｸﾗｽ,ファームツエンティ,,セ,5,高倉稜, 58 ,13,11,"  ","  ","  ","  ",,3,８,芝,2400,A,良,0,,(栗),北出成人,2268,0.4,12,10,10,33.5,62.7,*,60.27,59.8,1.0,450,+6,,(7.0),,,,,,
,251012,3京4,7,１勝ｸﾗｽ,シャインバオバブ,,牡,3,太宰啓介, 55 ,13,9,"  ","  ","  ","  ",,10,９,芝,2400,A,良,0,,(栗),本田優,2269,0.5,6,5,5,34.1,60.3,*,60.27,59.8,0.5,498,+6,,(29.0),,,,,,
,251012,3京4,7,１勝ｸﾗｽ,テイクザクラウン,,牡,4,斎藤新, 58 ,13,2,"  ","  ","  ","  ",,5,10,芝,2400,A,良,0,,(栗),吉村圭司,2270,0.6,9,10,10,33.7,62.1,*,60.27,59.8,1.0,444,+4,,(9.1),,,,,,
,251012,3京4,7,１勝ｸﾗｽ,サンセットビュー,,牝,4,田口貫太, 56 ,13,1,"  ","  ","  ","  ",,7,11,芝,2400,A,良,0,,(栗),新谷功一,2270,0.6,8,8,8,33.9,61.2,*,60.27,59.8,0.8,458,+2,B,(13.4),,,,,,
,251012,3京4,7,１勝ｸﾗｽ,ジャスティンライズ,,セ,4,菱田裕二, 58 ,13,3,"  ","  ","  ","  ",,13,12,芝,2400,A,良,0,,(栗),吉岡辰弥,2273,0.9,10,10,10,33.9,61.5,*,60.27,59.8,1.1,530,+2,,(92.0),,,,,,
,251012,3京4,7,１勝ｸﾗｽ,ボナペティアスク,,牝,3,和田陽希,50▲,13,13,"  ","  ","  ","  ",,11,13,芝,2400,A,良,0,,(栗),梅田智之,2273,0.9,13,13,13,33.5,63.2,*,60.27,59.8,1.5,462,+2,,(45.8),,,,,,
,251012,3京4,6,新馬,タマモフリージア,,牝,2,田口貫太, 55 ,16,13,"  ","  ","  ","  ",,8,１,ダ,1800,,良,750,,(栗),大橋勇樹,1545,-0.6,4,4,2,37.9,51.1,*,51.23,49.5,0.4,494,,,2590,440,1740,3920,11760,16890,128650
,251012,3京4,6,新馬,シオンダンサー,,牝,2,川田将雅, 55 ,16,6,"  ","  ","  ","  ",,1,２,ダ,1800,,良,300,,(栗),斉藤崇史,1551,0.6,4,4,6,38.5,49.5,*,51.23,49.5,0.4,464,,,(3.3),160,1740,3920,11760,16890,128650
,251012,3京4,6,新馬,メンデレーエフ,,牡,2,富田暁, 56 ,16,7,"  ","  ","  ","  ",,7,３,ダ,1800,,良,190,,(栗),野中賢二,1551,0.6,12,11,9,37.6,53.1,*,51.23,49.5,1.3,480,,,(21.1),520,,,,16890,128650
,251012,3京4,6,新馬,テイエムゴッホ,,牡,2,和田竜二, 56 ,16,8,"  ","  ","  ","  ",,13,４,ダ,1800,,良,110,,(栗),浜田多実,1552,0.7,1,1,1,39.0,47.7,*,51.23,49.5,0.0,512,,,(118.3),,,,,,
,251012,3京4,6,新馬,ダンジョンヒーロー,,牡,2,藤懸貴志, 56 ,16,16,"  ","  ","  ","  ",,5,５,ダ,1800,,良,75,,(栗),石坂公一,1555,1.0,3,2,2,39.1,47.7,*,51.23,49.5,0.2,458,,,(13.1),,,,,,
,251012,3京4,6,新馬,サンライズアーサー,,牡,2,鮫島克駿, 56 ,16,12,"  ","  ","  ","  ",,12,６,ダ,1800,,良,0,,(栗),前川恭子,1557,1.2,10,8,7,38.4,50.7,*,51.23,49.5,1.1,490,,,(82.2),,,,,,
,251012,3京4,6,新馬,ジューンレトリバー,,牡,2,吉村誠之,55☆,16,4,"  ","  ","  ","  ",,4,７,ダ,1800,,良,0,,(栗),長谷川浩,1558,1.3,4,4,2,39.2,47.7,,51.23,49.5,0.4,478,,,(6.6),,,,,,
,251012,3京4,6,新馬,ディアギレフ,,牡,2,西塚洸二,55☆,16,2,"  ","  ","  ","  ",,11,８,ダ,1800,,良,0,,(栗),中村直也,1560,1.5,12,11,11,38.5,50.6,*,51.23,49.5,1.3,498,,,(71.5),,,,,,
,251012,3京4,6,新馬,リフラ,,牡,2,高杉吏麒, 56 ,16,3,"  ","  ","  ","  ",,2,９,ダ,1800,,良,0,,(栗),西村真幸,1569,2.4,14,8,9,39.6,47.6,,51.23,49.5,1.1,480,,,(3.4),,,,,,
,251012,3京4,6,新馬,クリコファルコン,,牡,2,田山旺佑,53▲,16,10,"  ","  ","  ","  ",,16,10,ダ,1800,,良,0,,(栗),谷潔,1573,2.8,4,7,7,40.3,45.5,,51.23,49.5,0.8,446,,,(181.1),,,,,,
,251012,3京4,6,新馬,ブルームザスマイル,,牝,2,河原田菜,51★,16,1,"  ","  ","  ","  ",,10,11,ダ,1800,,良,0,,(栗),鈴木孝志,1577,3.2,8,14,15,39.8,47.9,,51.23,49.5,1.7,434,,,(54.9),,,,,,
,251012,3京4,6,新馬,メイショウハチマキ,,牡,2,和田陽希,53▲,16,5,"  ","  ","  ","  ",,14,12,ダ,1800,,良,0,,(栗),飯田祐史,1578,3.3,15,16,16,38.9,51.4,,51.23,49.5,2.7,496,,,(147.0),,,,,,
,251012,3京4,6,新馬,ゲキオコプンプン,,牝,2,西村淳也, 55 ,16,14,"  ","  ","  ","  ",,6,13,ダ,1800,,良,0,,(栗),今野貞一,1582,3.7,2,2,2,41.8,41.4,,51.23,49.5,0.2,484,,,(19.8),,,,,,
,251012,3京4,6,新馬,クモンリュウ,,牡,2,松若風馬, 56 ,16,9,"  ","  ","  ","  ",,9,14,ダ,1800,,良,0,,(栗),牧田和弥,1585,4.0,10,11,12,40.9,44.9,,51.23,49.5,1.4,554,,,(29.5),,,,,,
,251012,3京4,6,新馬,コラカオ,,牡,2,小沢大仁, 56 ,16,15,"  ","  ","  ","  ",,15,15,ダ,1800,,良,0,,(栗),坂口智康,1590,4.5,15,14,12,41.2,44.4,,51.23,49.5,1.6,500,,,(158.1),,,,,,
,251012,3京4,6,新馬,ゴールデンバランス,,牡,2,坂井瑠星, 56 ,16,11,"  ","  ","  ","  ",,3,16,ダ,1800,,良,0,,(栗),杉山晴紀,2004,5.9,9,8,14,43.0,40.0,,51.23,49.5,1.2,520,,,(5.0),,,,,,
,251012,3京4,5,新馬,ヴィサージュ,,牡,2,藤岡佑介, 56 ,13,13,"  ","  ","  ","  ",,5,１,芝,2000,A,良,750,,(栗),大久保龍,2005,-0.0,9,4,7,33.6,60.8,*,59.90,53.4,1.7,498,,,1400,450,13600,15710,21030,65730,483050
,251012,3京4,5,新馬,アメティスタ,,牝,2,高杉吏麒, 55 ,13,2,"  ","  ","  ","  ",,8,２,芝,2000,A,良,300,,(栗),牧浦充徳,2005,0.0,3,4,4,33.8,59.9,*,59.90,53.4,1.5,462,,,(27.1),670,13600,15710,21030,65730,483050
,251012,3京4,5,新馬,ビクスバイト,,牝,2,鮫島克駿, 55 ,13,11,"  ","  ","  ","  ",,9,３,芝,2000,A,良,190,,(栗),佐藤悠太,2005,0.0,2,2,2,34.0,59.0,*,59.90,53.4,1.3,454,,,(34.6),930,,,,65730,483050
,251012,3京4,5,新馬,ショウナンバンライ,,牡,2,池添謙一, 56 ,13,10,"  ","  ","  ","  ",,2,４,芝,2000,A,良,110,,(栗),松下武士,2009,0.4,3,3,3,34.3,58.2,*,59.90,53.4,1.4,462,,,(3.3),,,,,,
,251012,3京4,5,新馬,ワンダフルボンド,,牡,2,川田将雅, 56 ,13,1,"  ","  ","  ","  ",,1,５,芝,2000,A,良,75,,(栗),友道康夫,2009,0.4,5,4,4,34.1,59.1,*,59.90,53.4,1.6,476,,,(2.2),,,,,,
,251012,3京4,5,新馬,シュプリームレルム,,牡,2,西村淳也, 56 ,13,8,"  ","  ","  ","  ",,4,６,芝,2000,A,良,0,,(栗),高野友和,2012,0.7,5,4,4,34.5,57.7,*,59.90,53.4,1.5,510,,,(8.7),,,,,,
,251012,3京4,5,新馬,クラリティサウンド,,牡,2,吉村誠之,55☆,13,3,"  ","  ","  ","  ",,6,７,芝,2000,A,良,0,,(栗),中村直也,2012,0.7,7,8,8,34.2,59.0,*,59.90,53.4,1.8,454,,,(16.7),,,,,,
,251012,3京4,5,新馬,ボンボンベイビー,,牡,2,坂井瑠星, 56 ,13,4,"  ","  ","  ","  ",,3,８,芝,2000,A,良,0,,(栗),矢作芳人,2016,1.1,7,8,8,34.6,57.8,,59.90,53.4,1.8,456,,,(8.1),,,,,,
,251012,3京4,5,新馬,ヨカオウ,,牡,2,古川吉洋, 56 ,13,5,"  ","  ","  ","  ",,7,９,芝,2000,A,良,0,,(栗),谷潔,2016,1.1,10,11,11,34.2,59.5,,59.90,53.4,2.2,472,,,(17.9),,,,,,
,251012,3京4,5,新馬,ウインビスタ,,牡,2,松若風馬, 56 ,13,12,"  ","  ","  ","  ",,11,10,芝,2000,A,良,0,,(栗),梅田智之,2020,1.5,13,12,12,34.5,58.7,,59.90,53.4,2.3,440,,,(128.3),,,,,,
,251012,3京4,5,新馬,ベラジオマーカス,,牡,2,国分優作, 56 ,13,7,"  ","  ","  ","  ",,12,11,芝,2000,A,良,0,,(栗),小椋研介,2021,1.6,10,10,10,34.9,57.1,,59.90,53.4,2.0,444,,,(154.4),,,,,,
,251012,3京4,5,新馬,ピエナカノン,,牝,2,城戸義政, 55 ,13,9,"  ","  ","  ","  ",,13,12,芝,2000,A,良,0,,(栗),奥村豊,2027,2.2,1,1,1,37.5,47.4,,59.90,53.4,0.0,456,,,(209.0),,,,,,
,251012,3京4,5,新馬,ミカレオス,,牡,2,岩田康誠, 56 ,13,6,"  ","  ","  ","  ",,10,13,芝,2000,A,良,0,,(栗),河嶋宏樹,2070,6.5,12,13,13,39.1,46.3,,59.90,53.4,2.7,466,,,(110.2),,,,,,
,251012,3京4,3,未勝利*,ブレナヴォン,,牡,2,吉村誠之,55☆,9,7,"  ","  ","  ","  ",,2,１,芝,2000,A,良,560,,(栗),池江泰寿,1595,-0.6,6,4,4,35.0,53.5,*,52.30,51.4,0.5,454,0,,280,110,190,170,440,5920,16290
,251012,3京4,3,未勝利*,リアライズグリント,,牡,2,坂井瑠星, 56 ,9,2,"  ","  ","  ","  ",,1,２,芝,2000,A,良,220,,(栗),矢作芳人,2001,0.6,3,3,3,35.8,50.9,*,52.30,51.4,0.3,474,-6,,(1.8),110,190,170,440,5920,16290
,251012,3京4,3,未勝利*,アスクチャンスマン,,牡,2,松若風馬, 56 ,9,6,"  ","  ","  ","  ",,9,３,芝,2000,A,良,140,,(栗),梅田智之,2001,0.6,8,6,6,35.4,52.5,*,52.30,51.4,0.7,434,-2,,(187.7),1210,,,,5920,16290
,251012,3京4,3,未勝利*,ラージアンサンブル,,牡,2,高杉吏麒, 56 ,9,3,"  ","  ","  ","  ",,6,４,芝,2000,A,良,84,,(美),武井亮,2001,0.6,4,6,8,35.3,53.0,*,52.30,51.4,0.8,474,+6,,(30.3),,,,,,
,251012,3京4,3,未勝利*,ジーティービキニ,,牝,2,北村友一, 55 ,9,9,"  ","  ","  ","  ",,4,５,芝,2000,A,良,56,,(栗),松下武士,2003,0.8,4,4,4,35.9,50.8,*,52.30,51.4,0.4,496,+8,,(13.0),,,,,,
,251012,3京4,3,未勝利*,コスモブラック,,牡,2,団野大成, 56 ,9,5,"  ","  ","  ","  ",,3,６,芝,2000,A,良,0,,(栗),武英智,2005,1.0,2,1,1,36.5,48.6,*,52.30,51.4,0.0,464,-4,,(5.7),,,,,,
,251012,3京4,3,未勝利*,クーレスト,,牡,2,古川吉洋, 56 ,9,1,"  ","  ","  ","  ",,8,７,芝,2000,A,良,0,,(栗),大根田裕,2006,1.1,9,9,8,35.5,52.7,,52.30,51.4,1.1,446,+4,,(100.7),,,,,,
,251012,3京4,3,未勝利*,アスピラシオン,,牡,2,岩田康誠, 56 ,9,8,"  ","  ","  ","  ",,5,８,芝,2000,A,良,0,,(栗),上村洋行,2008,1.3,7,6,6,36.1,50.6,,52.30,51.4,0.7,490,+2,,(20.6),,,,,,
,251012,3京4,3,未勝利*,テイエムプレミラン,,牡,2,鮫島克駿, 56 ,9,4,"  ","  ","  ","  ",,7,９,芝,2000,A,良,0,,(栗),宮地貴稔,2023,2.8,1,2,2,38.3,44.0,,52.30,51.4,0.0,488,+2,,(46.4),,,,,,
,251012,3京4,2,未勝利*,サイン,,牡,2,西村淳也, 56 ,7,2,"  ","  ","  ","  ",,2,１,ダ,1800,,良,560,,(栗),佐藤悠太,1538,-0.2,1,1,1,37.7,50.9,*,50.67,50.9,0.0,516,-4,,420,290,,1210,1770,1260,6040
,251012,3京4,2,未勝利*,ヴィエントデコラ,,牡,2,小沢大仁, 56 ,7,7,"  ","  ","  ","  ",,5,２,ダ,1800,,良,220,,(栗),寺島良,1540,0.2,2,2,2,37.8,50.8,*,50.67,50.9,0.1,448,+4,,(6.3),330,,1210,1770,1260,6040
,251012,3京4,2,未勝利*,マシン,,牡,2,団野大成, 56 ,7,1,"  ","  ","  ","  ",,4,３,ダ,1800,,良,140,,(栗),石坂公一,1545,0.7,3,3,3,38.1,50.3,*,50.67,50.9,0.3,468,-10,,(4.8),,,,,1260,6040
,251012,3京4,2,未勝利*,ジーティースティア,,牡,2,鮫島克駿, 56 ,7,6,"  ","  ","  ","  ",,3,４,ダ,1800,,良,84,,(栗),藤野健太,1552,1.4,5,5,5,38.6,49.2,,50.67,50.9,0.5,486,-10,,(4.3),,,,,,
,251012,3京4,2,未勝利*,グロリアス,,牝,2,田口貫太, 55 ,7,4,"  ","  ","  ","  ",,6,５,ダ,1800,,良,56,,(栗),新谷功一,1556,1.8,3,3,3,39.2,47.4,,50.67,50.9,0.3,456,-2,,(8.1),,,,,,
,251012,3京4,2,未勝利*,ロードステラート,,牡,2,富田暁, 56 ,7,5,"  ","  ","  ","  ",,1,６,ダ,1800,,良,0,,(栗),武英智,1558,2.0,5,5,5,39.2,47.7,,50.67,50.9,0.5,502,+6,,(3.4),,,,,,
,251012,3京4,2,未勝利*,マクローリン,,牡,2,河原田菜,52★,7,3,"  ","  ","  ","  ",,7,７,ダ,1800,,良,0,,(栗),加藤公太,1574,3.6,7,7,7,40.2,46.0,,50.67,50.9,1.1,468,+2,,(114.1),,,,,,
,251012,3京4,1,未勝利・牝*,ワイズギャング,,牝,2,古川吉洋, 55 ,12,4,"  ","  ","  ","  ",,3,１,ダ,1400,,良,560,,(栗),河嶋宏樹,1254,-0.1,,9,9,37.8,44.4,*,42.20,40.1,1.0,444,+2,,430,140,770,780,1660,1500,8950
,251012,3京4,1,未勝利・牝*,フィアーブル,,牝,2,西村淳也, 55 ,12,1,"  ","  ","  ","  ",,2,２,ダ,1400,,良,220,,(栗),長谷川浩,1255,0.1,,4,4,38.6,41.1,*,42.20,40.1,0.3,460,0,,(4.0),140,770,780,1660,1500,8950
,251012,3京4,1,未勝利・牝*,ソウルオンファイア,,牝,2,富田暁, 55 ,12,11,"  ","  ","  ","  ",,4,３,ダ,1400,,良,140,,(栗),野中賢二,1255,0.1,,4,4,38.6,41.1,*,42.20,40.1,0.3,482,0,,(4.7),170,,,,1500,8950
,251012,3京4,1,未勝利・牝*,ガーリッシュ,,牝,2,和田竜二, 55 ,12,3,"  ","  ","  ","  ",,7,４,ダ,1400,,良,84,,(栗),鈴木孝志,1256,0.2,,1,1,39.0,39.6,*,42.20,40.1,0.0,458,+2,,(29.6),,,,,,
,251012,3京4,1,未勝利・牝*,ナムラソラン,,牝,2,河原田菜,51★,12,8,"  ","  ","  ","  ",,11,５,ダ,1400,,良,56,,(栗),羽月友彦,1261,0.7,,6,6,38.9,41.0,*,42.20,40.1,0.6,432,0,,(125.9),,,,,,
,251012,3京4,1,未勝利・牝*,タマモヒロイン,,牝,2,和田陽希,52▲,12,6,"  ","  ","  ","  ",,9,６,ダ,1400,,良,0,,(栗),緒方努,1267,1.3,,11,12,38.9,42.2,*,42.20,40.1,1.2,438,-4,,(41.2),,,,,,
,251012,3京4,1,未勝利・牝*,ツーエムボヌール,,牝,2,松本大輝,54☆,12,12,"  ","  ","  ","  ",,10,７,ダ,1400,,良,0,,(栗),本田優,1272,1.8,,2,2,40.4,36.9,,42.20,40.1,0.2,454,+4,,(67.6),,,,,,
,251012,3京4,1,未勝利・牝*,リアライズブルーム,,牝,2,川田将雅, 55 ,12,9,"  ","  ","  ","  ",,1,８,ダ,1400,,良,0,,(栗),須貝尚介,1275,2.1,,6,7,40.2,38.2,,42.20,40.1,0.7,486,+10,,(3.9),,,,,,
,251012,3京4,1,未勝利・牝*,サウンドプリモ,,牝,2,鮫島克駿, 55 ,12,2,"  ","  ","  ","  ",,8,９,ダ,1400,,良,0,,(栗),高柳大輔,1277,2.3,,9,10,40.1,39.0,,42.20,40.1,1.0,424,+10,,(35.1),,,,,,
,251012,3京4,1,未勝利・牝*,グリッタードール,,牝,2,田口貫太, 55 ,12,10,"  ","  ","  ","  ",,12,10,ダ,1400,,良,0,,(栗),大橋勇樹,1278,2.4,,11,10,40.0,39.6,,42.20,40.1,1.2,458,-4,,(229.0),,,,,,
,251012,3京4,1,未勝利・牝*,シュヴェスター,,牝,2,高杉吏麒, 55 ,12,7,"  ","  ","  ","  ",,6,11,ダ,1400,,良,0,,(栗),高橋亮,1280,2.6,,8,7,40.7,37.2,,42.20,40.1,0.7,428,+2,,(14.4),,,,,,
,251012,3京4,1,未勝利・牝*,サンタクローチェ,,牝,2,城戸義政, 55 ,12,5,"  ","  ","  ","  ",,5,12,ダ,1400,,良,0,,(栗),西村真幸,1287,3.3,,2,2,42.0,33.4,,42.20,40.1,0.1,446,+2,,(7.7),,,,,,
,251011,3京3,12,１勝ｸﾗｽ,ゴールデンカイト,,牡,3,川田将雅, 56 ,16,2,"  ","  ","  ","  ",,1,１,ダ,1400,,良,800,,(栗),中内田充,1232,-0.1,,4,3,36.9,44.1,*,43.93,42.7,0.3,478,+10,,200,120,810,870,1290,5940,17280
,251011,3京3,12,１勝ｸﾗｽ,サンマルノヴェル,,牡,3,田口貫太, 56 ,16,15,"  ","  ","  ","  ",,5,２,ダ,1400,,良,320,,(栗),大橋勇樹,1233,0.1,,4,3,36.9,44.3,*,43.93,42.7,0.4,502,+8,,(8.2),220,810,870,1290,5940,17280
,251011,3京3,12,１勝ｸﾗｽ,チュウワチーフ,,牡,3,和田竜二, 56 ,16,12,"  ","  ","  ","  ",,8,３,ダ,1400,,良,200,,(栗),小崎憲,1233,0.1,,2,2,37.1,43.4,*,43.93,42.7,0.2,478,+8,,(31.0),510,,,,5940,17280
,251011,3京3,12,１勝ｸﾗｽ,アメリカンチーフ,,牡,4,団野大成, 58 ,16,6,"  ","  ","  ","  ",,11,４,ダ,1400,,良,120,,(栗),東田明士,1234,0.2,,8,6,36.8,45.0,*,43.93,42.7,0.6,470,0,,(57.8),,,,,,
,251011,3京3,12,１勝ｸﾗｽ,モズタチアガレ,,牡,3,西塚洸二,55☆,16,7,"  ","  ","  ","  ",,2,５,ダ,1400,,良,80,,(栗),中尾秀正,1237,0.5,,4,6,37.3,43.3,*,43.93,42.7,0.4,488,0,,(6.7),,,,,,
,251011,3京3,12,１勝ｸﾗｽ,ゼットスパンキー,,牡,4,高杉吏麒, 58 ,16,5,"  ","  ","  ","  ",,6,６,ダ,1400,,良,0,,(栗),宮徹,1242,1.0,,13,12,37.0,45.7,*,43.93,42.7,1.2,476,+6,,(18.4),,,,,,
,251011,3京3,12,１勝ｸﾗｽ,レーティッシュ,,牡,3,岩田望来, 56 ,16,10,"  ","  ","  ","  ",,4,７,ダ,1400,,良,0,,(栗),高橋一哉,1243,1.1,,7,6,37.7,42.7,,43.93,42.7,0.6,512,0,,(7.9),,,,,,
,251011,3京3,12,１勝ｸﾗｽ,レーヴドアンジュ,,牝,3,吉村誠之,53☆,16,16,"  ","  ","  ","  ",,12,８,ダ,1400,,良,0,,(栗),河嶋宏樹,1244,1.2,,15,14,37.0,46.1,*,43.93,42.7,1.4,432,+16,,(132.3),,,,,,
,251011,3京3,12,１勝ｸﾗｽ,ステイクオール,,牡,3,松山弘平, 56 ,16,8,"  ","  ","  ","  ",,3,９,ダ,1400,,良,0,,(栗),上村洋行,1245,1.3,,15,14,37.0,46.3,*,43.93,42.7,1.5,494,+2,,(7.0),,,,,,
,251011,3京3,12,１勝ｸﾗｽ,サンライズブレイク,,牡,3,鮫島克駿, 56 ,16,13,"  ","  ","  ","  ",,10,10,ダ,1400,,良,0,,(栗),浜田多実,1248,1.6,,11,10,37.7,43.7,,43.93,42.7,1.1,506,+10,,(48.2),,,,,,
,251011,3京3,12,１勝ｸﾗｽ,テイオームサシ,,牡,3,国分優作, 56 ,16,14,"  ","  ","  ","  ",,16,11,ダ,1400,,良,0,,(栗),秋山真一,1251,1.9,,11,9,38.2,42.1,,43.93,42.7,0.9,476,-20,,(204.2),,,,,,
,251011,3京3,12,１勝ｸﾗｽ,リアライズオーラム,,牡,3,大久保友,53▲,16,11,"  ","  ","  ","  ",,7,12,ダ,1400,,良,0,,(栗),須貝尚介,1253,2.1,,8,12,38.4,41.6,,43.93,42.7,0.9,492,-4,B,(23.3),,,,,,
,251011,3京3,12,１勝ｸﾗｽ,ガウラスパーク,,セ,4,亀田温心, 58 ,16,3,"  ","  ","  ","  ",,14,13,ダ,1400,,良,0,,(栗),高柳大輔,1266,3.4,,1,1,40.6,35.0,,43.93,42.7,0.0,548,-4,B,(152.1),,,,,,
,251011,3京3,12,１勝ｸﾗｽ,クロユキ,,牝,3,武豊, 54 ,16,9,"  ","  ","  ","  ",,9,14,ダ,1400,,良,0,,(栗),松永幹夫,1275,4.3,,8,10,40.7,36.2,,43.93,42.7,0.8,444,+2,,(46.6),,,,,,
,251011,3京3,12,１勝ｸﾗｽ,ピカリ,,牝,4,西村淳也, 56 ,16,4,"  ","  ","  ","  ",,15,15,ダ,1400,,良,0,*,(栗),森秀行,1276,4.4,,2,3,41.4,33.7,,43.93,42.7,0.2,514,+4,,(196.5),,,,,,
,251011,3京3,12,１勝ｸﾗｽ,ジャスパーノベル,,牝,3,和田陽希,51▲,16,1,"  ","  ","  ","  ",,13,16,ダ,1400,,良,0,*,(栗),森秀行,1279,4.7,,13,14,40.8,36.6,,43.93,42.7,1.1,480,+6,,(133.3),,,,,,
,251011,3京3,11,御陵ＳＨ･3勝,タガノバビロン,,牡,3,松山弘平, 55 ,16,14,"  ","  ","  ","  ",,1,１,ダ,1900,,良,1840,,(栗),西園翔太,1576,-0.2,12,9,7,36.8,51.3,*,49.70,47.8,0.9,516,+2,,320,170,1410,2420,3610,6430,25900
,251011,3京3,11,御陵ＳＨ･3勝,シンビリーブ,,牡,3,松若風馬, 54 ,16,5,"  ","  ","  ","  ",,6,２,ダ,1900,,良,740,,(栗),森秀行,1578,0.2,3,2,2,37.7,48.1,*,49.70,47.8,0.2,518,-2,,(16.5),420,1410,2420,3610,6430,25900
,251011,3京3,11,御陵ＳＨ･3勝,ペンナヴェローチェ,,牡,4,川田将雅, 57 ,16,16,"  ","  ","  ","  ",,3,３,ダ,1900,,良,460,,(栗),須貝尚介,1579,0.3,8,5,7,37.3,49.7,*,49.70,47.8,0.7,496,+6,,(6.6),190,,,,6430,25900
,251011,3京3,11,御陵ＳＨ･3勝,メイショウズイウン,,牡,3,武豊, 56 ,16,8,"  ","  ","  ","  ",,2,４,ダ,1900,,良,280,*,(栗),本田優,1579,0.3,5,4,2,37.5,49.0,*,49.70,47.8,0.5,496,0,,(3.5),,,,,,
,251011,3京3,11,御陵ＳＨ･3勝,イデアイゴッソウ,,牡,4,横山典弘, 56 ,16,13,"  ","  ","  ","  ",,4,５,ダ,1900,,良,184,,(美),小野次郎,1580,0.4,15,15,15,36.1,54.7,*,49.70,47.8,2.0,474,+8,,(6.8),,,,,,
,251011,3京3,11,御陵ＳＨ･3勝,デコラシオン,,牡,6,池添謙一, 57 ,16,1,"  ","  ","  ","  ",,5,６,ダ,1900,,良,0,,(美),高木登,1583,0.7,3,2,2,38.1,47.2,*,49.70,47.8,0.3,520,+2,B,(11.4),,,,,,
,251011,3京3,11,御陵ＳＨ･3勝,ホルトバージ,,牡,4,西村淳也, 56 ,16,6,"  ","  ","  ","  ",,7,７,ダ,1900,,良,0,,(栗),寺島良,1584,0.8,5,5,5,38.0,47.7,*,49.70,47.8,0.5,478,+12,,(18.6),,,,,,
,251011,3京3,11,御陵ＳＨ･3勝,オメガタキシード,,セ,5,高杉吏麒, 56 ,16,15,"  ","  ","  ","  ",,10,８,ダ,1900,,良,0,,(栗),井上智史,1585,0.9,14,13,9,37.4,50.1,*,49.70,47.8,1.2,464,+6,,(50.4),,,,,,
,251011,3京3,11,御陵ＳＨ･3勝,シャルクハフト,,牡,3,和田竜二, 55 ,16,7,"  ","  ","  ","  ",,8,９,ダ,1900,,良,0,,(栗),清水久詞,1586,1.0,9,5,5,38.1,47.5,*,49.70,47.8,0.6,494,+2,B,(19.2),,,,,,
,251011,3京3,11,御陵ＳＨ･3勝,スズノテレサ,,牝,6,柴田大知, 51 ,16,4,"  ","  ","  ","  ",,15,10,ダ,1900,,良,0,,(美),深山雅史,1590,1.4,11,11,11,38.0,48.4,,49.70,47.8,1.1,452,+4,,(198.5),,,,,,
,251011,3京3,11,御陵ＳＨ･3勝,ハーバーライト,,牡,4,岩田望来, 54 ,16,10,"  ","  ","  ","  ",,12,11,ダ,1900,,良,0,,(栗),高橋義忠,1592,1.6,5,9,12,38.4,47.1,,49.70,47.8,0.9,534,0,,(73.0),,,,,,
,251011,3京3,11,御陵ＳＨ･3勝,タンゴバイラリン,,牡,4,吉村誠之, 55 ,16,9,"  ","  ","  ","  ",,9,12,ダ,1900,,良,0,,(美),栗田徹,1595,1.9,13,13,12,38.4,47.5,,49.70,47.8,1.2,528,+2,,(29.5),,,,,,
,251011,3京3,11,御陵ＳＨ･3勝,サンライズグルーヴ,,牡,5,団野大成, 55 ,16,11,"  ","  ","  ","  ",,14,13,ダ,1900,,良,0,,(栗),前川恭子,1597,2.1,9,11,9,38.9,45.9,,49.70,47.8,0.9,526,+4,,(97.6),,,,,,
,251011,3京3,11,御陵ＳＨ･3勝,スマートリアファル,,牡,4,富田暁, 55 ,16,3,"  ","  ","  ","  ",,11,14,ダ,1900,,良,0,,(栗),加藤公太,2004,2.8,2,5,12,39.8,43.5,,49.70,47.8,0.7,492,-8,,(58.8),,,,,,
,251011,3京3,11,御陵ＳＨ･3勝,ダイメイセブン,,牡,5,藤懸貴志, 53 ,16,2,"  ","  ","  ","  ",,16,15,ダ,1900,,良,0,*,(栗),本田優,2005,2.9,1,1,1,40.6,40.8,,49.70,47.8,0.0,518,0,,(261.7),,,,,,
,251011,3京3,11,御陵ＳＨ･3勝,キュールエフウジン,,牡,6,藤岡佑介, 56 ,16,12,"  ","  ","  ","  ",,13,16,ダ,1900,,良,0,,(栗),中尾秀正,2006,3.0,16,16,16,37.7,51.5,,49.70,47.8,3.0,502,+2,,(87.5),,,,,,
,251011,3京3,10,宇治川特･2勝,ミストレス,,牝,3,岩田望来, 54 ,13,2,"  ","  ","  ","  ",,5,１,芝,1400,A,良,1550,,(栗),矢作芳人,1203,-0.0,,6,6,33.4,55.3,*,53.73,52.1,0.6,480,0,,2090,300,530,550,2000,830,8280
,251011,3京3,10,宇治川特･2勝,ホーリーブラッサム,,牝,3,川田将雅, 54 ,13,1,"  ","  ","  ","  ",,1,２,芝,1400,A,良,505,,(栗),斉藤崇史,1203,0.0,,2,3,33.8,53.2,*,53.73,52.1,0.2,484,-2,,(1.5),110,530,550,2000,830,8280
,251011,3京3,10,宇治川特･2勝,リリーフィールド,,牝,3,武豊, 54 ,13,8,"  ","  ","  ","  ",,2,２,芝,1400,A,良,505,,(栗),小崎憲,1203,0.0,,2,2,33.9,52.7,*,53.73,52.1,0.1,436,+6,,(4.3),130,1570,1650,4360,830,8280
,251011,3京3,10,宇治川特･2勝,ホウオウサンデー,,牡,7,団野大成, 58 ,13,6,"  ","  ","  ","  ",,7,４,芝,1400,A,良,230,,(栗),井上智史,1204,0.1,,11,12,33.1,57.2,*,53.73,52.1,1.0,464,0,,(26.3),,,,,,
,251011,3京3,10,宇治川特･2勝,クイックバイオ,,牝,4,田口貫太, 56 ,13,10,"  ","  ","  ","  ",,9,５,芝,1400,A,良,155,,(栗),畑端省吾,1204,0.1,,4,3,33.9,52.9,*,53.73,52.1,0.2,498,-4,,(57.2),,,,,,
,251011,3京3,10,宇治川特･2勝,ルヴァンノワール,,牝,7,鮫島克駿, 56 ,13,5,"  ","  ","  ","  ",,12,６,芝,1400,A,良,0,,(栗),庄野靖志,1206,0.3,,7,6,33.8,53.8,*,53.73,52.1,0.5,474,+16,,(83.0),,,,,,
,251011,3京3,10,宇治川特･2勝,エールトゥヘヴン,,牡,6,池添謙一, 58 ,13,9,"  ","  ","  ","  ",,4,７,芝,1400,A,良,0,,(美),戸田博文,1206,0.3,,1,1,34.3,51.2,*,53.73,52.1,0.0,464,+2,,(16.7),,,,,,
,251011,3京3,10,宇治川特･2勝,サロニコス,,牝,4,西村淳也, 56 ,13,3,"  ","  ","  ","  ",,3,８,芝,1400,A,良,0,,(栗),松下武士,1206,0.3,,4,3,34.0,52.8,*,53.73,52.1,0.3,466,+4,,(10.9),,,,,,
,251011,3京3,10,宇治川特･2勝,アップストローク,,セ,6,松山弘平, 58 ,13,4,"  ","  ","  ","  ",,8,９,芝,1400,A,良,0,,(美),杉浦宏昭,1206,0.3,,8,9,33.5,55.4,*,53.73,52.1,0.8,456,-6,,(26.9),,,,,,
,251011,3京3,10,宇治川特･2勝,ジオパーククラウン,,牡,5,吉村誠之, 58 ,13,11,"  ","  ","  ","  ",,10,10,芝,1400,A,良,0,,(栗),長谷川浩,1207,0.4,,10,8,33.6,55.1,*,53.73,52.1,0.8,458,+2,,(64.8),,,,,,
,251011,3京3,10,宇治川特･2勝,エイムフォーエース,,牡,4,酒井学, 58 ,13,12,"  ","  ","  ","  ",,11,11,芝,1400,A,良,0,,(美),武井亮,1207,0.4,,13,9,33.4,56.2,*,53.73,52.1,1.0,438,+2,,(71.4),,,,,,
,251011,3京3,10,宇治川特･2勝,アスクドリームモア,,牡,5,西塚洸二, 58 ,13,13,"  ","  ","  ","  ",,6,12,芝,1400,A,良,0,,(栗),藤原英昭,1207,0.4,,11,13,33.3,56.8,*,53.73,52.1,1.1,520,+6,,(24.2),,,,,,
,251011,3京3,10,宇治川特･2勝,ホークマン,,牡,4,柴田大知, 58 ,13,7,"  ","  ","  ","  ",,13,13,芝,1400,A,良,0,,(美),粕谷昌央,1212,0.9,,8,9,34.1,53.6,*,53.73,52.1,0.8,480,+2,,(279.6),,,,,,
,251011,3京3,9,１勝ｸﾗｽ,スマートカイロス,,牡,3,古川奈穂,53▲,12,4,"  ","  ","  ","  ",,2,１,ダ,1800,,良,800,,(栗),矢作芳人,1520,-0.0,2,2,1,37.0,51.4,*,52.50,50.9,0.1,518,+6,,360,130,660,530,960,430,2450
,251011,3京3,9,１勝ｸﾗｽ,ゴールドダイアー,,牡,3,和田竜二, 56 ,12,3,"  ","  ","  ","  ",,3,２,ダ,1800,,良,320,,(栗),平田修,1520,0.0,6,7,5,36.3,54.3,*,52.50,50.9,0.8,488,+6,,(4.9),140,660,530,960,430,2450
,251011,3京3,9,１勝ｸﾗｽ,ドラゴン,,牡,3,武豊, 56 ,12,9,"  ","  ","  ","  ",,1,３,ダ,1800,,良,200,,(栗),松永幹夫,1523,0.3,3,3,3,37.0,51.8,*,52.50,50.9,0.4,496,-8,,(2.2),110,,,,430,2450
,251011,3京3,9,１勝ｸﾗｽ,ドゥラエテルノ,,牡,3,浜中俊, 56 ,12,2,"  ","  ","  ","  ",,4,４,ダ,1800,,良,120,,(栗),武幸四郎,1523,0.3,4,4,4,36.7,53.0,*,52.50,50.9,0.7,468,-4,,(5.9),,,,,,
,251011,3京3,9,１勝ｸﾗｽ,サンダーユニバンス,,牡,4,城戸義政, 58 ,12,1,"  ","  ","  ","  ",,10,５,ダ,1800,,良,80,*,(栗),奥村豊,1532,1.2,1,1,2,38.3,47.8,,52.50,50.9,0.0,476,0,B,(146.9),,,,,,
,251011,3京3,9,１勝ｸﾗｽ,サーティファイド,,セ,6,田口貫太, 58 ,12,7,"  ","  ","  ","  ",,8,６,ダ,1800,,良,0,,(栗),佐藤悠太,1535,1.5,11,12,12,36.6,55.1,*,52.50,50.9,2.0,460,-2,B,(94.8),,,,,,
,251011,3京3,9,１勝ｸﾗｽ,サンピノン,,牝,3,鷲頭虎太,52△,12,11,"  ","  ","  ","  ",,12,７,ダ,1800,,良,0,,(栗),谷潔,1538,1.8,7,4,5,38.2,49.0,,52.50,50.9,0.7,442,-24,,(208.7),,,,,,
,251011,3京3,9,１勝ｸﾗｽ,イエスウィズキャン,,牡,5,菱田裕二, 58 ,12,6,"  ","  ","  ","  ",,7,８,ダ,1800,,良,0,,(栗),羽月友彦,1538,1.8,11,9,9,37.6,51.3,,52.50,50.9,1.3,548,-4,B,(49.4),,,,,,
,251011,3京3,9,１勝ｸﾗｽ,スコーピオンイメル,,牡,3,富田暁, 56 ,12,8,"  ","  ","  ","  ",,5,９,ダ,1800,,良,0,,(栗),武英智,1540,2.0,7,7,8,38.1,49.6,,52.50,50.9,1.0,498,-4,B,(12.4),,,,,,
,251011,3京3,9,１勝ｸﾗｽ,ナムラブーニン,,牡,4,鮫島克駿, 58 ,12,10,"  ","  ","  ","  ",,6,10,ダ,1800,,良,0,,(栗),高橋一哉,1542,2.2,10,9,9,38.0,50.3,,52.50,50.9,1.3,464,0,,(32.0),,,,,,
,251011,3京3,9,１勝ｸﾗｽ,ウイングスオブラヴ,,セ,6,河原田菜,54★,12,5,"  ","  ","  ","  ",,9,11,ダ,1800,,良,0,,(栗),笹田和秀,1543,2.3,7,11,11,37.7,51.6,,52.50,50.9,1.7,476,-10,,(122.4),,,,,,
,251011,3京3,9,１勝ｸﾗｽ,テーオーニコラス,,セ,4,和田陽希,55▲,12,12,"  ","  ","  ","  ",,11,12,ダ,1800,,良,0,*,(栗),奥村豊,1547,2.7,4,4,7,39.1,46.7,,52.50,50.9,0.7,474,0,,(161.6),,,,,,
,251011,3京3,8,紫菊賞･1勝*,ロードラヴォール,,牡,2,川田将雅, 56 ,7,1,"  ","  ","  ","  ",,1,１,芝,2000,A,良,1110,,(栗),中内田充,1593,-0.0,1,1,1,36.3,48.0,*,48.67,48.0,0.0,522,+20,,170,120,,380,520,730,1860
,251011,3京3,8,紫菊賞･1勝*,サトノアイボリー,,牡,2,団野大成, 56 ,7,7,"  ","  ","  ","  ",,3,２,芝,2000,A,良,440,,(栗),杉山晴紀,1593,0.0,3,3,2,36.1,48.8,*,48.67,48.0,0.2,486,+6,,(4.4),170,,380,520,730,1860
,251011,3京3,8,紫菊賞･1勝*,ユメシルベ,,牝,2,柴田大知, 55 ,7,2,"  ","  ","  ","  ",,4,３,芝,2000,A,良,280,,(美),粕谷昌央,1597,0.4,4,4,4,36.1,49.2,*,48.67,48.0,0.6,416,-2,,(13.8),,,,,730,1860
,251011,3京3,8,紫菊賞･1勝*,ブルースカイブルー,,牡,2,和田竜二, 56 ,7,4,"  ","  ","  ","  ",,2,４,芝,2000,A,良,170,,(栗),平田修,2013,2.0,2,2,2,38.3,42.9,,48.67,48.0,0.0,536,+2,,(2.8),,,,,,
,251011,3京3,8,紫菊賞･1勝*,セイカンサンラン,,牡,2,古川吉洋, 56 ,7,5,"  ","  ","  ","  ",,7,５,芝,2000,A,良,111,,(栗),大根田裕,2027,3.4,7,6,6,38.2,44.8,,48.67,48.0,1.5,430,-2,,(212.3),,,,,,
,251011,3京3,8,紫菊賞･1勝*,ファインマン,,牡,2,高倉稜, 56 ,7,6,"  ","  ","  ","  ",,5,６,芝,2000,A,良,0,,(栗),前川恭子,2028,3.5,4,5,5,38.5,43.8,,48.67,48.0,1.3,496,0,,(106.5),,,,,,
,251011,3京3,8,紫菊賞･1勝*,オッハッピー,,牝,2,鷲頭虎太, 55 ,7,3,"  ","  ","  ","  ",,6,７,芝,2000,A,良,0,,(栗),西村真幸,2035,4.2,6,6,6,39.0,42.9,,48.67,48.0,1.5,424,-8,,(143.8),,,,,,
,251011,3京3,7,１勝ｸﾗｽ・牝,アラベラ,,牝,3,松山弘平, 54 ,11,2,"  ","  ","  ","  ",,3,１,芝,1800,A,良,800,,(栗),上村洋行,1446,-0.0,,8,7,34.2,52.9,*,52.97,50.7,0.5,428,-6,,580,150,450,690,1470,850,4810
,251011,3京3,7,１勝ｸﾗｽ・牝,マディソンガール,,牝,3,川田将雅, 54 ,11,10,"  ","  ","  ","  ",,1,２,芝,1800,A,良,320,,(栗),中内田充,1446,0.0,,11,11,33.9,54.3,*,52.97,50.7,0.8,458,-2,,(2.2),110,450,690,1470,850,4810
,251011,3京3,7,１勝ｸﾗｽ・牝,ジーティードレス,,牝,3,岩田望来, 54 ,11,4,"  ","  ","  ","  ",,2,３,芝,1800,A,良,200,,(栗),辻野泰之,1447,0.1,,4,4,34.5,51.7,*,52.97,50.7,0.3,446,-2,,(4.2),140,,,,850,4810
,251011,3京3,7,１勝ｸﾗｽ・牝,アンビアンス,,牝,3,酒井学, 54 ,11,8,"  ","  ","  ","  ",,9,４,芝,1800,A,良,120,,(栗),清水久詞,1448,0.2,,8,7,34.4,52.3,*,52.97,50.7,0.5,454,+4,,(65.9),,,,,,
,251011,3京3,7,１勝ｸﾗｽ・牝,エアビッグマム,,牝,3,武豊, 54 ,11,11,"  ","  ","  ","  ",,5,５,芝,1800,A,良,80,,(栗),笹田和秀,1451,0.5,,8,7,34.7,51.4,*,52.97,50.7,0.5,510,+2,,(12.2),,,,,,
,251011,3京3,7,１勝ｸﾗｽ・牝,オリーボーレン,,牝,4,高杉吏麒, 56 ,11,1,"  ","  ","  ","  ",,4,６,芝,1800,A,良,0,,(栗),藤岡健一,1452,0.6,,1,2,35.3,49.0,*,52.97,50.7,0.0,468,+6,,(7.9),,,,,,
,251011,3京3,7,１勝ｸﾗｽ・牝,ブルーミングローズ,,牝,3,吉村誠之,53☆,11,9,"  ","  ","  ","  ",,8,７,芝,1800,A,良,0,,(栗),高野友和,1452,0.6,,4,4,35.1,49.9,*,52.97,50.7,0.2,466,+10,,(26.4),,,,,,
,251011,3京3,7,１勝ｸﾗｽ・牝,ベランジェール,,牝,4,森田誠也,53▲,11,5,"  ","  ","  ","  ",,10,８,芝,1800,A,良,0,,(栗),武幸四郎,1453,0.7,,4,7,35.0,50.4,*,52.97,50.7,0.4,484,+12,,(118.6),,,,,,
,251011,3京3,7,１勝ｸﾗｽ・牝,ムーンライトラガー,,牝,3,荻野琢真, 54 ,11,6,"  ","  ","  ","  ",,7,９,芝,1800,A,良,0,,(栗),大久保龍,1455,0.9,,2,1,35.6,48.2,*,52.97,50.7,0.0,436,+10,,(22.1),,,,,,
,251011,3京3,7,１勝ｸﾗｽ・牝,ザラタン,,牝,3,池添謙一, 54 ,11,3,"  ","  ","  ","  ",,6,10,芝,1800,A,良,0,,(栗),中竹和也,1455,0.9,,4,4,35.3,49.4,*,52.97,50.7,0.3,446,+12,,(13.6),,,,,,
,251011,3京3,7,１勝ｸﾗｽ・牝,ダイシンビヨンド,,牝,6,国分優作, 56 ,11,7,"  ","  ","  ","  ",,11,11,芝,1800,A,良,0,,(栗),梅田智之,1460,1.4,,3,2,36.0,47.2,,52.97,50.7,0.1,478,0,,(133.5),,,,,,
,251011,3京3,6,新馬,マメタンク,,牡,2,松若風馬, 56 ,11,6,"  ","  ","  ","  ",,1,１,ダ,1200,,良,750,,(栗),東田明士,1124,-0.5,,2,2,36.4,48.9,*,48.73,48.4,0.1,448,,,310,140,650,1380,2240,3200,12480
,251011,3京3,6,新馬,タイニーワンダー,,牝,2,角田大和, 55 ,11,10,"  ","  ","  ","  ",,6,２,ダ,1200,,良,300,,(栗),四位洋文,1129,0.5,,5,5,36.5,49.7,*,48.73,48.4,0.5,424,,,(9.9),290,650,1380,2240,3200,12480
,251011,3京3,6,新馬,メイショウテリオス,,牡,2,吉村誠之,55☆,11,8,"  ","  ","  ","  ",,3,３,ダ,1200,,良,190,,(栗),高橋亮,1133,0.9,,3,3,37.1,47.6,*,48.73,48.4,0.3,498,,,(6.2),190,,,,3200,12480
,251011,3京3,6,新馬,テルヴィセクス,,牡,2,団野大成, 56 ,11,4,"  ","  ","  ","  ",,2,４,ダ,1200,,良,110,,(栗),斉藤崇史,1136,1.2,,1,1,37.7,45.2,,48.73,48.4,0.0,474,,,(3.2),,,,,,
,251011,3京3,6,新馬,サクライロマウコロ,,牝,2,松山弘平, 55 ,11,1,"  ","  ","  ","  ",,5,５,ダ,1200,,良,75,,(栗),西園正都,1144,2.0,,11,11,36.8,52.2,*,48.73,48.4,1.7,442,,,(9.4),,,,,,
,251011,3京3,6,新馬,スマートイデアル,,牝,2,永島まな,53◇,11,5,"  ","  ","  ","  ",,8,６,ダ,1200,,良,0,*,(栗),角田晃一,1144,2.0,,8,7,37.4,48.9,,48.73,48.4,1.1,390,,,(32.6),,,,,,
,251011,3京3,6,新馬,クロカミジョウ,,牝,2,菱田裕二, 55 ,11,9,"  ","  ","  ","  ",,7,７,ダ,1200,,良,0,,(栗),岡田稲男,1146,2.2,,3,3,38.4,44.3,,48.73,48.4,0.3,476,,,(13.4),,,,,,
,251011,3京3,6,新馬,スラッシュ,,牡,2,田口貫太, 56 ,11,3,"  ","  ","  ","  ",,9,８,ダ,1200,,良,0,,(栗),安達昭夫,1153,2.9,,8,9,38.4,46.1,,48.73,48.4,1.0,470,,,(78.4),,,,,,
,251011,3京3,6,新馬,ゲキシン,,牝,2,高杉吏麒, 55 ,11,11,"  ","  ","  ","  ",,4,９,ダ,1200,,良,0,*,(栗),角田晃一,1154,3.0,,7,7,38.4,46.4,,48.73,48.4,1.1,458,,,(7.9),,,,,,
,251011,3京3,6,新馬,ライクシュガー,,牝,2,秋山稔樹, 55 ,11,2,"  ","  ","  ","  ",,11,10,ダ,1200,,良,0,,(栗),坂口智康,1169,4.5,,5,6,40.5,39.9,,48.73,48.4,0.5,448,,,(148.9),,,,,,
,251011,3京3,6,新馬,チョウギャル,,牝,2,加藤祥太, 55 ,11,7,"  ","  ","  ","  ",,10,11,ダ,1200,,良,0,,(栗),羽月友彦,1183,5.9,,10,10,41.1,40.5,,48.73,48.4,1.3,450,,,(129.6),,,,,,
,251011,3京3,5,新馬・牝,マーゴットラヴミー,,牝,2,池添謙一, 55 ,18,6,"  ","  ","  ","  ",,5,１,芝,1400,A,良,750,,(栗),小林真也,1202,-0.3,,2,2,33.4,55.1,*,53.53,53.5,0.3,432,,,1370,320,850,5380,10920,3500,37900
,251011,3京3,5,新馬・牝,ナオミニオールイン,,牝,2,浜中俊, 55 ,18,9,"  ","  ","  ","  ",,3,２,芝,1400,A,良,300,,(栗),佐藤悠太,1205,0.3,,1,1,34.0,52.6,*,53.53,53.5,0.0,432,,,(10.8),240,850,5380,10920,3500,37900
,251011,3京3,5,新馬・牝,メルメラーダ,,牝,2,西村淳也, 55 ,18,12,"  ","  ","  ","  ",,1,３,芝,1400,A,良,190,,(栗),高橋一哉,1209,0.7,,2,2,34.1,52.9,*,53.53,53.5,0.3,444,,,(2.3),130,,,,3500,37900
,251011,3京3,5,新馬・牝,テイエムアイラン,,牝,2,酒井学, 55 ,18,1,"  ","  ","  ","  ",,10,４,芝,1400,A,良,110,*,(栗),宮地貴稔,1211,0.9,,6,5,34.1,53.4,*,53.53,53.5,0.5,414,,,(29.6),,,,,,
,251011,3京3,5,新馬・牝,ファイネクローネ,,牝,2,和田竜二, 55 ,18,2,"  ","  ","  ","  ",,12,５,芝,1400,A,良,75,,(栗),緒方努,1215,1.3,,9,9,34.3,53.2,*,53.53,53.5,0.7,430,,,(49.2),,,,,,
,251011,3京3,5,新馬・牝,マティンデ,,牝,2,松若風馬, 55 ,18,7,"  ","  ","  ","  ",,9,６,芝,1400,A,良,0,,(栗),清水久詞,1215,1.3,,6,5,34.5,52.2,,53.53,53.5,0.5,450,,,(29.5),,,,,,
,251011,3京3,5,新馬・牝,ルージュビバーチェ,,牝,2,松山弘平, 55 ,18,3,"  ","  ","  ","  ",,7,７,芝,1400,A,良,0,,(栗),橋口慎介,1217,1.5,,13,13,34.0,55.2,*,53.53,53.5,1.2,450,,,(20.9),,,,,,
,251011,3京3,5,新馬・牝,モノノケ,,牝,2,田山旺佑,52▲,18,11,"  ","  ","  ","  ",,13,８,芝,1400,A,良,0,*,(栗),宮地貴稔,1219,1.7,,2,2,35.2,49.5,,53.53,53.5,0.2,464,,,(62.0),,,,,,
,251011,3京3,5,新馬・牝,ベルシュヴァル,,牝,2,岩田望来, 55 ,18,17,"  ","  ","  ","  ",,11,９,芝,1400,A,良,0,,(栗),中村直也,1220,1.8,,12,12,34.3,54.3,,53.53,53.5,1.2,420,,,(34.8),,,,,,
,251011,3京3,5,新馬・牝,アスターシャウルス,,牝,2,柴田裕一,52▲,18,14,"  ","  ","  ","  ",,16,10,芝,1400,A,良,0,,(栗),中竹和也,1222,2.0,,13,14,34.3,54.7,,53.53,53.5,1.4,418,,,(251.2),,,,,,
,251011,3京3,5,新馬・牝,ユナダイヤ,,牝,2,菱田裕二, 55 ,18,16,"  ","  ","  ","  ",,14,11,芝,1400,A,良,0,,(栗),岡田稲男,1223,2.1,,10,10,34.8,52.4,,53.53,53.5,1.0,430,,,(129.3),,,,,,
,251011,3京3,5,新馬・牝,リアルナイスガール,,牝,2,鮫島良太, 55 ,18,8,"  ","  ","  ","  ",,15,12,芝,1400,A,良,0,,(栗),畑端省吾,1224,2.2,,10,10,34.9,52.1,,53.53,53.5,1.0,432,,,(138.5),,,,,,
,251011,3京3,5,新馬・牝,サマーバンク,,牝,2,団野大成, 55 ,18,18,"  ","  ","  ","  ",,8,13,芝,1400,A,良,0,,(栗),森田直行,1224,2.2,,5,5,35.4,49.6,,53.53,53.5,0.5,466,,,(22.4),,,,,,
,251011,3京3,5,新馬・牝,グランビスタ,,牝,2,吉村誠之,54☆,18,15,"  ","  ","  ","  ",,6,14,芝,1400,A,良,0,,(栗),池添学,1224,2.2,,13,14,34.4,54.7,,53.53,53.5,1.5,438,,,(14.8),,,,,,
,251011,3京3,5,新馬・牝,ビップアリス,,牝,2,高杉吏麒, 55 ,18,5,"  ","  ","  ","  ",,4,15,芝,1400,A,良,0,,(栗),松下武士,1227,2.5,,6,5,35.7,48.7,,53.53,53.5,0.5,426,,,(12.6),,,,,,
,251011,3京3,5,新馬・牝,ライトオブジアース,,牝,2,武豊, 55 ,18,10,"  ","  ","  ","  ",,2,16,芝,1400,A,良,0,,(栗),松永幹夫,1229,2.7,,16,16,34.6,54.7,,53.53,53.5,1.8,494,,,(3.8),,,,,,
,251011,3京3,5,新馬・牝,サリー,,牝,2,西塚洸二,54☆,18,4,"  ","  ","  ","  ",,17,17,芝,1400,A,良,0,,(栗),前川恭子,1235,3.3,,17,17,34.8,55.0,,53.53,53.5,2.2,412,,,(251.3),,,,,,
,251011,3京3,3,未勝利*,シーミハットク,,牡,2,岩田望来, 56 ,6,2,"  ","  ","  ","  ",,2,１,芝,1800,A,良,560,,(栗),寺島良,1480,-0.3,,1,1,34.1,58.4,*,58.93,58.4,0.0,488,+4,B,310,190,,490,980,330,2060
,251011,3京3,3,未勝利*,テーオーアルアイン,,牡,2,松山弘平, 56 ,6,5,"  ","  ","  ","  ",,3,２,芝,1800,A,良,220,,(栗),奥村豊,1483,0.3,,5,5,34.0,59.3,*,58.93,58.4,0.4,480,+2,,(4.2),230,,490,980,330,2060
,251011,3京3,3,未勝利*,イルミナジーティー,,牝,2,藤岡佑介, 55 ,6,6,"  ","  ","  ","  ",,1,３,芝,1800,A,良,140,,(栗),西園翔太,1485,0.5,,5,6,34.1,59.1,*,58.93,58.4,0.5,434,0,,(2.1),,,,,330,2060
,251011,3京3,3,未勝利*,ソルトハッピー,,牡,2,団野大成, 56 ,6,1,"  ","  ","  ","  ",,4,４,芝,1800,A,良,84,,(栗),荒川義之,1486,0.6,,2,3,34.4,57.8,*,58.93,58.4,0.3,460,+4,,(5.2),,,,,,
,251011,3京3,3,未勝利*,テーオーレックス,,牡,2,菱田裕二, 56 ,6,3,"  ","  ","  ","  ",,6,５,芝,1800,A,良,56,,(栗),岡田稲男,1500,2.0,,2,2,35.9,53.2,,58.93,58.4,0.2,456,+4,,(71.7),,,,,,
,251011,3京3,3,未勝利*,イノリ,,牝,2,永島まな,53◇,6,4,"  ","  ","  ","  ",,5,６,芝,1800,A,良,0,,(栗),高橋康之,1509,2.9,,2,3,36.8,50.7,,58.93,58.4,0.2,410,-4,,(32.0),,,,,,
,251011,3京3,2,未勝利*,カムアップローゼス,,牡,2,松山弘平, 56 ,8,1,"  ","  ","  ","  ",,1,１,ダ,1800,,良,560,,(栗),浜田多実,1535,-0.1,1,1,1,37.1,53.0,*,54.03,53.0,0.0,476,+8,,130,100,,320,350,290,630
,251011,3京3,2,未勝利*,サトノリシャール,,牡,2,古川吉洋, 56 ,8,7,"  ","  ","  ","  ",,4,２,ダ,1800,,良,220,,(栗),福永祐一,1536,0.1,6,5,5,36.7,54.8,*,54.03,53.0,0.5,478,+2,,(8.2),120,,320,350,290,630
,251011,3京3,2,未勝利*,ヴォーカライズ,,牡,2,吉村誠之,55☆,8,6,"  ","  ","  ","  ",,2,３,ダ,1800,,良,140,,(栗),高野友和,1536,0.1,6,4,4,36.8,54.3,*,54.03,53.0,0.4,478,-10,B,(4.6),110,,,,290,630
,251011,3京3,2,未勝利*,バトゥカーダ,,牡,2,松若風馬, 56 ,8,3,"  ","  ","  ","  ",,3,４,ダ,1800,,良,84,,(栗),安達昭夫,1539,0.4,3,3,2,37.3,52.7,*,54.03,53.0,0.2,484,+4,,(6.7),,,,,,
,251011,3京3,2,未勝利*,コパノルーカス,,牡,2,和田陽希,53▲,8,8,"  ","  ","  ","  ",,7,５,ダ,1800,,良,56,,(栗),梅田智之,1562,2.7,8,8,8,38.0,52.9,,54.03,53.0,1.8,480,-2,,(100.8),,,,,,
,251011,3京3,2,未勝利*,ゴールドアイリーン,,牝,2,斎藤新, 55 ,8,2,"  ","  ","  ","  ",,5,６,ダ,1800,,良,0,,(栗),小栗実,1563,2.8,2,2,2,39.9,45.7,,54.03,53.0,0.0,502,0,,(63.3),,,,,,
,251011,3京3,2,未勝利*,スナークホクサイ,,牡,2,富田暁, 56 ,8,4,"  ","  ","  ","  ",,6,７,ダ,1800,,良,0,,(栗),野中賢二,1569,3.4,4,5,6,39.9,46.5,,54.03,53.0,0.6,478,-12,,(71.4),,,,,,
,251011,3京3,2,未勝利*,テーオールーラー,,牡,2,河原田菜,52★,8,5,"  ","  ","  ","  ",,8,８,ダ,1800,,良,0,,(栗),清水久詞,1595,6.0,4,5,7,42.3,41.3,,54.03,53.0,0.8,420,+2,,(188.8),,,,,,
,251011,3京3,1,未勝利*,ランスオブキング,,牡,2,松山弘平, 56 ,16,14,"  ","  ","  ","  ",,1,１,ダ,1200,,良,560,,(栗),本田優,1129,-0.2,,2,2,37.4,44.9,*,44.07,43.9,0.2,468,+8,,290,160,2930,3220,4480,8410,41250
,251011,3京3,1,未勝利*,リアルアルバ,,牡,2,田口貫太, 56 ,16,15,"  ","  ","  ","  ",,10,２,ダ,1200,,良,220,,(栗),大橋勇樹,1131,0.2,,2,2,37.6,44.4,*,44.07,43.9,0.2,462,+10,,(25.9),490,2930,3220,4480,8410,41250
,251011,3京3,1,未勝利*,グラスゴー,,牝,2,高杉吏麒, 55 ,16,12,"  ","  ","  ","  ",,5,３,ダ,1200,,良,140,,(栗),浜田多実,1133,0.4,,1,1,38.0,42.9,*,44.07,43.9,0.0,440,+4,,(9.2),280,,,,8410,41250
,251011,3京3,1,未勝利*,ミヤラティーニ,,牝,2,秋山稔樹, 55 ,16,9,"  ","  ","  ","  ",,12,４,ダ,1200,,良,84,,(栗),東田明士,1134,0.5,,12,11,37.1,47.8,*,44.07,43.9,1.0,422,+4,,(33.6),,,,,,
,251011,3京3,1,未勝利*,サンリナリア,,牝,2,中井裕二, 55 ,16,3,"  ","  ","  ","  ",,6,５,ダ,1200,,良,56,,(栗),緒方努,1137,0.8,,8,8,37.7,45.5,*,44.07,43.9,0.7,434,-2,,(19.8),,,,,,
,251011,3京3,1,未勝利*,テリオスヒナ,,牝,2,和田陽希,52▲,16,16,"  ","  ","  ","  ",,16,６,ダ,1200,,良,0,,(栗),小椋研介,1138,0.9,,4,4,38.0,44.2,*,44.07,43.9,0.5,434,+2,,(266.4),,,,,,
,251011,3京3,1,未勝利*,フレンズプラス,,牝,2,吉村誠之,54☆,16,2,"  ","  ","  ","  ",,2,７,ダ,1200,,良,0,,(栗),宮本博,1139,1.0,,4,4,38.2,43.5,*,44.07,43.9,0.4,416,0,,(4.7),,,,,,
,251011,3京3,1,未勝利*,ハルイチバン,,牡,2,岩田望来, 56 ,16,10,"  ","  ","  ","  ",,3,８,ダ,1200,,良,0,,(栗),西園正都,1142,1.3,,12,11,37.9,45.8,,44.07,43.9,1.0,464,+4,,(5.6),,,,,,
,251011,3京3,1,未勝利*,メイショウボンテン,,牡,2,武豊, 56 ,16,13,"  ","  ","  ","  ",,8,９,ダ,1200,,良,0,,(栗),飯田祐史,1146,1.7,,8,11,38.5,43.8,,44.07,43.9,0.8,450,-2,,(24.4),,,,,,
,251011,3京3,1,未勝利*,リーガルスプレンダ,,牝,2,加藤祥太, 55 ,16,7,"  ","  ","  ","  ",,11,10,ダ,1200,,良,0,,(栗),庄野靖志,1149,2.0,,4,4,39.1,41.6,,44.07,43.9,0.5,466,+10,,(27.2),,,,,,
,251011,3京3,1,未勝利*,ワイドアルバ,,牡,2,松若風馬, 56 ,16,11,"  ","  ","  ","  ",,9,11,ダ,1200,,良,0,,(栗),藤野健太,1149,2.0,,8,8,38.8,43.0,,44.07,43.9,0.8,472,+10,,(25.1),,,,,,
,251011,3京3,1,未勝利*,クイーンズステート,,牝,2,河原田菜,51★,16,4,"  ","  ","  ","  ",,15,12,ダ,1200,,良,0,,(栗),新谷功一,1150,2.1,,16,15,37.6,49.5,*,44.07,43.9,2.1,376,+8,,(261.0),,,,,,
,251011,3京3,1,未勝利*,テーオーエリーナ,,牝,2,橋木太希,52▲,16,6,"  ","  ","  ","  ",,14,13,ダ,1200,,良,0,,(栗),宮徹,1157,2.8,,14,14,39.0,44.1,,44.07,43.9,1.4,426,-12,,(159.4),,,,,,
,251011,3京3,1,未勝利*,ナムラマフィン,,牝,2,和田竜二, 55 ,16,5,"  ","  ","  ","  ",,7,14,ダ,1200,,良,0,,(栗),鈴木孝志,1157,2.8,,8,8,39.8,40.2,,44.07,43.9,0.6,422,0,,(22.6),,,,,,
,251011,3京3,1,未勝利*,ワイドカクゲン,,牡,2,鮫島克駿, 56 ,16,1,"  ","  ","  ","  ",,4,15,ダ,1200,,良,0,,(栗),杉山佳明,1166,3.7,,4,4,40.9,37.3,,44.07,43.9,0.4,490,0,,(8.8),,,,,,
,251011,3京3,1,未勝利*,マジックアロマ,,牝,2,西村淳也, 55 ,16,8,"  ","  ","  ","  ",,13,16,ダ,1200,,良,0,,(栗),小栗実,1170,4.1,,15,16,40.0,42.5,,44.07,43.9,1.7,446,0,,(88.5),,,,,,
,251005,3京2,12,２勝ｸﾗｽ,ブラックケリー,,牝,3,横山武史, 55 ,16,2,"  ","  ","  ","  ",,3,１,芝,1200,A,稍,1140,,(栗),長谷川浩,1079,-0.1,,7,7,33.8,50.9,*,49.87,46.2,0.8,436,0,,630,220,600,1310,2750,2240,11780
,251005,3京2,12,２勝ｸﾗｽ,ジュンヴァンケット,,セ,4,松山弘平, 58 ,16,13,"  ","  ","  ","  ",,1,２,芝,1200,A,稍,460,,(栗),友道康夫,1080,0.1,,1,1,34.7,46.0,*,49.87,46.2,0.0,462,0,,(4.0),150,600,1310,2750,2240,11780
,251005,3京2,12,２勝ｸﾗｽ,カンシン,,牡,3,坂井瑠星, 57 ,16,9,"  ","  ","  ","  ",,2,３,芝,1200,A,稍,290,,(栗),西園翔太,1083,0.4,,11,11,33.7,52.7,*,49.87,46.2,1.3,462,-6,,(4.8),170,,,,2240,11780
,251005,3京2,12,２勝ｸﾗｽ,シュブロンレーヴル,,牝,4,斎藤新, 56 ,16,15,"  ","  ","  ","  ",,14,４,芝,1200,A,稍,170,,(栗),杉山佳明,1084,0.5,,15,13,33.4,54.8,*,49.87,46.2,1.7,422,+10,,(60.7),,,,,,
,251005,3京2,12,２勝ｸﾗｽ,カリーシ,,牝,4,高杉吏麒, 56 ,16,10,"  ","  ","  ","  ",,12,５,芝,1200,A,稍,114,,(美),武井亮,1084,0.5,,8,7,34.2,50.0,*,49.87,46.2,0.9,448,-6,,(52.4),,,,,,
,251005,3京2,12,２勝ｸﾗｽ,ブルーサンセット,,牝,3,吉村誠之,54☆,16,11,"  ","  ","  ","  ",,7,６,芝,1200,A,稍,0,,(栗),奥村豊,1085,0.6,,5,5,34.6,48.0,*,49.87,46.2,0.6,452,+8,,(17.0),,,,,,
,251005,3京2,12,２勝ｸﾗｽ,ビービーエフォート,,牝,3,西塚洸二,54☆,16,6,"  ","  ","  ","  ",,8,７,芝,1200,A,稍,0,,(美),高柳瑞樹,1085,0.6,,15,16,33.4,55.1,*,49.87,46.2,1.8,404,-8,,(20.1),,,,,,
,251005,3京2,12,２勝ｸﾗｽ,エルサトアナ,,牝,3,松本大輝,54☆,16,1,"  ","  ","  ","  ",,6,８,芝,1200,A,稍,0,,(栗),本田優,1085,0.6,,3,3,34.9,46.3,*,49.87,46.2,0.3,426,-8,,(9.2),,,,,,
,251005,3京2,12,２勝ｸﾗｽ,マゴイチタ,,セ,3,高倉稜, 57 ,16,12,"  ","  ","  ","  ",,13,９,芝,1200,A,稍,0,,(栗),武英智,1086,0.7,,9,9,34.2,50.6,*,49.87,46.2,1.1,452,+4,,(57.7),,,,,,
,251005,3京2,12,２勝ｸﾗｽ,ソングオブライフ,,牡,4,鮫島克駿, 58 ,16,5,"  ","  ","  ","  ",,4,10,芝,1200,A,稍,0,,(栗),森田直行,1087,0.8,,4,3,35.0,46.3,*,49.87,46.2,0.4,500,+6,,(8.0),,,,,,
,251005,3京2,12,２勝ｸﾗｽ,アンビバレント,,牡,5,田口貫太, 58 ,16,3,"  ","  ","  ","  ",,11,11,芝,1200,A,稍,0,,(栗),藤野健太,1088,0.9,,13,15,33.9,52.9,*,49.87,46.2,1.6,476,-6,,(40.1),,,,,,
,251005,3京2,12,２勝ｸﾗｽ,トウカイエルデ,,牡,4,団野大成, 58 ,16,8,"  ","  ","  ","  ",,5,12,芝,1200,A,稍,0,,(栗),茶木太樹,1088,0.9,,11,11,34.2,51.2,*,49.87,46.2,1.3,450,-10,,(8.2),,,,,,
,251005,3京2,12,２勝ｸﾗｽ,マイネルビジョン,,牡,5,和田竜二, 58 ,16,16,"  ","  ","  ","  ",,16,13,芝,1200,A,稍,0,,(美),伊藤大士,1096,1.7,,13,13,34.8,50.0,,49.87,46.2,1.5,462,0,B,(180.1),,,,,,
,251005,3京2,12,２勝ｸﾗｽ,アスクキングコング,,セ,7,松若風馬, 58 ,16,7,"  ","  ","  ","  ",,15,14,芝,1200,A,稍,0,,(栗),梅田智之,1105,2.6,,9,9,36.1,45.3,,49.87,46.2,1.1,476,0,,(131.5),,,,,,
,251005,3京2,12,２勝ｸﾗｽ,ファイツオン,,牡,4,浜中俊, 58 ,16,14,"  ","  ","  ","  ",,9,15,芝,1200,A,稍,0,,(栗),藤岡健一,1114,3.5,,2,2,38.0,37.9,,49.87,46.2,0.1,510,-2,,(20.5),,,,,,
,251005,3京2,11,京都大賞G2,ディープモンスター,,牡,7,浜中俊, 57 ,18,3,"  ","  ","  ","  ",,5,１,芝,2400,A,稍,6700,,(栗),池江泰寿,2239,-0.1,5,7,7,34.4,56.1,*,55.53,54.1,0.5,466,0,,1130,330,680,3690,8770,99940,470550
,251005,3京2,11,京都大賞G2,サンライズアース,,牡,4,池添謙一, 58 ,18,5,"  ","  ","  ","  ",,2,２,芝,2400,A,稍,2700,,(栗),石坂公一,2240,0.1,1,1,1,35.0,53.8,*,55.53,54.1,0.0,534,+4,,(5.3),250,680,3690,8770,99940,470550
,251005,3京2,11,京都大賞G2,ヴェルミセル,,牝,5,鮫島克駿, 55 ,18,8,"  ","  ","  ","  ",,15,３,芝,2400,A,稍,1700,,(栗),吉村圭司,2241,0.2,12,11,11,34.3,56.7,*,55.53,54.1,0.8,468,+4,,(90.8),1660,,,,99940,470550
,251005,3京2,11,京都大賞G2,アドマイヤテラ,,牡,4,川田将雅, 58 ,18,4,"  ","  ","  ","  ",,1,４,芝,2400,A,稍,1000,,(栗),友道康夫,2242,0.3,7,6,3,34.8,54.8,*,55.53,54.1,0.4,496,+2,,(3.1),,,,,,
,251005,3京2,11,京都大賞G2,ショウナンラプンタ,,牡,4,松山弘平, 57 ,18,18,"  ","  ","  ","  ",,3,５,芝,2400,A,稍,670,,(栗),高野友和,2242,0.3,17,13,9,34.5,56.0,*,55.53,54.1,0.7,542,-2,,(5.3),,,,,,
,251005,3京2,11,京都大賞G2,アルナシーム,,牡,6,藤岡佑介, 57 ,18,17,"  ","  ","  ","  ",,12,６,芝,2400,A,稍,0,,(栗),橋口慎介,2243,0.4,3,7,7,34.8,54.9,*,55.53,54.1,0.5,446,-2,,(80.6),,,,,,
,251005,3京2,11,京都大賞G2,ヴェルテンベルク,,牡,5,松若風馬, 57 ,18,11,"  ","  ","  ","  ",,16,７,芝,2400,A,稍,0,*,(栗),宮本博,2244,0.5,12,15,14,34.5,56.2,*,55.53,54.1,0.9,486,+4,,(151.9),,,,,,
,251005,3京2,11,京都大賞G2,ドゥレッツァ,,牡,5,横山武史, 58 ,18,7,"  ","  ","  ","  ",,4,８,芝,2400,A,稍,0,,(美),尾関知人,2245,0.6,8,2,2,35.4,52.7,*,55.53,54.1,0.1,478,+10,,(5.9),,,,,,
,251005,3京2,11,京都大賞G2,サンライズソレイユ,,牡,4,坂井瑠星, 57 ,18,1,"  ","  ","  ","  ",,10,９,芝,2400,A,稍,0,,(栗),矢作芳人,2245,0.6,3,3,3,35.2,53.5,*,55.53,54.1,0.3,522,0,,(37.8),,,,,,
,251005,3京2,11,京都大賞G2,ボルドグフーシュ,,牡,6,内田博幸, 57 ,18,16,"  ","  ","  ","  ",,8,10,芝,2400,A,稍,0,*,(栗),宮本博,2245,0.6,15,13,14,34.7,55.5,*,55.53,54.1,0.8,510,+6,,(26.2),,,,,,
,251005,3京2,11,京都大賞G2,カネフラ,,牡,5,団野大成, 57 ,18,2,"  ","  ","  ","  ",,18,11,芝,2400,A,稍,0,,(栗),高橋康之,2247,0.8,15,15,14,34.7,55.7,*,55.53,54.1,1.0,448,0,,(282.8),,,,,,
,251005,3京2,11,京都大賞G2,ジューンテイク,,牡,4,菱田裕二, 57 ,18,15,"  ","  ","  ","  ",,9,12,芝,2400,A,稍,0,,(栗),武英智,2248,0.9,14,17,18,34.8,55.4,*,55.53,54.1,1.0,490,-14,,(28.2),,,,,,
,251005,3京2,11,京都大賞G2,ブレイヴロッカー,,セ,5,太宰啓介, 57 ,18,10,"  ","  ","  ","  ",,13,13,芝,2400,A,稍,0,*,(栗),本田優,2248,0.9,9,9,9,35.2,53.8,*,55.53,54.1,0.6,466,-6,,(84.5),,,,,,
,251005,3京2,11,京都大賞G2,メイショウブレゲ,,牡,6,酒井学, 57 ,18,13,"  ","  ","  ","  ",,11,14,芝,2400,A,稍,0,*,(栗),本田優,2249,1.0,17,18,14,34.9,55.1,*,55.53,54.1,1.0,474,+4,,(47.4),,,,,,
,251005,3京2,11,京都大賞G2,プラダリア,,牡,6,高杉吏麒, 57 ,18,6,"  ","  ","  ","  ",,7,15,芝,2400,A,稍,0,,(栗),池添学,2250,1.1,2,3,3,35.7,52.1,,55.53,54.1,0.3,468,-2,,(23.2),,,,,,
,251005,3京2,11,京都大賞G2,サブマリーナ,,牡,4,横山和生, 57 ,18,14,"  ","  ","  ","  ",,6,16,芝,2400,A,稍,0,,(栗),庄野靖志,2251,1.2,5,3,3,35.9,51.4,,55.53,54.1,0.2,478,-2,,(12.1),,,,,,
,251005,3京2,11,京都大賞G2,ミクソロジー,,セ,6,斎藤新, 57 ,18,9,"  ","  ","  ","  ",,17,17,芝,2400,A,稍,0,,(栗),辻野泰之,2253,1.4,9,11,11,35.5,53.1,,55.53,54.1,0.8,434,-10,B,(235.1),,,,,,
,251005,3京2,11,京都大賞G2,ワープスピード,,牡,6,吉村誠之, 57 ,18,12,"  ","  ","  ","  ",,14,18,芝,2400,A,稍,0,,(美),高木登,2272,3.3,9,9,11,37.6,47.2,,55.53,54.1,0.6,498,-10,B,(89.9),,,,,,
,251005,3京2,10,藤森Ｓ,タガノミスト,,牝,4,松山弘平, 55 ,16,12,"  ","  ","  ","  ",,4,１,ダ,1200,,重,2200,,(栗),渡辺薫彦,1094,-0.1,,2,2,34.7,50.0,*,49.80,49.4,0.1,488,0,,1060,210,1130,1590,4410,2570,22500
,251005,3京2,10,藤森Ｓ,アメリカンステージ,,牡,3,坂井瑠星, 56 ,16,9,"  ","  ","  ","  ",,1,２,ダ,1200,,重,880,,(栗),矢作芳人,1095,0.1,,1,1,34.9,49.1,*,49.80,49.4,0.0,516,,,(1.9),110,1130,1590,4410,2570,22500
,251005,3京2,10,藤森Ｓ,スターターン,,牡,4,川田将雅, 57 ,16,4,"  ","  ","  ","  ",,2,３,ダ,1200,,重,550,,(栗),坂口智康,1099,0.5,,5,5,34.9,50.3,*,49.80,49.4,0.4,500,+10,,(7.0),170,,,,2570,22500
,251005,3京2,10,藤森Ｓ,ジョーローリット,,牝,4,内田博幸, 55 ,16,14,"  ","  ","  ","  ",,9,４,ダ,1200,,重,330,,(栗),中竹和也,1101,0.7,,3,3,35.3,48.6,*,49.80,49.4,0.2,504,+8,,(23.0),,,,,,
,251005,3京2,10,藤森Ｓ,スマートフォルス,,牡,5,横山武史, 57 ,16,11,"  ","  ","  ","  ",,10,５,ダ,1200,,重,220,,(栗),吉村圭司,1103,0.9,,14,14,34.5,53.8,*,49.80,49.4,1.2,484,+2,,(44.0),,,,,,
,251005,3京2,10,藤森Ｓ,ニットウバジル,,牡,5,吉田豊, 57 ,16,13,"  ","  ","  ","  ",,8,６,ダ,1200,,重,0,,(美),高橋文雅,1103,0.9,,11,11,34.9,51.4,*,49.80,49.4,0.8,510,-4,,(22.0),,,,,,
,251005,3京2,10,藤森Ｓ,メイショウミツヤス,,牡,7,和田竜二, 57 ,16,8,"  ","  ","  ","  ",,15,７,ダ,1200,,重,0,,(栗),飯田祐史,1104,1.0,,9,8,35.2,50.0,*,49.80,49.4,0.6,518,+6,,(262.8),,,,,,
,251005,3京2,10,藤森Ｓ,キタノズエッジ,,牡,4,池添謙一, 57 ,16,3,"  ","  ","  ","  ",,6,８,ダ,1200,,重,0,,(栗),畑端省吾,1107,1.3,,13,13,35.2,50.9,,49.80,49.4,0.9,546,+4,,(16.1),,,,,,
,251005,3京2,10,藤森Ｓ,ロードラディウス,,牡,5,松若風馬, 57 ,16,10,"  ","  ","  ","  ",,12,９,ダ,1200,,重,0,,(栗),森田直行,1110,1.6,,11,11,35.7,48.9,,49.80,49.4,0.7,480,-2,,(60.7),,,,,,
,251005,3京2,10,藤森Ｓ,メズメライザー,,セ,6,高杉吏麒, 57 ,16,15,"  ","  ","  ","  ",,11,10,ダ,1200,,重,0,,(栗),千田輝彦,1112,1.8,,7,6,36.1,47.2,,49.80,49.4,0.5,528,+6,,(59.5),,,,,,
,251005,3京2,10,藤森Ｓ,スマートサニー,,牡,5,浜中俊, 57 ,16,16,"  ","  ","  ","  ",,5,11,ダ,1200,,重,0,,(栗),石橋守,1113,1.9,,7,6,36.2,47.0,,49.80,49.4,0.5,480,+2,,(11.9),,,,,,
,251005,3京2,10,藤森Ｓ,プロトポロス,,牡,5,小沢大仁, 57 ,16,2,"  ","  ","  ","  ",,7,12,ダ,1200,,重,0,,(栗),西村真幸,1113,1.9,,9,8,36.2,47.0,,49.80,49.4,0.5,486,0,B,(19.1),,,,,,
,251005,3京2,10,藤森Ｓ,マニバドラ,,牡,5,団野大成, 58 ,16,1,"  ","  ","  ","  ",,3,13,ダ,1200,,重,0,*,(栗),森秀行,1115,2.1,,3,3,36.7,44.8,,49.80,49.4,0.2,534,+14,,(8.2),,,,,,
,251005,3京2,10,藤森Ｓ,メタマックス,,牡,5,吉村誠之, 58 ,16,7,"  ","  ","  ","  ",,14,14,ダ,1200,,重,0,*,(栗),森秀行,1116,2.2,,16,15,35.8,50.0,,49.80,49.4,1.2,534,0,,(119.6),,,,,,
,251005,3京2,10,藤森Ｓ,サクセスローレル,,牡,6,亀田温心, 57 ,16,6,"  ","  ","  ","  ",,16,15,ダ,1200,,重,0,,(栗),北出成人,1120,2.6,,5,8,36.9,45.1,,49.80,49.4,0.5,524,-8,B,(283.8),,,,,,
,251005,3京2,10,藤森Ｓ,ソウテン,,牡,6,鮫島克駿, 57 ,16,5,"  ","  ","  ","  ",,13,16,ダ,1200,,重,0,,(栗),斉藤崇史,1130,3.6,,14,15,37.2,46.2,,49.80,49.4,1.2,538,+12,B,(115.5),,,,,,
,251005,3京2,9,大原Ｓ･3勝,レディーヴァリュー,,牝,4,団野大成, 56 ,9,1,"  ","  ","  ","  ",,2,１,芝,2000,A,稍,1840,,(栗),小林真也,1594,-0.2,2,2,1,34.2,56.8,*,57.13,56.3,0.1,454,-10,,290,170,1100,1740,2280,4720,16860
,251005,3京2,9,大原Ｓ･3勝,アイスグリーン,,牡,5,吉村誠之, 58 ,9,3,"  ","  ","  ","  ",,4,２,芝,2000,A,稍,740,,(栗),池添学,1596,0.2,3,3,3,34.2,57.0,*,57.13,56.3,0.3,482,-2,,(9.7),270,1100,1740,2280,4720,16860
,251005,3京2,9,大原Ｓ･3勝,キャントウェイト,,牡,4,和田竜二, 58 ,9,9,"  ","  ","  ","  ",,5,３,芝,2000,A,稍,460,,(美),萱野浩二,1597,0.3,5,6,7,34.1,57.6,*,57.13,56.3,0.5,478,0,,(13.7),310,,,,4720,16860
,251005,3京2,9,大原Ｓ･3勝,タイキラフター,,牡,5,横山武史, 58 ,9,2,"  ","  ","  ","  ",,6,４,芝,2000,A,稍,280,,(美),大竹正博,1597,0.3,8,8,8,33.8,58.9,*,57.13,56.3,0.8,518,-14,,(16.5),,,,,,
,251005,3京2,9,大原Ｓ･3勝,バッデレイト,,牡,4,川田将雅, 58 ,9,8,"  ","  ","  ","  ",,1,５,芝,2000,A,稍,184,,(栗),上村洋行,1599,0.5,5,6,6,34.4,56.5,*,57.13,56.3,0.4,476,+8,,(2.2),,,,,,
,251005,3京2,9,大原Ｓ･3勝,マイネルニコラス,,牡,6,斎藤新, 58 ,9,7,"  ","  ","  ","  ",,9,６,芝,2000,A,稍,0,,(美),畠山吉宏,2000,0.6,9,9,9,33.8,59.3,*,57.13,56.3,1.1,516,+6,,(161.1),,,,,,
,251005,3京2,9,大原Ｓ･3勝,キュクヌス,,牝,4,松山弘平, 56 ,9,6,"  ","  ","  ","  ",,3,７,芝,2000,A,稍,0,,(栗),池江泰寿,2001,0.7,3,3,3,34.8,55.0,*,57.13,56.3,0.2,458,+10,,(6.0),,,,,,
,251005,3京2,9,大原Ｓ･3勝,サトノクローク,,牡,5,鮫島克駿, 58 ,9,4,"  ","  ","  ","  ",,7,８,芝,2000,A,稍,0,,(栗),橋口慎介,2001,0.7,5,3,3,34.8,55.0,*,57.13,56.3,0.2,466,-12,,(24.2),,,,,,
,251005,3京2,9,大原Ｓ･3勝,ベント,,セ,4,松若風馬, 58 ,9,5,"  ","  ","  ","  ",,8,９,芝,2000,A,稍,0,,(栗),小崎憲,2010,1.6,1,1,2,35.9,51.6,,57.13,56.3,0.0,436,+8,,(84.0),,,,,,
,251005,3京2,8,２勝ｸﾗｽ,タマモティーカップ,,牝,3,永島まな,52◇,16,14,"  ","  ","  ","  ",,6,１,ダ,1400,,重,1140,,(栗),高橋亮,1226,-0.1,,3,2,36.2,46.1,*,48.17,42.4,0.8,462,+2,,1460,320,1120,2030,6020,9200,53670
,251005,3京2,8,２勝ｸﾗｽ,ピエマンソン,,牡,3,池添謙一, 56 ,16,5,"  ","  ","  ","  ",,1,２,ダ,1400,,重,460,,(栗),平田修,1227,0.1,,6,5,36.1,46.8,*,48.17,42.4,1.0,476,+4,,(2.5),150,1120,2030,6020,9200,53670
,251005,3京2,8,２勝ｸﾗｽ,ワーズワース,,牡,7,高杉吏麒, 58 ,16,13,"  ","  ","  ","  ",,7,３,ダ,1400,,重,290,,(栗),高橋一哉,1229,0.3,,16,15,35.2,51.6,*,48.17,42.4,2.1,502,+10,,(17.2),350,,,,9200,53670
,251005,3京2,8,２勝ｸﾗｽ,コスモストーム,,牡,3,秋山稔樹, 56 ,16,8,"  ","  ","  ","  ",,2,４,ダ,1400,,重,170,,(栗),北出成人,1230,0.4,,9,8,36.0,47.9,*,48.17,42.4,1.4,508,+8,,(3.8),,,,,,
,251005,3京2,8,２勝ｸﾗｽ,クアトロジャック,,牡,4,横山和生, 58 ,16,16,"  ","  ","  ","  ",,3,５,ダ,1400,,重,114,,(栗),庄野靖志,1235,0.9,,2,2,37.7,41.1,*,48.17,42.4,0.2,494,+6,B,(8.3),,,,,,
,251005,3京2,8,２勝ｸﾗｽ,ワイノナオミ,,牝,4,藤岡佑介, 56 ,16,11,"  ","  ","  ","  ",,9,６,ダ,1400,,重,0,,(栗),畑端省吾,1236,1.0,,11,11,36.3,47.7,*,48.17,42.4,1.7,474,+12,,(39.1),,,,,,
,251005,3京2,8,２勝ｸﾗｽ,モズナイスバディー,,牡,4,和田竜二, 58 ,16,12,"  ","  ","  ","  ",,10,７,ダ,1400,,重,0,,(栗),飯田祐史,1238,1.2,,7,8,37.0,44.9,,48.17,42.4,1.2,492,-2,,(40.5),,,,,,
,251005,3京2,8,２勝ｸﾗｽ,リネアグローリア,,牡,4,酒井学, 58 ,16,1,"  ","  ","  ","  ",,8,８,ダ,1400,,重,0,,(栗),小崎憲,1238,1.2,,7,7,37.0,44.9,,48.17,42.4,1.2,480,+2,,(20.6),,,,,,
,251005,3京2,8,２勝ｸﾗｽ,フラーハ,,牝,4,松山弘平, 56 ,16,3,"  ","  ","  ","  ",,5,９,ダ,1400,,重,0,,(美),嘉藤貴行,1241,1.5,,1,1,38.5,38.8,,48.17,42.4,0.0,492,+4,,(10.2),,,,,,
,251005,3京2,8,２勝ｸﾗｽ,ランタナヒルズ,,牝,4,和田陽希,53▲,16,9,"  ","  ","  ","  ",,13,10,ダ,1400,,重,0,,(美),田中勝春,1241,1.5,,14,13,36.6,47.3,,48.17,42.4,1.9,470,+4,,(115.9),,,,,,
,251005,3京2,8,２勝ｸﾗｽ,ブライトルピナス,,牝,4,川須栄彦, 56 ,16,4,"  ","  ","  ","  ",,11,11,ダ,1400,,重,0,,(栗),東田明士,1243,1.7,,3,5,38.0,41.4,,48.17,42.4,0.7,476,+20,B,(85.2),,,,,,
,251005,3京2,8,２勝ｸﾗｽ,サマーアゲイン,,牡,4,高倉稜, 58 ,16,2,"  ","  ","  ","  ",,16,12,ダ,1400,,重,0,,(栗),渡辺薫彦,1243,1.7,,9,8,37.3,44.5,,48.17,42.4,1.4,502,+2,B,(358.8),,,,,,
,251005,3京2,8,２勝ｸﾗｽ,バイファーザベスト,,牡,6,吉村誠之,57☆,16,15,"  ","  ","  ","  ",,12,13,ダ,1400,,重,0,,(栗),清水久詞,1245,1.9,,14,15,36.9,46.7,,48.17,42.4,2.0,536,+10,,(90.9),,,,,,
,251005,3京2,8,２勝ｸﾗｽ,シンゼンイズモ,,牡,5,団野大成, 58 ,16,6,"  ","  ","  ","  ",,15,14,ダ,1400,,重,0,,(栗),荒川義之,1247,2.1,,11,13,37.4,44.9,,48.17,42.4,1.7,522,-10,,(305.4),,,,,,
,251005,3京2,8,２勝ｸﾗｽ,マイティマイティー,,牡,4,坂井瑠星, 58 ,16,10,"  ","  ","  ","  ",,4,15,ダ,1400,,重,0,,(栗),佐々木晶,1248,2.2,,11,11,37.6,44.1,,48.17,42.4,1.6,490,-2,,(8.8),,,,,,
,251005,3京2,8,２勝ｸﾗｽ,ストームバンガード,,牡,4,菱田裕二, 58 ,16,7,"  ","  ","  ","  ",,14,16,ダ,1400,,重,0,,(栗),岡田稲男,1256,3.0,,3,4,39.3,38.4,,48.17,42.4,0.7,506,+16,,(158.9),,,,,,
,251005,3京2,7,１勝ｸﾗｽ,フォーキャンドルズ,,牡,3,松本大輝,55☆,12,4,"  ","  ","  ","  ",,8,１,芝,2000,A,稍,800,,(栗),本田優,2001,-0.1,7,6,4,34.5,56.3,*,56.70,54.2,0.5,498,-4,,3540,340,2310,2190,7140,2930,40240
,251005,3京2,7,１勝ｸﾗｽ,クラウディアイ,,牡,3,松山弘平, 56 ,12,6,"  ","  ","  ","  ",,1,２,芝,2000,A,稍,320,,(栗),橋口慎介,2002,0.1,9,8,9,34.4,56.9,*,56.70,54.2,0.7,440,+2,,(1.7),110,2310,2190,7140,2930,40240
,251005,3京2,7,１勝ｸﾗｽ,デルシエロ,,牡,4,吉村誠之,57☆,12,9,"  ","  ","  ","  ",,2,３,芝,2000,A,稍,200,,(栗),清水久詞,2002,0.1,11,8,7,34.4,56.9,*,56.70,54.2,0.7,418,+6,,(6.4),160,,,,2930,40240
,251005,3京2,7,１勝ｸﾗｽ,ダノンジャイアン,,牡,3,横山武史, 56 ,12,2,"  ","  ","  ","  ",,3,４,芝,2000,A,稍,120,,(栗),茶木太樹,2006,0.5,3,2,4,35.1,54.4,*,56.70,54.2,0.4,450,+12,,(7.0),,,,,,
,251005,3京2,7,１勝ｸﾗｽ,ニホンピロゴルディ,,牡,4,田口貫太, 58 ,12,12,"  ","  ","  ","  ",,11,５,芝,2000,A,稍,80,,(栗),安達昭夫,2008,0.7,9,11,11,34.7,56.3,*,56.70,54.2,1.0,460,+4,,(153.5),,,,,,
,251005,3京2,7,１勝ｸﾗｽ,ドゥラシェーナ,,牝,4,田山旺佑,53▲,12,7,"  ","  ","  ","  ",,10,６,芝,2000,A,稍,0,,(栗),佐々木晶,2008,0.7,7,8,9,35.0,55.1,*,56.70,54.2,0.7,464,0,,(115.9),,,,,,
,251005,3京2,7,１勝ｸﾗｽ,ディスパラール,,牝,3,団野大成, 54 ,12,10,"  ","  ","  ","  ",,4,７,芝,2000,A,稍,0,,(栗),斉藤崇史,2008,0.7,5,6,7,35.1,54.6,*,56.70,54.2,0.6,448,+8,,(9.0),,,,,,
,251005,3京2,7,１勝ｸﾗｽ,レーヌマロン,,牝,3,長岡禎仁, 54 ,12,8,"  ","  ","  ","  ",,6,８,芝,2000,A,稍,0,,(栗),小栗実,2010,0.9,5,2,2,35.6,52.8,*,56.70,54.2,0.3,450,+2,,(14.1),,,,,,
,251005,3京2,7,１勝ｸﾗｽ,プレミアシップ,,牡,3,高杉吏麒, 56 ,12,1,"  ","  ","  ","  ",,5,９,芝,2000,A,稍,0,,(栗),吉岡辰弥,2016,1.5,2,2,2,36.2,51.1,,56.70,54.2,0.3,500,-2,,(12.3),,,,,,
,251005,3京2,7,１勝ｸﾗｽ,ルージュサリナス,,牝,4,永島まな,54◇,12,5,"  ","  ","  ","  ",,9,10,芝,2000,A,稍,0,,(栗),加藤公太,2020,1.9,4,5,4,36.4,50.8,,56.70,54.2,0.5,436,+18,,(88.9),,,,,,
,251005,3京2,7,１勝ｸﾗｽ,ヴォラヴィア,,牡,3,川又賢治, 56 ,12,11,"  ","  ","  ","  ",,7,11,芝,2000,A,稍,0,,(栗),杉山佳明,2020,1.9,1,1,1,36.9,48.8,,56.70,54.2,0.0,458,+6,,(20.9),,,,,,
,251005,3京2,7,１勝ｸﾗｽ,ショウナンアトレ,,牡,3,和田陽希,53▲,12,3,"  ","  ","  ","  ",,12,12,芝,2000,A,稍,0,,(栗),梅田智之,2050,4.9,11,12,12,38.3,47.0,,56.70,54.2,1.6,454,+2,B,(239.8),,,,,,
,251005,3京2,6,１勝ｸﾗｽ,ポッドフォルク,,牡,3,中井裕二, 56 ,14,6,"  ","  ","  ","  ",,9,１,ダ,1800,,重,800,,(栗),西園正都,1521,-0.1,2,1,1,36.7,52.7,*,53.23,52.7,0.0,492,0,,4050,870,2230,10340,30360,23500,212990
,251005,3京2,6,１勝ｸﾗｽ,エコロスパーダ,,牡,3,和田陽希,53▲,14,14,"  ","  ","  ","  ",,3,２,ダ,1800,,重,320,,(栗),大久保龍,1522,0.1,4,3,3,36.6,53.3,*,53.23,52.7,0.2,452,+2,,(5.3),200,2230,10340,30360,23500,212990
,251005,3京2,6,１勝ｸﾗｽ,ディニテ,,牡,3,松山弘平, 56 ,14,7,"  ","  ","  ","  ",,5,３,ダ,1800,,重,200,,(栗),辻野泰之,1522,0.1,4,3,4,36.5,53.7,*,53.23,52.7,0.3,496,+2,,(9.7),290,,,,23500,212990
,251005,3京2,6,１勝ｸﾗｽ,ヴァリージア,,牡,5,団野大成, 58 ,14,4,"  ","  ","  ","  ",,7,４,ダ,1800,,重,120,,(栗),斉藤崇史,1522,0.1,6,6,7,36.2,55.0,*,53.23,52.7,0.6,526,-2,,(23.5),,,,,,
,251005,3京2,6,１勝ｸﾗｽ,ブルーワール,,牡,4,松若風馬, 58 ,14,9,"  ","  ","  ","  ",,6,５,ダ,1800,,重,80,,(栗),高柳大輔,1524,0.3,14,9,7,36.2,55.2,*,53.23,52.7,0.8,512,+4,B,(11.3),,,,,,
,251005,3京2,6,１勝ｸﾗｽ,チムニートップス,,牡,3,吉村誠之,55☆,14,13,"  ","  ","  ","  ",,4,６,ダ,1800,,重,0,,(栗),杉山晴紀,1525,0.4,6,6,4,36.7,53.3,*,53.23,52.7,0.4,490,+2,B,(6.0),,,,,,
,251005,3京2,6,１勝ｸﾗｽ,エリカヴェネチア,,牝,4,高杉吏麒, 56 ,14,5,"  ","  ","  ","  ",,8,７,ダ,1800,,重,0,,(栗),吉岡辰弥,1526,0.5,11,13,12,36.2,55.5,*,53.23,52.7,1.0,498,+2,,(29.0),,,,,,
,251005,3京2,6,１勝ｸﾗｽ,マテンロウブレイブ,,牡,3,太宰啓介, 56 ,14,11,"  ","  ","  ","  ",,1,８,ダ,1800,,重,0,,(栗),高橋亮,1527,0.6,11,6,4,36.7,53.5,*,53.23,52.7,0.6,490,+6,,(2.7),,,,,,
,251005,3京2,6,１勝ｸﾗｽ,コウジョリョウゾク,,牡,3,荻野琢真, 56 ,14,8,"  ","  ","  ","  ",,12,９,ダ,1800,,重,0,,(栗),牧田和弥,1532,1.1,11,13,10,36.7,54.2,,53.23,52.7,1.1,466,+6,,(165.7),,,,,,
,251005,3京2,6,１勝ｸﾗｽ,アメリカンビヨンド,,牡,3,坂井瑠星, 56 ,14,12,"  ","  ","  ","  ",,2,10,ダ,1800,,重,0,,(栗),藤原英昭,1535,1.4,3,3,2,37.9,49.7,,53.23,52.7,0.2,532,-4,,(4.7),,,,,,
,251005,3京2,6,１勝ｸﾗｽ,クレスコドルフィン,,牡,3,角田大和, 56 ,14,10,"  ","  ","  ","  ",,11,11,ダ,1800,,重,0,,(栗),長谷川浩,1535,1.4,9,9,7,37.3,52.1,,53.23,52.7,0.8,520,-4,B,(126.9),,,,,,
,251005,3京2,6,１勝ｸﾗｽ,アイムアクイーン,,牝,3,田中健, 54 ,14,2,"  ","  ","  ","  ",,13,12,ダ,1800,,重,0,*,(栗),荒川義之,1538,1.7,9,9,12,37.6,51.3,,53.23,52.7,0.8,436,+6,,(232.0),,,,,,
,251005,3京2,6,１勝ｸﾗｽ,キャロルビアンカ,,牝,5,城戸義政, 56 ,14,1,"  ","  ","  ","  ",,14,13,ダ,1800,,重,0,*,(栗),荒川義之,1566,4.5,8,12,14,40.4,44.3,,53.23,52.7,0.8,478,-4,,(428.2),,,,,,
,251005,3京2,6,１勝ｸﾗｽ,ブーディガ,,牝,3,斎藤新, 54 ,14,3,"  ","  ","  ","  ",,10,14,ダ,1800,,重,0,,(栗),高橋一哉,2016,9.5,1,2,10,46.2,31.6,,53.23,52.7,0.0,472,0,,(63.7),,,,,,
,251005,3京2,5,新馬,コウギョク,,牝,2,横山和生, 55 ,13,7,"  ","  ","  ","  ",,2,１,芝,1800,A,稍,750,,(栗),昆貢,1488,-0.3,,1,1,34.7,56.8,*,56.97,56.8,0.0,438,,,400,130,470,590,1280,2470,9790
,251005,3京2,5,新馬,ブレットパス,,牡,2,川田将雅, 56 ,13,13,"  ","  ","  ","  ",,1,２,芝,1800,A,稍,300,,(栗),中内田充,1491,0.3,,3,3,34.8,56.8,*,56.97,56.8,0.2,496,,,(2.3),120,470,590,1280,2470,9790
,251005,3京2,5,新馬,ロサドラーダ,,牝,2,田口貫太, 55 ,13,12,"  ","  ","  ","  ",,7,３,芝,1800,A,稍,190,,(栗),藤岡健一,1492,0.4,,6,6,34.7,57.3,*,56.97,56.8,0.4,490,,,(18.2),310,,,,2470,9790
,251005,3京2,5,新馬,ストームゲイル,,牡,2,藤岡佑介, 56 ,13,5,"  ","  ","  ","  ",,8,４,芝,1800,A,稍,110,,(栗),四位洋文,1492,0.4,,6,7,34.7,57.3,*,56.97,56.8,0.4,462,,,(23.2),,,,,,
,251005,3京2,5,新馬,ラコンチャビエン,,牝,2,高杉吏麒, 55 ,13,10,"  ","  ","  ","  ",,5,５,芝,1800,A,稍,75,,(栗),藤原英昭,1493,0.5,,3,3,34.9,56.6,*,56.97,56.8,0.3,442,,,(15.7),,,,,,
,251005,3京2,5,新馬,オーロアルジェント,,牝,2,横山武史, 55 ,13,11,"  ","  ","  ","  ",,4,６,芝,1800,A,稍,0,,(栗),高野友和,1494,0.6,,2,2,35.2,55.4,*,56.97,56.8,0.1,460,,,(14.8),,,,,,
,251005,3京2,5,新馬,シャドウクライ,,牝,2,鮫島克駿, 55 ,13,9,"  ","  ","  ","  ",,11,７,芝,1800,A,稍,0,,(栗),杉山佳明,1494,0.6,,11,11,34.3,59.5,*,56.97,56.8,1.0,462,,,(47.0),,,,,,
,251005,3京2,5,新馬,グッデイ,,牝,2,秋山稔樹, 55 ,13,2,"  ","  ","  ","  ",,13,８,芝,1800,A,稍,0,,(栗),河嶋宏樹,1497,0.9,,9,7,35.1,56.3,*,56.97,56.8,0.5,428,,,(105.1),,,,,,
,251005,3京2,5,新馬,ビサーロ,,牡,2,小沢大仁, 56 ,13,3,"  ","  ","  ","  ",,12,９,芝,1800,A,稍,0,,(栗),田中克典,1498,1.0,,3,3,35.4,55.1,*,56.97,56.8,0.3,464,,,(92.5),,,,,,
,251005,3京2,5,新馬,マーゴットガイア,,牝,2,吉村誠之,54☆,13,4,"  ","  ","  ","  ",,6,10,芝,1800,A,稍,0,,(栗),石坂公一,1501,1.3,,6,7,35.5,55.1,,56.97,56.8,0.5,490,,,(16.1),,,,,,
,251005,3京2,5,新馬,ヒラボクソライア,,牡,2,坂井瑠星, 56 ,13,6,"  ","  ","  ","  ",,10,11,芝,1800,A,稍,0,,(栗),東田明士,1502,1.4,,10,10,35.4,55.6,,56.97,56.8,0.7,502,,,(41.7),,,,,,
,251005,3京2,5,新馬,ポッドジーク,,牡,2,松山弘平, 56 ,13,8,"  ","  ","  ","  ",,9,12,芝,1800,A,稍,0,,(栗),西園正都,1504,1.6,,12,12,35.1,57.3,,56.97,56.8,1.2,520,,,(30.5),,,,,,
,251005,3京2,5,新馬,アオイハルカ,,牝,2,永島まな,53◇,13,1,"  ","  ","  ","  ",,3,13,芝,1800,A,稍,0,,(栗),大久保龍,1505,1.7,,13,13,35.1,57.4,,56.97,56.8,1.3,448,,,(5.4),,,,,,
,251005,3京2,4,新馬,マーブルパレス,,牝,2,酒井学, 55 ,12,6,"  ","  ","  ","  ",,1,１,芝,1200,A,稍,750,,(栗),西園正都,1100,-0.2,,2,2,34.7,51.7,*,51.70,51.1,0.1,418,,,320,160,910,1840,3010,41910,114740
,251005,3京2,4,新馬,ヒバリノコ,,牡,2,亀田温心, 56 ,12,12,"  ","  ","  ","  ",,5,２,芝,1200,A,稍,300,,(栗),北出成人,1102,0.2,,3,3,34.7,52.3,*,51.70,51.1,0.3,422,,,(10.4),290,910,1840,3010,41910,114740
,251005,3京2,4,新馬,レガリアーナ,,牝,2,松若風馬, 55 ,12,2,"  ","  ","  ","  ",,12,３,芝,1200,A,稍,190,*,(栗),安達昭夫,1106,0.6,,3,3,35.1,51.1,*,51.70,51.1,0.3,384,,,(58.3),870,,,,41910,114740
,251005,3京2,4,新馬,パッションマーレ,,牝,2,富田暁, 55 ,12,10,"  ","  ","  ","  ",,3,４,芝,1200,A,稍,110,,(栗),四位洋文,1107,0.7,,7,5,34.8,53.2,*,51.70,51.1,0.7,406,,,(4.7),,,,,,
,251005,3京2,4,新馬,モカプウイング,,牝,2,吉村誠之,54☆,12,8,"  ","  ","  ","  ",,4,５,芝,1200,A,稍,75,,(栗),加藤公太,1108,0.8,,8,8,34.7,54.0,*,51.70,51.1,0.9,458,,,(6.3),,,,,,
,251005,3京2,4,新馬,オフクマメ,,牝,2,荻野琢真, 55 ,12,11,"  ","  ","  ","  ",,8,６,芝,1200,A,稍,0,,(栗),松下武士,1108,0.8,,10,10,34.5,55.2,*,51.70,51.1,1.1,462,,,(26.7),,,,,,
,251005,3京2,4,新馬,ハンザキ,,牝,2,藤懸貴志, 55 ,12,5,"  ","  ","  ","  ",,6,７,芝,1200,A,稍,0,*,(栗),高橋義忠,1108,0.8,,1,1,35.6,48.9,*,51.70,51.1,0.0,450,,,(11.5),,,,,,
,251005,3京2,4,新馬,ジーティーシップ,,牡,2,鮫島克駿, 56 ,12,3,"  ","  ","  ","  ",,7,８,芝,1200,A,稍,0,,(栗),森田直行,1108,0.8,,5,5,35.1,51.7,*,51.70,51.1,0.5,460,,,(18.4),,,,,,
,251005,3京2,4,新馬,ピルスナー,,牝,2,斎藤新, 55 ,12,9,"  ","  ","  ","  ",,11,９,芝,1200,A,稍,0,,(美),青木孝文,1116,1.6,,11,11,34.8,55.7,,51.70,51.1,1.6,434,,,(40.9),,,,,,
,251005,3京2,4,新馬,キシュウサラトイロ,,牝,2,田口貫太, 55 ,12,7,"  ","  ","  ","  ",,9,10,芝,1200,A,稍,0,*,(栗),安達昭夫,1117,1.7,,11,11,35.0,54.9,,51.70,51.1,1.5,432,,,(38.1),,,,,,
,251005,3京2,4,新馬,ジーティーリボーン,,牝,2,坂井瑠星, 55 ,12,4,"  ","  ","  ","  ",,2,11,芝,1200,A,稍,0,,(栗),中村直也,1117,1.7,,5,5,36.0,49.2,,51.70,51.1,0.5,454,,,(4.7),,,,,,
,251005,3京2,4,新馬,ユイアヴェニール,,牡,2,秋山稔樹, 56 ,12,1,"  ","  ","  ","  ",,10,12,芝,1200,A,稍,0,*,(栗),高橋義忠,1126,2.6,,8,8,36.6,48.4,,51.70,51.1,0.8,432,,,(38.8),,,,,,
,251005,3京2,3,新馬,パイロマンサー,,牡,2,横山武史, 56 ,16,10,"  ","  ","  ","  ",,2,１,ダ,1800,,重,750,,(栗),吉村圭司,1518,-0.3,2,1,1,37.3,49.9,*,50.50,49.9,0.0,504,,,340,140,490,610,1170,2780,10790
,251005,3京2,3,新馬,ジャスティンダラス,,牡,2,松山弘平, 56 ,16,8,"  ","  ","  ","  ",,1,２,ダ,1800,,重,300,,(栗),杉山晴紀,1521,0.3,3,3,3,37.3,50.3,*,50.50,49.9,0.3,522,,,(3.4),140,490,610,1170,2780,10790
,251005,3京2,3,新馬,アーネストアイズ,,牝,2,角田大和, 55 ,16,4,"  ","  ","  ","  ",,5,３,ダ,1800,,重,190,,(栗),松永幹夫,1532,1.4,13,7,5,37.4,51.3,*,50.50,49.9,1.3,474,,,(12.8),310,,,,2780,10790
,251005,3京2,3,新馬,レッドフロイデ,,牡,2,高杉吏麒, 56 ,16,14,"  ","  ","  ","  ",,11,４,ダ,1800,,重,110,,(栗),大久保龍,1538,2.0,9,8,6,37.9,50.1,*,50.50,49.9,1.4,442,,,(36.5),,,,,,
,251005,3京2,3,新馬,アルムランプシー,,牝,2,秋山稔樹, 55 ,16,7,"  ","  ","  ","  ",,7,５,ダ,1800,,重,75,,(栗),北出成人,1542,2.4,1,2,2,39.7,43.8,*,50.50,49.9,0.0,494,,,(18.4),,,,,,
,251005,3京2,3,新馬,コンテナヒーロー,,牡,2,団野大成, 56 ,16,12,"  ","  ","  ","  ",,13,６,ダ,1800,,重,0,,(栗),茶木太樹,1546,2.8,10,11,9,38.5,48.8,*,50.50,49.9,1.6,486,,,(73.9),,,,,,
,251005,3京2,3,新馬,タガノアイゼン,,牡,2,菱田裕二, 56 ,16,9,"  ","  ","  ","  ",,6,７,ダ,1800,,重,0,,(栗),岡田稲男,1550,3.2,6,5,8,39.3,46.3,,50.50,49.9,1.2,460,,,(15.0),,,,,,
,251005,3京2,3,新馬,アクロフェイズ,,牡,2,吉村誠之,55☆,16,5,"  ","  ","  ","  ",,3,８,ダ,1800,,重,0,,(栗),奥村豊,1551,3.3,12,5,6,39.5,45.7,,50.50,49.9,1.1,476,,,(4.8),,,,,,
,251005,3京2,3,新馬,サンライズケヴィン,,牡,2,池添謙一, 56 ,16,16,"  ","  ","  ","  ",,4,９,ダ,1800,,重,0,,(栗),平田修,1559,4.1,3,3,4,41.0,41.3,,50.50,49.9,0.4,492,,,(11.6),,,,,,
,251005,3京2,3,新馬,ケイトバローズ,,牝,2,松若風馬, 55 ,16,3,"  ","  ","  ","  ",,9,10,ダ,1800,,重,0,,(栗),渡辺薫彦,1561,4.3,16,14,11,39.3,47.7,,50.50,49.9,2.3,468,,,(34.0),,,,,,
,251005,3京2,3,新馬,ナブッコ,,牡,2,柴田裕一,53▲,16,1,"  ","  ","  ","  ",,16,11,ダ,1800,,重,0,,(栗),中竹和也,1572,5.4,6,12,13,40.5,44.7,,50.50,49.9,2.2,500,,,(157.3),,,,,,
,251005,3京2,3,新馬,スギノダイナミック,,牡,2,藤懸貴志, 56 ,16,2,"  ","  ","  ","  ",,8,12,ダ,1800,,重,0,,(栗),高橋義忠,1575,5.7,10,12,11,40.9,43.6,,50.50,49.9,2.1,516,,,(32.6),,,,,,
,251005,3京2,3,新馬,レヴロード,,牡,2,内田博幸, 56 ,16,13,"  ","  ","  ","  ",,15,13,ダ,1800,,重,0,,(栗),畑端省吾,1589,7.1,13,14,15,42.0,41.5,,50.50,49.9,2.4,482,,,(142.4),,,,,,
,251005,3京2,3,新馬,リアルフォルツァ,,牡,2,田口貫太, 56 ,16,11,"  ","  ","  ","  ",,12,14,ダ,1800,,重,0,,(栗),大橋勇樹,1590,7.2,6,8,10,43.1,38.1,,50.50,49.9,1.4,506,,,(39.7),,,,,,
,251005,3京2,3,新馬,ミトノテイオー,,牡,2,高倉稜, 56 ,16,6,"  ","  ","  ","  ",,14,15,ダ,1800,,重,0,,(栗),前川恭子,2007,8.9,13,16,16,43.4,39.1,,50.50,49.9,2.8,510,,,(120.9),,,,,,
,251005,3京2,3,新馬,カイラーサ,,牡,2,鮫島克駿, 56 ,16,15,"  ","  ","  ","  ",,10,16,ダ,1800,,重,0,,(栗),河嶋宏樹,2012,9.4,5,8,13,45.1,34.4,,50.50,49.9,1.6,514,,,(35.3),,,,,,
,251005,3京2,2,未勝利*,プレセピオ,,牝,2,浜中俊, 55 ,7,2,"  ","  ","  ","  ",,3,１,芝,1600,A,稍,560,,(栗),笹田和秀,1339,-0.0,,1,1,35.3,49.6,*,49.90,49.6,0.0,472,0,,510,230,,620,1580,990,5690
,251005,3京2,2,未勝利*,ミッキーラヴィータ,,牝,2,団野大成, 55 ,7,1,"  ","  ","  ","  ",,1,２,芝,1600,A,稍,220,,(栗),高橋亮,1339,0.0,,3,2,34.9,51.4,*,49.90,49.6,0.4,442,+8,,(2.2),140,,620,1580,990,5690
,251005,3京2,2,未勝利*,シャローアロス,,牝,2,坂井瑠星, 55 ,7,3,"  ","  ","  ","  ",,5,３,芝,1600,A,稍,140,,(栗),安達昭夫,1347,0.8,,3,2,35.8,48.7,*,49.90,49.6,0.3,438,0,,(6.0),,,,,990,5690
,251005,3京2,2,未勝利*,トランスマリーン,,牡,2,和田竜二, 56 ,7,4,"  ","  ","  ","  ",,2,４,芝,1600,A,稍,84,,(栗),平田修,1348,0.9,,5,5,35.4,50.7,*,49.90,49.6,0.8,486,0,,(4.2),,,,,,
,251005,3京2,2,未勝利*,デルニエジョイ,,牡,2,田口貫太, 56 ,7,5,"  ","  ","  ","  ",,4,５,芝,1600,A,稍,56,,(栗),鈴木孝志,1349,1.0,,2,2,36.1,47.7,*,49.90,49.6,0.2,468,+8,,(5.2),,,,,,
,251005,3京2,2,未勝利*,リケアラザニア,,牝,2,柴田裕一,52▲,7,6,"  ","  ","  ","  ",,7,６,芝,1600,A,稍,0,,(美),村田一誠,1363,2.4,,5,6,36.7,47.4,,49.90,49.6,1.0,410,-8,,(238.8),,,,,,
,251005,3京2,2,未勝利*,エンジェルグラース,,牝,2,永島まな,53◇,7,7,"  ","  ","  ","  ",,6,７,芝,1600,A,稍,0,,(栗),高橋康之,1364,2.5,,7,7,36.5,48.5,,49.90,49.6,1.3,436,0,,(83.7),,,,,,
,251005,3京2,1,未勝利*,サヨノパララックス,,牡,2,田口貫太, 56 ,16,7,"  ","  ","  ","  ",,4,１,ダ,1400,,重,560,,(栗),羽月友彦,1245,-0.2,,1,1,37.1,45.8,*,45.80,45.8,0.0,436,+2,,540,160,450,650,1570,1140,6210
,251005,3京2,1,未勝利*,スマートジュリアス,,牡,2,松山弘平, 56 ,16,9,"  ","  ","  ","  ",,1,２,ダ,1400,,重,220,,(栗),中村直也,1247,0.2,,2,2,37.1,46.2,*,45.80,45.8,0.2,480,+10,,(2.5),110,450,650,1570,1140,6210
,251005,3京2,1,未勝利*,テーオーアンジェラ,,牝,2,松若風馬, 55 ,16,1,"  ","  ","  ","  ",,3,３,ダ,1400,,重,140,,(栗),梅田智之,1252,0.7,,3,3,37.5,45.4,*,45.80,45.8,0.3,444,-8,,(5.2),170,,,,1140,6210
,251005,3京2,1,未勝利*,アンガーザガール,,牝,2,吉村誠之,54☆,16,6,"  ","  ","  ","  ",,7,４,ダ,1400,,重,84,,(栗),東田明士,1255,1.0,,11,9,37.2,47.4,*,45.80,45.8,0.9,446,-4,,(31.3),,,,,,
,251005,3京2,1,未勝利*,ハードシングス,,牡,2,団野大成, 56 ,16,10,"  ","  ","  ","  ",,2,５,ダ,1400,,重,56,*,(栗),小崎憲,1258,1.3,,10,7,37.6,46.1,*,45.80,45.8,0.8,456,-4,,(4.7),,,,,,
,251005,3京2,1,未勝利*,マーゴットクリュグ,,牝,2,荻野琢真, 55 ,16,3,"  ","  ","  ","  ",,5,６,ダ,1400,,重,0,,(栗),小林真也,1260,1.5,,7,9,37.9,45.2,,45.80,45.8,0.7,460,-6,,(15.5),,,,,,
,251005,3京2,1,未勝利*,ルファーダ,,牡,2,和田陽希,53▲,16,16,"  ","  ","  ","  ",,6,７,ダ,1400,,重,0,,(栗),大根田裕,1260,1.5,,5,5,38.0,44.7,,45.80,45.8,0.6,516,+22,,(21.7),,,,,,
,251005,3京2,1,未勝利*,ロードベルファスト,,牡,2,高杉吏麒, 56 ,16,13,"  ","  ","  ","  ",,11,８,ダ,1400,,重,0,,(栗),畑端省吾,1261,1.6,,3,3,38.3,43.6,,45.80,45.8,0.4,474,-2,,(57.8),,,,,,
,251005,3京2,1,未勝利*,セレーノ,,牝,2,永島まな,53◇,16,5,"  ","  ","  ","  ",,13,９,ダ,1400,,重,0,,(栗),高橋亮,1264,1.9,,15,14,37.7,46.9,,45.80,45.8,1.3,442,-2,,(88.6),,,,,,
,251005,3京2,1,未勝利*,カセノコンコルド,,牡,2,柴田裕一,53▲,16,8,"  ","  ","  ","  ",,12,10,ダ,1400,,重,0,*,(栗),中尾秀正,1265,2.0,,15,14,37.8,46.6,,45.80,45.8,1.3,446,+4,,(87.4),,,,,,
,251005,3京2,1,未勝利*,ユウトザケンケン,,牡,2,和田竜二, 56 ,16,15,"  ","  ","  ","  ",,9,11,ダ,1400,,重,0,*,(栗),小崎憲,1267,2.2,,13,11,38.3,44.8,,45.80,45.8,1.0,468,-10,,(47.0),,,,,,
,251005,3京2,1,未勝利*,ジャストキュート,,牝,2,斎藤新, 55 ,16,14,"  ","  ","  ","  ",,14,12,ダ,1400,,重,0,,(美),武藤善則,1269,2.4,,5,5,39.0,42.1,,45.80,45.8,0.5,460,-2,,(131.7),,,,,,
,251005,3京2,1,未勝利*,マクアケ,,牡,2,鮫島克駿, 56 ,16,2,"  ","  ","  ","  ",,8,13,ダ,1400,,重,0,,(栗),杉山佳明,1273,2.8,,7,7,39.4,41.2,,45.80,45.8,0.5,496,+36,,(38.9),,,,,,
,251005,3京2,1,未勝利*,トモエナゲ,,牡,2,河原田菜,52★,16,11,"  ","  ","  ","  ",,16,14,ダ,1400,,重,0,,(美),青木孝文,1275,3.0,,13,13,39.0,43.3,,45.80,45.8,1.1,464,-2,,(487.1),,,,,,
,251005,3京2,1,未勝利*,ブラッドムーン,,牝,2,田山旺佑,52▲,16,12,"  ","  ","  ","  ",,10,15,ダ,1400,,重,0,,(栗),宮本博,1277,3.2,,11,14,39.2,42.8,,45.80,45.8,1.1,444,-4,,(50.7),,,,,,
,251005,3京2,1,未勝利*,ナンテヒダ,,牡,2,川須栄彦, 56 ,16,4,"  ","  ","  ","  ",,15,16,ダ,1400,,重,0,*,(栗),中尾秀正,1280,3.5,,7,12,39.8,40.8,,45.80,45.8,0.8,446,+4,,(149.9),,,,,,
,251004,3京1,12,２勝ｸﾗｽ,ヒルノハンブルク,,牡,3,武豊, 56 ,13,2,"  ","  ","  ","  ",,1,１,ダ,1800,,不,1140,,(栗),武英智,1502,-0.0,2,2,2,36.5,51.0,*,51.20,50.1,0.2,468,0,B,160,110,340,430,580,1320,3710
,251004,3京1,12,２勝ｸﾗｽ,モックモック,,牡,5,今村聖奈,56◇,13,4,"  ","  ","  ","  ",,2,２,ダ,1800,,不,460,,(栗),寺島良,1502,0.0,5,8,7,36.1,52.6,*,51.20,50.1,0.6,500,+2,,(7.1),190,340,430,580,1320,3710
,251004,3京1,12,２勝ｸﾗｽ,マキシマムビスタ,,牝,3,団野大成, 54 ,13,1,"  ","  ","  ","  ",,7,３,ダ,1800,,不,290,,(栗),斉藤崇史,1507,0.5,3,4,3,36.9,50.0,*,51.20,50.1,0.3,516,+16,,(18.1),300,,,,1320,3710
,251004,3京1,12,２勝ｸﾗｽ,クリノフィガロ,,牡,4,高杉吏麒, 58 ,13,9,"  ","  ","  ","  ",,5,４,ダ,1800,,不,170,,(栗),荒川義之,1508,0.6,11,5,3,36.8,50.5,*,51.20,50.1,0.5,496,+4,,(12.0),,,,,,
,251004,3京1,12,２勝ｸﾗｽ,キングオブフジ,,牡,4,中井裕二, 58 ,13,8,"  ","  ","  ","  ",,8,５,ダ,1800,,不,114,,(栗),角田晃一,1510,0.8,12,12,10,36.5,52.1,*,51.20,50.1,1.0,500,+2,,(25.4),,,,,,
,251004,3京1,12,２勝ｸﾗｽ,メイショウツヨキ,,牡,3,坂井瑠星, 56 ,13,7,"  ","  ","  ","  ",,3,６,ダ,1800,,不,0,,(栗),飯田祐史,1513,1.1,8,9,10,37.0,50.4,,51.20,50.1,0.8,470,-16,,(9.2),,,,,,
,251004,3京1,12,２勝ｸﾗｽ,ドンアチェカ,,牡,5,森田誠也,55▲,13,10,"  ","  ","  ","  ",,11,７,ダ,1800,,不,0,,(栗),千田輝彦,1514,1.2,3,5,7,37.4,48.9,,51.20,50.1,0.5,488,0,,(215.4),,,,,,
,251004,3京1,12,２勝ｸﾗｽ,クリノグローリー,,牡,5,泉谷楓真, 58 ,13,11,"  ","  ","  ","  ",,9,８,ダ,1800,,不,0,*,(栗),谷潔,1514,1.2,8,9,10,37.1,50.1,,51.20,50.1,0.8,480,-16,,(51.6),,,,,,
,251004,3京1,12,２勝ｸﾗｽ,メイショウシロガネ,,牡,7,角田大和, 58 ,13,3,"  ","  ","  ","  ",,12,９,ダ,1800,,不,0,,(栗),笹田和秀,1514,1.2,5,5,3,37.4,48.9,,51.20,50.1,0.5,458,+4,B,(241.0),,,,,,
,251004,3京1,12,２勝ｸﾗｽ,トーレ,,牡,4,斎藤新, 58 ,13,6,"  ","  ","  ","  ",,4,10,ダ,1800,,不,0,,(栗),高橋亮,1516,1.4,1,1,1,38.1,46.5,,51.20,50.1,0.0,498,+10,,(9.8),,,,,,
,251004,3京1,12,２勝ｸﾗｽ,クリノラピダス,,牡,3,秋山稔樹, 56 ,13,12,"  ","  ","  ","  ",,13,11,ダ,1800,,不,0,*,(栗),谷潔,1518,1.6,12,9,7,37.4,49.5,,51.20,50.1,0.9,446,-4,,(254.7),,,,,,
,251004,3京1,12,２勝ｸﾗｽ,ヒデノレインボー,,牡,6,和田陽希,55▲,13,13,"  ","  ","  ","  ",,10,12,ダ,1800,,不,0,,(栗),梅田智之,1520,1.8,5,2,6,38.2,46.6,,51.20,50.1,0.3,502,+8,B,(89.2),,,,,,
,251004,3京1,12,２勝ｸﾗｽ,オーシンハーフ,,セ,4,池添謙一, 58 ,13,5,"  ","  ","  ","  ",,6,13,ダ,1800,,不,0,,(栗),高橋一哉,1544,4.2,10,13,13,39.2,45.9,,51.20,50.1,1.7,448,+4,,(17.5),,,,,,
,251004,3京1,11,オパーＨ(L),メイショウソラフネ,,牡,6,高杉吏麒, 57 ,18,3,"  ","  ","  ","  ",,2,１,芝,1200,A,重,2700,,(栗),石橋守,1077,-0.0,,4,4,33.7,50.9,*,50.10,49.1,0.3,454,+2,,570,210,1260,1470,3110,3280,18350
,251004,3京1,11,オパーＨ(L),ナムラクララ,,牝,3,浜中俊, 54 ,18,11,"  ","  ","  ","  ",,1,２,芝,1200,A,重,1100,,(栗),長谷川浩,1077,0.0,,3,3,33.8,50.3,*,50.10,49.1,0.2,478,-8,,(3.5),150,1260,1470,3110,3280,18350
,251004,3京1,11,オパーＨ(L),クラスペディア,,牡,3,藤岡佑介, 56 ,18,7,"  ","  ","  ","  ",,3,３,芝,1200,A,重,680,,(栗),河嶋宏樹,1079,0.2,,2,2,34.1,49.1,*,50.10,49.1,0.1,510,+10,,(6.4),220,,,,3280,18350
,251004,3京1,11,オパーＨ(L),ジョーメッドヴィン,,牡,4,岩田望来, 55 ,18,9,"  ","  ","  ","  ",,10,４,芝,1200,A,重,410,,(栗),清水久詞,1081,0.4,,16,15,33.2,55.1,*,50.10,49.1,1.2,510,-4,,(29.2),,,,,,
,251004,3京1,11,オパーＨ(L),フィオライア,,牝,4,国分恭介, 54 ,18,6,"  ","  ","  ","  ",,5,５,芝,1200,A,重,270,*,(栗),西園正都,1082,0.5,,1,1,34.5,47.7,*,50.10,49.1,0.0,464,-2,,(9.7),,,,,,
,251004,3京1,11,オパーＨ(L),タマモブラックタイ,,牡,5,酒井学, 55 ,18,8,"  ","  ","  ","  ",,7,６,芝,1200,A,重,0,,(栗),角田晃一,1082,0.5,,13,10,33.6,53.0,*,50.10,49.1,0.9,518,+4,,(16.6),,,,,,
,251004,3京1,11,オパーＨ(L),バンデルオーラ,,牡,6,西村淳也, 55 ,18,17,"  ","  ","  ","  ",,15,７,芝,1200,A,重,0,,(栗),牧浦充徳,1082,0.5,,4,4,34.2,49.4,*,50.10,49.1,0.3,484,+2,,(57.7),,,,,,
,251004,3京1,11,オパーＨ(L),プルパレイ,,セ,6,富田暁, 57 ,18,4,"  ","  ","  ","  ",,12,８,芝,1200,A,重,0,,(栗),須貝尚介,1083,0.6,,9,8,34.1,50.3,*,50.10,49.1,0.5,494,-2,B,(34.9),,,,,,
,251004,3京1,11,オパーＨ(L),カリボール,,牡,9,田口貫太, 56 ,18,12,"  ","  ","  ","  ",,14,９,芝,1200,A,重,0,,(栗),西村真幸,1083,0.6,,4,4,34.3,49.1,*,50.10,49.1,0.3,504,-2,B,(44.5),,,,,,
,251004,3京1,11,オパーＨ(L),グランテスト,,牝,5,松若風馬, 54 ,18,1,"  ","  ","  ","  ",,6,10,芝,1200,A,重,0,,(栗),今野貞一,1084,0.7,,11,10,34.1,50.6,*,50.10,49.1,0.6,482,-4,,(16.5),,,,,,
,251004,3京1,11,オパーＨ(L),ベガリス,,牝,5,藤懸貴志, 54 ,18,15,"  ","  ","  ","  ",,4,11,芝,1200,A,重,0,,(栗),高橋義忠,1084,0.7,,9,7,34.3,49.4,*,50.10,49.1,0.4,444,+4,,(8.3),,,,,,
,251004,3京1,11,オパーＨ(L),ジュンウィンダム,,牝,5,小沢大仁, 54 ,18,2,"  ","  ","  ","  ",,8,12,芝,1200,A,重,0,,(栗),浜田多実,1084,0.7,,11,13,33.9,51.8,*,50.10,49.1,0.8,514,+2,,(18.4),,,,,,
,251004,3京1,11,オパーＨ(L),ブトンドール,,牝,5,鮫島克駿, 54 ,18,13,"  ","  ","  ","  ",,16,13,芝,1200,A,重,0,,(栗),池添学,1085,0.8,,17,17,33.4,55.1,*,50.10,49.1,1.4,516,+14,,(62.9),,,,,,
,251004,3京1,11,オパーＨ(L),ブーケファロス,,牡,5,斎藤新, 55 ,18,10,"  ","  ","  ","  ",,11,14,芝,1200,A,重,0,,(美),清水英克,1086,0.9,,13,14,33.9,52.4,*,50.10,49.1,1.0,450,+2,,(29.8),,,,,,
,251004,3京1,11,オパーＨ(L),ショウナンハクラク,,牡,6,池添謙一, 56 ,18,5,"  ","  ","  ","  ",,9,15,芝,1200,A,重,0,,(栗),松下武士,1087,1.0,,18,17,33.6,54.5,*,50.10,49.1,1.4,478,0,,(25.0),,,,,,
,251004,3京1,11,オパーＨ(L),ミルトクレイモー,,牡,5,菱田裕二, 54 ,18,16,"  ","  ","  ","  ",,13,16,芝,1200,A,重,0,,(栗),中村直也,1092,1.5,,7,8,35.1,47.2,,50.10,49.1,0.4,518,+2,,(36.0),,,,,,
,251004,3京1,11,オパーＨ(L),エコロガイア,,牡,4,団野大成, 55 ,18,14,"  ","  ","  ","  ",,17,17,芝,1200,A,重,0,,(栗),森秀行,1107,3.0,,13,15,36.1,45.8,,50.10,49.1,0.9,470,-4,,(66.5),,,,,,
,251004,3京1,11,オパーＨ(L),マイネルジェロディ,,牡,7,和田竜二, 56 ,18,18,"  ","  ","  ","  ",,18,18,芝,1200,A,重,0,*,(栗),西園正都,1109,3.2,,7,10,36.7,43.2,,50.10,49.1,0.5,488,+6,,(104.8),,,,,,
,251004,3京1,10,大山崎Ｓ･3勝,メイショウホウレン,,牡,4,浜中俊, 58 ,16,9,"  ","  ","  ","  ",,4,１,ダ,1200,,不,1840,,(栗),安達昭夫,1091,-0.1,,1,1,35.5,44.6,*,46.97,44.6,0.0,506,-4,,900,300,1410,2290,4370,3690,20610
,251004,3京1,10,大山崎Ｓ･3勝,ルディック,,牡,4,西村淳也, 58 ,16,15,"  ","  ","  ","  ",,1,２,ダ,1200,,不,740,,(栗),高野友和,1092,0.1,,4,2,35.2,46.6,*,46.97,44.6,0.4,524,0,B,(3.4),150,1410,2290,4370,3690,20610
,251004,3京1,10,大山崎Ｓ･3勝,ノボリショウリュウ,,牡,4,高杉吏麒, 58 ,16,16,"  ","  ","  ","  ",,3,３,ダ,1200,,不,460,,(栗),石橋守,1097,0.6,,9,8,34.9,49.7,*,46.97,44.6,1.2,464,0,,(7.8),230,,,,3690,20610
,251004,3京1,10,大山崎Ｓ･3勝,エレガントムーン,,牝,5,斎藤新, 56 ,16,2,"  ","  ","  ","  ",,15,４,ダ,1200,,不,280,,(栗),牧浦充徳,1097,0.6,,10,8,34.9,49.7,*,46.97,44.6,1.2,448,-2,,(204.5),,,,,,
,251004,3京1,10,大山崎Ｓ･3勝,パドマ,,牝,4,松若風馬, 56 ,16,4,"  ","  ","  ","  ",,8,５,ダ,1200,,不,184,,(栗),杉山晴紀,1098,0.7,,6,6,35.5,46.6,*,46.97,44.6,0.7,508,+6,,(18.0),,,,,,
,251004,3京1,10,大山崎Ｓ･3勝,ヒルノドゴール,,牡,4,和田竜二, 58 ,16,1,"  ","  ","  ","  ",,6,６,ダ,1200,,不,0,,(栗),北出成人,1100,0.9,,11,11,34.9,50.6,*,46.97,44.6,1.5,524,+10,,(11.9),,,,,,
,251004,3京1,10,大山崎Ｓ･3勝,ローズバルサム,,牝,5,武豊, 56 ,16,12,"  ","  ","  ","  ",,11,７,ダ,1200,,不,0,,(栗),吉村圭司,1101,1.0,,11,13,34.9,50.9,*,46.97,44.6,1.6,446,-2,,(22.4),,,,,,
,251004,3京1,10,大山崎Ｓ･3勝,ウナギノボリ,,牡,6,国分恭介, 58 ,16,14,"  ","  ","  ","  ",,13,８,ダ,1200,,不,0,,(栗),東田明士,1101,1.0,,14,14,34.6,52.6,*,46.97,44.6,1.9,472,-6,,(72.6),,,,,,
,251004,3京1,10,大山崎Ｓ･3勝,メイショウヤーキス,,牡,4,菱田裕二, 58 ,16,7,"  ","  ","  ","  ",,7,９,ダ,1200,,不,0,,(栗),飯田祐史,1102,1.1,,7,6,35.7,46.6,,46.97,44.6,0.9,452,+8,,(16.9),,,,,,
,251004,3京1,10,大山崎Ｓ･3勝,タマモダイジョッキ,,牡,7,小沢大仁, 58 ,16,13,"  ","  ","  ","  ",,12,10,ダ,1200,,不,0,,(栗),緒方努,1102,1.1,,14,14,34.8,51.7,*,46.97,44.6,1.8,486,-6,,(68.2),,,,,,
,251004,3京1,10,大山崎Ｓ･3勝,カネコメシスター,,牝,6,団野大成, 56 ,16,10,"  ","  ","  ","  ",,16,11,ダ,1200,,不,0,,(栗),中尾秀正,1105,1.4,,11,11,35.5,48.6,,46.97,44.6,1.4,502,-8,,(289.0),,,,,,
,251004,3京1,10,大山崎Ｓ･3勝,ストレングス,,牡,4,岩田望来, 58 ,16,5,"  ","  ","  ","  ",,2,12,ダ,1200,,不,0,,(栗),寺島良,1106,1.5,,2,2,36.8,41.8,,46.97,44.6,0.2,470,-2,B,(4.0),,,,,,
,251004,3京1,10,大山崎Ｓ･3勝,ビバップ,,牡,4,西塚洸二, 58 ,16,3,"  ","  ","  ","  ",,10,13,ダ,1200,,不,0,,(栗),清水久詞,1108,1.7,,2,4,36.9,41.9,,46.97,44.6,0.3,492,0,B,(22.0),,,,,,
,251004,3京1,10,大山崎Ｓ･3勝,ネグレスコ,,牝,4,秋山稔樹, 56 ,16,11,"  ","  ","  ","  ",,5,14,ダ,1200,,不,0,,(栗),西園正都,1114,2.3,,7,10,36.9,43.5,,46.97,44.6,0.9,486,0,,(10.7),,,,,,
,251004,3京1,10,大山崎Ｓ･3勝,イミュータブル,,牡,5,鮫島克駿, 58 ,16,8,"  ","  ","  ","  ",,9,15,ダ,1200,,不,0,,(栗),浜田多実,1115,2.4,,4,5,37.4,41.2,,46.97,44.6,0.5,478,-12,,(20.7),,,,,,
,251004,3京1,10,大山崎Ｓ･3勝,サトノグレイト,,セ,5,池添謙一, 58 ,16,6,"  ","  ","  ","  ",,14,16,ダ,1200,,不,0,,(栗),中竹和也,1130,3.9,,16,16,36.7,48.9,,46.97,44.6,2.7,492,+2,,(170.8),,,,,,
,251004,3京1,9,りんどう･1勝,ラスティングスノー,,牝,2,西村淳也, 55 ,8,6,"  ","  ","  ","  ",,7,１,芝,1400,A,重,1110,,(美),池上昌和,1217,-0.1,,1,1,34.8,51.1,*,52.60,51.1,0.0,464,0,,1880,420,,4720,10720,11130,79170
,251004,3京1,9,りんどう･1勝,メイショウハッケイ,,牝,2,武豊, 55 ,8,5,"  ","  ","  ","  ",,3,２,芝,1400,A,重,440,,(栗),本田優,1218,0.1,,8,7,34.1,54.9,*,52.60,51.1,0.8,458,0,,(4.6),180,,4720,10720,11130,79170
,251004,3京1,9,りんどう･1勝,フルールジェンヌ,,牝,2,和田竜二, 55 ,8,3,"  ","  ","  ","  ",,6,３,芝,1400,A,重,280,,(栗),鈴木孝志,1218,0.1,,3,3,34.7,51.8,*,52.60,51.1,0.2,460,+2,,(18.5),420,,,,11130,79170
,251004,3京1,9,りんどう･1勝,アイニードユー,,牝,2,川田将雅, 55 ,8,4,"  ","  ","  ","  ",,4,４,芝,1400,A,重,170,,(栗),吉村圭司,1218,0.1,,3,4,34.6,52.3,*,52.60,51.1,0.3,468,+6,,(5.3),,,,,,
,251004,3京1,9,りんどう･1勝,ファムマルキーズ,,牝,2,高杉吏麒, 55 ,8,8,"  ","  ","  ","  ",,1,５,芝,1400,A,重,111,,(栗),大久保龍,1222,0.5,,7,7,34.6,53.2,*,52.60,51.1,0.7,446,+10,,(2.8),,,,,,
,251004,3京1,9,りんどう･1勝,ルージュサウダージ,,牝,2,小沢大仁, 55 ,8,7,"  ","  ","  ","  ",,5,６,芝,1400,A,重,0,,(栗),松永幹夫,1224,0.7,,2,2,35.4,49.6,*,52.60,51.1,0.1,462,0,,(6.9),,,,,,
,251004,3京1,9,りんどう･1勝,ベルフラム,,牝,2,田口貫太, 55 ,8,1,"  ","  ","  ","  ",,8,７,芝,1400,A,重,0,,(栗),高橋一哉,1226,0.9,,5,5,35.2,51.0,*,52.60,51.1,0.5,416,+4,,(36.8),,,,,,
,251004,3京1,9,りんどう･1勝,カイショー,,牝,2,池添謙一, 55 ,8,2,"  ","  ","  ","  ",,2,８,芝,1400,A,重,0,,(栗),長谷川浩,1228,1.1,,5,5,35.3,50.9,,52.60,51.1,0.6,460,+6,,(4.5),,,,,,
,251004,3京1,8,２勝ｸﾗｽ,ウイントレメンデス,,牡,4,武豊, 58 ,12,2,"  ","  ","  ","  ",,7,１,芝,2000,A,重,1140,,(栗),長谷川浩,1593,-0.1,10,10,10,34.7,54.5,*,53.33,51.6,0.7,478,-4,,1690,380,5830,6030,12990,6350,61830
,251004,3京1,8,２勝ｸﾗｽ,マトラコーニッシュ,,牝,3,団野大成, 54 ,12,12,"  ","  ","  ","  ",,4,２,芝,2000,A,重,460,,(栗),池添学,1594,0.1,8,8,8,35.0,53.3,*,53.33,51.6,0.5,430,-2,,(11.0),300,5830,6030,12990,6350,61830
,251004,3京1,8,２勝ｸﾗｽ,ヴァリディシームス,,牡,3,川田将雅, 56 ,12,10,"  ","  ","  ","  ",,2,３,芝,2000,A,重,290,,(栗),中内田充,1595,0.2,4,4,4,35.3,52.2,*,53.33,51.6,0.3,498,+12,,(3.3),150,,,,6350,61830
,251004,3京1,8,２勝ｸﾗｽ,ステラクラウン,,牝,4,岩田望来, 56 ,12,1,"  ","  ","  ","  ",,6,４,芝,2000,A,重,170,,(栗),上村洋行,1596,0.3,8,10,10,34.9,54.0,*,53.33,51.6,0.8,502,+2,,(13.9),,,,,,
,251004,3京1,8,２勝ｸﾗｽ,バルティカ,,牡,3,小沢大仁, 56 ,12,3,"  ","  ","  ","  ",,10,５,芝,2000,A,重,114,,(栗),高橋亮,1597,0.4,6,8,8,35.3,52.5,*,53.33,51.6,0.5,452,-6,,(72.8),,,,,,
,251004,3京1,8,２勝ｸﾗｽ,デルアヴァー,,牡,3,角田大和, 56 ,12,7,"  ","  ","  ","  ",,3,６,芝,2000,A,重,0,,(栗),松永幹夫,1598,0.5,6,2,2,35.8,50.6,*,53.33,51.6,0.1,488,-2,,(3.9),,,,,,
,251004,3京1,8,２勝ｸﾗｽ,ラレーヌデリス,,牝,5,亀田温心, 56 ,12,5,"  ","  ","  ","  ",,11,７,芝,2000,A,重,0,,(栗),安田翔伍,2000,0.7,3,4,4,35.8,50.8,*,53.33,51.6,0.3,472,+8,,(97.8),,,,,,
,251004,3京1,8,２勝ｸﾗｽ,キングスコール,,牡,3,坂井瑠星, 56 ,12,6,"  ","  ","  ","  ",,1,８,芝,2000,A,重,0,,(栗),矢作芳人,2000,0.7,4,4,4,35.8,50.8,*,53.33,51.6,0.3,492,-4,,(2.9),,,,,,
,251004,3京1,8,２勝ｸﾗｽ,ショウナンバルドル,,セ,3,池添謙一, 56 ,12,11,"  ","  ","  ","  ",,9,９,芝,2000,A,重,0,,(栗),須貝尚介,2004,1.1,12,12,12,35.4,52.9,,53.33,51.6,1.1,494,-6,,(71.4),,,,,,
,251004,3京1,8,２勝ｸﾗｽ,オデット,,牝,3,高杉吏麒, 54 ,12,9,"  ","  ","  ","  ",,8,10,芝,2000,A,重,0,,(栗),緒方努,2008,1.5,2,1,1,36.9,47.4,,53.33,51.6,0.0,446,0,,(55.1),,,,,,
,251004,3京1,8,２勝ｸﾗｽ,キャリーハピネス,,牡,5,鮫島克駿, 58 ,12,8,"  ","  ","  ","  ",,12,11,芝,2000,A,重,0,,(栗),河嶋宏樹,2011,1.8,1,2,2,37.2,46.7,,53.33,51.6,0.0,506,+6,,(240.0),,,,,,
,251004,3京1,8,２勝ｸﾗｽ,ナグルファル,,牡,3,西村淳也, 56 ,12,4,"  ","  ","  ","  ",,5,12,芝,2000,A,重,0,,(栗),杉山晴紀,2012,1.9,10,4,4,37.0,47.5,,53.33,51.6,0.3,516,+2,,(12.9),,,,,,
,251004,3京1,7,１勝ｸﾗｽ,ジャスパーディビネ,,牡,3,和田陽希,54▲,18,16,"  ","  ","  ","  ",,3,１,芝,1200,A,重,800,,(栗),森秀行,1080,-0.1,,1,1,35.3,42.6,*,46.83,42.6,0.0,516,-2,B,840,410,3500,9920,19720,43330,167590
,251004,3京1,7,１勝ｸﾗｽ,ストレイトアスク,,牝,4,河原田菜,52★,18,2,"  ","  ","  ","  ",,7,２,芝,1200,A,重,320,,(栗),藤原英昭,1081,0.1,,5,5,34.3,48.5,*,46.83,42.6,1.1,436,+6,,(18.8),480,3500,9920,19720,43330,167590
,251004,3京1,7,１勝ｸﾗｽ,セディバン,,牡,3,池添謙一, 57 ,18,6,"  ","  ","  ","  ",,5,３,芝,1200,A,重,200,,(栗),吉田直弘,1082,0.2,,7,7,34.2,49.4,*,46.83,42.6,1.3,490,+10,,(10.8),410,,,,43330,167590
,251004,3京1,7,１勝ｸﾗｽ,セナマリン,,牝,3,岩田望来, 55 ,18,12,"  ","  ","  ","  ",,1,４,芝,1200,A,重,120,,(栗),安田翔伍,1082,0.2,,9,9,34.0,50.6,*,46.83,42.6,1.5,510,+6,,(3.0),,,,,,
,251004,3京1,7,１勝ｸﾗｽ,ジェニファー,,牝,4,田山旺佑,53▲,18,5,"  ","  ","  ","  ",,4,５,芝,1200,A,重,80,,(栗),浜田多実,1083,0.3,,2,2,35.2,44.0,*,46.83,42.6,0.4,476,+18,,(10.0),,,,,,
,251004,3京1,7,１勝ｸﾗｽ,アーサーズウェイン,,牝,3,小沢大仁, 55 ,18,15,"  ","  ","  ","  ",,14,６,芝,1200,A,重,0,,(栗),高橋一哉,1084,0.4,,9,11,34.1,50.6,*,46.83,42.6,1.6,454,+6,,(51.1),,,,,,
,251004,3京1,7,１勝ｸﾗｽ,ダイヤモンド,,牡,3,和田竜二, 57 ,18,1,"  ","  ","  ","  ",,10,７,芝,1200,A,重,0,,(栗),清水久詞,1084,0.4,,13,13,33.8,52.4,*,46.83,42.6,1.9,520,+8,,(33.1),,,,,,
,251004,3京1,7,１勝ｸﾗｽ,サンウイキョウ,,牡,4,秋山稔樹, 58 ,18,13,"  ","  ","  ","  ",,15,８,芝,1200,A,重,0,,(栗),秋山真一,1086,0.6,,5,5,34.8,47.1,*,46.83,42.6,1.1,484,+8,,(143.2),,,,,,
,251004,3京1,7,１勝ｸﾗｽ,ルクスノア,,牝,4,富田暁, 56 ,18,9,"  ","  ","  ","  ",,12,９,芝,1200,A,重,0,,(栗),平田修,1086,0.6,,15,14,33.6,54.2,*,46.83,42.6,2.3,502,+20,,(38.0),,,,,,
,251004,3京1,7,１勝ｸﾗｽ,グランルーチェ,,セ,4,藤懸貴志, 58 ,18,4,"  ","  ","  ","  ",,17,10,芝,1200,A,重,0,*,(栗),庄野靖志,1087,0.7,,9,11,34.3,50.3,*,46.83,42.6,1.7,490,+10,,(216.9),,,,,,
,251004,3京1,7,１勝ｸﾗｽ,ブライティアブーケ,,牝,3,城戸義政, 55 ,18,3,"  ","  ","  ","  ",,8,11,芝,1200,A,重,0,,(栗),小林真也,1087,0.7,,2,3,35.5,43.5,*,46.83,42.6,0.5,428,-2,,(18.9),,,,,,
,251004,3京1,7,１勝ｸﾗｽ,カフジキアッキエレ,,牝,5,松若風馬, 56 ,18,17,"  ","  ","  ","  ",,11,12,芝,1200,A,重,0,,(栗),森田直行,1088,0.8,,12,9,34.5,49.4,*,46.83,42.6,1.6,446,+10,,(36.5),,,,,,
,251004,3京1,7,１勝ｸﾗｽ,ウォーターエルピス,,牝,3,西村淳也, 55 ,18,11,"  ","  ","  ","  ",,9,13,芝,1200,A,重,0,*,(栗),藤野健太,1088,0.8,,17,17,33.2,57.2,*,46.83,42.6,2.9,510,+8,,(26.8),,,,,,
,251004,3京1,7,１勝ｸﾗｽ,モンタルチーノ,,牡,3,川田将雅, 57 ,18,10,"  ","  ","  ","  ",,2,14,芝,1200,A,重,0,*,(栗),庄野靖志,1089,0.9,,4,3,35.4,44.6,*,46.83,42.6,0.8,510,+8,,(3.7),,,,,,
,251004,3京1,7,１勝ｸﾗｽ,ディーエストッキー,,牡,4,菱田裕二, 58 ,18,7,"  ","  ","  ","  ",,13,15,芝,1200,A,重,0,,(栗),橋口慎介,1090,1.0,,15,16,34.0,52.9,*,46.83,42.6,2.3,468,+10,,(49.6),,,,,,
,251004,3京1,7,１勝ｸﾗｽ,ノイヤー,,牝,4,角田大和, 56 ,18,14,"  ","  ","  ","  ",,18,16,芝,1200,A,重,0,,(栗),高橋亮,1093,1.3,,18,18,33.5,56.9,*,46.83,42.6,3.1,466,-7,,(324.0),,,,,,
,251004,3京1,7,１勝ｸﾗｽ,レディエンス,,牝,3,高杉吏麒, 55 ,18,18,"  ","  ","  ","  ",,16,17,芝,1200,A,重,0,*,(栗),藤野健太,1093,1.3,,7,7,35.3,46.3,,46.83,42.6,1.3,442,+6,,(148.6),,,,,,
,251004,3京1,7,１勝ｸﾗｽ,パリコレジェンヌ,,牝,3,田口貫太, 55 ,18,8,"  ","  ","  ","  ",,6,18,芝,1200,A,重,0,,(栗),鈴木孝志,1094,1.4,,14,14,34.6,50.6,,46.83,42.6,2.1,468,+12,,(16.7),,,,,,
,251004,3京1,6,１勝ｸﾗｽ,サンダーロード,,牡,3,松若風馬, 56 ,16,13,"  ","  ","  ","  ",,8,１,ダ,1400,,不,800,,(栗),杉山晴紀,1225,-0.1,,2,2,37.2,41.3,*,44.00,40.9,0.1,538,-2,B,2960,550,720,7510,17030,11980,84610
,251004,3京1,6,１勝ｸﾗｽ,ヒミノエトワール,,牝,3,池添謙一, 54 ,16,5,"  ","  ","  ","  ",,4,２,ダ,1400,,不,320,,(栗),宮地貴稔,1226,0.1,,4,4,37.0,42.4,*,44.00,40.9,0.4,464,0,,(7.7),270,720,7510,17030,11980,84610
,251004,3京1,6,１勝ｸﾗｽ,モズケイスター,,牡,3,高杉吏麒, 56 ,16,14,"  ","  ","  ","  ",,1,３,ダ,1400,,不,200,,(栗),高柳大輔,1227,0.2,,13,13,35.8,48.3,*,44.00,40.9,1.7,470,+12,,(3.7),170,,,,11980,84610
,251004,3京1,6,１勝ｸﾗｽ,テイエムパイロット,,牡,3,田山旺佑,53▲,16,15,"  ","  ","  ","  ",,16,４,ダ,1400,,不,120,,(栗),秋山真一,1230,0.5,,2,3,37.6,40.6,*,44.00,40.9,0.2,512,-6,,(157.1),,,,,,
,251004,3京1,6,１勝ｸﾗｽ,ポンピエ,,牡,4,鮫島克駿, 58 ,16,16,"  ","  ","  ","  ",,6,５,ダ,1400,,不,80,,(栗),西園正都,1232,0.7,,4,4,37.6,41.0,*,44.00,40.9,0.4,450,-2,B,(9.5),,,,,,
,251004,3京1,6,１勝ｸﾗｽ,クリノミニスター,,牡,6,団野大成, 58 ,16,1,"  ","  ","  ","  ",,12,６,ダ,1400,,不,0,,(栗),荒川義之,1232,0.7,,9,7,37.1,43.2,*,44.00,40.9,0.9,470,+8,,(79.8),,,,,,
,251004,3京1,6,１勝ｸﾗｽ,ウォーターパラディ,,牡,3,菱田裕二, 56 ,16,6,"  ","  ","  ","  ",,5,７,ダ,1400,,不,0,,(栗),岡田稲男,1234,0.9,,4,4,37.8,40.5,*,44.00,40.9,0.4,462,0,,(9.4),,,,,,
,251004,3京1,6,１勝ｸﾗｽ,ドラゴン,,牡,3,武豊, 56 ,16,8,"  ","  ","  ","  ",,2,８,ダ,1400,,不,0,,(栗),松永幹夫,1237,1.2,,16,16,35.5,51.8,*,44.00,40.9,3.0,504,+8,,(4.5),,,,,,
,251004,3京1,6,１勝ｸﾗｽ,マテンロウカナロア,,牡,3,小沢大仁, 56 ,16,7,"  ","  ","  ","  ",,7,９,ダ,1400,,不,0,,(栗),野中賢二,1237,1.2,,7,7,37.8,41.1,,44.00,40.9,0.7,486,+8,,(13.7),,,,,,
,251004,3京1,6,１勝ｸﾗｽ,タイセイディアマン,,牡,3,田口貫太, 56 ,16,11,"  ","  ","  ","  ",,3,10,ダ,1400,,不,0,,(栗),大橋勇樹,1239,1.4,,11,10,37.5,42.8,,44.00,40.9,1.2,462,+2,,(4.6),,,,,,
,251004,3京1,6,１勝ｸﾗｽ,キアヌ,,牡,3,酒井学, 56 ,16,4,"  ","  ","  ","  ",,13,11,ダ,1400,,不,0,,(栗),小崎憲,1240,1.5,,14,14,36.8,46.2,*,44.00,40.9,2.0,502,+6,,(97.7),,,,,,
,251004,3京1,6,１勝ｸﾗｽ,ハイケンス,,牡,4,今村聖奈,56◇,16,10,"  ","  ","  ","  ",,11,12,ダ,1400,,不,0,,(栗),今野貞一,1241,1.6,,9,7,38.1,40.6,,44.00,40.9,0.8,458,-4,,(64.4),,,,,,
,251004,3京1,6,１勝ｸﾗｽ,ファイヤーウィップ,,牡,4,松本大輝,57☆,16,12,"  ","  ","  ","  ",,15,13,ダ,1400,,不,0,,(栗),吉田直弘,1241,1.6,,12,10,37.6,42.8,,44.00,40.9,1.3,502,-6,,(140.9),,,,,,
,251004,3京1,6,１勝ｸﾗｽ,ローガンパス,,セ,4,富田暁, 58 ,16,2,"  ","  ","  ","  ",,14,14,ダ,1400,,不,0,,(栗),東田明士,1241,1.6,,1,1,38.9,37.1,,44.00,40.9,0.0,482,-12,B,(100.6),,,,,,
,251004,3京1,6,１勝ｸﾗｽ,ライツユーアップ,,牝,3,柴田裕一,51▲,16,3,"  ","  ","  ","  ",,9,15,ダ,1400,,不,0,*,(栗),角田晃一,1245,2.0,,7,10,38.6,39.2,,44.00,40.9,0.7,434,0,,(46.3),,,,,,
,251004,3京1,6,１勝ｸﾗｽ,タマモブラウンタイ,,牡,3,河原田菜,52★,16,9,"  ","  ","  ","  ",,10,16,ダ,1400,,不,0,*,(栗),角田晃一,1249,2.4,,14,14,37.8,43.5,,44.00,40.9,1.9,470,+14,,(52.5),,,,,,
,251004,3京1,5,新馬,ダークマルス,,牡,2,川田将雅, 56 ,14,6,"  ","  ","  ","  ",,3,１,芝,2000,A,重,750,,(栗),杉山晴紀,2023,-0.1,1,1,1,35.1,56.5,*,56.73,56.5,0.0,472,,,510,180,480,1050,2330,8160,35980
,251004,3京1,5,新馬,リアライズグリント,,牡,2,坂井瑠星, 56 ,14,11,"  ","  ","  ","  ",,1,２,芝,2000,A,重,300,,(栗),矢作芳人,2024,0.1,5,3,3,34.9,57.4,*,56.73,56.5,0.3,480,,,(3.3),160,480,1050,2330,8160,35980
,251004,3京1,5,新馬,ロングホリデー,,牡,2,鮫島克駿, 56 ,14,7,"  ","  ","  ","  ",,9,３,芝,2000,A,重,190,,(栗),茶木太樹,2025,0.2,2,2,2,35.2,56.3,*,56.73,56.5,0.1,456,,,(29.7),500,,,,8160,35980
,251004,3京1,5,新馬,パーヴォ,,牡,2,和田竜二, 56 ,14,8,"  ","  ","  ","  ",,10,４,芝,2000,A,重,110,,(栗),吉田直弘,2025,0.2,9,11,9,34.7,58.4,*,56.73,56.5,0.6,452,,,(44.4),,,,,,
,251004,3京1,5,新馬,メイショウソラリス,,牡,2,西村淳也, 56 ,14,5,"  ","  ","  ","  ",,2,５,芝,2000,A,重,75,,(栗),角田晃一,2027,0.4,3,3,4,35.2,56.5,*,56.73,56.5,0.3,460,,,(3.9),,,,,,
,251004,3京1,5,新馬,コスモブラック,,牡,2,団野大成, 56 ,14,2,"  ","  ","  ","  ",,7,６,芝,2000,A,重,0,,(栗),武英智,2027,0.4,5,7,6,35.1,57.0,*,56.73,56.5,0.4,468,,,(20.3),,,,,,
,251004,3京1,5,新馬,サトノトリニティ,,牡,2,高杉吏麒, 56 ,14,4,"  ","  ","  ","  ",,6,７,芝,2000,A,重,0,,(栗),池江泰寿,2032,0.9,8,8,8,35.5,55.9,*,56.73,56.5,0.5,488,,,(13.5),,,,,,
,251004,3京1,5,新馬,キングズテイル,,牡,2,浜中俊, 56 ,14,13,"  ","  ","  ","  ",,11,８,芝,2000,A,重,0,,(栗),岡田稲男,2037,1.4,11,12,12,35.8,55.2,,56.73,56.5,0.7,486,,,(62.6),,,,,,
,251004,3京1,5,新馬,ロザーンジュ,,牝,2,今村聖奈,53◇,14,1,"  ","  ","  ","  ",,8,９,芝,2000,A,重,0,,(栗),寺島良,2042,1.9,14,14,13,36.1,54.6,,56.73,56.5,0.9,446,,,(25.6),,,,,,
,251004,3京1,5,新馬,エアヴァイブス,,牝,2,武豊, 55 ,14,14,"  ","  ","  ","  ",,4,10,芝,2000,A,重,0,,(栗),福永祐一,2042,1.9,13,8,11,36.5,53.0,,56.73,56.5,0.5,446,,,(5.8),,,,,,
,251004,3京1,5,新馬,ラップトップ,,牝,2,田山旺佑,52▲,14,12,"  ","  ","  ","  ",,12,11,芝,2000,A,重,0,,(栗),小栗実,2043,2.0,11,3,6,36.8,51.9,,56.73,56.5,0.3,396,,,(105.4),,,,,,
,251004,3京1,5,新馬,ライトフライヤー,,牡,2,岩田望来, 56 ,14,10,"  ","  ","  ","  ",,5,12,芝,2000,A,重,0,,(栗),吉岡辰弥,2046,2.3,3,3,4,37.1,51.1,,56.73,56.5,0.3,484,,,(12.8),,,,,,
,251004,3京1,5,新馬,スティーブ,,牡,2,小沢大仁, 56 ,14,3,"  ","  ","  ","  ",,14,13,芝,2000,A,重,0,,(栗),高橋亮,2048,2.5,5,12,14,36.7,52.9,,56.73,56.5,0.9,466,,,(249.9),,,,,,
,251004,3京1,5,新馬,エコログレン,,牡,2,国分恭介, 56 ,14,9,"  ","  ","  ","  ",,13,14,芝,2000,A,重,0,,(栗),牧浦充徳,2050,2.7,9,8,9,37.3,50.8,,56.73,56.5,0.5,476,,,(121.0),,,,,,
,251004,3京1,4,１勝ｸﾗｽ,メイショウヤシマ,,牡,3,武豊, 56 ,14,5,"  ","  ","  ","  ",,1,１,ダ,1800,,重,800,,(栗),高橋亮,1507,-0.5,1,1,1,37.2,48.8,*,48.47,48.8,0.0,466,+4,,130,110,670,950,1040,26290,52010
,251004,3京1,4,１勝ｸﾗｽ,マジックブルー,,牡,4,団野大成, 58 ,14,3,"  ","  ","  ","  ",,5,２,ダ,1800,,重,320,*,(栗),荒川義之,1512,0.5,3,3,3,37.4,48.7,*,48.47,48.8,0.3,496,+10,,(19.7),380,670,950,1040,26290,52010
,251004,3京1,4,１勝ｸﾗｽ,ナムラルッコラ,,牝,4,田口貫太, 56 ,14,6,"  ","  ","  ","  ",,12,３,ダ,1800,,重,200,,(栗),大橋勇樹,1512,0.5,2,2,2,37.6,47.9,*,48.47,48.8,0.1,510,+20,,(197.3),2180,,,,26290,52010
,251004,3京1,4,１勝ｸﾗｽ,コズミックダンサー,,牡,3,和田陽希,53▲,14,8,"  ","  ","  ","  ",,3,４,ダ,1800,,重,120,,(栗),藤原英昭,1516,0.9,10,9,9,37.0,50.8,*,48.47,48.8,1.1,488,+2,B,(11.6),,,,,,
,251004,3京1,4,１勝ｸﾗｽ,キタノサワヤカ,,牡,3,池添謙一, 56 ,14,11,"  ","  ","  ","  ",,4,５,ダ,1800,,重,80,,(栗),吉田直弘,1518,1.1,6,6,6,37.6,48.7,*,48.47,48.8,0.7,464,-4,,(17.0),,,,,,
,251004,3京1,4,１勝ｸﾗｽ,チュウワダイオウ,,セ,4,富田暁, 58 ,14,14,"  ","  ","  ","  ",,8,６,ダ,1800,,重,0,,(栗),加藤公太,1519,1.2,6,6,6,37.7,48.4,,48.47,48.8,0.7,460,+3,,(57.3),,,,,,
,251004,3京1,4,１勝ｸﾗｽ,ヴェーヌドール,,牡,3,森田誠也,53▲,14,12,"  ","  ","  ","  ",,6,７,ダ,1800,,重,0,,(栗),武英智,1519,1.2,3,5,4,37.8,48.0,,48.47,48.8,0.6,514,-2,B,(24.3),,,,,,
,251004,3京1,4,１勝ｸﾗｽ,スティルザワン,,セ,4,荻野琢真, 58 ,14,2,"  ","  ","  ","  ",,13,８,ダ,1800,,重,0,,(栗),前川恭子,1520,1.3,12,11,11,37.1,50.9,*,48.47,48.8,1.4,452,-3,,(214.7),,,,,,
,251004,3京1,4,１勝ｸﾗｽ,オブラマエストラ,,牡,3,亀田温心, 56 ,14,9,"  ","  ","  ","  ",,7,９,ダ,1800,,重,0,,(栗),池添学,1520,1.3,9,9,9,37.4,49.7,,48.47,48.8,1.1,438,+6,,(51.1),,,,,,
,251004,3京1,4,１勝ｸﾗｽ,ローズゴジャール,,牝,3,城戸義政, 54 ,14,7,"  ","  ","  ","  ",,11,10,ダ,1800,,重,0,*,(栗),荒川義之,1521,1.4,11,13,13,36.9,51.9,*,48.47,48.8,1.7,408,+8,,(65.7),,,,,,
,251004,3京1,4,１勝ｸﾗｽ,イエスウィズキャン,,牡,5,菱田裕二, 58 ,14,4,"  ","  ","  ","  ",,10,11,ダ,1800,,重,0,,(栗),羽月友彦,1521,1.4,12,11,11,37.2,50.7,*,48.47,48.8,1.4,552,+10,,(64.2),,,,,,
,251004,3京1,4,１勝ｸﾗｽ,バルミーウェザー,,セ,4,岩田望来, 58 ,14,1,"  ","  ","  ","  ",,9,12,ダ,1800,,重,0,,(栗),佐藤悠太,1524,1.7,8,8,6,38.0,47.9,,48.47,48.8,0.9,470,+4,B,(60.5),,,,,,
,251004,3京1,4,１勝ｸﾗｽ,ダイシンレアレア,,牡,3,川田将雅, 56 ,14,13,"  ","  ","  ","  ",,2,13,ダ,1800,,重,0,,(栗),高橋一哉,1527,2.0,3,3,4,38.8,45.2,,48.47,48.8,0.4,480,+4,,(6.1),,,,,,
,251004,3京1,4,１勝ｸﾗｽ,オブシディアン,,牡,5,松本大輝,57☆,14,10,"  ","  ","  ","  ",,14,14,ダ,1800,,重,0,,(美),石栗龍彦,1529,2.2,14,14,14,37.5,50.5,,48.47,48.8,1.9,540,0,,(418.8),,,,,,
,251004,3京1,3,新馬,アスクケンタッキー,,牡,2,坂井瑠星, 56 ,16,11,"  ","  ","  ","  ",,1,１,ダ,1400,,重,750,,(栗),藤原英昭,1244,-0.7,,1,1,37.2,45.2,*,44.33,45.2,0.0,474,,,210,110,580,1140,1840,1150,5580
,251004,3京1,3,新馬,リーグナイト,,牡,2,田山旺佑,53▲,16,14,"  ","  ","  ","  ",,3,２,ダ,1400,,重,300,,(栗),新谷功一,1251,0.7,,3,2,37.6,44.7,*,44.33,45.2,0.3,460,,,(7.7),170,580,1140,1840,1150,5580
,251004,3京1,3,新馬,ガーネットフレア,,牝,2,西村淳也, 55 ,16,12,"  ","  ","  ","  ",,2,３,ダ,1400,,重,190,,(栗),杉山佳明,1256,1.2,,2,2,38.2,43.1,*,44.33,45.2,0.2,450,,,(3.5),130,,,,1150,5580
,251004,3京1,3,新馬,モズジェネラル,,牡,2,国分恭介, 56 ,16,7,"  ","  ","  ","  ",,6,４,ダ,1400,,重,110,,(栗),田中克典,1256,1.2,,7,7,37.3,47.1,*,44.33,45.2,1.1,508,,,(19.9),,,,,,
,251004,3京1,3,新馬,エイシンビリオン,,牝,2,小沢大仁, 55 ,16,2,"  ","  ","  ","  ",,4,５,ダ,1400,,重,75,,(栗),今野貞一,1258,1.4,,5,5,38.1,43.9,*,44.33,45.2,0.5,462,,,(11.8),,,,,,
,251004,3京1,3,新馬,マーゴットオネイロ,,牡,2,団野大成, 56 ,16,10,"  ","  ","  ","  ",,8,６,ダ,1400,,重,0,,(栗),小林真也,1260,1.6,,3,4,38.5,42.5,,44.33,45.2,0.3,480,,,(27.2),,,,,,
,251004,3京1,3,新馬,パープルウインド,,牝,2,古川奈穂,52▲,16,16,"  ","  ","  ","  ",,12,７,ダ,1400,,重,0,,(栗),羽月友彦,1261,1.7,,6,6,38.0,44.9,,44.33,45.2,0.9,384,,,(88.1),,,,,,
,251004,3京1,3,新馬,ノリノドラゴン,,牡,2,城戸義政, 56 ,16,3,"  ","  ","  ","  ",,16,８,ダ,1400,,重,0,,(栗),荒川義之,1268,2.4,,12,11,37.5,48.6,*,44.33,45.2,2.1,454,,,(200.6),,,,,,
,251004,3京1,3,新馬,ジューンセクレタ,,牡,2,高倉稜, 56 ,16,1,"  ","  ","  ","  ",,5,９,ダ,1400,,重,0,,(栗),武英智,1270,2.6,,11,10,38.2,45.8,,44.33,45.2,1.6,516,,,(18.3),,,,,,
,251004,3京1,3,新馬,マイカラー,,牡,2,岩田望来, 56 ,16,9,"  ","  ","  ","  ",,7,10,ダ,1400,,重,0,,(栗),吉岡辰弥,1271,2.7,,13,14,37.5,49.2,*,44.33,45.2,2.4,456,,,(21.4),,,,,,
,251004,3京1,3,新馬,リリーサンダー,,牡,2,和田陽希,53▲,16,5,"  ","  ","  ","  ",,15,11,ダ,1400,,重,0,,(栗),緒方努,1271,2.7,,16,14,36.5,54.0,*,44.33,45.2,3.4,424,,,(145.7),,,,,,
,251004,3京1,3,新馬,ヴァンロゼ,,牝,2,松若風馬, 55 ,16,4,"  ","  ","  ","  ",,13,12,ダ,1400,,重,0,,(栗),東田明士,1278,3.4,,13,13,38.4,46.5,,44.33,45.2,2.2,456,,,(127.5),,,,,,
,251004,3京1,3,新馬,ヒャクギマル,,牡,2,菱田裕二, 56 ,16,15,"  ","  ","  ","  ",,10,13,ダ,1400,,重,0,,(栗),坂口智康,1278,3.4,,8,8,39.3,42.6,,44.33,45.2,1.3,472,,,(57.3),,,,,,
,251004,3京1,3,新馬,ポルタシャーンス,,牝,2,斎藤新, 55 ,16,8,"  ","  ","  ","  ",,14,14,ダ,1400,,重,0,,(美),武藤善則,1283,3.9,,8,8,39.8,41.4,,44.33,45.2,1.3,460,,,(144.3),,,,,,
,251004,3京1,3,新馬,ウシワカマル,,牡,2,田口貫太, 56 ,16,13,"  ","  ","  ","  ",,11,15,ダ,1400,,重,0,,(栗),安達昭夫,1287,4.3,,15,16,38.5,47.8,,44.33,45.2,3.0,460,,,(69.8),,,,,,
,251004,3京1,3,新馬,ジャスパールビー,,牝,2,松本大輝,54☆,16,6,"  ","  ","  ","  ",,9,16,ダ,1400,,重,0,,(栗),森秀行,1325,8.1,,8,12,43.8,33.4,,44.33,45.2,1.5,438,,,(28.7),,,,,,
,251004,3京1,2,未勝利*,ウィズクィーン,,牝,2,岩田望来, 55 ,8,4,"  ","  ","  ","  ",,3,１,芝,2000,A,稍,560,,(栗),上村洋行,2029,-0.4,2,2,1,34.3,60.7,*,60.13,60.3,0.1,424,-2,,720,120,,220,900,1580,8230
,251004,3京1,2,未勝利*,ジャスティンルマン,,牡,2,坂井瑠星, 56 ,8,3,"  ","  ","  ","  ",,1,２,芝,2000,A,稍,220,,(栗),杉山晴紀,2033,0.4,3,3,2,34.6,59.9,*,60.13,60.3,0.2,528,-8,,(1.1),100,,220,900,1580,8230
,251004,3京1,2,未勝利*,キーテーマ,,牝,2,長岡禎仁, 55 ,8,6,"  ","  ","  ","  ",,5,３,芝,2000,A,稍,140,,(栗),宮徹,2036,0.7,3,3,4,34.7,59.8,*,60.13,60.3,0.4,446,+4,,(79.5),300,,,,1580,8230
,251004,3京1,2,未勝利*,ホールドミーワンス,,牝,2,田口貫太, 55 ,8,1,"  ","  ","  ","  ",,4,４,芝,2000,A,稍,84,,(栗),西園翔太,2040,1.1,6,5,4,35.0,59.0,,60.13,60.3,0.5,498,-4,,(32.2),,,,,,
,251004,3京1,2,未勝利*,マイコンチェルト,,牡,2,高杉吏麒, 56 ,8,8,"  ","  ","  ","  ",,2,５,芝,2000,A,稍,56,,(栗),大久保龍,2045,1.6,6,7,6,35.1,59.2,,60.13,60.3,0.9,496,+8,,(5.2),,,,,,
,251004,3京1,2,未勝利*,ファインマン,,牡,2,高倉稜, 56 ,8,5,"  ","  ","  ","  ",,8,６,芝,2000,A,稍,0,,(栗),前川恭子,2047,1.8,6,6,6,35.5,57.7,,60.13,60.3,0.7,496,0,,(259.4),,,,,,
,251004,3京1,2,未勝利*,ナムラライラック,,牝,2,和田陽希,52▲,8,7,"  ","  ","  ","  ",,6,７,芝,2000,A,稍,0,*,(栗),畑端省吾,2052,2.3,3,8,8,35.7,57.4,,60.13,60.3,1.0,402,0,,(171.1),,,,,,
,251004,3京1,2,未勝利*,ニュートラ,,牝,2,菱田裕二, 55 ,8,2,"  ","  ","  ","  ",,7,８,芝,2000,A,稍,0,*,(栗),畑端省吾,2055,2.6,1,1,2,37.0,52.5,,60.13,60.3,0.0,460,+6,,(194.0),,,,,,
,251004,3京1,1,未勝利*,フルールドール,,牝,2,坂井瑠星, 55 ,14,7,"  ","  ","  ","  ",,2,１,ダ,1800,,重,560,,(栗),藤原英昭,1522,-0.1,2,2,1,37.7,48.8,*,50.07,48.8,0.0,490,0,,450,190,520,2230,4160,5870,33320
,251004,3京1,1,未勝利*,メイショウコシュウ,,牡,2,浜中俊, 56 ,14,3,"  ","  ","  ","  ",,3,２,ダ,1800,,重,220,,(栗),松永幹夫,1523,0.1,12,7,5,37.0,51.8,*,50.07,48.8,0.8,482,-6,,(5.1),220,520,2230,4160,5870,33320
,251004,3京1,1,未勝利*,アンリミテッド,,牡,2,岩田望来, 56 ,14,12,"  ","  ","  ","  ",,6,３,ダ,1800,,重,140,,(栗),高野友和,1528,0.6,6,7,5,37.7,49.6,*,50.07,48.8,0.6,496,+2,,(7.8),290,,,,5870,33320
,251004,3京1,1,未勝利*,イサギ,,牡,2,斎藤新, 56 ,14,6,"  ","  ","  ","  ",,9,４,ダ,1800,,重,84,,(栗),小椋研介,1529,0.7,4,3,2,38.1,48.2,*,50.07,48.8,0.3,456,+2,,(40.1),,,,,,
,251004,3京1,1,未勝利*,ウルトラハート,,牡,2,角田大和, 56 ,14,2,"  ","  ","  ","  ",,7,５,ダ,1800,,重,56,,(栗),中尾秀正,1531,0.9,8,10,9,37.3,51.6,*,50.07,48.8,1.3,476,+4,,(18.0),,,,,,
,251004,3京1,1,未勝利*,ヒロノスカイ,,牡,2,松若風馬, 56 ,14,13,"  ","  ","  ","  ",,5,６,ダ,1800,,重,0,,(栗),宮本博,1539,1.7,12,6,7,38.8,46.8,,50.07,48.8,0.6,502,+4,,(6.0),,,,,,
,251004,3京1,1,未勝利*,アドフランマム,,牡,2,団野大成, 56 ,14,10,"  ","  ","  ","  ",,4,７,ダ,1800,,重,0,,(栗),本田優,1541,1.9,3,3,2,39.3,45.2,,50.07,48.8,0.3,508,0,,(5.6),,,,,,
,251004,3京1,1,未勝利*,メイショウバンサン,,牡,2,酒井学, 56 ,14,8,"  ","  ","  ","  ",,8,８,ダ,1800,,重,0,,(栗),西園正都,1546,2.4,1,1,2,40.1,42.9,,50.07,48.8,0.0,502,0,,(32.2),,,,,,
,251004,3京1,1,未勝利*,オラヴィンリンナ,,牝,2,川田将雅, 55 ,14,4,"  ","  ","  ","  ",,1,９,ダ,1800,,重,0,,(栗),吉岡辰弥,1548,2.6,6,11,11,38.8,47.9,,50.07,48.8,1.5,486,+4,,(4.3),,,,,,
,251004,3京1,1,未勝利*,ゴーゴーパワー,,牡,2,西塚洸二,55☆,14,14,"  ","  ","  ","  ",,12,10,ダ,1800,,重,0,,(栗),井上智史,1552,3.0,14,14,12,38.7,48.8,,50.07,48.8,2.0,468,+2,,(286.4),,,,,,
,251004,3京1,1,未勝利*,ユーアーフラワー,,牝,2,森田誠也,52▲,14,11,"  ","  ","  ","  ",,11,11,ダ,1800,,重,0,,(栗),茶木太樹,1557,3.5,10,9,10,40.0,44.6,,50.07,48.8,1.2,506,-2,,(226.3),,,,,,
,251004,3京1,1,未勝利*,ケンフィールド,,牡,2,和田陽希,53▲,14,5,"  ","  ","  ","  ",,10,12,ダ,1800,,重,0,,(栗),大根田裕,1559,3.7,4,3,7,41.1,41.0,,50.07,48.8,0.3,478,+6,,(87.5),,,,,,
,251004,3京1,1,未勝利*,ファントムヴォルト,,牡,2,小沢大仁, 56 ,14,9,"  ","  ","  ","  ",,14,13,ダ,1800,,重,0,,(栗),松下武士,1568,4.6,9,12,14,40.5,44.2,,50.07,48.8,1.8,516,-4,,(445.2),,,,,,
,251004,3京1,1,未勝利*,レッドファイブ,,牡,2,岡田祥嗣, 56 ,14,1,"  ","  ","  ","  ",,13,14,ダ,1800,,重,0,,(栗),安田翔伍,1571,4.9,10,12,12,41.0,42.8,,50.07,48.8,1.6,486,+2,,(400.6),,,,,,
,241027,5京8,12,２勝ｸﾗｽ,ラブコメディ,,牝,3,吉村誠之,51▲,12,10,"  ","  ","  ","  ",,3,１,ダ,1400,,良,1140,,(栗),寺島良,1236,-0.1,,2,2,37.1,44.0,*,45.33,42.6,0.3,442,-6,B,400,150,430,900,1780,720,4560
,241027,5京8,12,２勝ｸﾗｽ,リジル,,牝,3,藤岡佑介, 54 ,12,1,"  ","  ","  ","  ",,4,２,ダ,1400,,良,460,*,(栗),奥村豊,1237,0.1,,4,4,36.7,46.0,*,45.33,42.6,0.8,484,0,,(4.7),150,430,900,1780,720,4560
,241027,5京8,12,２勝ｸﾗｽ,シゲルソロソロ,,牝,4,鮫島克駿, 56 ,12,9,"  ","  ","  ","  ",,1,３,ダ,1400,,良,290,,(栗),谷潔,1237,0.1,,4,4,36.7,46.0,*,45.33,42.6,0.8,478,0,,(3.1),120,,,,720,4560
,241027,5京8,12,２勝ｸﾗｽ,ブループリマドンナ,,牝,3,酒井学, 54 ,12,6,"  ","  ","  ","  ",,5,４,ダ,1400,,良,170,,(栗),小林真也,1239,0.3,,11,10,36.0,49.8,*,45.33,42.6,1.7,476,+4,,(16.4),,,,,,
,241027,5京8,12,２勝ｸﾗｽ,ジャーヴィス,,牡,4,西村淳也, 58 ,12,2,"  ","  ","  ","  ",,6,５,ダ,1400,,良,114,,(栗),千田輝彦,1243,0.7,,7,6,37.0,45.9,*,45.33,42.6,1.1,488,+4,,(23.8),,,,,,
,241027,5京8,12,２勝ｸﾗｽ,ピースキーパー,,牝,5,高杉吏麒,54△,12,8,"  ","  ","  ","  ",,7,６,ダ,1400,,良,0,*,(栗),奥村豊,1244,0.8,,7,8,36.9,46.5,*,45.33,42.6,1.3,452,0,B,(33.7),,,,,,
,241027,5京8,12,２勝ｸﾗｽ,スナークレジスト,,牡,7,田口貫太,57☆,12,3,"  ","  ","  ","  ",,11,７,ダ,1400,,良,0,,(栗),高橋一哉,1250,1.4,,6,6,37.7,44.1,,45.33,42.6,1.1,518,+4,B,(131.3),,,,,,
,241027,5京8,12,２勝ｸﾗｽ,オースミリン,,牝,5,団野大成, 56 ,12,12,"  ","  ","  ","  ",,8,８,ダ,1400,,良,0,,(栗),荒川義之,1252,1.6,,9,9,37.5,45.4,,45.33,42.6,1.5,466,-6,,(53.0),,,,,,
,241027,5京8,12,２勝ｸﾗｽ,グッドグロウス,,牡,5,古川吉洋, 58 ,12,7,"  ","  ","  ","  ",,9,９,ダ,1400,,良,0,,(栗),大根田裕,1253,1.7,,12,11,37.1,47.4,,45.33,42.6,2.0,460,-10,,(85.1),,,,,,
,241027,5京8,12,２勝ｸﾗｽ,ピエナパイロ,,牝,4,柴田裕一,53▲,12,11,"  ","  ","  ","  ",,10,10,ダ,1400,,良,0,,(栗),渡辺薫彦,1262,2.6,,9,11,38.4,43.4,,45.33,42.6,1.6,486,-2,B,(124.8),,,,,,
,241027,5京8,12,２勝ｸﾗｽ,クリノキングマン,,牡,3,永島まな,54◇,12,4,"  ","  ","  ","  ",,2,11,ダ,1400,,良,0,,(栗),高橋康之,1262,2.6,,1,1,40.0,36.6,,45.33,42.6,0.0,494,-6,,(3.5),,,,,,
,241027,5京8,12,２勝ｸﾗｽ,メイショウヒヅクリ,,牝,5,角田大和, 56 ,12,5,"  ","  ","  ","  ",,12,12,ダ,1400,,良,0,,(栗),角田晃一,1279,4.3,,2,3,41.5,33.9,,45.33,42.6,0.2,478,+6,,(181.2),,,,,,
,241027,5京8,11,カシオペ(L),アルジーヌ,,牝,4,西村淳也, 55 ,18,8,"  ","  ","  ","  ",,2,１,芝,1800,A,良,2800,*,(栗),中内田充,1448,-0.2,,6,5,34.6,51.4,*,52.57,49.3,0.5,454,-2,,480,180,640,1270,2410,4570,16680
,241027,5京8,11,カシオペ(L),トゥデイイズザデイ,,牡,5,鮫島克駿, 57 ,18,2,"  ","  ","  ","  ",,4,２,芝,1800,A,良,1100,,(栗),池江泰寿,1450,0.2,,13,10,34.4,52.6,*,52.57,49.3,0.9,478,+4,,(6.4),190,640,1270,2410,4570,16680
,241027,5京8,11,カシオペ(L),ロングラン,,セ,6,藤岡佑介, 59 ,18,4,"  ","  ","  ","  ",,6,３,芝,1800,A,良,700,,(美),和田勇介,1451,0.3,,15,14,34.2,53.7,*,52.57,49.3,1.2,482,+2,,(11.8),300,,,,4570,16680
,241027,5京8,11,カシオペ(L),トランキリテ,,牡,5,北村友一, 57 ,18,16,"  ","  ","  ","  ",,5,４,芝,1800,A,良,420,,(栗),松永幹夫,1451,0.3,,17,17,33.8,55.5,*,52.57,49.3,1.6,472,-2,,(10.1),,,,,,
,241027,5京8,11,カシオペ(L),ニホンピロキーフ,,牡,4,田口貫太, 57 ,18,10,"  ","  ","  ","  ",,1,５,芝,1800,A,良,280,,(栗),大橋勇樹,1452,0.4,,7,7,34.9,50.7,*,52.57,49.3,0.6,482,-2,,(4.6),,,,,,
,241027,5京8,11,カシオペ(L),コレペティトール,,牡,4,柴田裕一, 59 ,18,5,"  ","  ","  ","  ",,14,６,芝,1800,A,良,0,,(栗),中竹和也,1454,0.6,,14,14,34.5,52.8,*,52.57,49.3,1.2,488,+8,,(68.6),,,,,,
,241027,5京8,11,カシオペ(L),エスコーラ,,牡,6,幸英明, 57 ,18,6,"  ","  ","  ","  ",,8,７,芝,1800,A,良,0,*,(栗),中内田充,1454,0.6,,18,18,33.9,55.5,*,52.57,49.3,1.8,514,-6,B,(16.3),,,,,,
,241027,5京8,11,カシオペ(L),ラケマーダ,,牡,4,高杉吏麒, 57 ,18,14,"  ","  ","  ","  ",,13,８,芝,1800,A,良,0,,(栗),千田輝彦,1455,0.7,,11,10,34.9,51.1,*,52.57,49.3,0.9,498,+6,,(63.5),,,,,,
,241027,5京8,11,カシオペ(L),ペイシャフラワー,,牝,4,永島まな, 55 ,18,17,"  ","  ","  ","  ",,11,９,芝,1800,A,良,0,,(栗),高橋康之,1457,0.9,,9,7,35.3,49.7,*,52.57,49.3,0.7,468,+4,,(55.5),,,,,,
,241027,5京8,11,カシオペ(L),ピースオブエイト,,セ,5,酒井学, 59 ,18,7,"  ","  ","  ","  ",,10,10,芝,1800,A,良,0,,(栗),奥村豊,1463,1.5,,1,1,36.6,45.2,,52.57,49.3,0.0,458,-8,,(39.0),,,,,,
,241027,5京8,11,カシオペ(L),ショウナンマグマ,,牡,5,浜中俊, 58 ,18,12,"  ","  ","  ","  ",,12,11,芝,1800,A,良,0,,(美),尾関知人,1466,1.8,,3,5,36.6,45.6,,52.57,49.3,0.3,518,0,,(62.5),,,,,,
,241027,5京8,11,カシオペ(L),セオ,,牡,4,団野大成, 58 ,18,1,"  ","  ","  ","  ",,3,12,芝,1800,A,良,0,,(栗),上村洋行,1466,1.8,,3,2,36.8,44.8,,52.57,49.3,0.1,480,+4,,(5.8),,,,,,
,241027,5京8,11,カシオペ(L),カレンシュトラウス,,牡,7,富田暁, 58 ,18,13,"  ","  ","  ","  ",,15,13,芝,1800,A,良,0,,(栗),平田修,1466,1.8,,11,10,36.0,48.1,,52.57,49.3,0.9,524,+6,,(107.0),,,,,,
,241027,5京8,11,カシオペ(L),コナコースト,,牝,4,Ｍ．デム, 57 ,18,18,"  ","  ","  ","  ",,7,14,芝,1800,A,良,0,,(栗),清水久詞,1471,2.3,,3,4,37.3,43.6,,52.57,49.3,0.1,476,+8,,(12.4),,,,,,
,241027,5京8,11,カシオペ(L),アウスヴァール,,セ,6,古川吉洋, 58 ,18,15,"  ","  ","  ","  ",,9,15,芝,1800,A,良,0,,(栗),昆貢,1473,2.5,,2,2,37.6,42.7,,52.57,49.3,0.0,482,0,,(16.4),,,,,,
,241027,5京8,11,カシオペ(L),ナイママ,,牡,8,角田大和, 57 ,18,9,"  ","  ","  ","  ",,17,16,芝,1800,A,良,0,,(美),武藤善則,1475,2.7,,9,10,37.1,44.9,,52.57,49.3,0.7,482,0,B,(352.5),,,,,,
,241027,5京8,11,カシオペ(L),ニホンピロスクーロ,,セ,7,高倉稜, 57 ,18,3,"  ","  ","  ","  ",,18,17,芝,1800,A,良,0,,(栗),安達昭夫,1476,2.8,,7,7,37.3,44.2,,52.57,49.3,0.6,516,+14,B,(415.8),,,,,,
,241027,5京8,11,カシオペ(L),ハーランズハーツ,,牡,7,池添謙一, 57 ,18,11,"  ","  ","  ","  ",,16,18,芝,1800,A,良,0,,(栗),橋口慎介,1479,3.1,,16,16,36.9,46.2,,52.57,49.3,1.3,438,+2,,(110.6),,,,,,
,241027,5京8,10,古都Ｓ･3勝,コパノサントス,,牡,4,Ｍ．デム, 58 ,8,7,"  ","  ","  ","  ",,3,１,芝,3000,A,良,1840,,(栗),梅田智之,3084,-0.1,4,4,4,34.0,63.5,*,62.73,62.3,0.3,476,+4,,680,170,,470,1440,790,5420
,241027,5京8,10,古都Ｓ･3勝,ゴールデンスナップ,,牝,4,浜中俊, 56 ,8,8,"  ","  ","  ","  ",,1,２,芝,3000,A,良,740,,(栗),田中克典,3085,0.1,5,5,5,33.9,64.0,*,62.73,62.3,0.5,474,+8,,(1.7),110,,470,1440,790,5420
,241027,5京8,10,古都Ｓ･3勝,フルール,,牝,4,幸英明, 56 ,8,6,"  ","  ","  ","  ",,5,３,芝,3000,A,良,460,,(美),上原佑紀,3089,0.5,3,3,2,34.8,60.7,*,62.73,62.3,0.0,500,+10,,(8.4),170,,,,790,5420
,241027,5京8,10,古都Ｓ･3勝,バロッサヴァレー,,牝,4,鮫島克駿, 56 ,8,5,"  ","  ","  ","  ",,4,４,芝,3000,A,良,280,,(栗),高野友和,3090,0.6,1,1,2,34.9,60.4,*,62.73,62.3,0.0,476,+4,,(7.1),,,,,,
,241027,5京8,10,古都Ｓ･3勝,ロードプレジール,,牡,6,藤岡佑介, 58 ,8,1,"  ","  ","  ","  ",,6,５,芝,3000,A,良,184,,(栗),中内田充,3090,0.6,7,8,8,34.2,63.2,*,62.73,62.3,0.7,492,-2,,(17.7),,,,,,
,241027,5京8,10,古都Ｓ･3勝,サトノクローク,,牡,4,西村淳也, 58 ,8,3,"  ","  ","  ","  ",,2,６,芝,3000,A,良,0,,(栗),橋口慎介,3092,0.8,2,2,1,35.1,59.8,*,62.73,62.3,0.0,478,-12,,(5.3),,,,,,
,241027,5京8,10,古都Ｓ･3勝,アスティ,,セ,8,酒井学, 58 ,8,2,"  ","  ","  ","  ",,8,７,芝,3000,A,良,0,,(美),武市康男,3102,1.8,8,5,7,35.6,58.6,,62.73,62.3,0.5,420,-2,,(151.2),,,,,,
,241027,5京8,10,古都Ｓ･3勝,モンテディオ,,牡,6,古川吉洋, 58 ,8,4,"  ","  ","  ","  ",,7,８,芝,3000,A,良,0,,(栗),四位洋文,3112,2.8,5,5,5,36.6,55.6,,62.73,62.3,0.5,482,+4,,(96.8),,,,,,
,241027,5京8,9,北野特Ｈ･2勝,ホウオウプロサンゲ,,牡,3,西村淳也, 55 ,8,5,"  ","  ","  ","  ",,1,１,芝,2000,A,良,1550,,(栗),矢作芳人,1595,-0.2,1,1,1,34.5,55.6,*,56.87,55.6,0.0,488,-2,,240,110,,370,660,420,1750
,241027,5京8,9,北野特Ｈ･2勝,ギャンブルルーム,,牡,3,北村友一, 55 ,8,4,"  ","  ","  ","  ",,3,２,芝,2000,A,良,620,,(栗),大久保龍,1597,0.2,5,3,3,34.3,56.7,*,56.87,55.6,0.4,488,0,,(4.1),130,,370,660,420,1750
,241027,5京8,9,北野特Ｈ･2勝,ブリタニア,,牡,4,鮫島克駿, 56 ,8,1,"  ","  ","  ","  ",,2,３,芝,2000,A,良,390,,(栗),杉山佳明,1599,0.4,6,6,6,34.0,58.3,*,56.87,55.6,0.9,498,+2,,(3.1),120,,,,420,1750
,241027,5京8,9,北野特Ｈ･2勝,テーオーダグラス,,牡,3,団野大成, 54 ,8,6,"  ","  ","  ","  ",,4,４,芝,2000,A,良,230,,(栗),須貝尚介,2000,0.5,2,2,2,34.9,54.5,*,56.87,55.6,0.1,480,+4,,(6.2),,,,,,
,241027,5京8,9,北野特Ｈ･2勝,サクセスドレーク,,牡,5,富田暁, 56 ,8,2,"  ","  ","  ","  ",,5,５,芝,2000,A,良,155,,(栗),野中賢二,2003,0.8,3,4,4,34.7,55.7,*,56.87,55.6,0.6,512,+6,B,(17.7),,,,,,
,241027,5京8,9,北野特Ｈ･2勝,テリオスマナ,,牝,6,古川吉洋, 53 ,8,7,"  ","  ","  ","  ",,7,６,芝,2000,A,良,0,,(栗),松下武士,2003,0.8,8,7,7,34.2,57.9,*,56.87,55.6,1.1,466,0,,(49.5),,,,,,
,241027,5京8,9,北野特Ｈ･2勝,レゾンドゥスリール,,セ,6,幸英明, 55 ,8,3,"  ","  ","  ","  ",,6,７,芝,2000,A,良,0,,(栗),辻野泰之,2012,1.7,3,4,5,35.6,53.0,,56.87,55.6,0.6,460,+10,B,(22.2),,,,,,
,241027,5京8,9,北野特Ｈ･2勝,キングダムウイナー,,牡,7,田口貫太, 52 ,8,8,"  ","  ","  ","  ",,8,８,芝,2000,A,良,0,,(栗),藤野健太,2041,4.6,7,8,8,37.8,47.8,,56.87,55.6,1.3,502,0,B,(113.1),,,,,,
,241027,5京8,8,１勝ｸﾗｽ,アガシ,,セ,3,田口貫太,56☆,15,12,"  ","  ","  ","  ",,8,１,ダ,1200,,良,800,,(栗),庄野靖志,1120,-0.2,,4,4,36.3,48.3,*,46.30,45.1,0.6,480,-7,,1970,440,1570,2840,7260,3330,30780
,241027,5京8,8,１勝ｸﾗｽ,ホウオウトランプ,,牡,3,鮫島克駿, 57 ,15,15,"  ","  ","  ","  ",,2,２,ダ,1200,,良,320,,(栗),池江泰寿,1122,0.2,,3,3,36.8,46.2,*,46.30,45.1,0.3,526,+2,,(3.9),190,1570,2840,7260,3330,30780
,241027,5京8,8,１勝ｸﾗｽ,イミュータブル,,牡,4,西村淳也, 58 ,15,14,"  ","  ","  ","  ",,1,３,ダ,1200,,良,200,,(栗),浜田多実,1125,0.5,,2,2,37.3,44.4,*,46.30,45.1,0.1,484,+6,,(3.8),150,,,,3330,30780
,241027,5京8,8,１勝ｸﾗｽ,モーデン,,牡,6,荻野琢真, 58 ,15,6,"  ","  ","  ","  ",,12,４,ダ,1200,,良,120,,(栗),藤沢則雄,1126,0.6,,14,13,36.0,51.7,*,46.30,45.1,1.5,482,0,,(64.7),,,,,,
,241027,5京8,8,１勝ｸﾗｽ,ゴイゴイスー,,牡,6,柴田裕一,55▲,15,7,"  ","  ","  ","  ",,5,５,ダ,1200,,良,80,,(栗),中尾秀正,1128,0.8,,10,12,36.6,48.9,*,46.30,45.1,1.1,518,+8,,(9.1),,,,,,
,241027,5京8,8,１勝ｸﾗｽ,セールヴォラン,,牡,3,幸英明, 57 ,15,3,"  ","  ","  ","  ",,6,６,ダ,1200,,良,0,,(栗),北出成人,1130,1.0,,6,6,37.2,46.2,*,46.30,45.1,0.7,442,-8,,(9.8),,,,,,
,241027,5京8,8,１勝ｸﾗｽ,シリウス,,牡,3,高杉吏麒,55△,15,10,"  ","  ","  ","  ",,7,７,ダ,1200,,良,0,,(栗),石坂公一,1131,1.1,,1,1,38.0,42.4,,46.30,45.1,0.0,458,+2,B,(11.8),,,,,,
,241027,5京8,8,１勝ｸﾗｽ,レゾルシオン,,牡,4,角田大和, 58 ,15,4,"  ","  ","  ","  ",,11,８,ダ,1200,,良,0,,(栗),鈴木孝志,1131,1.1,,13,13,36.8,48.6,*,46.30,45.1,1.2,478,-2,,(50.7),,,,,,
,241027,5京8,8,１勝ｸﾗｽ,タイセイアレス,,牡,3,Ｍ．デム, 57 ,15,9,"  ","  ","  ","  ",,3,９,ダ,1200,,良,0,,(栗),西村真幸,1134,1.4,,4,4,37.9,43.7,,46.30,45.1,0.4,482,+6,,(6.3),,,,,,
,241027,5京8,8,１勝ｸﾗｽ,アナレクタ,,牡,3,永島まな,55◇,15,11,"  ","  ","  ","  ",,14,10,ダ,1200,,良,0,,(栗),千田輝彦,1134,1.4,,6,6,37.6,45.2,,46.30,45.1,0.7,482,+22,,(100.6),,,,,,
,241027,5京8,8,１勝ｸﾗｽ,グレアミラージュ,,牡,7,北村友一, 58 ,15,1,"  ","  ","  ","  ",,15,11,ダ,1200,,良,0,,(栗),笹田和秀,1135,1.5,,15,15,36.6,50.8,*,46.30,45.1,1.8,470,-2,B,(181.9),,,,,,
,241027,5京8,8,１勝ｸﾗｽ,ビーコング,,牡,3,吉村誠之,54▲,15,8,"  ","  ","  ","  ",,9,12,ダ,1200,,良,0,,(栗),新谷功一,1135,1.5,,8,8,37.5,46.0,,46.30,45.1,0.9,484,-6,,(30.8),,,,,,
,241027,5京8,8,１勝ｸﾗｽ,メイショウナラシバ,,牡,5,泉谷楓真,57☆,15,2,"  ","  ","  ","  ",,10,13,ダ,1200,,良,0,,(栗),石橋守,1139,1.9,,10,8,37.8,45.5,,46.30,45.1,1.0,440,+8,,(46.9),,,,,,
,241027,5京8,8,１勝ｸﾗｽ,タマモブリリオ,,牡,3,藤岡佑介, 57 ,15,5,"  ","  ","  ","  ",,4,14,ダ,1200,,良,0,,(栗),藤岡健一,1145,2.5,,10,8,38.3,44.5,,46.30,45.1,1.1,492,-8,,(8.9),,,,,,
,241027,5京8,8,１勝ｸﾗｽ,ラピッドベル,,牝,4,和田翼, 56 ,15,13,"  ","  ","  ","  ",,13,15,ダ,1200,,良,0,,(栗),谷潔,1146,2.6,,8,8,38.5,43.8,,46.30,45.1,1.0,512,-4,,(77.8),,,,,,
,241027,5京8,7,１勝ｸﾗｽ,マサハヤウォルズ,,牡,4,吉村誠之,55▲,11,2,"  ","  ","  ","  ",,2,１,ダ,1900,,良,800,,(栗),今野貞一,2008,-0.3,6,5,5,38.7,47.9,*,48.63,46.4,0.4,470,+2,,440,140,490,2300,4110,1990,13520
,241027,5京8,7,１勝ｸﾗｽ,マジックブルー,,牡,3,団野大成, 56 ,11,7,"  ","  ","  ","  ",,7,２,ダ,1900,,良,320,,(栗),荒川義之,2011,0.3,6,8,8,38.4,49.4,*,48.63,46.4,1.0,480,-2,,(13.4),330,490,2300,4110,1990,13520
,241027,5京8,7,１勝ｸﾗｽ,ジュンラトゥール,,牡,3,田口貫太,55☆,11,6,"  ","  ","  ","  ",,1,３,ダ,1900,,良,200,,(栗),浜田多実,2011,0.3,3,6,6,38.6,48.6,*,48.63,46.4,0.8,462,0,,(3.0),130,,,,1990,13520
,241027,5京8,7,１勝ｸﾗｽ,レッドクレメンス,,牡,3,西村淳也, 56 ,11,3,"  ","  ","  ","  ",,8,４,ダ,1900,,良,120,,(栗),茶木太樹,2012,0.4,1,1,1,39.5,45.5,*,48.63,46.4,0.0,488,+2,,(46.3),,,,,,
,241027,5京8,7,１勝ｸﾗｽ,キャストロペペ,,牡,3,国分優作, 56 ,11,10,"  ","  ","  ","  ",,5,５,ダ,1900,,良,80,,(栗),四位洋文,2012,0.4,3,2,2,39.4,45.8,*,48.63,46.4,0.1,468,-10,,(11.5),,,,,,
,241027,5京8,7,１勝ｸﾗｽ,タキ,,牡,3,北村友一, 56 ,11,11,"  ","  ","  ","  ",,10,６,ダ,1900,,良,0,,(栗),高橋一哉,2015,0.7,11,10,8,38.4,49.9,*,48.63,46.4,1.4,428,-4,,(65.6),,,,,,
,241027,5京8,7,１勝ｸﾗｽ,テイエムシップ,,牡,5,鮫島良太, 58 ,11,9,"  ","  ","  ","  ",,6,７,ダ,1900,,良,0,,(栗),河嶋宏樹,2017,0.9,6,6,6,39.3,46.8,*,48.63,46.4,0.7,524,+8,,(12.2),,,,,,
,241027,5京8,7,１勝ｸﾗｽ,ニホンピロゴルディ,,牡,3,太宰啓介, 56 ,11,8,"  ","  ","  ","  ",,9,８,ダ,1900,,良,0,,(栗),安達昭夫,2026,1.8,9,4,4,40.6,43.2,,48.63,46.4,0.3,460,+4,,(58.1),,,,,,
,241027,5京8,7,１勝ｸﾗｽ,ヒルノアントラ,,セ,7,古川吉洋, 58 ,11,1,"  ","  ","  ","  ",,11,９,ダ,1900,,良,0,,(栗),昆貢,2027,1.9,10,10,10,39.5,47.2,,48.63,46.4,1.5,476,+4,B,(258.6),,,,,,
,241027,5京8,7,１勝ｸﾗｽ,メイショウヘール,,牡,3,Ｍ．デム, 56 ,11,4,"  ","  ","  ","  ",,4,10,ダ,1900,,良,0,,(栗),大橋勇樹,2050,4.2,3,9,11,42.0,41.2,,48.63,46.4,1.3,482,+2,,(5.6),,,,,,
,241027,5京8,7,１勝ｸﾗｽ,ジーベック,,牡,3,鮫島克駿, 56 ,11,5,"  ","  ","  ","  ",,3,11,ダ,1900,,良,0,,(栗),矢作芳人,2053,4.5,2,2,2,43.5,36.8,,48.63,46.4,0.1,456,0,,(4.6),,,,,,
,241027,5京8,6,１勝ｸﾗｽ・牝,アナスタシス,,牝,3,高杉吏麒,52△,15,6,"  ","  ","  ","  ",,5,１,ダ,1400,,良,800,,(栗),岡田稲男,1250,-0.4,,2,2,37.5,45.0,*,45.60,44.5,0.1,460,0,,1020,290,2940,4650,10480,5530,43670
,241027,5京8,6,１勝ｸﾗｽ・牝,ロンシャンクイーン,,牝,4,鷲頭虎太,53▲,15,14,"  ","  ","  ","  ",,6,２,ダ,1400,,良,320,,(栗),野中賢二,1254,0.4,,2,3,37.8,44.4,*,45.60,44.5,0.2,440,0,,(10.3),240,2940,4650,10480,5530,43670
,241027,5京8,6,１勝ｸﾗｽ・牝,ベルダイナフェロー,,牝,3,酒井学, 54 ,15,11,"  ","  ","  ","  ",,1,３,ダ,1400,,良,200,,(栗),須貝尚介,1255,0.5,,8,7,37.2,47.4,*,45.60,44.5,0.9,478,-2,,(3.1),150,,,,5530,43670
,241027,5京8,6,１勝ｸﾗｽ・牝,エレガントギフト,,牝,4,西村淳也, 56 ,15,10,"  ","  ","  ","  ",,3,４,ダ,1400,,良,120,,(栗),千田輝彦,1258,0.8,,9,9,37.5,46.6,*,45.60,44.5,0.9,440,-2,,(5.9),,,,,,
,241027,5京8,6,１勝ｸﾗｽ・牝,ドナアフロディテ,,牝,3,田口貫太,53☆,15,7,"  ","  ","  ","  ",,11,５,ダ,1400,,良,80,,(栗),庄野靖志,1258,0.8,,5,5,38.0,44.3,*,45.60,44.5,0.4,468,+1,,(66.7),,,,,,
,241027,5京8,6,１勝ｸﾗｽ・牝,ハギノインスパイア,,牝,3,今村聖奈,51▲,15,5,"  ","  ","  ","  ",,7,６,ダ,1400,,良,0,,(栗),寺島良,1258,0.8,,1,1,38.4,42.6,*,45.60,44.5,0.0,432,+4,,(15.6),,,,,,
,241027,5京8,6,１勝ｸﾗｽ・牝,メイショウザンゲツ,,牝,3,幸英明, 54 ,15,13,"  ","  ","  ","  ",,2,７,ダ,1400,,良,0,,(栗),鈴木孝志,1260,1.0,,2,3,38.4,43.0,*,45.60,44.5,0.2,448,+16,,(5.8),,,,,,
,241027,5京8,6,１勝ｸﾗｽ・牝,ランスオブプライム,,牝,3,藤岡佑介, 54 ,15,2,"  ","  ","  ","  ",,9,８,ダ,1400,,良,0,,(栗),奥村豊,1260,1.0,,5,7,38.1,44.3,*,45.60,44.5,0.5,456,+3,,(23.1),,,,,,
,241027,5京8,6,１勝ｸﾗｽ・牝,ワキノノーブル,,牝,3,Ｍ．デム, 54 ,15,15,"  ","  ","  ","  ",,8,９,ダ,1400,,良,0,,(栗),宮本博,1261,1.1,,7,5,38.1,44.5,,45.60,44.5,0.6,456,-6,,(15.9),,,,,,
,241027,5京8,6,１勝ｸﾗｽ・牝,スウィートスカー,,牝,5,鮫島克駿, 56 ,15,3,"  ","  ","  ","  ",,10,10,ダ,1400,,良,0,,(栗),鮫島一歩,1261,1.1,,12,10,37.5,47.2,*,45.60,44.5,1.2,484,+2,,(28.6),,,,,,
,241027,5京8,6,１勝ｸﾗｽ・牝,シュテルンロット,,牝,4,永島まな,54◇,15,8,"  ","  ","  ","  ",,13,11,ダ,1400,,良,0,,(栗),高橋康之,1263,1.3,,15,15,37.1,49.5,*,45.60,44.5,1.8,452,+36,,(141.0),,,,,,
,241027,5京8,6,１勝ｸﾗｽ・牝,ミクロフィラム,,牝,3,団野大成, 54 ,15,1,"  ","  ","  ","  ",,4,12,ダ,1400,,良,0,,(栗),斉藤崇史,1263,1.3,,13,12,37.5,47.6,*,45.60,44.5,1.4,448,+2,,(6.3),,,,,,
,241027,5京8,6,１勝ｸﾗｽ・牝,ビリーヴサンライズ,,牝,3,吉村誠之,51▲,15,9,"  ","  ","  ","  ",,12,13,ダ,1400,,良,0,,(栗),音無秀孝,1266,1.6,,13,14,37.8,46.8,,45.60,44.5,1.4,466,+5,,(129.7),,,,,,
,241027,5京8,6,１勝ｸﾗｽ・牝,シャイニングローズ,,牝,3,泉谷楓真,53☆,15,4,"  ","  ","  ","  ",,14,14,ダ,1400,,良,0,,(栗),大橋勇樹,1271,2.1,,9,10,38.8,43.4,,45.60,44.5,0.9,456,+22,,(229.0),,,,,,
,241027,5京8,6,１勝ｸﾗｽ・牝,マサハヤヴァンス,,牝,4,柴田裕一,53▲,15,12,"  ","  ","  ","  ",,15,15,ダ,1400,,良,0,,(栗),坂口智康,1286,3.6,,9,12,40.1,40.7,,45.60,44.5,1.1,450,+20,,(460.6),,,,,,
,241027,5京8,5,新馬,リラエンブレム,,牡,2,浜中俊, 56 ,10,8,"  ","  ","  ","  ",,1,１,芝,1600,A,良,720,,(栗),武幸四郎,1342,-0.3,,5,3,34.4,54.3,*,52.93,51.9,0.5,470,,,300,130,470,610,1240,1770,7010
,241027,5京8,5,新馬,スマートミストラル,,牝,2,幸英明, 55 ,10,10,"  ","  ","  ","  ",,3,２,芝,1600,A,良,290,,(栗),大久保龍,1345,0.3,,6,6,34.4,54.8,*,52.93,51.9,0.8,434,,,(4.7),150,470,610,1240,1770,7010
,241027,5京8,5,新馬,シンヒダカゴールド,,牝,2,角田大和, 55 ,10,7,"  ","  ","  ","  ",,6,３,芝,1600,A,良,180,,(栗),角田晃一,1350,0.8,,1,1,35.7,49.7,*,52.93,51.9,0.0,478,,,(12.4),280,,,,1770,7010
,241027,5京8,5,新馬,ピエマンソン,,牡,2,池添謙一, 56 ,10,4,"  ","  ","  ","  ",,4,４,芝,1600,A,良,110,,(栗),平田修,1351,0.9,,3,3,35.5,50.7,*,52.93,51.9,0.3,474,,,(5.2),,,,,,
,241027,5京8,5,新馬,ウィンストン,,牡,2,西村淳也, 56 ,10,3,"  ","  ","  ","  ",,5,５,芝,1600,A,良,72,,(栗),杉山晴紀,1352,1.0,,2,2,35.7,50.0,*,52.93,51.9,0.2,496,,,(8.7),,,,,,
,241027,5京8,5,新馬,ロードトルネード,,牡,2,酒井学, 56 ,10,9,"  ","  ","  ","  ",,7,６,芝,1600,A,良,0,,(栗),辻野泰之,1357,1.5,,9,8,35.4,52.2,*,52.93,51.9,1.0,478,,,(26.2),,,,,,
,241027,5京8,5,新馬,クイーンズデイ,,牝,2,田口貫太,54☆,10,2,"  ","  ","  ","  ",,9,７,芝,1600,A,良,0,,(栗),岡田稲男,1362,2.0,,10,10,35.5,52.6,,52.93,51.9,1.4,450,,,(114.7),,,,,,
,241027,5京8,5,新馬,サヨノミッキー,,牡,2,国分優作, 56 ,10,6,"  ","  ","  ","  ",,10,８,芝,1600,A,良,0,,(栗),羽月友彦,1367,2.5,,3,3,37.1,46.4,,52.93,51.9,0.3,454,,,(154.9),,,,,,
,241027,5京8,5,新馬,テキサスツイスター,,牡,2,団野大成, 56 ,10,1,"  ","  ","  ","  ",,2,９,芝,1600,A,良,0,,(栗),須貝尚介,1372,3.0,,6,6,37.2,46.8,,52.93,51.9,0.7,512,,,(3.9),,,,,,
,241027,5京8,5,新馬,ハルカサクソラ,,牝,2,鮫島克駿, 55 ,10,5,"  ","  ","  ","  ",,8,10,芝,1600,A,良,0,,(栗),杉山佳明,1376,3.4,,6,8,37.5,46.2,,52.93,51.9,0.8,466,,,(50.7),,,,,,
,241027,5京8,4,新馬,ゴールデンクラウド,,牡,2,鮫島克駿, 56 ,16,14,"  ","  ","  ","  ",,2,１,ダ,1800,,良,720,,(栗),小林真也,1545,-0.0,2,4,3,37.7,51.9,*,50.90,50.3,0.4,526,,,290,140,340,430,890,1940,6740
,241027,5京8,4,新馬,ダノンヴェステル,,牡,2,池添謙一, 56 ,16,6,"  ","  ","  ","  ",,1,２,ダ,1800,,良,290,,(栗),高柳大輔,1545,0.0,8,2,2,37.9,51.1,*,50.90,50.3,0.2,476,,,(2.8),130,340,430,890,1940,6740
,241027,5京8,4,新馬,カナルビーグル,,牡,2,吉村誠之,53▲,16,10,"  ","  ","  ","  ",,4,３,ダ,1800,,良,180,,(栗),音無秀孝,1556,1.1,8,6,5,38.6,49.7,*,50.90,50.3,0.6,490,,B,(14.1),240,,,,1940,6740
,241027,5京8,4,新馬,ユージュアーナ,,牝,2,柴田裕一,52▲,16,15,"  ","  ","  ","  ",,12,４,ダ,1800,,良,110,,(栗),奥村豊,1561,1.6,3,4,5,39.3,47.7,*,50.90,50.3,0.4,456,,,(36.7),,,,,,
,241027,5京8,4,新馬,ジャスティンロング,,牡,2,北村友一, 56 ,16,16,"  ","  ","  ","  ",,3,５,ダ,1800,,良,72,,(栗),吉岡辰弥,1565,2.0,10,6,5,39.5,47.5,*,50.90,50.3,0.6,518,,,(5.9),,,,,,
,241027,5京8,4,新馬,ハナカホノカ,,牝,2,浜中俊, 55 ,16,5,"  ","  ","  ","  ",,11,６,ダ,1800,,良,0,,(栗),宮本博,1578,3.3,13,13,12,39.3,49.9,*,50.90,50.3,2.1,458,,,(32.7),,,,,,
,241027,5京8,4,新馬,ギンガエクスプレス,,牡,2,Ｍ．デム, 56 ,16,9,"  ","  ","  ","  ",,9,７,ダ,1800,,良,0,,(美),加藤士津,1579,3.4,14,10,9,40.3,46.3,,50.90,50.3,1.2,530,,,(31.4),,,,,,
,241027,5京8,4,新馬,エイシンクァンタム,,牡,2,荻野琢真, 56 ,16,4,"  ","  ","  ","  ",,5,８,ダ,1800,,良,0,,(栗),今野貞一,1581,3.6,1,1,1,41.7,41.6,,50.90,50.3,0.0,446,,,(21.5),,,,,,
,241027,5京8,4,新馬,ボヤージュアウト,,牝,2,角田大和, 55 ,16,2,"  ","  ","  ","  ",,14,９,ダ,1800,,良,0,,(栗),角田晃一,1583,3.8,16,16,16,38.7,52.8,*,50.90,50.3,3.2,448,,,(98.3),,,,,,
,241027,5京8,4,新馬,レイヤー,,セ,2,西村淳也, 56 ,16,8,"  ","  ","  ","  ",,6,10,ダ,1800,,良,0,,(栗),佐々木晶,1583,3.8,5,12,12,40.0,47.9,,50.90,50.3,1.9,490,,,(24.4),,,,,,
,241027,5京8,4,新馬,スウィープレジーナ,,牝,2,幸英明, 55 ,16,11,"  ","  ","  ","  ",,8,11,ダ,1800,,良,0,,(栗),西園翔太,1584,3.9,10,6,8,41.4,43.0,,50.90,50.3,0.6,510,,,(29.1),,,,,,
,241027,5京8,4,新馬,ボルダーオパール,,牝,2,酒井学, 55 ,16,3,"  ","  ","  ","  ",,16,12,ダ,1800,,良,0,,(栗),茶木太樹,1586,4.1,10,13,14,40.2,47.5,,50.90,50.3,2.0,474,,,(179.9),,,,,,
,241027,5京8,4,新馬,キタノボンボヤージ,,牡,2,高倉稜, 56 ,16,1,"  ","  ","  ","  ",,13,13,ダ,1800,,良,0,,(栗),吉田直弘,1587,4.2,5,10,9,41.1,44.4,,50.90,50.3,1.2,426,,,(65.7),,,,,,
,241027,5京8,4,新馬,ダウントゥアース,,牡,2,富田暁, 56 ,16,13,"  ","  ","  ","  ",,15,14,ダ,1800,,良,0,,(美),尾関知人,1588,4.3,14,15,14,40.1,48.1,,50.90,50.3,2.3,480,,,(131.1),,,,,,
,241027,5京8,4,新馬,ニホンピロマーベル,,牡,2,田口貫太,55☆,16,7,"  ","  ","  ","  ",,7,15,ダ,1800,,良,0,,(栗),中尾秀正,1595,5.0,3,9,9,42.1,41.9,,50.90,50.3,1.0,480,,,(24.7),,,,,,
,241027,5京8,4,新馬,アバヨナミダ,,牡,2,永島まな,54◇,16,12,"  ","  ","  ","  ",,10,16,ダ,1800,,良,0,,(栗),高橋康之,2015,7.0,7,2,3,45.0,35.0,,50.90,50.3,0.1,516,,,(32.2),,,,,,
,241027,5京8,3,未勝利*,ロードガレリア,,牡,2,西村淳也, 56 ,12,9,"  ","  ","  ","  ",,1,１,芝,2000,A,良,550,,(栗),藤岡健一,2016,-0.3,1,1,1,35.7,53.1,*,53.50,53.1,0.0,444,-10,,200,110,320,350,510,830,2540
,241027,5京8,3,未勝利*,リガーレ,,牡,2,鮫島克駿, 56 ,12,4,"  ","  ","  ","  ",,2,２,芝,2000,A,良,220,,(栗),池江泰寿,2019,0.3,8,3,4,35.7,53.5,*,53.50,53.1,0.3,530,-4,,(3.4),120,320,350,510,830,2540
,241027,5京8,3,未勝利*,ディープサミット,,牡,2,古川吉洋, 56 ,12,11,"  ","  ","  ","  ",,3,３,芝,2000,A,良,140,,(栗),四位洋文,2019,0.3,5,6,4,35.6,53.9,*,53.50,53.1,0.4,486,-8,,(9.2),170,,,,830,2540
,241027,5京8,3,未勝利*,ツーエムクロノス,,牡,2,酒井学, 56 ,12,7,"  ","  ","  ","  ",,8,４,芝,2000,A,良,83,,(栗),本田優,2024,0.8,3,3,2,36.3,51.7,*,53.50,53.1,0.2,502,+2,,(29.5),,,,,,
,241027,5京8,3,未勝利*,トルストイ,,牡,2,団野大成, 56 ,12,8,"  ","  ","  ","  ",,6,５,芝,2000,A,良,55,,(栗),杉山晴紀,2026,1.0,9,7,7,36.2,52.3,*,53.50,53.1,0.5,508,0,,(12.8),,,,,,
,241027,5京8,3,未勝利*,チュウジョウ,,牡,2,Ｍ．デム, 56 ,12,12,"  ","  ","  ","  ",,7,６,芝,2000,A,良,0,,(栗),杉山佳明,2026,1.0,9,10,10,35.9,53.5,*,53.50,53.1,0.8,500,+4,,(28.5),,,,,,
,241027,5京8,3,未勝利*,アラック,,セ,2,田口貫太,55☆,12,10,"  ","  ","  ","  ",,10,７,芝,2000,A,良,0,,(栗),小椋研介,2030,1.4,5,7,7,36.5,51.6,,53.50,53.1,0.6,448,+2,,(152.2),,,,,,
,241027,5京8,3,未勝利*,ドラギニャン,,牡,2,鮫島良太, 56 ,12,5,"  ","  ","  ","  ",,9,８,芝,2000,A,良,0,,(栗),河嶋宏樹,2031,1.5,11,11,10,36.3,52.5,,53.50,53.1,0.9,418,0,,(112.6),,,,,,
,241027,5京8,3,未勝利*,マナミン,,牝,2,永島まな,53◇,12,3,"  ","  ","  ","  ",,5,９,芝,2000,A,良,0,,(栗),高橋康之,2041,2.5,3,3,4,37.9,47.5,,53.50,53.1,0.3,452,+10,,(10.2),,,,,,
,241027,5京8,3,未勝利*,シャドーストライク,,牡,2,吉村誠之,53▲,12,1,"  ","  ","  ","  ",,11,10,芝,2000,A,良,0,,(栗),茶木太樹,2043,2.7,5,7,7,37.8,48.1,,53.50,53.1,0.6,476,+2,,(159.6),,,,,,
,241027,5京8,3,未勝利*,ポッドエルマー,,牡,2,池添謙一, 56 ,12,2,"  ","  ","  ","  ",,4,11,芝,2000,A,良,0,,(栗),大久保龍,2049,3.3,2,2,2,38.9,44.7,,53.50,53.1,0.1,514,+6,,(9.8),,,,,,
,241027,5京8,2,未勝利*,コシュデリ,,牡,2,団野大成, 56 ,14,7,"  ","  ","  ","  ",,6,１,ダ,1800,,良,550,,(栗),千田輝彦,1537,-0.9,2,2,2,39.0,45.8,*,44.27,45.4,0.1,490,-6,,1010,310,5950,14980,23440,10960,92420
,241027,5京8,2,未勝利*,ポッドフォルク,,牡,2,中井裕二, 56 ,14,5,"  ","  ","  ","  ",,9,２,ダ,1800,,良,220,,(栗),西園正都,1546,0.9,1,1,1,40.0,43.2,*,44.27,45.4,0.0,484,-2,,(40.5),620,5950,14980,23440,10960,92420
,241027,5京8,2,未勝利*,ホウオウアンジュ,,牡,2,鮫島克駿, 56 ,14,10,"  ","  ","  ","  ",,1,３,ダ,1800,,良,140,,(栗),池江泰寿,1550,1.3,3,3,3,40.0,43.8,*,44.27,45.4,0.4,514,-2,,(2.9),150,,,,10960,92420
,241027,5京8,2,未勝利*,エポエポサン,,牡,2,酒井学, 56 ,14,1,"  ","  ","  ","  ",,7,４,ダ,1800,,良,83,,(栗),須貝尚介,1552,1.5,6,6,6,39.5,45.8,*,44.27,45.4,1.1,474,+2,,(19.5),,,,,,
,241027,5京8,2,未勝利*,アスクコモンタレヴ,,牡,2,Ｍ．デム, 56 ,14,11,"  ","  ","  ","  ",,3,５,ダ,1800,,良,55,,(栗),梅田智之,1552,1.5,12,9,9,38.8,48.5,*,44.27,45.4,1.8,456,+10,,(4.8),,,,,,
,241027,5京8,2,未勝利*,ケイアイワイラーパ,,牡,2,藤岡佑介, 56 ,14,14,"  ","  ","  ","  ",,2,６,ダ,1800,,良,0,,(栗),野中賢二,1554,1.7,8,4,4,40.2,43.5,,44.27,45.4,0.6,494,+4,,(4.3),,,,,,
,241027,5京8,2,未勝利*,メイショウタイピン,,牡,2,池添謙一, 56 ,14,3,"  ","  ","  ","  ",,5,７,ダ,1800,,良,0,,(栗),飯田祐史,1558,2.1,3,5,5,40.3,43.7,,44.27,45.4,0.9,484,0,,(10.0),,,,,,
,241027,5京8,2,未勝利*,フクキタテーラー,,牝,2,幸英明, 55 ,14,8,"  ","  ","  ","  ",,8,８,ダ,1800,,良,0,,(栗),河内洋,1561,2.4,5,8,7,40.1,44.8,,44.27,45.4,1.4,436,+2,,(24.3),,,,,,
,241027,5京8,2,未勝利*,ウルスクローム,,牡,2,田口貫太,55☆,14,12,"  ","  ","  ","  ",,4,９,ダ,1800,,良,0,,(栗),大橋勇樹,1568,3.1,6,6,7,41.0,42.4,,44.27,45.4,1.2,474,-2,,(7.5),,,,,,
,241027,5京8,2,未勝利*,ハギノデュエット,,牝,2,柴田裕一,52▲,14,9,"  ","  ","  ","  ",,10,10,ダ,1800,,良,0,,(栗),中竹和也,1569,3.2,11,12,11,39.9,46.5,*,44.27,45.4,2.4,476,-10,,(111.1),,,,,,
,241027,5京8,2,未勝利*,ヒロノランド,,牡,2,吉村誠之,53▲,14,13,"  ","  ","  ","  ",,11,11,ダ,1800,,良,0,,(栗),宮地貴稔,1575,3.8,13,10,10,41.0,43.3,,44.27,45.4,1.9,532,+2,,(129.3),,,,,,
,241027,5京8,2,未勝利*,レベリオン,,牡,2,城戸義政, 56 ,14,2,"  ","  ","  ","  ",,13,12,ダ,1800,,良,0,,(栗),羽月友彦,1592,5.5,10,13,13,41.7,42.9,,44.27,45.4,2.9,462,+4,,(270.9),,,,,,
,241027,5京8,2,未勝利*,コパノデーヴィド,,牡,2,高杉吏麒,54△,14,4,"  ","  ","  ","  ",,12,13,ダ,1800,,良,0,,(栗),渡辺薫彦,1594,5.7,8,10,12,42.8,39.5,,44.27,45.4,2.0,506,-4,,(201.6),,,,,,
,241027,5京8,1,未勝利*,セントールビースト,,牡,2,吉村誠之,53▲,9,8,"  ","  ","  ","  ",,1,１,ダ,1200,,良,550,,(栗),羽月友彦,1124,-0.3,,2,2,37.2,44.6,*,44.63,44.1,0.1,426,+6,,290,130,730,900,1540,880,4150
,241027,5京8,1,未勝利*,ワイルドブッター,,牡,2,田口貫太,55☆,9,4,"  ","  ","  ","  ",,3,２,ダ,1200,,良,220,,(栗),武英智,1127,0.3,,3,3,37.4,44.4,*,44.63,44.1,0.2,498,-6,B,(4.1),140,730,900,1540,880,4150
,241027,5京8,1,未勝利*,モズタチアガレ,,牡,2,柴田裕一,53▲,9,3,"  ","  ","  ","  ",,4,３,ダ,1200,,良,140,,(栗),中尾秀正,1127,0.3,,5,3,37.3,44.9,*,44.63,44.1,0.3,468,-2,,(5.2),140,,,,880,4150
,241027,5京8,1,未勝利*,アイルビリーヴ,,牡,2,西村淳也, 56 ,9,6,"  ","  ","  ","  ",,2,４,ダ,1200,,良,83,,(栗),新谷功一,1135,1.1,,6,6,37.5,46.0,,44.63,44.1,0.9,464,+4,,(3.7),,,,,,
,241027,5京8,1,未勝利*,ロードフロイデ,,牡,2,高杉吏麒,54△,9,1,"  ","  ","  ","  ",,6,５,ダ,1200,,良,55,,(栗),小栗実,1140,1.6,,9,9,37.1,49.5,*,44.63,44.1,1.8,450,+4,,(37.9),,,,,,
,241027,5京8,1,未勝利*,リトルサムシング,,牡,2,団野大成, 56 ,9,2,"  ","  ","  ","  ",,5,６,ダ,1200,,良,0,,(栗),野中賢二,1143,1.9,,1,1,39.2,39.5,,44.63,44.1,0.0,474,-4,B,(6.1),,,,,,
,241027,5京8,1,未勝利*,イヤーワーム,,牡,2,古川吉洋, 56 ,9,9,"  ","  ","  ","  ",,8,７,ダ,1200,,良,0,,(栗),大根田裕,1143,1.9,,7,7,37.9,46.0,,44.63,44.1,1.3,486,+2,,(160.2),,,,,,
,241027,5京8,1,未勝利*,コスモベルツリー,,牝,2,高倉稜, 55 ,9,7,"  ","  ","  ","  ",,9,８,ダ,1200,,良,0,,(美),天間昭一,1151,2.7,,8,8,38.4,45.6,,44.63,44.1,1.6,422,-6,,(226.2),,,,,,
,241027,5京8,1,未勝利*,ゴッドペイズリー,,牡,2,角田大和, 56 ,9,5,"  ","  ","  ","  ",,7,９,ダ,1200,,良,0,,(栗),飯田祐史,1152,2.8,,3,5,39.8,38.9,,44.63,44.1,0.3,492,+6,,(76.8),,,,,,
,241026,5京7,12,２勝ｸﾗｽ,ヴィンテージボンド,,牡,5,Ｃ．デム, 58 ,15,10,"  ","  ","  ","  ",,3,１,ダ,1800,,良,1140,,(栗),西園正都,1522,-0.2,2,2,2,36.9,52.0,*,52.67,51.6,0.1,490,-4,,780,230,1670,4620,7560,6820,52950
,241026,5京7,12,２勝ｸﾗｽ,クリノフィガロ,,牡,3,団野大成, 56 ,15,6,"  ","  ","  ","  ",,4,２,ダ,1800,,良,460,,(栗),荒川義之,1524,0.2,12,11,9,36.2,55.2,*,52.67,51.6,1.0,498,+4,,(12.2),230,1670,4620,7560,6820,52950
,241026,5京7,12,２勝ｸﾗｽ,クーアフュルスト,,牡,3,吉村誠之,53▲,15,1,"  ","  ","  ","  ",,2,３,ダ,1800,,良,290,,(美),大和田成,1525,0.3,1,1,1,37.3,50.8,*,52.67,51.6,0.0,476,+14,,(3.3),180,,,,6820,52950
,241026,5京7,12,２勝ｸﾗｽ,ダブルジョーク,,牡,4,長岡禎仁, 58 ,15,5,"  ","  ","  ","  ",,6,４,ダ,1800,,良,170,,(栗),小林真也,1527,0.5,8,8,8,36.7,53.5,*,52.67,51.6,0.8,566,+2,,(18.3),,,,,,
,241026,5京7,12,２勝ｸﾗｽ,キョウエイゲイル,,セ,4,高倉稜, 58 ,15,15,"  ","  ","  ","  ",,13,５,ダ,1800,,良,114,,(栗),田中克典,1531,0.9,13,13,15,36.6,54.5,*,52.67,51.6,1.3,470,+2,,(146.6),,,,,,
,241026,5京7,12,２勝ｸﾗｽ,ワンダーブレット,,セ,5,角田大和, 58 ,15,7,"  ","  ","  ","  ",,5,６,ダ,1800,,良,0,,(栗),笹田和秀,1533,1.1,4,4,4,37.8,49.9,,52.67,51.6,0.3,506,+2,,(12.6),,,,,,
,241026,5京7,12,２勝ｸﾗｽ,メイショウマントル,,牡,6,国分優作, 58 ,15,11,"  ","  ","  ","  ",,9,７,ダ,1800,,良,0,,(栗),安達昭夫,1533,1.1,13,13,13,36.9,53.5,*,52.67,51.6,1.2,520,-4,B,(43.2),,,,,,
,241026,5京7,12,２勝ｸﾗｽ,ヒノデテイオー,,牡,5,西村淳也, 58 ,15,9,"  ","  ","  ","  ",,12,８,ダ,1800,,良,0,,(栗),河内洋,1533,1.1,6,7,7,37.5,51.1,,52.67,51.6,0.6,456,+4,,(142.5),,,,,,
,241026,5京7,12,２勝ｸﾗｽ,ドンアチェカ,,牡,4,鮫島克駿, 58 ,15,3,"  ","  ","  ","  ",,15,９,ダ,1800,,良,0,,(栗),千田輝彦,1535,1.3,13,13,13,37.1,53.0,,52.67,51.6,1.2,486,+2,,(211.4),,,,,,
,241026,5京7,12,２勝ｸﾗｽ,バロンドール,,牡,3,横山典弘, 56 ,15,4,"  ","  ","  ","  ",,1,10,ダ,1800,,良,0,,(栗),松永幹夫,1537,1.5,2,4,5,38.1,49.2,,52.67,51.6,0.4,534,-2,,(2.0),,,,,,
,241026,5京7,12,２勝ｸﾗｽ,ワンダフルトゥデイ,,牡,5,水口優也, 58 ,15,2,"  ","  ","  ","  ",,8,11,ダ,1800,,良,0,,(栗),中尾秀正,1539,1.7,6,4,5,38.3,48.7,,52.67,51.6,0.4,536,+8,,(38.5),,,,,,
,241026,5京7,12,２勝ｸﾗｽ,ミヤジシャルマン,,牡,4,幸英明, 58 ,15,8,"  ","  ","  ","  ",,7,12,ダ,1800,,良,0,,(栗),宮地貴稔,1540,1.8,10,11,12,37.8,50.8,,52.67,51.6,1.0,500,+6,,(36.0),,,,,,
,241026,5京7,12,２勝ｸﾗｽ,ヒデノレインボー,,牡,5,田口貫太,57☆,15,13,"  ","  ","  ","  ",,11,13,ダ,1800,,良,0,,(栗),梅田智之,1540,1.8,10,8,9,38.0,50.0,,52.67,51.6,0.8,496,+6,B,(74.3),,,,,,
,241026,5京7,12,２勝ｸﾗｽ,モンドプリューム,,牡,4,三浦皇成, 58 ,15,14,"  ","  ","  ","  ",,10,14,ダ,1800,,良,0,,(美),水野貴広,1541,1.9,5,2,3,38.7,47.4,,52.67,51.6,0.2,496,-10,,(58.6),,,,,,
,241026,5京7,12,２勝ｸﾗｽ,カズロレアート,,牡,6,斎藤新, 58 ,15,12,"  ","  ","  ","  ",,14,15,ダ,1800,,良,0,,(栗),藤野健太,1541,1.9,8,8,9,38.1,49.7,,52.67,51.6,0.8,504,+10,B,(157.6),,,,,,
,241026,5京7,11,スワンＳG2,ダノンマッキンリー,,牡,3,松山弘平, 55 ,17,17,"  ","  ","  ","  ",,5,１,芝,1400,A,良,5900,,(栗),藤原英昭,1205,-0.1,,11,11,34.0,52.6,*,55.03,47.5,1.0,464,-4,,1090,400,5680,8530,15560,195370,836070
,241026,5京7,11,スワンＳG2,オフトレイル,,牡,3,武豊, 55 ,17,6,"  ","  ","  ","  ",,6,２,芝,1400,A,良,2400,,(栗),吉村圭司,1206,0.1,,17,16,33.1,57.6,*,55.03,47.5,2.0,448,+6,,(12.5),390,5680,8530,15560,195370,836070
,241026,5京7,11,スワンＳG2,トゥラヴェスーラ,,牡,9,藤岡佑介, 57 ,17,5,"  ","  ","  ","  ",,13,３,芝,1400,A,良,1500,,(栗),高橋康之,1206,0.1,,14,14,33.6,54.9,*,55.03,47.5,1.5,480,0,,(56.2),990,,,,195370,836070
,241026,5京7,11,スワンＳG2,ノーブルロジャー,,牡,3,田口貫太, 55 ,17,13,"  ","  ","  ","  ",,7,４,芝,1400,A,良,890,,(栗),吉岡辰弥,1208,0.3,,4,5,34.8,49.1,*,55.03,47.5,0.5,488,+8,,(18.9),,,,,,
,241026,5京7,11,スワンＳG2,シングザットソング,,牝,4,斎藤新, 55 ,17,11,"  ","  ","  ","  ",,9,５,芝,1400,A,良,590,,(栗),高野友和,1208,0.3,,4,4,35.0,48.1,*,55.03,47.5,0.3,440,+2,,(23.6),,,,,,
,241026,5京7,11,スワンＳG2,ウインカーネリアン,,牡,7,三浦皇成, 57 ,17,9,"  ","  ","  ","  ",,4,６,芝,1400,A,良,0,,(美),鹿戸雄一,1208,0.3,,1,1,35.3,46.7,*,55.03,47.5,0.0,512,+2,B,(8.1),,,,,,
,241026,5京7,11,スワンＳG2,マテンロウオリオン,,牡,5,横山典弘, 57 ,17,15,"  ","  ","  ","  ",,17,７,芝,1400,A,良,0,,(栗),昆貢,1209,0.4,,16,16,33.6,55.6,*,55.03,47.5,1.8,474,-18,,(203.2),,,,,,
,241026,5京7,11,スワンＳG2,セルバーグ,,牡,5,今村聖奈, 57 ,17,16,"  ","  ","  ","  ",,16,８,芝,1400,A,良,0,,(栗),鈴木孝志,1209,0.4,,7,9,34.6,50.4,*,55.03,47.5,0.8,432,-2,,(84.5),,,,,,
,241026,5京7,11,スワンＳG2,ダノンスコーピオン,,牡,5,シュタル, 58 ,17,12,"  ","  ","  ","  ",,11,９,芝,1400,A,良,0,,(栗),福永祐一,1209,0.4,,7,7,34.7,49.9,*,55.03,47.5,0.7,464,-8,,(31.6),,,,,,
,241026,5京7,11,スワンＳG2,アグリ,,牡,5,Ｃ．デム, 57 ,17,14,"  ","  ","  ","  ",,3,10,芝,1400,A,良,0,*,(栗),杉山晴紀,1210,0.5,,2,2,35.4,46.6,*,55.03,47.5,0.1,504,+10,,(4.8),,,,,,
,241026,5京7,11,スワンＳG2,バースクライ,,牝,4,岩田望来, 55 ,17,7,"  ","  ","  ","  ",,15,11,芝,1400,A,良,0,,(栗),千田輝彦,1210,0.5,,7,7,34.9,49.1,*,55.03,47.5,0.6,496,+4,,(84.3),,,,,,
,241026,5京7,11,スワンＳG2,ピンハイ,,牝,5,高倉稜, 55 ,17,10,"  ","  ","  ","  ",,12,12,芝,1400,A,良,0,,(栗),田中克典,1211,0.6,,15,15,33.9,54.4,*,55.03,47.5,1.7,424,+16,,(53.9),,,,,,
,241026,5京7,11,スワンＳG2,クランフォード,,牝,3,西村淳也, 53 ,17,4,"  ","  ","  ","  ",,1,13,芝,1400,A,良,0,*,(栗),杉山晴紀,1211,0.6,,3,3,35.3,47.3,*,55.03,47.5,0.3,458,+2,,(4.1),,,,,,
,241026,5京7,11,スワンＳG2,キングエルメス,,牡,5,北村友一, 57 ,17,3,"  ","  ","  ","  ",,8,14,芝,1400,A,良,0,,(栗),矢作芳人,1214,0.9,,12,11,34.8,50.4,*,55.03,47.5,1.1,516,+22,,(23.2),,,,,,
,241026,5京7,11,スワンＳG2,スズハローム,,牡,4,鮫島克駿, 57 ,17,8,"  ","  ","  ","  ",,2,15,芝,1400,A,良,0,,(栗),牧田和弥,1214,0.9,,13,13,34.6,51.4,*,55.03,47.5,1.3,454,+4,,(4.6),,,,,,
,241026,5京7,11,スワンＳG2,サーマルウインド,,牝,5,団野大成, 55 ,17,1,"  ","  ","  ","  ",,10,16,芝,1400,A,良,0,,(美),奥村武,1221,1.6,,4,5,36.1,45.6,,55.03,47.5,0.5,522,-8,,(24.0),,,,,,
,241026,5京7,11,スワンＳG2,ジョウショーホープ,,牡,4,幸英明, 57 ,17,2,"  ","  ","  ","  ",,14,17,芝,1400,A,良,0,,(栗),新谷功一,1221,1.6,,7,9,35.8,47.0,,55.03,47.5,0.8,470,-4,,(61.2),,,,,,
,241026,5京7,10,ハロウィ･3勝,シゲルショウグン,,牡,4,シュタル, 58 ,9,5,"  ","  ","  ","  ",,1,１,ダ,1900,,良,1840,*,(栗),大橋勇樹,1572,-1.6,1,1,1,37.2,49.3,*,49.93,49.3,0.0,516,+14,,280,150,1170,1460,2330,3130,13700
,241026,5京7,10,ハロウィ･3勝,キュールエフウジン,,牡,5,藤岡佑介, 58 ,9,8,"  ","  ","  ","  ",,5,２,ダ,1900,,良,740,,(栗),中尾秀正,1588,1.6,7,8,8,36.9,52.4,*,49.93,49.3,1.9,496,0,,(10.9),190,1170,1460,2330,3130,13700
,241026,5京7,10,ハロウィ･3勝,マルブツプライド,,牡,5,岩田望来, 58 ,9,3,"  ","  ","  ","  ",,4,３,ダ,1900,,良,460,,(栗),福永祐一,1588,1.6,6,6,5,38.0,48.1,*,49.93,49.3,0.8,518,-16,,(7.4),210,,,,3130,13700
,241026,5京7,10,ハロウィ･3勝,マリアナトレンチ,,牡,4,鮫島克駿, 58 ,9,1,"  ","  ","  ","  ",,6,４,ダ,1900,,良,280,,(栗),音無秀孝,1593,2.1,5,5,2,38.7,46.1,,49.93,49.3,0.6,478,+10,,(13.5),,,,,,
,241026,5京7,10,ハロウィ･3勝,メイショウシナノ,,牡,4,田口貫太, 58 ,9,6,"  ","  ","  ","  ",,3,５,ダ,1900,,良,184,*,(栗),大橋勇樹,1595,2.3,4,2,2,39.0,45.3,,49.93,49.3,0.5,496,-4,,(6.8),,,,,,
,241026,5京7,10,ハロウィ･3勝,シゲルバクハツ,,牡,6,幸英明, 58 ,9,4,"  ","  ","  ","  ",,9,６,ダ,1900,,良,0,,(栗),谷潔,2014,4.2,8,7,7,39.9,44.3,,49.93,49.3,1.5,514,0,,(60.6),,,,,,
,241026,5京7,10,ハロウィ･3勝,ダイメイセブン,,牡,4,古川吉洋, 58 ,9,2,"  ","  ","  ","  ",,8,７,ダ,1900,,良,0,,(栗),本田優,2015,4.3,2,2,2,41.0,40.6,,49.93,49.3,0.5,514,0,,(26.3),,,,,,
,241026,5京7,10,ハロウィ･3勝,レッドラグラス,,牡,4,Ｃ．デム, 58 ,9,7,"  ","  ","  ","  ",,2,８,ダ,1900,,良,0,,(栗),中内田充,2106,13.4,2,2,6,50.1,24.2,,49.93,49.3,0.5,488,+6,,(3.0),,,,,,
,241026,5京7,9,２勝ｸﾗｽ,ナムラアトム,,牡,3,浜中俊, 56 ,15,9,"  ","  ","  ","  ",,3,１,芝,1400,A,良,1140,,(栗),長谷川浩,1213,-0.0,,5,5,34.0,54.3,*,53.03,51.2,0.6,500,-4,,410,190,5300,11740,15520,11770,76780
,241026,5京7,9,２勝ｸﾗｽ,モズアンタレス,,牝,4,松山弘平, 56 ,15,15,"  ","  ","  ","  ",,10,２,芝,1400,A,良,460,,(栗),飯田祐史,1213,0.0,,3,3,34.4,52.3,*,53.03,51.2,0.2,496,0,,(54.5),910,5300,11740,15520,11770,76780
,241026,5京7,9,２勝ｸﾗｽ,ケイデンシーマーク,,牝,4,Ｃ．デム, 56 ,15,4,"  ","  ","  ","  ",,1,３,芝,1400,A,良,290,,(栗),福永祐一,1214,0.1,,3,3,34.4,52.5,*,53.03,51.2,0.3,452,+12,,(3.7),160,,,,11770,76780
,241026,5京7,9,２勝ｸﾗｽ,コト,,牝,3,岩田望来, 54 ,15,11,"  ","  ","  ","  ",,5,４,芝,1400,A,良,170,,(栗),野中賢二,1215,0.2,,9,6,34.0,54.8,*,53.03,51.2,0.8,482,-2,,(10.2),,,,,,
,241026,5京7,9,２勝ｸﾗｽ,ヤブサメ,,牡,3,幸英明, 56 ,15,7,"  ","  ","  ","  ",,6,５,芝,1400,A,良,114,,(栗),石橋守,1216,0.3,,7,6,34.1,54.5,*,53.03,51.2,0.8,480,0,,(18.6),,,,,,
,241026,5京7,9,２勝ｸﾗｽ,メイショウカイト,,牝,6,団野大成, 56 ,15,13,"  ","  ","  ","  ",,11,６,芝,1400,A,良,0,,(栗),荒川義之,1216,0.3,,13,13,33.5,57.7,*,53.03,51.2,1.4,474,-2,,(56.1),,,,,,
,241026,5京7,9,２勝ｸﾗｽ,ケーブパール,,牝,3,小崎綾也, 54 ,15,6,"  ","  ","  ","  ",,2,７,芝,1400,A,良,0,,(栗),友道康夫,1217,0.4,,15,13,33.3,59.0,*,53.03,51.2,1.7,422,-14,,(4.1),,,,,,
,241026,5京7,9,２勝ｸﾗｽ,ラーンザロープス,,牝,3,横山典弘, 54 ,15,8,"  ","  ","  ","  ",,4,８,芝,1400,A,良,0,,(栗),武幸四郎,1217,0.4,,5,6,34.3,53.6,*,53.03,51.2,0.7,446,-4,,(6.1),,,,,,
,241026,5京7,9,２勝ｸﾗｽ,ミッキーチャレンジ,,牡,5,西村淳也, 58 ,15,5,"  ","  ","  ","  ",,12,９,芝,1400,A,良,0,,(栗),中内田充,1218,0.5,,9,9,34.1,54.9,*,53.03,51.2,1.0,508,+8,,(69.0),,,,,,
,241026,5京7,9,２勝ｸﾗｽ,ラッジオ,,牝,4,武豊, 56 ,15,1,"  ","  ","  ","  ",,7,10,芝,1400,A,良,0,,(美),大竹正博,1218,0.5,,7,9,34.3,53.9,*,53.03,51.2,0.8,476,+6,,(18.6),,,,,,
,241026,5京7,9,２勝ｸﾗｽ,デルマカンノン,,牝,6,鮫島克駿, 56 ,15,10,"  ","  ","  ","  ",,9,11,芝,1400,A,良,0,,(栗),緒方努,1220,0.7,,11,11,34.1,55.4,*,53.03,51.2,1.2,472,+8,,(35.5),,,,,,
,241026,5京7,9,２勝ｸﾗｽ,スカプラリオ,,牝,4,吉村誠之,53▲,15,14,"  ","  ","  ","  ",,15,12,芝,1400,A,良,0,,(栗),佐々木晶,1222,0.9,,13,15,33.9,56.9,*,53.03,51.2,1.6,462,+6,B,(310.5),,,,,,
,241026,5京7,9,２勝ｸﾗｽ,トウシンカーリン,,牝,4,長岡禎仁, 56 ,15,3,"  ","  ","  ","  ",,8,13,芝,1400,A,良,0,,(栗),杉山晴紀,1222,0.9,,1,1,35.5,48.7,*,53.03,51.2,0.0,474,+6,,(24.1),,,,,,
,241026,5京7,9,２勝ｸﾗｽ,キタノブライド,,牝,4,国分優作, 56 ,15,2,"  ","  ","  ","  ",,14,14,芝,1400,A,良,0,,(栗),坂口智康,1223,1.0,,11,11,34.4,54.4,*,53.03,51.2,1.2,440,+14,,(207.9),,,,,,
,241026,5京7,9,２勝ｸﾗｽ,ナバロン,,牡,5,荻野極, 58 ,15,12,"  ","  ","  ","  ",,13,15,芝,1400,A,良,0,,(栗),杉山佳明,1229,1.6,,2,2,36.2,46.8,,53.03,51.2,0.0,514,+12,B,(103.9),,,,,,
,241026,5京7,8,萩Ｓ(L),テリオスララ,,牝,2,鮫島克駿, 55 ,6,5,"  ","  ","  ","  ",,2,１,芝,1800,A,良,1700,,(美),田島俊明,1481,-0.3,,1,1,33.7,60.4,*,60.13,60.4,0.0,496,0,,370,150,,260,720,390,2380
,241026,5京7,8,萩Ｓ(L),ディアナザール,,牡,2,Ｃ．デム, 56 ,6,6,"  ","  ","  ","  ",,1,２,芝,1800,A,良,680,,(栗),斉藤崇史,1484,0.3,,2,2,33.8,60.4,*,60.13,60.4,0.2,478,+6,,(1.8),120,,260,720,390,2380
,241026,5京7,8,萩Ｓ(L),ジュンライデン,,牡,2,荻野極, 56 ,6,1,"  ","  ","  ","  ",,4,３,芝,1800,A,良,430,,(栗),友道康夫,1492,1.1,,5,5,34.2,59.6,*,60.13,60.4,0.6,490,+10,,(7.7),,,,,390,2380
,241026,5京7,8,萩Ｓ(L),マジカルフェアリー,,牝,2,岩田望来, 55 ,6,3,"  ","  ","  ","  ",,3,４,芝,1800,A,良,260,,(栗),寺島良,1492,1.1,,4,4,34.4,58.7,,60.13,60.4,0.4,432,-10,,(4.5),,,,,,
,241026,5京7,8,萩Ｓ(L),スーパーチャンド,,牝,2,小崎綾也, 55 ,6,2,"  ","  ","  ","  ",,6,５,芝,1800,A,良,170,,(栗),西村真幸,1498,1.7,,2,3,35.2,56.0,,60.13,60.4,0.2,448,-2,B,(137.0),,,,,,
,241026,5京7,8,萩Ｓ(L),ビッキーファースト,,牡,2,松山弘平, 56 ,6,4,"  ","  ","  ","  ",,5,６,芝,1800,A,良,0,,(栗),武幸四郎,1500,1.9,,6,6,34.7,58.5,,60.13,60.4,0.9,480,0,,(12.4),,,,,,
,241026,5京7,7,１勝ｸﾗｽ,ミカエルパシャ,,牡,3,松山弘平, 56 ,11,8,"  ","  ","  ","  ",,3,１,芝,2000,A,良,800,,(栗),橋口慎介,1599,-0.0,2,2,2,34.9,54.4,*,55.10,53.5,0.2,478,+6,,530,180,1990,2280,3930,1910,13170
,241026,5京7,7,１勝ｸﾗｽ,ステラクラウン,,牝,3,岩田望来, 54 ,11,3,"  ","  ","  ","  ",,5,２,芝,2000,A,良,320,,(栗),上村洋行,1599,0.0,7,7,4,34.6,55.7,*,55.10,53.5,0.5,504,+8,,(7.2),190,1990,2280,3930,1910,13170
,241026,5京7,7,１勝ｸﾗｽ,カリーニョ,,牡,3,Ｃ．デム, 56 ,11,4,"  ","  ","  ","  ",,1,３,芝,2000,A,良,200,,(栗),杉山晴紀,2002,0.3,7,7,7,34.8,55.2,*,55.10,53.5,0.6,460,0,,(2.9),120,,,,1910,13170
,241026,5京7,7,１勝ｸﾗｽ,パレハ,,牝,3,鮫島克駿, 54 ,11,6,"  ","  ","  ","  ",,2,４,芝,2000,A,良,120,,(栗),新谷功一,2002,0.3,9,9,9,34.7,55.6,*,55.10,53.5,0.7,444,+2,,(4.3),,,,,,
,241026,5京7,7,１勝ｸﾗｽ,プリズマジコ,,牡,3,シュタル, 56 ,11,1,"  ","  ","  ","  ",,6,５,芝,2000,A,良,80,,(栗),高橋義忠,2003,0.4,3,3,4,35.2,53.6,*,55.10,53.5,0.3,454,+6,,(8.8),,,,,,
,241026,5京7,7,１勝ｸﾗｽ,コントリビューター,,牡,4,荻野極, 58 ,11,2,"  ","  ","  ","  ",,8,６,芝,2000,A,良,0,,(栗),野中賢二,2003,0.4,9,10,9,34.8,55.3,*,55.10,53.5,0.7,482,0,,(37.9),,,,,,
,241026,5京7,7,１勝ｸﾗｽ,アレンテージョ,,牡,4,西村淳也, 58 ,11,10,"  ","  ","  ","  ",,4,７,芝,2000,A,良,0,,(栗),坂口智康,2004,0.5,3,3,2,35.4,52.9,*,55.10,53.5,0.2,488,+12,,(6.8),,,,,,
,241026,5京7,7,１勝ｸﾗｽ,クリノアドバンス,,牡,3,幸英明, 56 ,11,11,"  ","  ","  ","  ",,7,８,芝,2000,A,良,0,,(栗),大橋勇樹,2006,0.7,1,1,1,35.8,51.5,*,55.10,53.5,0.0,458,0,,(24.6),,,,,,
,241026,5京7,7,１勝ｸﾗｽ,ミッドナイトホーク,,セ,3,富田暁, 56 ,11,7,"  ","  ","  ","  ",,9,９,芝,2000,A,良,0,,(栗),四位洋文,2013,1.4,11,10,11,35.7,52.8,,55.10,53.5,0.8,474,-10,,(101.8),,,,,,
,241026,5京7,7,１勝ｸﾗｽ,メイショウヒュウガ,,牡,4,田口貫太,57☆,11,5,"  ","  ","  ","  ",,10,10,芝,2000,A,良,0,,(栗),安達昭夫,2013,1.4,5,5,7,36.0,51.5,,55.10,53.5,0.5,482,-2,B,(106.3),,,,,,
,241026,5京7,7,１勝ｸﾗｽ,ブルーウィン,,牝,4,吉村誠之,53▲,11,9,"  ","  ","  ","  ",,11,11,芝,2000,A,良,0,,(栗),清水久詞,2015,1.6,5,5,4,36.3,50.6,,55.10,53.5,0.4,462,0,,(134.7),,,,,,
,241026,5京7,6,１勝ｸﾗｽ,キャピタルサックス,,牡,3,松山弘平, 56 ,8,1,"  ","  ","  ","  ",,1,１,ダ,1800,,良,800,,(栗),杉山晴紀,1521,-0.6,3,2,2,37.2,50.7,*,49.83,49.9,0.2,498,-2,,150,110,,190,260,1350,2680
,241026,5京7,6,１勝ｸﾗｽ,シャンデルナゴル,,牡,4,Ｃ．デム, 58 ,8,7,"  ","  ","  ","  ",,2,２,ダ,1800,,良,320,,(栗),石坂公一,1527,0.6,3,3,3,37.6,49.9,*,49.83,49.9,0.4,494,-4,,(3.1),110,,190,260,1350,2680
,241026,5京7,6,１勝ｸﾗｽ,メイショウヴァイゼ,,牡,3,幸英明, 56 ,8,6,"  ","  ","  ","  ",,7,３,ダ,1800,,良,200,,(栗),安達昭夫,1532,1.1,6,6,6,38.0,48.9,*,49.83,49.9,0.5,506,0,,(50.1),280,,,,1350,2680
,241026,5京7,6,１勝ｸﾗｽ,カネトシゴウト,,牡,3,田口貫太,55☆,8,3,"  ","  ","  ","  ",,6,４,ダ,1800,,良,120,,(栗),大橋勇樹,1535,1.4,3,7,7,38.2,48.6,,49.83,49.9,0.6,464,+28,,(29.1),,,,,,
,241026,5京7,6,１勝ｸﾗｽ,タマモキャリコ,,セ,3,吉村誠之,53▲,8,4,"  ","  ","  ","  ",,5,５,ダ,1800,,良,80,,(栗),宮地貴稔,1536,1.5,2,3,3,38.5,47.5,,49.83,49.9,0.4,422,+4,,(14.1),,,,,,
,241026,5京7,6,１勝ｸﾗｽ,オーシンハーフ,,牡,3,西村淳也, 56 ,8,5,"  ","  ","  ","  ",,3,６,ダ,1800,,良,0,,(栗),池添学,1543,2.2,1,1,1,39.6,44.3,,49.83,49.9,0.0,460,+4,,(11.0),,,,,,
,241026,5京7,6,１勝ｸﾗｽ,ケイアイアルタイル,,牡,3,藤懸貴志, 56 ,8,2,"  ","  ","  ","  ",,4,７,ダ,1800,,良,0,,(栗),梅田智之,1544,2.3,7,7,7,39.1,46.3,,49.83,49.9,0.6,520,-2,,(14.1),,,,,,
,241026,5京7,6,１勝ｸﾗｽ,エミサソウツバサ,,牡,5,団野大成, 58 ,8,8,"  ","  ","  ","  ",,8,８,ダ,1800,,良,0,,(栗),杉山佳明,1548,2.7,7,3,3,39.7,44.6,,49.83,49.9,0.4,520,+14,,(70.1),,,,,,
,241026,5京7,5,新馬,ミッキーゴールド,,牡,2,浜中俊, 56 ,13,9,"  ","  ","  ","  ",,3,１,芝,2000,A,良,720,,(栗),池江泰寿,2022,-0.0,8,4,3,34.6,58.5,*,58.80,57.6,0.2,496,,,500,170,360,640,1700,4370,18400
,241026,5京7,5,新馬,リンクスティップ,,牝,2,Ｃ．デム, 55 ,13,12,"  ","  ","  ","  ",,1,２,芝,2000,A,良,290,,(栗),西村真幸,2022,0.0,9,2,1,34.7,58.1,*,58.80,57.6,0.1,478,,,(2.6),130,360,640,1700,4370,18400
,241026,5京7,5,新馬,フォーキャンドルズ,,牡,2,横山典弘, 56 ,13,2,"  ","  ","  ","  ",,9,３,芝,2000,A,良,180,,(栗),本田優,2022,0.0,6,8,9,34.3,59.8,*,58.80,57.6,0.5,508,,,(38.5),670,,,,4370,18400
,241026,5京7,5,新馬,ロットブラータ,,牡,2,松山弘平, 56 ,13,3,"  ","  ","  ","  ",,6,４,芝,2000,A,良,110,,(栗),平田修,2023,0.1,9,10,9,34.0,61.3,*,58.80,57.6,0.9,518,,,(16.2),,,,,,
,241026,5京7,5,新馬,ジーティーダーリン,,牡,2,団野大成, 56 ,13,8,"  ","  ","  ","  ",,5,５,芝,2000,A,良,72,,(栗),田中克典,2025,0.3,6,4,5,34.8,58.0,*,58.80,57.6,0.3,492,,,(13.1),,,,,,
,241026,5京7,5,新馬,ハイアップグレード,,牡,2,幸英明, 56 ,13,4,"  ","  ","  ","  ",,8,６,芝,2000,A,良,0,,(栗),谷潔,2027,0.5,11,8,7,34.8,58.3,*,58.80,57.6,0.5,482,,,(34.3),,,,,,
,241026,5京7,5,新馬,ベイラム,,牡,2,岩田望来, 56 ,13,13,"  ","  ","  ","  ",,4,７,芝,2000,A,良,0,,(栗),武英智,2027,0.5,3,1,2,35.3,56.1,*,58.80,57.6,0.0,434,,,(6.0),,,,,,
,241026,5京7,5,新馬,ハミルトン,,牡,2,西村淳也, 56 ,13,5,"  ","  ","  ","  ",,2,８,芝,2000,A,良,0,,(栗),高野友和,2034,1.2,3,7,3,35.7,55.3,,58.80,57.6,0.3,514,,,(3.8),,,,,,
,241026,5京7,5,新馬,ホリゾンブルー,,牝,2,鮫島克駿, 55 ,13,7,"  ","  ","  ","  ",,7,９,芝,2000,A,良,0,,(栗),吉田直弘,2038,1.6,3,4,5,36.1,54.1,,58.80,57.6,0.3,400,,,(34.3),,,,,,
,241026,5京7,5,新馬,ブライトライツ,,牡,2,吉村誠之,53▲,13,1,"  ","  ","  ","  ",,13,10,芝,2000,A,良,0,,(美),畠山吉宏,2058,3.6,12,12,12,36.9,53.3,,58.80,57.6,1.5,428,,,(266.1),,,,,,
,241026,5京7,5,新馬,ジンガー,,牡,2,シュタル, 56 ,13,11,"  ","  ","  ","  ",,11,11,芝,2000,A,良,0,,(栗),吉村圭司,2069,4.7,2,2,7,39.5,44.8,,58.80,57.6,0.0,482,,,(161.3),,,,,,
,241026,5京7,5,新馬,モズグランプリ,,牡,2,藤岡佑介, 56 ,13,10,"  ","  ","  ","  ",,10,12,芝,2000,A,良,0,,(栗),藤岡健一,2072,5.0,1,10,11,38.8,47.6,,58.80,57.6,1.0,524,,,(92.7),,,,,,
,241026,5京7,5,新馬,ベンガルバローズ,,牡,2,田口貫太,55☆,13,6,"  ","  ","  ","  ",,12,13,芝,2000,A,良,0,,(栗),松下武士,2090,6.8,13,13,13,39.6,46.8,,58.80,57.6,2.0,464,,,(218.1),,,,,,
,241026,5京7,4,新馬,ヴィリアリート,,牝,2,Ｃ．デム, 55 ,16,4,"  ","  ","  ","  ",,1,１,ダ,1400,,良,720,,(栗),西村真幸,1255,-0.6,,4,4,36.7,49.7,*,48.40,47.4,0.5,536,,,160,120,1410,1980,1980,11660,32280
,241026,5京7,4,新馬,ポッドドンナー,,牡,2,吉村誠之,53▲,16,11,"  ","  ","  ","  ",,6,２,ダ,1400,,良,290,,(栗),辻野泰之,1261,0.6,,8,7,37.1,49.1,*,48.40,47.4,0.7,464,,,(20.0),340,1410,1980,1980,11660,32280
,241026,5京7,4,新馬,グランキングオー,,牡,2,斎藤新, 56 ,16,5,"  ","  ","  ","  ",,8,３,ダ,1400,,良,180,,(栗),高橋康之,1264,0.9,,4,4,37.8,46.4,*,48.40,47.4,0.3,454,,,(26.1),560,,,,11660,32280
,241026,5京7,4,新馬,ニシノジェダイ,,牡,2,藤岡佑介, 56 ,16,9,"  ","  ","  ","  ",,4,４,ダ,1400,,良,110,,(栗),宮本博,1266,1.1,,9,10,37.4,48.7,*,48.40,47.4,0.9,454,,,(15.2),,,,,,
,241026,5京7,4,新馬,ニネンエフグミ,,牝,2,長岡禎仁, 55 ,16,2,"  ","  ","  ","  ",,9,５,ダ,1400,,良,72,,(栗),茶木太樹,1268,1.3,,6,7,38.0,46.3,*,48.40,47.4,0.5,460,,,(26.5),,,,,,
,241026,5京7,4,新馬,チムニーパイプ,,牝,2,田口貫太,54☆,16,14,"  ","  ","  ","  ",,5,６,ダ,1400,,良,0,,(栗),岡田稲男,1269,1.4,,13,12,37.6,48.3,*,48.40,47.4,1.0,424,,,(19.6),,,,,,
,241026,5京7,4,新馬,エンジョイドライブ,,牡,2,古川吉洋, 56 ,16,6,"  ","  ","  ","  ",,10,７,ダ,1400,,良,0,,(栗),鮫島一歩,1272,1.7,,9,7,37.9,47.6,,48.40,47.4,1.0,474,,,(34.8),,,,,,
,241026,5京7,4,新馬,ヤマニンチェルキ,,牡,2,富田暁, 56 ,16,1,"  ","  ","  ","  ",,3,８,ダ,1400,,良,0,,(栗),木原一良,1274,1.9,,6,4,38.6,44.8,,48.40,47.4,0.5,530,,,(13.4),,,,,,
,241026,5京7,4,新馬,チュンビーム,,牝,2,今村聖奈,52▲,16,12,"  ","  ","  ","  ",,14,９,ダ,1400,,良,0,,(美),深山雅史,1278,2.3,,2,1,39.4,42.1,,48.40,47.4,0.1,456,,,(108.3),,,,,,
,241026,5京7,4,新馬,ゲンタツ,,牡,2,岩田望来, 56 ,16,3,"  ","  ","  ","  ",,11,10,ダ,1400,,良,0,,(栗),中竹和也,1283,2.8,,15,12,38.6,46.6,,48.40,47.4,1.4,498,,,(35.4),,,,,,
,241026,5京7,4,新馬,テーオーヴァルナイ,,牝,2,西村淳也, 55 ,16,16,"  ","  ","  ","  ",,12,11,ダ,1400,,良,0,,(栗),浜田多実,1286,3.1,,16,16,37.1,54.1,*,48.40,47.4,3.2,436,,,(81.4),,,,,,
,241026,5京7,4,新馬,キュードス,,牡,2,団野大成, 56 ,16,10,"  ","  ","  ","  ",,13,12,ダ,1400,,良,0,,(栗),荒川義之,1287,3.2,,12,12,39.3,44.3,,48.40,47.4,1.1,490,,,(84.8),,,,,,
,241026,5京7,4,新馬,エイミーショコラ,,牝,2,国分優作, 55 ,16,7,"  ","  ","  ","  ",,15,13,ダ,1400,,良,0,,(栗),小椋研介,1288,3.3,,9,10,39.8,42.3,,48.40,47.4,0.7,462,,,(116.3),,,,,,
,241026,5京7,4,新馬,スマートラウンド,,牝,2,藤懸貴志, 55 ,16,15,"  ","  ","  ","  ",,16,14,ダ,1400,,良,0,,(栗),吉田直弘,1301,4.6,,14,15,40.4,42.3,,48.40,47.4,1.4,456,,,(147.6),,,,,,
,241026,5京7,4,新馬,バフェ,,牡,2,松山弘平, 56 ,16,8,"  ","  ","  ","  ",,2,15,ダ,1400,,良,0,,(栗),石橋守,1302,4.7,,1,2,41.9,36.5,,48.40,47.4,0.0,488,,,(4.9),,,,,,
,241026,5京7,4,新馬,ヒロスズラン,,牝,2,角田大和, 55 ,16,13,"  ","  ","  ","  ",,7,16,ダ,1400,,良,0,,(栗),角田晃一,1308,5.3,,2,2,42.3,36.0,,48.40,47.4,0.2,476,,,(25.7),,,,,,
,241026,5京7,3,未勝利*,アイサンサン,,牝,2,岩田望来, 55 ,12,7,"  ","  ","  ","  ",,1,１,芝,1600,A,良,550,,(栗),佐々木晶,1343,-0.2,,4,4,34.7,53.1,*,52.30,51.2,0.4,446,-4,,180,110,250,260,460,5580,12840
,241026,5京7,3,未勝利*,モンテシート,,牡,2,Ｃ．デム, 56 ,12,6,"  ","  ","  ","  ",,2,２,芝,1600,A,良,220,,(栗),牧田和弥,1345,0.2,,1,1,35.3,50.6,*,52.30,51.2,0.0,488,-4,,(3.2),130,250,260,460,5580,12840
,241026,5京7,3,未勝利*,ワンウェイトゥヘル,,牡,2,団野大成, 56 ,12,11,"  ","  ","  ","  ",,10,３,芝,1600,A,良,140,,(栗),中村直也,1349,0.6,,11,10,34.9,53.2,*,52.30,51.2,0.8,456,+2,,(81.5),1080,,,,5580,12840
,241026,5京7,3,未勝利*,ヴィータレヴィス,,牡,2,北村友一, 56 ,12,10,"  ","  ","  ","  ",,6,４,芝,1600,A,良,83,,(栗),池添学,1349,0.6,,2,2,35.5,50.4,*,52.30,51.2,0.2,494,+2,,(23.2),,,,,,
,241026,5京7,3,未勝利*,スナークピカソ,,牡,2,鮫島克駿, 56 ,12,2,"  ","  ","  ","  ",,7,５,芝,1600,A,良,55,,(栗),高橋一哉,1350,0.7,,6,7,35.2,51.9,*,52.30,51.2,0.6,454,0,,(25.0),,,,,,
,241026,5京7,3,未勝利*,シュバルツマサムネ,,牡,2,浜中俊, 56 ,12,3,"  ","  ","  ","  ",,5,６,芝,1600,A,良,0,,(栗),杉山佳明,1351,0.8,,6,5,35.4,51.2,*,52.30,51.2,0.5,446,-14,,(15.8),,,,,,
,241026,5京7,3,未勝利*,ホウオウライダイ,,牡,2,古川吉洋, 56 ,12,12,"  ","  ","  ","  ",,3,７,芝,1600,A,良,0,,(栗),宮徹,1358,1.5,,6,7,35.9,50.1,,52.30,51.2,0.7,468,0,,(10.9),,,,,,
,241026,5京7,3,未勝利*,プルクワ,,牡,2,幸英明, 56 ,12,1,"  ","  ","  ","  ",,9,８,芝,1600,A,良,0,,(栗),奥村豊,1358,1.5,,9,10,35.8,50.6,,52.30,51.2,0.8,472,+6,,(50.8),,,,,,
,241026,5京7,3,未勝利*,ミルトライディーン,,牡,2,田口貫太,55☆,12,9,"  ","  ","  ","  ",,4,９,芝,1600,A,良,0,,(栗),中竹和也,1359,1.6,,4,5,36.3,48.5,,52.30,51.2,0.4,512,-2,,(11.4),,,,,,
,241026,5京7,3,未勝利*,ラヴリーチェリー,,牝,2,吉村誠之,52▲,12,5,"  ","  ","  ","  ",,11,10,芝,1600,A,良,0,,(栗),藤沢則雄,1367,2.4,,11,12,36.3,49.8,,52.30,51.2,1.2,390,0,,(317.4),,,,,,
,241026,5京7,3,未勝利*,タガノミナミ,,牡,2,国分優作, 56 ,12,4,"  ","  ","  ","  ",,12,11,芝,1600,A,良,0,,(栗),大根田裕,1367,2.4,,9,9,36.7,48.1,,52.30,51.2,0.8,444,-2,,(347.0),,,,,,
,241026,5京7,3,未勝利*,レストプレドゥモア,,牝,2,斎藤新, 55 ,12,8,"  ","  ","  ","  ",,8,12,芝,1600,A,良,0,,(栗),小林真也,1373,3.0,,2,2,38.0,43.6,,52.30,51.2,0.1,456,0,,(29.7),,,,,,
,241026,5京7,2,未勝利*,ジューンエオス,,牝,2,岩田望来, 55 ,11,1,"  ","  ","  ","  ",,2,１,ダ,1800,,良,550,,(栗),武英智,1545,-0.5,1,1,1,38.3,49.5,*,49.33,49.5,0.0,478,0,,310,110,310,310,760,450,2450
,241026,5京7,2,未勝利*,シュパネントウィル,,牡,2,武豊, 56 ,11,5,"  ","  ","  ","  ",,1,２,ダ,1800,,良,220,,(栗),吉村圭司,1550,0.5,3,2,2,38.7,48.6,*,49.33,49.5,0.1,490,+2,,(1.8),110,310,310,760,450,2450
,241026,5京7,2,未勝利*,ブルックリンダンス,,牡,2,Ｃ．デム, 56 ,11,8,"  ","  ","  ","  ",,3,３,ダ,1800,,良,140,,(栗),田中克典,1551,0.6,7,5,4,38.4,49.9,*,49.33,49.5,0.5,480,0,,(5.3),130,,,,450,2450
,241026,5京7,2,未勝利*,ロックウイズユー,,牡,2,橋木太希,53▲,11,3,"  ","  ","  ","  ",,7,４,ダ,1800,,良,83,,(栗),西園正都,1554,0.9,5,5,6,38.8,48.7,*,49.33,49.5,0.4,446,-2,,(44.0),,,,,,
,241026,5京7,2,未勝利*,タマモジャスミン,,牝,2,田口貫太,54☆,11,2,"  ","  ","  ","  ",,9,５,ダ,1800,,良,55,,(栗),大橋勇樹,1558,1.3,3,3,3,39.3,47.3,,49.33,49.5,0.3,504,-6,,(200.8),,,,,,
,241026,5京7,2,未勝利*,ハヤテノツバサ,,牡,2,鮫島克駿, 56 ,11,10,"  ","  ","  ","  ",,4,６,ダ,1800,,良,0,,(栗),杉山佳明,1559,1.4,10,3,4,39.4,47.1,,49.33,49.5,0.3,496,+4,,(14.5),,,,,,
,241026,5京7,2,未勝利*,メイケイロゼッタ,,牡,2,富田暁, 56 ,11,6,"  ","  ","  ","  ",,8,７,ダ,1800,,良,0,,(栗),木原一良,1571,2.6,5,9,8,40.1,46.0,,49.33,49.5,0.8,454,-2,,(76.4),,,,,,
,241026,5京7,2,未勝利*,メイショウカジボウ,,牡,2,今村聖奈,53▲,11,7,"  ","  ","  ","  ",,10,８,ダ,1800,,良,0,,(栗),笹田和秀,1589,4.4,10,11,9,41.5,43.3,,49.33,49.5,1.2,450,+4,,(236.6),,,,,,
,241026,5京7,2,未勝利*,デュジャック,,牡,2,団野大成, 56 ,11,11,"  ","  ","  ","  ",,6,９,ダ,1800,,良,0,,(栗),斉藤崇史,2001,5.6,7,5,6,43.4,38.4,,49.33,49.5,0.5,534,+16,,(30.8),,,,,,
,241026,5京7,2,未勝利*,エコロスヴァル,,牡,2,西村淳也, 56 ,11,4,"  ","  ","  ","  ",,5,10,ダ,1800,,良,0,,(栗),森秀行,2007,6.2,2,5,10,43.9,37.5,,49.33,49.5,0.6,502,+2,,(20.1),,,,,,
,241026,5京7,2,未勝利*,マヘーシュヴァラ,,牡,2,水口優也, 56 ,11,9,"  ","  ","  ","  ",,11,11,ダ,1800,,良,0,,(栗),吉田直弘,2009,6.4,9,10,10,43.8,38.0,,49.33,49.5,0.9,492,-8,,(375.7),,,,,,
,241026,5京7,1,未勝利・牝*,アンズアメ,,牝,2,鮫島克駿, 55 ,13,12,"  ","  ","  ","  ",,4,１,ダ,1400,,良,550,,(栗),高柳大輔,1254,-0.2,,6,6,38.0,43.6,*,43.27,40.1,0.8,470,-2,,720,270,1300,1930,4760,3350,24810
,241026,5京7,1,未勝利・牝*,モンテディアーナ,,牝,2,藤岡佑介, 55 ,13,3,"  ","  ","  ","  ",,2,２,ダ,1400,,良,220,,(栗),四位洋文,1256,0.2,,2,3,38.8,40.5,*,43.27,40.1,0.2,466,+6,,(3.5),170,1300,1930,4760,3350,24810
,241026,5京7,1,未勝利・牝*,メイショウバスク,,牝,2,国分恭介, 55 ,13,6,"  ","  ","  ","  ",,3,３,ダ,1400,,良,140,,(栗),梅田智之,1258,0.4,,10,8,37.7,45.7,*,43.27,40.1,1.5,472,+4,,(6.5),170,,,,3350,24810
,241026,5京7,1,未勝利・牝*,デュアルロール,,牝,2,富田暁, 55 ,13,1,"  ","  ","  ","  ",,5,４,ダ,1400,,良,83,,(栗),笹田和秀,1258,0.4,,5,4,38.7,41.3,*,43.27,40.1,0.5,468,0,,(9.9),,,,,,
,241026,5京7,1,未勝利・牝*,キョラムン,,牝,2,武豊, 55 ,13,10,"  ","  ","  ","  ",,1,５,ダ,1400,,良,55,,(栗),石橋守,1258,0.4,,2,2,39.0,40.0,*,43.27,40.1,0.2,458,-4,,(2.7),,,,,,
,241026,5京7,1,未勝利・牝*,ダイヤノゴトク,,牝,2,Ｃ．デム, 55 ,13,13,"  ","  ","  ","  ",,6,６,ダ,1400,,良,0,,(栗),小栗実,1265,1.1,,7,7,38.8,42.2,,43.27,40.1,1.1,440,0,,(12.8),,,,,,
,241026,5京7,1,未勝利・牝*,コパノマロン,,牝,2,橋木太希,52▲,13,5,"  ","  ","  ","  ",,9,７,ダ,1400,,良,0,,(栗),村山明,1265,1.1,,10,11,38.4,43.9,*,43.27,40.1,1.5,432,0,,(138.3),,,,,,
,241026,5京7,1,未勝利・牝*,キャリーグレイス,,牝,2,岩田望来, 55 ,13,7,"  ","  ","  ","  ",,8,８,ダ,1400,,良,0,,(栗),寺島良,1267,1.3,,4,4,39.6,39.2,,43.27,40.1,0.5,450,-4,,(24.0),,,,,,
,241026,5京7,1,未勝利・牝*,ドナポンド,,牝,2,藤懸貴志, 55 ,13,8,"  ","  ","  ","  ",,7,９,ダ,1400,,良,0,,(栗),小林真也,1271,1.7,,1,1,40.5,36.3,,43.27,40.1,0.0,486,+2,,(14.1),,,,,,
,241026,5京7,1,未勝利・牝*,エイシンサイネリア,,牝,2,小崎綾也, 55 ,13,11,"  ","  ","  ","  ",,11,10,ダ,1400,,良,0,,(栗),大久保龍,1274,2.0,,10,12,39.2,42.2,,43.27,40.1,1.6,452,-2,,(201.0),,,,,,
,241026,5京7,1,未勝利・牝*,ブギウギウギ,,牝,2,横山典弘, 55 ,13,9,"  ","  ","  ","  ",,10,11,ダ,1400,,良,0,,(栗),昆貢,1275,2.1,,13,12,39.1,42.8,,43.27,40.1,1.8,464,+4,,(165.6),,,,,,
,241026,5京7,1,未勝利・牝*,ルルーディ,,牝,2,田口貫太,54☆,13,4,"  ","  ","  ","  ",,13,12,ダ,1400,,良,0,,(栗),宮地貴稔,1277,2.3,,8,8,39.8,40.3,,43.27,40.1,1.3,442,0,,(310.1),,,,,,
,241026,5京7,1,未勝利・牝*,オデット,,牝,2,吉村誠之,52▲,13,2,"  ","  ","  ","  ",,12,13,ダ,1400,,良,0,,(栗),緒方努,1279,2.5,,8,8,40.0,39.8,,43.27,40.1,1.3,446,+2,,(308.2),,,,,,
,241020,5京6,12,桂川Ｓ･3勝,テイエムリステット,,牡,3,酒井学, 56 ,13,12,"  ","  ","  ","  ",,1,１,ダ,1400,,稍,1840,,(栗),木原一良,1244,-0.6,,2,2,36.9,46.5,*,48.77,45.6,0.2,476,+2,,180,120,340,1670,2120,1730,6570
,241020,5京6,12,桂川Ｓ･3勝,フェルヴェンテ,,牡,4,秋山稔樹, 58 ,13,9,"  ","  ","  ","  ",,7,２,ダ,1400,,稍,740,,(栗),宮徹,1250,0.6,,9,9,36.6,49.2,*,48.77,45.6,1.1,480,+4,,(25.3),300,340,1670,2120,1730,6570
,241020,5京6,12,桂川Ｓ･3勝,ローズスター,,牡,4,横山和生, 58 ,13,8,"  ","  ","  ","  ",,2,３,ダ,1400,,稍,460,,(栗),上村洋行,1250,0.6,,12,9,36.3,50.6,*,48.77,45.6,1.4,456,+6,B,(4.2),140,,,,1730,6570
,241020,5京6,12,桂川Ｓ･3勝,モズミギカタアガリ,,牝,3,Ｍ．デム, 54 ,13,5,"  ","  ","  ","  ",,6,４,ダ,1400,,稍,280,,(栗),藤岡健一,1251,0.7,,11,9,36.5,49.9,*,48.77,45.6,1.3,466,0,,(18.2),,,,,,
,241020,5京6,12,桂川Ｓ･3勝,タマモダイジョッキ,,牡,6,坂井瑠星, 58 ,13,10,"  ","  ","  ","  ",,3,５,ダ,1400,,稍,184,,(栗),緒方努,1252,0.8,,6,5,37.3,46.3,*,48.77,45.6,0.6,486,-2,,(7.5),,,,,,
,241020,5京6,12,桂川Ｓ･3勝,エメラルドビーチ,,牡,4,シュタル, 58 ,13,11,"  ","  ","  ","  ",,9,６,ダ,1400,,稍,0,,(栗),大久保龍,1252,0.8,,7,6,37.0,47.7,*,48.77,45.6,0.9,528,-2,B,(46.1),,,,,,
,241020,5京6,12,桂川Ｓ･3勝,イチネンエーグミ,,牡,5,幸英明, 58 ,13,7,"  ","  ","  ","  ",,5,７,ダ,1400,,稍,0,,(栗),茶木太樹,1256,1.2,,4,3,37.8,44.8,,48.77,45.6,0.5,554,-8,,(16.2),,,,,,
,241020,5京6,12,桂川Ｓ･3勝,フームスムート,,牡,7,川須栄彦, 58 ,13,13,"  ","  ","  ","  ",,12,８,ダ,1400,,稍,0,,(美),水野貴広,1260,1.6,,3,3,38.4,43.0,,48.77,45.6,0.3,520,0,B,(329.7),,,,,,
,241020,5京6,12,桂川Ｓ･3勝,グレートサンドシー,,牡,4,岩田望来, 58 ,13,3,"  ","  ","  ","  ",,4,９,ダ,1400,,稍,0,,(栗),中内田充,1260,1.6,,7,6,37.9,45.2,,48.77,45.6,0.8,500,0,,(9.3),,,,,,
,241020,5京6,12,桂川Ｓ･3勝,テイエムランウェイ,,牡,5,鮫島良太, 58 ,13,2,"  ","  ","  ","  ",,8,10,ダ,1400,,稍,0,,(栗),河嶋宏樹,1262,1.8,,1,1,38.9,41.2,,48.77,45.6,0.0,492,+8,,(26.0),,,,,,
,241020,5京6,12,桂川Ｓ･3勝,ヴアーサ,,牡,6,西村淳也, 58 ,13,1,"  ","  ","  ","  ",,10,11,ダ,1400,,稍,0,,(栗),鮫島一歩,1269,2.5,,4,6,39.0,42.1,,48.77,45.6,0.6,464,+10,B,(51.0),,,,,,
,241020,5京6,12,桂川Ｓ･3勝,マルカラピッド,,牝,4,鮫島克駿, 56 ,13,4,"  ","  ","  ","  ",,11,12,ダ,1400,,稍,0,,(栗),今野貞一,1296,5.2,,9,9,41.2,38.1,,48.77,45.6,1.1,482,+4,,(161.4),,,,,,
,241020,5京6,11,菊花賞G1,アーバンシック,,牡,3,ルメール, 57 ,18,13,"  ","  ","  ","  ",,2,１,芝,3000,A,良,20000,,(美),武井亮,3041,-0.4,8,5,3,35.6,54.3,*,53.40,53.2,0.3,510,0,,370,160,760,1180,2000,5200,19390
,241020,5京6,11,菊花賞G1,ヘデントール,,牡,3,戸崎圭太, 57 ,18,16,"  ","  ","  ","  ",,4,２,芝,3000,A,良,8000,,(美),木村哲也,3045,0.4,16,8,5,35.8,53.8,*,53.40,53.2,0.5,472,-8,,(7.1),240,760,1180,2000,5200,19390
,241020,5京6,11,菊花賞G1,アドマイヤテラ,,牡,3,武豊, 57 ,18,17,"  ","  ","  ","  ",,7,３,芝,3000,A,良,5000,*,(栗),友道康夫,3045,0.4,12,2,1,36.3,52.1,*,53.40,53.2,0.0,482,+4,,(23.6),470,,,,5200,19390
,241020,5京6,11,菊花賞G1,ショウナンラプンタ,,牡,3,鮫島克駿, 57 ,18,11,"  ","  ","  ","  ",,6,４,芝,3000,A,良,3000,,(栗),高野友和,3045,0.4,10,10,4,35.8,53.8,*,53.40,53.2,0.5,536,+6,,(23.6),,,,,,
,241020,5京6,11,菊花賞G1,ビザンチンドリーム,,牡,3,シュタル, 57 ,18,7,"  ","  ","  ","  ",,9,５,芝,3000,A,良,2000,,(栗),坂口智康,3046,0.5,15,14,10,35.4,55.4,*,53.40,53.2,1.0,456,-2,,(41.5),,,,,,
,241020,5京6,11,菊花賞G1,ダノンデサイル,,牡,3,横山典弘, 57 ,18,4,"  ","  ","  ","  ",,1,６,芝,3000,A,良,0,,(栗),安田翔伍,3048,0.7,9,14,15,35.5,55.1,*,53.40,53.2,1.1,522,+18,,(2.9),,,,,,
,241020,5京6,11,菊花賞G1,シュバルツクーゲル,,牡,3,松山弘平, 57 ,18,12,"  ","  ","  ","  ",,14,７,芝,3000,A,良,0,,(美),鹿戸雄一,3060,1.9,4,1,2,37.8,48.0,,53.40,53.2,0.0,486,-2,,(99.1),,,,,,
,241020,5京6,11,菊花賞G1,ハヤテノフクノスケ,,牡,3,岩田望来, 57 ,18,5,"  ","  ","  ","  ",,15,８,芝,3000,A,良,0,,(栗),中村直也,3063,2.2,12,14,14,37.1,50.5,,53.40,53.2,1.0,516,0,,(120.2),,,,,,
,241020,5京6,11,菊花賞G1,エコロヴァルツ,,牡,3,岩田康誠, 57 ,18,15,"  ","  ","  ","  ",,12,９,芝,3000,A,良,0,,(栗),牧浦充徳,3063,2.2,6,11,13,37.2,50.2,,53.40,53.2,0.9,488,+4,,(68.3),,,,,,
,241020,5京6,11,菊花賞G1,アレグロブリランテ,,牡,3,横山和生, 57 ,18,18,"  ","  ","  ","  ",,18,10,芝,3000,A,良,0,,(美),上原佑紀,3071,3.0,12,17,16,37.1,51.1,,53.40,53.2,1.8,466,0,,(291.1),,,,,,
,241020,5京6,11,菊花賞G1,ウエストナウ,,牡,3,西村淳也, 57 ,18,8,"  ","  ","  ","  ",,11,11,芝,3000,A,良,0,,(栗),佐々木晶,3072,3.1,6,8,8,38.2,47.5,,53.40,53.2,0.8,488,-4,,(55.2),,,,,,
,241020,5京6,11,菊花賞G1,ミスタージーティー,,牡,3,坂井瑠星, 57 ,18,6,"  ","  ","  ","  ",,13,12,芝,3000,A,良,0,,(栗),矢作芳人,3073,3.2,4,5,10,38.5,46.6,,53.40,53.2,0.6,474,+2,,(79.5),,,,,,
,241020,5京6,11,菊花賞G1,メリオーレム,,牡,3,藤岡佑介, 57 ,18,14,"  ","  ","  ","  ",,10,13,芝,3000,A,良,0,*,(栗),友道康夫,3080,3.9,10,11,8,38.9,45.8,,53.40,53.2,0.9,488,+2,,(51.5),,,,,,
,241020,5京6,11,菊花賞G1,コスモキュランダ,,牡,3,Ｍ．デム, 57 ,18,9,"  ","  ","  ","  ",,3,14,芝,3000,A,良,0,,(美),加藤士津,3084,4.3,16,11,6,39.4,44.5,,53.40,53.2,0.8,512,+8,,(6.0),,,,,,
,241020,5京6,11,菊花賞G1,ピースワンデュック,,牡,3,柴田善臣, 57 ,18,1,"  ","  ","  ","  ",,8,15,芝,3000,A,良,0,,(美),大竹正博,3091,5.0,1,2,6,40.4,42.0,,53.40,53.2,0.5,452,-2,,(26.2),,,,,,
,241020,5京6,11,菊花賞G1,メイショウタバル,,牡,3,浜中俊, 57 ,18,10,"  ","  ","  ","  ",,5,16,芝,3000,A,良,0,,(栗),石橋守,3093,5.2,2,2,10,40.7,41.3,,53.40,53.2,0.4,502,+6,,(9.6),,,,,,
,241020,5京6,11,菊花賞G1,アスクカムオンモア,,牡,3,北村友一, 57 ,18,3,"  ","  ","  ","  ",,16,17,芝,3000,A,良,0,,(栗),藤原英昭,3098,5.7,18,18,16,39.8,44.2,,53.40,53.2,1.8,484,+2,,(184.1),,,,,,
,241020,5京6,11,菊花賞G1,ノーブルスカイ,,牡,3,池添謙一, 57 ,18,2,"  ","  ","  ","  ",,17,18,芝,3000,A,良,0,,(栗),高柳大輔,3197,15.6,2,5,16,50.5,23.9,,53.40,53.2,1.0,464,-2,,(253.6),,,,,,
,241020,5京6,10,キセキＨ･3勝,キープカルム,,牡,3,シュタル, 56 ,17,1,"  ","  ","  ","  ",,1,１,芝,1600,A,良,1840,,(栗),中竹和也,1343,-0.1,,3,3,34.1,55.9,*,55.13,54.0,0.4,498,+14,,260,150,470,1650,2530,3240,12780
,241020,5京6,10,キセキＨ･3勝,スズカダブル,,牡,4,西村淳也, 55 ,17,9,"  ","  ","  ","  ",,6,２,芝,1600,A,良,740,,(栗),西村真幸,1344,0.1,,1,1,34.6,53.7,*,55.13,54.0,0.0,492,+6,,(14.2),300,470,1650,2530,3240,12780
,241020,5京6,10,キセキＨ･3勝,サクセスアイ,,牝,4,池添謙一, 55 ,17,16,"  ","  ","  ","  ",,4,３,芝,1600,A,良,460,,(栗),北出成人,1345,0.2,,6,6,34.2,55.8,*,55.13,54.0,0.5,446,+4,,(8.6),200,,,,3240,12780
,241020,5京6,10,キセキＨ･3勝,スマートワイス,,牡,3,坂井瑠星, 55 ,17,10,"  ","  ","  ","  ",,2,４,芝,1600,A,良,280,,(栗),大久保龍,1345,0.2,,3,3,34.4,54.8,*,55.13,54.0,0.3,480,+4,,(4.3),,,,,,
,241020,5京6,10,キセキＨ･3勝,エアミアーニ,,セ,6,鮫島克駿, 55 ,17,14,"  ","  ","  ","  ",,11,５,芝,1600,A,良,184,,(栗),笹田和秀,1345,0.2,,11,10,33.8,57.8,*,55.13,54.0,0.9,450,+4,,(70.6),,,,,,
,241020,5京6,10,キセキＨ･3勝,イティネラートル,,牝,4,浜中俊, 53 ,17,13,"  ","  ","  ","  ",,10,６,芝,1600,A,良,0,,(栗),長谷川浩,1347,0.4,,2,2,34.7,53.7,*,55.13,54.0,0.2,424,0,,(67.8),,,,,,
,241020,5京6,10,キセキＨ･3勝,ブランデーロック,,牡,5,秋山稔樹, 54 ,17,17,"  ","  ","  ","  ",,15,７,芝,1600,A,良,0,,(美),青木孝文,1348,0.5,,7,8,34.3,55.8,*,55.13,54.0,0.7,470,+2,,(110.2),,,,,,
,241020,5京6,10,キセキＨ･3勝,ジュリアバローズ,,牝,6,武豊, 55 ,17,6,"  ","  ","  ","  ",,5,８,芝,1600,A,良,0,,(栗),上村洋行,1349,0.6,,14,12,34.1,57.0,*,55.13,54.0,1.0,454,+12,,(10.8),,,,,,
,241020,5京6,10,キセキＨ･3勝,バトルハーデン,,牡,4,ルメール, 55 ,17,12,"  ","  ","  ","  ",,3,９,芝,1600,A,良,0,,(栗),矢作芳人,1349,0.6,,11,12,34.2,56.5,*,55.13,54.0,0.9,528,+2,,(6.5),,,,,,
,241020,5京6,10,キセキＨ･3勝,グランデサラス,,牡,4,岩田望来, 55 ,17,8,"  ","  ","  ","  ",,9,10,芝,1600,A,良,0,,(栗),池添学,1349,0.6,,9,10,34.4,55.5,*,55.13,54.0,0.7,498,+4,,(52.4),,,,,,
,241020,5京6,10,キセキＨ･3勝,タイゲン,,牡,5,松山弘平, 56 ,17,2,"  ","  ","  ","  ",,7,11,芝,1600,A,良,0,,(栗),平田修,1351,0.8,,7,6,34.8,54.0,*,55.13,54.0,0.5,472,0,,(33.2),,,,,,
,241020,5京6,10,キセキＨ･3勝,ショウナンアレス,,牡,6,岩田康誠, 55 ,17,3,"  ","  ","  ","  ",,12,12,芝,1600,A,良,0,,(栗),新谷功一,1352,0.9,,3,3,35.1,52.7,*,55.13,54.0,0.3,528,+2,,(83.7),,,,,,
,241020,5京6,10,キセキＨ･3勝,モカフラワー,,牝,5,戸崎圭太, 53 ,17,4,"  ","  ","  ","  ",,13,13,芝,1600,A,良,0,,(美),相沢郁,1352,0.9,,9,8,34.7,54.6,*,55.13,54.0,0.7,462,-6,,(87.0),,,,,,
,241020,5京6,10,キセキＨ･3勝,ヴィルヘルム,,牡,6,北村友一, 54 ,17,15,"  ","  ","  ","  ",,16,14,芝,1600,A,良,0,,(栗),小椋研介,1355,1.2,,17,17,34.1,58.0,*,55.13,54.0,1.6,508,-4,,(209.8),,,,,,
,241020,5京6,10,キセキＨ･3勝,アレンジャー,,牡,3,横山典弘, 55 ,17,11,"  ","  ","  ","  ",,8,15,芝,1600,A,良,0,,(栗),昆貢,1355,1.2,,14,12,34.5,56.1,,55.13,54.0,1.2,456,-4,,(48.0),,,,,,
,241020,5京6,10,キセキＨ･3勝,フロムダスク,,牡,4,横山和生, 56 ,17,7,"  ","  ","  ","  ",,14,16,芝,1600,A,良,0,,(栗),森秀行,1355,1.2,,16,16,34.3,57.1,,55.13,54.0,1.4,506,+2,,(87.6),,,,,,
,241020,5京6,10,キセキＨ･3勝,メイショウドウドウ,,牡,9,幸英明, 53 ,17,5,"  ","  ","  ","  ",,17,17,芝,1600,A,良,0,,(栗),荒川義之,1357,1.4,,11,15,34.7,55.5,,55.13,54.0,1.2,490,+4,,(245.1),,,,,,
,241020,5京6,9,清滝特別･2勝,サブマリーナ,,牡,3,武豊, 55 ,8,7,"  ","  ","  ","  ",,1,１,芝,2200,A,良,1550,,(栗),庄野靖志,2138,-0.7,6,7,7,34.4,58.4,*,55.63,55.0,0.8,474,+6,,140,110,,1390,1890,2520,8170
,241020,5京6,9,清滝特別･2勝,フォーチュンコード,,牝,4,藤岡佑介, 56 ,8,4,"  ","  ","  ","  ",,7,２,芝,2200,A,良,620,,(栗),小林真也,2145,0.7,2,2,2,35.8,53.4,*,55.63,55.0,0.1,494,+16,,(32.6),300,,1390,1890,2520,8170
,241020,5京6,9,清滝特別･2勝,ショウナンハウル,,牡,3,池添謙一, 55 ,8,6,"  ","  ","  ","  ",,3,３,芝,2200,A,良,390,,(栗),松下武士,2146,0.8,8,6,6,35.4,55.1,*,55.63,55.0,0.6,504,+2,,(6.8),150,,,,2520,8170
,241020,5京6,9,清滝特別･2勝,ブロッケンボウ,,牡,3,西村淳也, 55 ,8,5,"  ","  ","  ","  ",,4,４,芝,2200,A,良,230,,(栗),佐々木晶,2148,1.0,3,3,3,35.9,53.3,*,55.63,55.0,0.3,472,+8,,(11.2),,,,,,
,241020,5京6,9,清滝特別･2勝,ローレルキャニオン,,牡,4,シュタル, 58 ,8,2,"  ","  ","  ","  ",,2,５,芝,2200,A,良,155,,(栗),須貝尚介,2148,1.0,6,7,7,35.5,54.9,*,55.63,55.0,0.7,582,+14,B,(6.0),,,,,,
,241020,5京6,9,清滝特別･2勝,ウン,,牡,5,幸英明, 58 ,8,8,"  ","  ","  ","  ",,8,６,芝,2200,A,良,0,,(栗),吉田直弘,2149,1.1,1,1,1,36.3,51.9,,55.63,55.0,0.0,486,+14,,(89.8),,,,,,
,241020,5京6,9,清滝特別･2勝,タガノカイ,,牡,6,秋山稔樹, 58 ,8,1,"  ","  ","  ","  ",,6,７,芝,2200,A,良,0,,(栗),宮徹,2149,1.1,4,3,3,36.0,53.0,,55.63,55.0,0.3,508,+6,,(31.0),,,,,,
,241020,5京6,9,清滝特別･2勝,ルクスビッグスター,,牡,4,岩田望来, 58 ,8,3,"  ","  ","  ","  ",,5,８,芝,2200,A,良,0,,(栗),清水久詞,2151,1.3,4,3,3,36.2,52.5,,55.63,55.0,0.3,498,+18,,(16.2),,,,,,
,241020,5京6,8,なでしこ･1勝,コスモストーム,,牡,2,秋山稔樹, 56 ,11,10,"  ","  ","  ","  ",,7,１,ダ,1400,,稍,1070,,(栗),北出成人,1261,-0.3,,4,4,38.7,41.9,*,42.00,40.2,0.4,498,+12,,1610,450,4850,4400,13900,17290,121940
,241020,5京6,8,なでしこ･1勝,サディーク,,牝,2,鮫島克駿, 55 ,11,11,"  ","  ","  ","  ",,4,２,ダ,1400,,稍,430,,(栗),河嶋宏樹,1264,0.3,,6,6,38.6,42.9,*,42.00,40.2,0.8,440,+10,,(6.8),250,4850,4400,13900,17290,121940
,241020,5京6,8,なでしこ･1勝,スリーピース,,牡,2,ルメール, 56 ,11,6,"  ","  ","  ","  ",,5,３,ダ,1400,,稍,270,,(美),武井亮,1264,0.3,,4,5,39.0,41.2,*,42.00,40.2,0.4,460,+2,,(8.2),240,,,,17290,121940
,241020,5京6,8,なでしこ･1勝,アーデルリーベ,,牝,2,幸英明, 55 ,11,1,"  ","  ","  ","  ",,2,４,ダ,1400,,稍,160,*,(栗),斉藤崇史,1270,0.9,,1,1,40.0,38.1,*,42.00,40.2,0.0,464,+6,,(4.7),,,,,,
,241020,5京6,8,なでしこ･1勝,スカイブルー,,牡,2,西村淳也, 56 ,11,9,"  ","  ","  ","  ",,1,５,ダ,1400,,稍,107,,(栗),杉山晴紀,1276,1.5,,3,2,40.4,37.6,,42.00,40.2,0.2,508,+6,,(3.3),,,,,,
,241020,5京6,8,なでしこ･1勝,ザクシス,,牡,2,坂井瑠星, 56 ,11,8,"  ","  ","  ","  ",,10,６,ダ,1400,,稍,0,,(美),加藤士津,1282,2.1,,9,9,40.0,40.4,,42.00,40.2,1.2,442,-2,,(62.6),,,,,,
,241020,5京6,8,なでしこ･1勝,ミッドナイトゲイル,,牝,2,岩田望来, 55 ,11,3,"  ","  ","  ","  ",,9,７,ダ,1400,,稍,0,,(栗),小栗実,1283,2.2,,9,9,40.1,40.1,,42.00,40.2,1.2,462,+2,,(25.3),,,,,,
,241020,5京6,8,なでしこ･1勝,コウユーモジョカー,,牝,2,岩田康誠, 55 ,11,2,"  ","  ","  ","  ",,11,８,ダ,1400,,稍,0,*,(栗),斉藤崇史,1286,2.5,,7,8,40.7,38.3,,42.00,40.2,0.9,460,+14,,(70.8),,,,,,
,241020,5京6,8,なでしこ･1勝,サニーサルサ,,牝,2,戸崎圭太, 55 ,11,7,"  ","  ","  ","  ",,8,９,ダ,1400,,稍,0,,(栗),高橋康之,1289,2.8,,7,7,41.0,37.6,,42.00,40.2,0.9,458,0,,(18.9),,,,,,
,241020,5京6,8,なでしこ･1勝,ジャスパーソレイユ,,牡,2,武豊, 56 ,11,5,"  ","  ","  ","  ",,3,10,ダ,1400,,稍,0,,(栗),森秀行,1295,3.4,,2,2,42.4,33.3,,42.00,40.2,0.1,456,+2,,(4.9),,,,,,
,241020,5京6,8,なでしこ･1勝,モカラマーズ,,牡,2,松山弘平, 56 ,11,4,"  ","  ","  ","  ",,6,11,ダ,1400,,稍,0,,(栗),高柳大輔,1301,4.0,,11,11,40.8,40.6,,42.00,40.2,2.3,472,+6,,(10.9),,,,,,
,241020,5京6,7,２勝ｸﾗｽ・牝,バスタードサフラン,,牝,3,酒井学, 54 ,16,4,"  ","  ","  ","  ",,2,１,ダ,1800,,稍,1140,,(栗),渡辺薫彦,1529,-0.0,1,1,1,37.9,48.9,*,49.10,48.9,0.0,474,+12,B,480,180,940,1100,2710,2750,14750
,241020,5京6,7,２勝ｸﾗｽ・牝,テーオールビー,,牝,3,秋山稔樹, 54 ,16,5,"  ","  ","  ","  ",,1,２,ダ,1800,,稍,460,,(栗),宮徹,1529,0.0,2,2,2,37.8,49.3,*,49.10,48.9,0.1,468,+16,,(4.2),170,940,1100,2710,2750,14750
,241020,5京6,7,２勝ｸﾗｽ・牝,トウカイポワール,,牝,3,ルメール, 54 ,16,2,"  ","  ","  ","  ",,3,３,ダ,1800,,稍,290,,(栗),北出成人,1539,1.0,7,7,5,38.2,49.1,*,49.10,48.9,0.7,452,+6,,(5.2),210,,,,2750,14750
,241020,5京6,7,２勝ｸﾗｽ・牝,ワイルドベティ,,牝,5,西村淳也, 56 ,16,8,"  ","  ","  ","  ",,7,４,ダ,1800,,稍,170,,(栗),今野貞一,1541,1.2,3,3,3,38.7,47.4,*,49.10,48.9,0.4,434,-2,B,(15.6),,,,,,
,241020,5京6,7,２勝ｸﾗｽ・牝,ウィンターダフネ,,牝,4,Ｍ．デム, 56 ,16,11,"  ","  ","  ","  ",,12,５,ダ,1800,,稍,114,,(美),国枝栄,1545,1.6,12,6,5,38.9,47.2,*,49.10,48.9,0.6,478,-2,,(46.8),,,,,,
,241020,5京6,7,２勝ｸﾗｽ・牝,モントブレッチア,,牝,5,戸崎圭太, 56 ,16,6,"  ","  ","  ","  ",,10,６,ダ,1800,,稍,0,,(美),斎藤誠,1547,1.8,11,10,10,38.3,49.7,*,49.10,48.9,1.4,458,-2,,(36.6),,,,,,
,241020,5京6,7,２勝ｸﾗｽ・牝,ランスオブサターン,,牝,4,松山弘平, 56 ,16,10,"  ","  ","  ","  ",,6,７,ダ,1800,,稍,0,,(栗),本田優,1548,1.9,9,10,10,38.4,49.5,*,49.10,48.9,1.4,452,+2,,(13.2),,,,,,
,241020,5京6,7,２勝ｸﾗｽ・牝,ヴァンルーラー,,牝,5,吉村誠之,53▲,16,9,"  ","  ","  ","  ",,13,８,ダ,1800,,稍,0,,(栗),河嶋宏樹,1551,2.2,4,3,3,39.7,45.0,,49.10,48.9,0.4,460,+6,B,(144.0),,,,,,
,241020,5京6,7,２勝ｸﾗｽ・牝,タガノチョコラータ,,牝,4,幸英明, 56 ,16,14,"  ","  ","  ","  ",,14,９,ダ,1800,,稍,0,,(栗),角田晃一,1554,2.5,9,7,8,39.6,45.7,,49.10,48.9,0.8,510,+10,B,(167.8),,,,,,
,241020,5京6,7,２勝ｸﾗｽ・牝,アーレンダール,,牝,5,岩田康誠, 56 ,16,12,"  ","  ","  ","  ",,5,10,ダ,1800,,稍,0,,(美),宮田敬介,1556,2.7,8,9,8,39.6,46.0,,49.10,48.9,1.0,496,-6,B,(9.4),,,,,,
,241020,5京6,7,２勝ｸﾗｽ・牝,ナウズザタイム,,牝,4,小崎綾也, 56 ,16,13,"  ","  ","  ","  ",,16,11,ダ,1800,,稍,0,,(栗),高橋一哉,1559,3.0,14,16,13,38.6,50.1,,49.10,48.9,2.3,470,+2,,(430.8),,,,,,
,241020,5京6,7,２勝ｸﾗｽ・牝,ヴォードヴィル,,牝,4,池添謙一, 56 ,16,7,"  ","  ","  ","  ",,15,12,ダ,1800,,稍,0,,(栗),中竹和也,1561,3.2,15,13,12,39.3,47.7,,49.10,48.9,1.8,472,+8,,(208.8),,,,,,
,241020,5京6,7,２勝ｸﾗｽ・牝,コパノエビータ,,牝,3,高杉吏麒,52△,16,15,"  ","  ","  ","  ",,8,13,ダ,1800,,稍,0,,(美),手塚貴久,1562,3.3,4,3,5,40.8,42.4,,49.10,48.9,0.4,412,+6,B,(17.8),,,,,,
,241020,5京6,7,２勝ｸﾗｽ・牝,キープスマイリング,,牝,4,坂井瑠星, 56 ,16,3,"  ","  ","  ","  ",,9,14,ダ,1800,,稍,0,,(美),武井亮,1562,3.3,12,14,13,39.2,48.2,,49.10,48.9,2.0,556,-4,,(18.7),,,,,,
,241020,5京6,7,２勝ｸﾗｽ・牝,チカミリオン,,牝,3,武豊, 54 ,16,1,"  ","  ","  ","  ",,4,15,ダ,1800,,稍,0,,(栗),大久保龍,1564,3.5,16,14,15,39.2,48.5,,49.10,48.9,2.2,480,-2,,(5.8),,,,,,
,241020,5京6,7,２勝ｸﾗｽ・牝,スカンジナビア,,牝,5,北村友一, 56 ,16,16,"  ","  ","  ","  ",,11,16,ダ,1800,,稍,0,,(栗),安達昭夫,2059,13.0,6,10,16,49.1,28.2,,49.10,48.9,1.8,484,-4,B,(39.9),,,,,,
,241020,5京6,6,１勝ｸﾗｽ,アウトドライブ,,牡,3,幸英明, 56 ,8,6,"  ","  ","  ","  ",,3,１,ダ,1800,,稍,800,,(栗),鈴木孝志,1537,-0.3,5,4,2,37.0,53.6,*,51.53,52.0,0.4,570,+12,,890,120,,520,1700,310,4140
,241020,5京6,6,１勝ｸﾗｽ,パカーラン,,牡,3,ルメール, 56 ,8,5,"  ","  ","  ","  ",,1,２,ダ,1800,,稍,320,,(栗),藤原英昭,1540,0.3,2,2,1,37.6,51.6,*,51.53,52.0,0.1,478,+2,,(1.4),100,,520,1700,310,4140
,241020,5京6,6,１勝ｸﾗｽ,エアサンサーラ,,牡,3,松山弘平, 56 ,8,8,"  ","  ","  ","  ",,2,３,ダ,1800,,稍,200,,(栗),辻野泰之,1553,1.6,3,4,4,38.6,49.4,*,51.53,52.0,0.4,588,-4,,(3.2),100,,,,310,4140
,241020,5京6,6,１勝ｸﾗｽ,ロスティチェーレ,,牝,4,北村友一, 56 ,8,3,"  ","  ","  ","  ",,4,４,ダ,1800,,稍,120,,(栗),松下武士,1559,2.2,7,6,6,38.9,49.0,,51.53,52.0,0.7,478,+4,,(16.1),,,,,,
,241020,5京6,6,１勝ｸﾗｽ,メイショウトム,,牡,3,河原田菜,52★,8,4,"  ","  ","  ","  ",,6,５,ダ,1800,,稍,80,,(栗),河内洋,1562,2.5,1,1,2,39.9,45.6,,51.53,52.0,0.0,484,+4,,(51.6),,,,,,
,241020,5京6,6,１勝ｸﾗｽ,シーリュウシー,,牡,3,浜中俊, 56 ,8,2,"  ","  ","  ","  ",,5,６,ダ,1800,,稍,0,,(栗),岡田稲男,1562,2.5,6,8,8,38.5,50.9,*,51.53,52.0,1.4,494,-2,,(29.2),,,,,,
,241020,5京6,6,１勝ｸﾗｽ,ユウトザキンパツ,,牡,3,小崎綾也, 56 ,8,7,"  ","  ","  ","  ",,7,７,ダ,1800,,稍,0,,(栗),小崎憲,1570,3.3,3,3,4,40.4,44.8,,51.53,52.0,0.3,476,0,,(61.1),,,,,,
,241020,5京6,6,１勝ｸﾗｽ,サクラトップラン,,牝,5,吉村誠之,53▲,8,1,"  ","  ","  ","  ",,8,８,ダ,1800,,稍,0,,(栗),中尾秀正,1591,5.4,8,7,7,41.8,42.5,,51.53,52.0,1.0,476,+8,,(77.2),,,,,,
,241020,5京6,5,新馬,ヤマニンブークリエ,,牡,2,武豊, 56 ,11,2,"  ","  ","  ","  ",,2,１,芝,1800,A,良,720,,(栗),松永幹夫,1495,-0.0,,6,6,34.8,57.3,*,57.67,55.1,0.5,518,,,390,120,280,620,1040,690,3300
,241020,5京6,5,新馬,パーティハーン,,牡,2,坂井瑠星, 56 ,11,5,"  ","  ","  ","  ",,1,２,芝,1800,A,良,290,,(栗),友道康夫,1495,0.0,,4,3,35.0,56.4,*,57.67,55.1,0.3,478,,,(2.9),120,280,620,1040,690,3300
,241020,5京6,5,新馬,リッター,,牡,2,松山弘平, 56 ,11,3,"  ","  ","  ","  ",,3,３,芝,1800,A,良,180,,(栗),大久保龍,1496,0.1,,10,9,34.4,59.3,*,57.67,55.1,1.0,526,,,(4.0),130,,,,690,3300
,241020,5京6,5,新馬,ペールノエル,,牡,2,戸崎圭太, 56 ,11,10,"  ","  ","  ","  ",,5,４,芝,1800,A,良,110,,(栗),西村真幸,1500,0.5,,4,5,35.4,55.4,*,57.67,55.1,0.4,454,,,(10.1),,,,,,
,241020,5京6,5,新馬,クイーンラブ,,牝,2,高杉吏麒,53△,11,7,"  ","  ","  ","  ",,9,５,芝,1800,A,良,72,,(栗),鈴木孝志,1501,0.6,,8,9,35.3,55.9,*,57.67,55.1,0.6,468,,,(89.3),,,,,,
,241020,5京6,5,新馬,メリザンド,,牝,2,ルメール, 55 ,11,8,"  ","  ","  ","  ",,4,６,芝,1800,A,良,0,,(美),田中博康,1501,0.6,,9,8,35.2,56.4,*,57.67,55.1,0.7,440,,,(4.7),,,,,,
,241020,5京6,5,新馬,チャットケリー,,牝,2,シュタル, 55 ,11,11,"  ","  ","  ","  ",,11,７,芝,1800,A,良,0,,(栗),緒方努,1506,1.1,,3,3,36.1,53.2,,57.67,55.1,0.3,430,,,(143.6),,,,,,
,241020,5京6,5,新馬,クリノクーチャン,,牡,2,河原田菜,52★,11,9,"  ","  ","  ","  ",,8,８,芝,1800,A,良,0,,(栗),渡辺薫彦,1506,1.1,,2,2,36.3,52.3,,57.67,55.1,0.1,498,,,(58.3),,,,,,
,241020,5京6,5,新馬,ピュアコレクション,,牝,2,鮫島克駿, 55 ,11,1,"  ","  ","  ","  ",,6,９,芝,1800,A,良,0,,(栗),小椋研介,1509,1.4,,6,6,36.1,53.6,,57.67,55.1,0.6,450,,,(33.1),,,,,,
,241020,5京6,5,新馬,ラストプリンセス,,牝,2,岩田望来, 55 ,11,6,"  ","  ","  ","  ",,7,10,芝,1800,A,良,0,,(栗),清水久詞,1511,1.6,,1,1,36.9,50.5,,57.67,55.1,0.0,414,,,(37.0),,,,,,
,241020,5京6,5,新馬,クリノチャールズ,,牡,2,幸英明, 56 ,11,4,"  ","  ","  ","  ",,10,11,芝,1800,A,良,0,,(栗),安達昭夫,1521,2.6,,11,11,36.4,54.0,,57.67,55.1,1.5,430,,,(108.7),,,,,,
,241020,5京6,4,新馬・牝,エリカエクスプレス,,牝,2,ルメール, 55 ,17,2,"  ","  ","  ","  ",,1,１,芝,1600,A,稍,720,*,(栗),杉山晴紀,1347,-0.4,,1,1,36.0,47.8,*,48.10,47.8,0.0,456,,,400,160,1090,1100,2290,3920,15150
,241020,5京6,4,新馬・牝,ルクスジニア,,牝,2,池添謙一, 55 ,17,4,"  ","  ","  ","  ",,3,２,芝,1600,A,稍,290,,(栗),平田修,1351,0.4,,6,4,35.9,48.9,*,48.10,47.8,0.5,450,,,(4.9),180,1090,1100,2290,3920,15150
,241020,5京6,4,新馬・牝,スピリットサージ,,牝,2,シュタル, 55 ,17,17,"  ","  ","  ","  ",,6,３,芝,1600,A,稍,180,,(栗),須貝尚介,1351,0.4,,3,3,36.2,47.6,*,48.10,47.8,0.2,446,,,(10.8),270,,,,3920,15150
,241020,5京6,4,新馬・牝,テレプシコーラ,,牝,2,吉村誠之,52▲,17,16,"  ","  ","  ","  ",,15,４,芝,1600,A,稍,110,,(栗),坂口智康,1352,0.5,,12,12,35.5,50.9,*,48.10,47.8,1.0,404,,,(141.0),,,,,,
,241020,5京6,4,新馬・牝,ミノリッチマイヤー,,牝,2,岩田康誠, 55 ,17,15,"  ","  ","  ","  ",,7,５,芝,1600,A,稍,72,,(栗),上村洋行,1354,0.7,,10,9,35.9,49.4,*,48.10,47.8,0.8,446,,,(14.8),,,,,,
,241020,5京6,4,新馬・牝,フィヤール,,牝,2,坂井瑠星, 55 ,17,12,"  ","  ","  ","  ",,4,６,芝,1600,A,稍,0,,(栗),藤原英昭,1354,0.7,,4,4,36.4,47.3,*,48.10,47.8,0.3,426,,,(8.0),,,,,,
,241020,5京6,4,新馬・牝,ミッキージュエリー,,牝,2,幸英明, 55 ,17,7,"  ","  ","  ","  ",,2,７,芝,1600,A,稍,0,,(栗),中内田充,1355,0.8,,9,8,36.1,48.7,*,48.10,47.8,0.7,494,,,(4.1),,,,,,
,241020,5京6,4,新馬・牝,マーゴットカーラ,,牝,2,藤岡佑介, 55 ,17,10,"  ","  ","  ","  ",,12,８,芝,1600,A,稍,0,,(栗),石坂公一,1357,1.0,,6,4,36.6,46.9,*,48.10,47.8,0.4,428,,,(60.6),,,,,,
,241020,5京6,4,新馬・牝,レイチェルバローズ,,牝,2,西村淳也, 55 ,17,9,"  ","  ","  ","  ",,9,９,芝,1600,A,稍,0,,(栗),渡辺薫彦,1363,1.6,,2,2,37.5,44.1,,48.10,47.8,0.1,446,,,(29.3),,,,,,
,241020,5京6,4,新馬・牝,ミッシングユー,,牝,2,松山弘平, 55 ,17,6,"  ","  ","  ","  ",,11,10,芝,1600,A,稍,0,,(栗),橋口慎介,1363,1.6,,6,9,36.9,46.6,,48.10,47.8,0.7,476,,,(40.9),,,,,,
,241020,5京6,4,新馬・牝,ショウナンマハト,,牝,2,岩田望来, 55 ,17,3,"  ","  ","  ","  ",,8,11,芝,1600,A,稍,0,,(栗),清水久詞,1366,1.9,,4,4,37.6,44.1,,48.10,47.8,0.3,440,,,(28.6),,,,,,
,241020,5京6,4,新馬・牝,エルモドンナ,,牝,2,戸崎圭太, 55 ,17,11,"  ","  ","  ","  ",,10,12,芝,1600,A,稍,0,*,(栗),杉山晴紀,1367,2.0,,15,15,36.6,48.5,,48.10,47.8,1.4,460,,,(31.1),,,,,,
,241020,5京6,4,新馬・牝,メルローズ,,牝,2,川須栄彦, 55 ,17,14,"  ","  ","  ","  ",,17,13,芝,1600,A,稍,0,,(栗),笹田和秀,1369,2.2,,12,12,37.2,46.3,,48.10,47.8,1.0,480,,,(240.9),,,,,,
,241020,5京6,4,新馬・牝,ニンマリ,,牝,2,酒井学, 55 ,17,8,"  ","  ","  ","  ",,16,14,芝,1600,A,稍,0,,(栗),谷潔,1371,2.4,,12,11,37.5,45.4,,48.10,47.8,0.9,410,,,(156.2),,,,,,
,241020,5京6,4,新馬・牝,ジュルナール,,牝,2,鮫島克駿, 55 ,17,13,"  ","  ","  ","  ",,5,15,芝,1600,A,稍,0,,(栗),池添学,1372,2.5,,16,16,36.7,48.9,,48.10,47.8,1.8,462,,,(10.1),,,,,,
,241020,5京6,4,新馬・牝,ベレーザフィン,,牝,2,北村友一, 55 ,17,5,"  ","  ","  ","  ",,14,16,芝,1600,A,稍,0,,(栗),音無秀孝,1372,2.5,,16,17,36.7,48.9,,48.10,47.8,1.8,414,,,(136.9),,,,,,
,241020,5京6,4,新馬・牝,センビトウリョウ,,牝,2,河原田菜,51★,17,1,"  ","  ","  ","  ",,13,17,芝,1600,A,稍,0,,(栗),今野貞一,1373,2.6,,10,12,37.7,44.9,,48.10,47.8,0.9,420,,,(118.6),,,,,,
,241020,5京6,3,新馬,フェデラー,,牡,2,武豊, 56 ,16,5,"  ","  ","  ","  ",,1,１,ダ,1200,,稍,720,,(栗),石橋守,1122,-1.8,,1,1,36.3,48.9,*,49.73,48.9,0.0,500,,,230,130,500,910,1320,8080,24230
,241020,5京6,3,新馬,トップレジェンド,,牡,2,松山弘平, 56 ,16,12,"  ","  ","  ","  ",,3,２,ダ,1200,,稍,290,,(栗),鈴木孝志,1140,1.8,,3,2,37.1,49.5,*,49.73,48.9,1.0,432,,,(5.5),190,500,910,1320,8080,24230
,241020,5京6,3,新馬,ツルギトイシヅチ,,牡,2,横山和生, 56 ,16,14,"  ","  ","  ","  ",,8,３,ダ,1200,,稍,180,,(美),中川公成,1143,2.1,,5,4,37.0,50.8,*,49.73,48.9,1.4,500,,,(35.7),530,,,,8080,24230
,241020,5京6,3,新馬,アイドルアイズ,,牝,2,坂井瑠星, 55 ,16,11,"  ","  ","  ","  ",,5,４,ダ,1200,,稍,110,,(栗),新谷功一,1145,2.3,,6,6,36.9,51.9,*,49.73,48.9,1.7,436,,,(11.1),,,,,,
,241020,5京6,3,新馬,タガノテツ,,牡,2,田中健, 56 ,16,8,"  ","  ","  ","  ",,15,５,ダ,1200,,稍,72,,(栗),荒川義之,1152,3.0,,11,7,37.0,53.2,*,49.73,48.9,2.3,456,,,(136.7),,,,,,
,241020,5京6,3,新馬,ヴェントインコーダ,,牝,2,藤岡佑介, 55 ,16,4,"  ","  ","  ","  ",,4,６,ダ,1200,,稍,0,,(栗),角田晃一,1156,3.4,,2,2,38.9,44.3,,49.73,48.9,0.8,484,,,(8.7),,,,,,
,241020,5京6,3,新馬,アイファーモービル,,牡,2,北村友一, 56 ,16,1,"  ","  ","  ","  ",,6,７,ダ,1200,,稍,0,,(栗),鮫島一歩,1159,3.7,,3,4,39.0,44.6,,49.73,48.9,1.0,466,,,(20.6),,,,,,
,241020,5京6,3,新馬,ブラックエンパイア,,牡,2,水口優也, 56 ,16,13,"  ","  ","  ","  ",,13,８,ダ,1200,,稍,0,,(栗),藤沢則雄,1162,4.0,,11,10,38.0,50.5,,49.73,48.9,2.3,472,,,(131.9),,,,,,
,241020,5京6,3,新馬,バイアンドホールド,,牡,2,長岡禎仁, 56 ,16,15,"  ","  ","  ","  ",,14,９,ダ,1200,,稍,0,,(栗),小栗実,1167,4.5,,8,7,38.8,47.7,,49.73,48.9,2.0,476,,,(132.4),,,,,,
,241020,5京6,3,新馬,マキシマムビスタ,,牝,2,ルメール, 55 ,16,10,"  ","  ","  ","  ",,2,10,ダ,1200,,稍,0,,(栗),斉藤崇史,1169,4.7,,14,14,38.2,51.3,,49.73,48.9,2.8,490,,,(4.3),,,,,,
,241020,5京6,3,新馬,ワイドレッド,,牝,2,鮫島克駿, 55 ,16,7,"  ","  ","  ","  ",,7,11,ダ,1200,,稍,0,,(美),武井亮,1171,4.9,,6,7,39.4,45.7,,49.73,48.9,1.8,432,,,(25.7),,,,,,
,241020,5京6,3,新馬,マルモジーニー,,牝,2,高倉稜, 55 ,16,3,"  ","  ","  ","  ",,10,12,ダ,1200,,稍,0,,(栗),木原一良,1176,5.4,,13,13,39.3,47.5,,49.73,48.9,2.4,432,,,(83.0),,,,,,
,241020,5京6,3,新馬,ノアファースト,,牡,2,酒井学, 56 ,16,6,"  ","  ","  ","  ",,11,13,ダ,1200,,稍,0,,(美),小笠倫弘,1179,5.7,,8,12,40.0,44.8,,49.73,48.9,2.0,464,,,(89.4),,,,,,
,241020,5京6,3,新馬,キュールエアザミ,,牝,2,Ｍ．デム, 55 ,16,2,"  ","  ","  ","  ",,12,14,ダ,1200,,稍,0,,(栗),中尾秀正,1181,5.9,,15,14,39.3,48.7,,49.73,48.9,2.9,442,,,(95.0),,,,,,
,241020,5京6,3,新馬,コントリビュート,,牡,2,幸英明, 56 ,16,16,"  ","  ","  ","  ",,9,15,ダ,1200,,稍,0,,(栗),大根田裕,1188,6.6,,16,16,39.3,50.5,,49.73,48.9,3.6,474,,,(38.1),,,,,,
,241020,5京6,3,新馬,ライブリエクレール,,牝,2,川須栄彦, 55 ,16,9,"  ","  ","  ","  ",,16,16,ダ,1200,,稍,0,,(栗),小椋研介,1203,8.1,,8,10,42.4,39.4,,49.73,48.9,2.0,438,,,(143.8),,,,,,
,241020,5京6,2,未勝利*,イリフィ,,牝,2,鮫島克駿, 55 ,10,7,"  ","  ","  ","  ",,2,１,芝,1200,A,稍,550,,(栗),高野友和,1101,-0.2,,2,2,35.3,48.6,*,49.33,47.5,0.2,426,+8,,320,140,390,420,1000,2490,10580
,241020,5京6,2,未勝利*,ダイヤモンド,,牡,2,武豊, 56 ,10,4,"  ","  ","  ","  ",,1,２,芝,1200,A,稍,220,*,(栗),清水久詞,1103,0.2,,6,2,35.2,49.7,*,49.33,47.5,0.5,504,0,,(2.8),140,390,420,1000,2490,10580
,241020,5京6,2,未勝利*,ペイドラロワール,,牡,2,吉村誠之,53▲,10,10,"  ","  ","  ","  ",,8,３,芝,1200,A,稍,140,*,(栗),清水久詞,1113,1.2,,8,8,35.7,49.7,*,49.33,47.5,1.0,444,-2,,(33.3),430,,,,2490,10580
,241020,5京6,2,未勝利*,マルモリスパークル,,牡,2,泉谷楓真,55☆,10,1,"  ","  ","  ","  ",,4,４,芝,1200,A,稍,83,,(栗),大橋勇樹,1114,1.3,,1,1,36.8,44.0,,49.33,47.5,0.0,478,+8,,(10.2),,,,,,
,241020,5京6,2,未勝利*,レーニス,,牝,2,高杉吏麒,53△,10,5,"  ","  ","  ","  ",,5,５,芝,1200,A,稍,55,,(栗),宮徹,1115,1.4,,6,6,36.1,48.1,,49.33,47.5,0.8,428,+2,,(11.8),,,,,,
,241020,5京6,2,未勝利*,シカレ,,牝,2,坂井瑠星, 55 ,10,8,"  ","  ","  ","  ",,7,６,芝,1200,A,稍,0,,(栗),矢作芳人,1117,1.6,,4,6,36.4,47.0,,49.33,47.5,0.7,416,0,,(26.7),,,,,,
,241020,5京6,2,未勝利*,タケノリッチ,,牝,2,河原田菜,51★,10,6,"  ","  ","  ","  ",,6,７,芝,1200,A,稍,0,,(栗),村山明,1117,1.6,,8,8,36.1,48.6,,49.33,47.5,1.0,458,+2,,(20.9),,,,,,
,241020,5京6,2,未勝利*,サンムーン,,牝,2,Ｍ．デム, 55 ,10,9,"  ","  ","  ","  ",,10,８,芝,1200,A,稍,0,,(栗),河嶋宏樹,1117,1.6,,4,4,36.6,45.9,,49.33,47.5,0.5,542,+24,,(88.2),,,,,,
,241020,5京6,2,未勝利*,タイニービキニ,,牝,2,松山弘平, 55 ,10,2,"  ","  ","  ","  ",,3,９,芝,1200,A,稍,0,,(栗),森田直行,1124,2.3,,10,10,34.9,57.4,*,49.33,47.5,2.9,404,+8,,(3.7),,,,,,
,241020,5京6,2,未勝利*,ドラマツルギー,,牝,2,国分優作, 55 ,10,3,"  ","  ","  ","  ",,9,10,芝,1200,A,稍,0,,(栗),大根田裕,1152,5.1,,3,5,40.2,37.1,,49.33,47.5,0.4,414,-4,,(69.1),,,,,,
,241020,5京6,1,未勝利*,サンダーロード,,牡,2,ルメール, 56 ,8,2,"  ","  ","  ","  ",,1,１,ダ,1800,,稍,550,,(栗),杉山晴紀,1568,-0.2,4,4,3,40.1,45.6,*,44.07,43.8,0.5,532,0,,110,100,,190,220,1610,3200
,241020,5京6,1,未勝利*,アートレスマインド,,牡,2,吉村誠之,53▲,8,8,"  ","  ","  ","  ",,2,２,ダ,1800,,稍,220,,(栗),坂口智康,1570,0.2,2,1,1,40.8,43.4,*,44.07,43.8,0.0,454,0,,(6.7),120,,190,220,1610,3200
,241020,5京6,1,未勝利*,ダイシンレアレア,,牡,2,小崎綾也, 56 ,8,1,"  ","  ","  ","  ",,6,３,ダ,1800,,稍,140,,(栗),高橋一哉,1583,1.5,5,5,7,41.3,43.2,*,44.07,43.8,0.8,472,-4,,(39.0),320,,,,1610,3200
,241020,5京6,1,未勝利*,カンタカナリート,,牡,2,川須栄彦, 56 ,8,7,"  ","  ","  ","  ",,4,４,ダ,1800,,稍,83,,(栗),小椋研介,1584,1.6,7,8,5,41.1,44.0,*,44.07,43.8,1.1,454,-2,,(37.3),,,,,,
,241020,5京6,1,未勝利*,タイセイアビリティ,,牡,2,岩田望来, 56 ,8,5,"  ","  ","  ","  ",,3,５,ダ,1800,,稍,55,,(栗),小林真也,1584,1.6,3,2,2,42.0,41.0,,44.07,43.8,0.2,472,-2,B,(7.8),,,,,,
,241020,5京6,1,未勝利*,クリノランシャーク,,牡,2,和田翼, 56 ,8,6,"  ","  ","  ","  ",,8,６,ダ,1800,,稍,0,,(栗),谷潔,1588,2.0,7,5,5,41.9,41.8,,44.07,43.8,0.7,460,+2,,(196.4),,,,,,
,241020,5京6,1,未勝利*,セルズパワー,,牡,2,秋山稔樹, 56 ,8,4,"  ","  ","  ","  ",,5,７,ダ,1800,,稍,0,,(栗),牧田和弥,1599,3.1,1,2,3,43.6,37.5,,44.07,43.8,0.1,468,-2,,(37.8),,,,,,
,241020,5京6,1,未勝利*,カガセブンスター,,牡,2,幸英明, 56 ,8,3,"  ","  ","  ","  ",,7,８,ダ,1800,,稍,0,,(栗),安達昭夫,2012,4.4,5,7,8,43.8,38.4,,44.07,43.8,1.2,456,+2,B,(46.9),,,,,,
,241019,5京5,12,２勝ｸﾗｽ,プレシオーソ,,セ,7,高杉吏麒,56△,15,13,"  ","  ","  ","  ",,5,１,ダ,1200,,稍,1140,,(栗),岡田稲男,1115,-0.0,,10,10,35.7,50.3,*,49.93,45.4,0.9,478,0,,1100,270,1140,1740,4310,3150,21120
,241019,5京5,12,２勝ｸﾗｽ,ルクスメテオール,,牡,4,浜中俊, 58 ,15,4,"  ","  ","  ","  ",,1,２,ダ,1200,,稍,460,,(栗),小林真也,1115,0.0,,5,5,36.1,48.1,*,49.93,45.4,0.5,488,+10,,(2.7),140,1140,1740,4310,3150,21120
,241019,5京5,12,２勝ｸﾗｽ,スペシャルナンバー,,牡,5,西村淳也, 58 ,15,15,"  ","  ","  ","  ",,3,３,ダ,1200,,稍,290,,(栗),西村真幸,1119,0.4,,12,12,35.7,51.4,*,49.93,45.4,1.3,494,+4,,(5.6),190,,,,3150,21120
,241019,5京5,12,２勝ｸﾗｽ,ビップシュプリーム,,牝,5,Ｍ．デム, 56 ,15,12,"  ","  ","  ","  ",,4,４,ダ,1200,,稍,170,,(栗),松下武士,1124,0.9,,10,8,36.5,48.4,*,49.93,45.4,1.0,508,+4,,(7.0),,,,,,
,241019,5京5,12,２勝ｸﾗｽ,サウンドサンビーム,,牡,7,北村友一, 58 ,15,7,"  ","  ","  ","  ",,12,５,ダ,1200,,稍,114,*,(栗),安達昭夫,1125,1.0,,14,12,36.0,51.4,*,49.93,45.4,1.6,482,-4,,(82.5),,,,,,
,241019,5京5,12,２勝ｸﾗｽ,オースミメッシーナ,,牝,5,富田暁, 56 ,15,10,"  ","  ","  ","  ",,11,６,ダ,1200,,稍,0,,(栗),宮本博,1128,1.3,,7,7,37.2,45.7,,49.93,45.4,0.7,456,+2,,(75.0),,,,,,
,241019,5京5,12,２勝ｸﾗｽ,プリンセスカレン,,牝,3,田口貫太,54☆,15,8,"  ","  ","  ","  ",,6,７,ダ,1200,,稍,0,,(栗),大橋勇樹,1130,1.5,,1,1,38.1,41.6,,49.93,45.4,0.0,418,+2,,(16.2),,,,,,
,241019,5京5,12,２勝ｸﾗｽ,ルアル,,牡,5,幸英明, 58 ,15,9,"  ","  ","  ","  ",,8,８,ダ,1200,,稍,0,*,(栗),安達昭夫,1131,1.6,,2,2,38.1,41.9,,49.93,45.4,0.1,528,-2,B,(19.0),,,,,,
,241019,5京5,12,２勝ｸﾗｽ,サイレンスゴールド,,牡,4,鷲頭虎太,55▲,15,1,"  ","  ","  ","  ",,10,９,ダ,1200,,稍,0,,(栗),杉山佳明,1133,1.8,,3,3,38.1,42.4,,49.93,45.4,0.3,512,+4,B,(33.3),,,,,,
,241019,5京5,12,２勝ｸﾗｽ,ロープスピニング,,牝,5,シュタル, 56 ,15,3,"  ","  ","  ","  ",,7,10,ダ,1200,,稍,0,,(美),武藤善則,1135,2.0,,7,8,38.0,43.4,,49.93,45.4,0.6,434,-2,,(18.9),,,,,,
,241019,5京5,12,２勝ｸﾗｽ,セッテイロク,,牝,3,吉村誠之,52▲,15,14,"  ","  ","  ","  ",,9,11,ダ,1200,,稍,0,,(美),竹内正洋,1139,2.4,,3,3,38.7,41.0,,49.93,45.4,0.3,432,-6,,(22.1),,,,,,
,241019,5京5,12,２勝ｸﾗｽ,カッコヨカ,,牡,5,秋山稔樹, 58 ,15,5,"  ","  ","  ","  ",,14,12,ダ,1200,,稍,0,,(栗),笹田和秀,1143,2.8,,12,11,38.4,43.5,,49.93,45.4,1.0,476,+2,,(250.7),,,,,,
,241019,5京5,12,２勝ｸﾗｽ,ディベルティール,,セ,6,斎藤新, 58 ,15,11,"  ","  ","  ","  ",,13,13,ダ,1200,,稍,0,,(栗),藤野健太,1153,3.8,,9,12,39.5,40.6,,49.93,45.4,0.9,504,-2,,(105.2),,,,,,
,241019,5京5,12,２勝ｸﾗｽ,リュウ,,牡,4,岩田望来, 58 ,15,2,"  ","  ","  ","  ",,2,14,ダ,1200,,稍,0,,(栗),上村洋行,1162,4.7,,5,5,40.8,36.8,,49.93,45.4,0.5,534,+8,,(5.1),,,,,,
,241019,5京5,11,オータム,ライツフォル,,牡,4,坂井瑠星, 58 ,14,11,"  ","  ","  ","  ",,1,１,ダ,1400,,稍,2200,,(栗),高橋義忠,1238,-0.5,,2,2,35.9,50.1,*,50.30,49.6,0.1,496,+4,,330,140,300,1050,2020,1690,8250
,241019,5京5,11,オータム,スマートフォルス,,牡,4,武豊, 57 ,14,13,"  ","  ","  ","  ",,4,２,ダ,1400,,稍,880,,(栗),吉村圭司,1243,0.5,,10,10,35.5,53.1,*,50.30,49.6,1.0,480,-2,,(6.1),180,300,1050,2020,1690,8250
,241019,5京5,11,オータム,ロードエクレール,,牡,6,斎藤新, 58 ,14,14,"  ","  ","  ","  ",,2,３,ダ,1400,,稍,550,,(美),斎藤誠,1245,0.7,,1,1,36.7,47.7,*,50.30,49.6,0.0,472,+2,,(4.3),170,,,,1690,8250
,241019,5京5,11,オータム,エルゲルージ,,牡,5,田口貫太, 58 ,14,6,"  ","  ","  ","  ",,5,４,ダ,1400,,稍,330,,(栗),石坂公一,1245,0.7,,5,4,36.3,49.6,*,50.30,49.6,0.4,524,+14,,(8.2),,,,,,
,241019,5京5,11,オータム,ジュンウィンダム,,牝,4,西村淳也, 56 ,14,12,"  ","  ","  ","  ",,3,５,ダ,1400,,稍,220,,(栗),浜田多実,1246,0.8,,5,4,36.2,50.3,*,50.30,49.6,0.6,502,-2,,(6.0),,,,,,
,241019,5京5,11,オータム,サトノテンペスト,,牡,6,シュタル, 58 ,14,10,"  ","  ","  ","  ",,6,６,ダ,1400,,稍,0,,(栗),高橋亮,1248,1.0,,8,9,36.2,50.7,*,50.30,49.6,0.8,502,+8,,(11.2),,,,,,
,241019,5京5,11,オータム,サクセスローレル,,牡,5,秋山稔樹, 58 ,14,4,"  ","  ","  ","  ",,10,７,ダ,1400,,稍,0,,(栗),北出成人,1250,1.2,,7,7,36.6,49.2,,50.30,49.6,0.6,532,-2,,(51.5),,,,,,
,241019,5京5,11,オータム,ハギノアトラス,,セ,8,藤懸貴志, 58 ,14,1,"  ","  ","  ","  ",,12,８,ダ,1400,,稍,0,,(栗),鮫島一歩,1252,1.4,,10,10,36.4,50.5,,50.30,49.6,1.0,490,+12,,(169.1),,,,,,
,241019,5京5,11,オータム,リプレーザ,,牡,6,幸英明, 58 ,14,9,"  ","  ","  ","  ",,11,９,ダ,1400,,稍,0,,(栗),大根田裕,1252,1.4,,13,13,36.1,52.0,*,50.30,49.6,1.3,502,+10,,(92.9),,,,,,
,241019,5京5,11,オータム,グレイイングリーン,,牡,6,岩田望来, 58 ,14,7,"  ","  ","  ","  ",,7,10,ダ,1400,,稍,0,,(栗),池江泰寿,1253,1.5,,8,7,36.8,48.8,,50.30,49.6,0.7,500,+2,,(15.2),,,,,,
,241019,5京5,11,オータム,ゼルトザーム,,牡,3,Ｍ．デム, 55 ,14,2,"  ","  ","  ","  ",,8,11,ダ,1400,,稍,0,,(栗),藤野健太,1254,1.6,,10,12,36.5,50.5,,50.30,49.6,1.1,490,+24,,(20.3),,,,,,
,241019,5京5,11,オータム,グラティアス,,牡,6,北村友一, 58 ,14,8,"  ","  ","  ","  ",,9,12,ダ,1400,,稍,0,,(栗),安田翔伍,1256,1.8,,3,3,37.5,46.2,,50.30,49.6,0.3,510,+14,,(43.0),,,,,,
,241019,5京5,11,オータム,リキサントライ,,牡,6,川須栄彦, 58 ,14,3,"  ","  ","  ","  ",,14,13,ダ,1400,,稍,0,,(栗),緒方努,1263,2.5,,14,13,37.2,49.0,,50.30,49.6,1.3,498,+6,,(332.8),,,,,,
,241019,5京5,11,オータム,メイショウドヒョウ,,牡,7,太宰啓介, 58 ,14,5,"  ","  ","  ","  ",,13,14,ダ,1400,,稍,0,,(栗),西園正都,1268,3.0,,3,4,38.7,43.2,,50.30,49.6,0.3,488,-4,B,(179.7),,,,,,
,241019,5京5,10,宝ケ池特･2勝,マイシンフォニー,,牝,5,武豊, 56 ,9,4,"  ","  ","  ","  ",,3,１,芝,1600,A,稍,1550,,(栗),松永幹夫,1349,-0.0,,6,5,34.1,57.0,*,56.27,51.3,1.2,492,0,,560,120,370,420,1300,330,2930
,241019,5京5,10,宝ケ池特･2勝,チャンネルトンネル,,牡,3,岩田望来, 56 ,9,5,"  ","  ","  ","  ",,1,２,芝,1600,A,稍,620,,(栗),福永祐一,1349,0.0,,3,3,34.6,54.6,*,56.27,51.3,0.7,474,-4,,(1.6),110,370,420,1300,330,2930
,241019,5京5,10,宝ケ池特･2勝,スイープアワーズ,,牡,4,坂井瑠星, 58 ,9,2,"  ","  ","  ","  ",,2,３,芝,1600,A,稍,390,,(栗),友道康夫,1353,0.4,,9,7,34.2,57.2,*,56.27,51.3,1.5,452,+6,,(3.9),110,,,,330,2930
,241019,5京5,10,宝ケ池特･2勝,フィールザオーラ,,牝,4,富田暁, 56 ,9,7,"  ","  ","  ","  ",,6,４,芝,1600,A,稍,230,,(美),武井亮,1356,0.7,,3,3,35.3,52.5,*,56.27,51.3,0.7,478,-4,,(69.1),,,,,,
,241019,5京5,10,宝ケ池特･2勝,ベレザニーニャ,,牝,4,藤懸貴志, 56 ,9,8,"  ","  ","  ","  ",,5,５,芝,1600,A,稍,155,,(栗),小崎憲,1358,0.9,,1,1,36.2,48.8,*,56.27,51.3,0.0,480,-2,,(15.4),,,,,,
,241019,5京5,10,宝ケ池特･2勝,ベンガン,,牡,7,幸英明, 58 ,9,9,"  ","  ","  ","  ",,8,６,芝,1600,A,稍,0,,(栗),千田輝彦,1359,1.0,,8,7,34.9,54.9,*,56.27,51.3,1.4,468,-4,,(82.0),,,,,,
,241019,5京5,10,宝ケ池特･2勝,シグルドリーヴァ,,牝,5,吉村誠之, 56 ,9,3,"  ","  ","  ","  ",,9,７,芝,1600,A,稍,0,,(栗),佐々木晶,1360,1.1,,6,9,35.0,54.6,,56.27,51.3,1.4,472,0,,(179.6),,,,,,
,241019,5京5,10,宝ケ池特･2勝,メタルスパーク,,セ,7,秋山稔樹, 58 ,9,6,"  ","  ","  ","  ",,7,８,芝,1600,A,稍,0,,(美),菊川正達,1361,1.2,,5,5,35.5,52.4,,56.27,51.3,1.0,484,-2,B,(80.5),,,,,,
,241019,5京5,10,宝ケ池特･2勝,プシプシーナ,,牝,3,西村淳也, 54 ,9,1,"  ","  ","  ","  ",,4,９,芝,1600,A,稍,0,,(栗),小栗実,1365,1.6,,2,2,36.6,48.2,,56.27,51.3,0.3,412,+2,,(8.7),,,,,,
,241019,5京5,9,北國新Ｈ･2勝,タイトニット,,牡,4,坂井瑠星, 58 ,12,2,"  ","  ","  ","  ",,1,１,ダ,1900,,稍,1550,,(栗),今野貞一,1585,-0.1,7,4,4,38.2,47.0,*,47.43,44.4,0.7,562,+12,B,290,130,480,480,820,1230,4130
,241019,5京5,9,北國新Ｈ･2勝,レッドリベルタ,,牡,3,田口貫太, 55 ,12,4,"  ","  ","  ","  ",,2,２,ダ,1900,,稍,620,,(栗),庄野靖志,1586,0.1,6,8,5,37.8,48.7,*,47.43,44.4,1.2,452,+8,,(3.5),140,480,480,820,1230,4130
,241019,5京5,9,北國新Ｈ･2勝,ノットイナフ,,牡,3,西村淳也, 54 ,12,8,"  ","  ","  ","  ",,4,３,ダ,1900,,稍,390,,(栗),浜田多実,1591,0.6,5,5,7,38.5,46.6,*,47.43,44.4,1.0,478,+16,B,(6.8),190,,,,1230,4130
,241019,5京5,9,北國新Ｈ･2勝,シャンバラ,,牡,5,北村友一, 56 ,12,6,"  ","  ","  ","  ",,5,４,ダ,1900,,稍,230,,(栗),橋口慎介,1591,0.6,9,9,8,38.1,48.1,*,47.43,44.4,1.4,522,-2,,(10.6),,,,,,
,241019,5京5,9,北國新Ｈ･2勝,ジョータルマエ,,セ,4,川須栄彦, 55 ,12,5,"  ","  ","  ","  ",,3,５,ダ,1900,,稍,155,,(栗),河嶋宏樹,1591,0.6,1,1,1,39.5,43.0,*,47.43,44.4,0.0,494,0,B,(5.8),,,,,,
,241019,5京5,9,北國新Ｈ･2勝,トゥルブレンシア,,セ,7,Ｍ．デム, 55 ,12,10,"  ","  ","  ","  ",,7,６,ダ,1900,,稍,0,,(栗),藤沢則雄,1593,0.8,8,5,5,38.7,46.1,*,47.43,44.4,1.0,468,+10,,(26.7),,,,,,
,241019,5京5,9,北國新Ｈ･2勝,テイエムシニスター,,牡,5,富田暁, 54 ,12,1,"  ","  ","  ","  ",,9,７,ダ,1900,,稍,0,,(栗),木原一良,1593,0.8,3,3,2,39.3,44.0,*,47.43,44.4,0.4,502,-2,,(44.2),,,,,,
,241019,5京5,9,北國新Ｈ･2勝,スカイドゥエラー,,牡,6,幸英明, 53 ,12,9,"  ","  ","  ","  ",,12,８,ダ,1900,,稍,0,,(栗),谷潔,1598,1.3,12,12,10,38.4,47.8,*,47.43,44.4,1.8,454,-11,,(85.4),,,,,,
,241019,5京5,9,北國新Ｈ･2勝,カレンマックナイト,,牡,5,藤懸貴志, 54 ,12,3,"  ","  ","  ","  ",,8,９,ダ,1900,,稍,0,,(栗),平田修,2001,1.6,2,2,2,40.3,41.4,,47.43,44.4,0.2,450,+2,,(32.6),,,,,,
,241019,5京5,9,北國新Ｈ･2勝,デルマグレムリン,,牡,5,斎藤新, 55 ,12,12,"  ","  ","  ","  ",,10,10,ダ,1900,,稍,0,,(栗),緒方努,2007,2.2,11,9,9,39.5,44.9,,47.43,44.4,1.6,456,+6,,(45.5),,,,,,
,241019,5京5,9,北國新Ｈ･2勝,メジェド,,牡,4,シュタル, 55 ,12,11,"  ","  ","  ","  ",,6,11,ダ,1900,,稍,0,,(栗),佐々木晶,2026,4.1,9,11,11,41.0,41.9,,47.43,44.4,2.0,542,+4,,(12.3),,,,,,
,241019,5京5,9,北國新Ｈ･2勝,ロードジャスティス,,牡,5,長岡禎仁, 55 ,12,7,"  ","  ","  ","  ",,11,12,ダ,1900,,稍,0,,(栗),小椋研介,2047,6.2,3,5,11,43.7,35.5,,47.43,44.4,1.4,478,+4,,(72.0),,,,,,
,241019,5京5,8,１勝ｸﾗｽ,ナッカーフェイス,,牡,5,高倉稜, 58 ,15,8,"  ","  ","  ","  ",,4,１,ダ,1400,,稍,800,*,(栗),北出成人,1248,-0.0,,7,7,36.8,47.8,*,46.57,43.7,0.9,462,+2,,680,210,800,1140,2690,3660,25750
,241019,5京5,8,１勝ｸﾗｽ,エフエイト,,牡,3,秋山稔樹, 56 ,15,12,"  ","  ","  ","  ",,2,２,ダ,1400,,稍,320,*,(栗),北出成人,1248,0.0,,7,5,36.8,47.8,*,46.57,43.7,0.9,440,+8,,(4.3),160,800,1140,2690,3660,25750
,241019,5京5,8,１勝ｸﾗｽ,ウィップスティッチ,,牝,3,北村友一, 54 ,15,7,"  ","  ","  ","  ",,3,３,ダ,1400,,稍,200,,(栗),庄野靖志,1250,0.2,,2,2,37.7,44.1,*,46.57,43.7,0.2,500,+1,B,(6.2),230,,,,3660,25750
,241019,5京5,8,１勝ｸﾗｽ,アシャカブラン,,牡,3,幸英明, 56 ,15,11,"  ","  ","  ","  ",,8,４,ダ,1400,,稍,120,,(栗),大根田裕,1252,0.4,,9,7,36.9,48.2,*,46.57,43.7,1.2,510,-10,,(22.6),,,,,,
,241019,5京5,8,１勝ｸﾗｽ,ケイエイト,,牡,4,高杉吏麒,56△,15,13,"  ","  ","  ","  ",,7,５,ダ,1400,,稍,80,,(栗),羽月友彦,1252,0.4,,11,10,36.7,49.1,*,46.57,43.7,1.4,472,+16,B,(19.6),,,,,,
,241019,5京5,8,１勝ｸﾗｽ,ピストンボーイ,,牡,3,Ｍ．デム, 56 ,15,3,"  ","  ","  ","  ",,6,６,ダ,1400,,稍,0,,(栗),池添学,1253,0.5,,1,1,38.2,42.5,*,46.57,43.7,0.0,506,-2,B,(9.7),,,,,,
,241019,5京5,8,１勝ｸﾗｽ,カールスタード,,牡,3,西村淳也, 56 ,15,1,"  ","  ","  ","  ",,10,７,ダ,1400,,稍,0,,(栗),吉岡辰弥,1255,0.7,,14,14,36.4,51.2,*,46.57,43.7,2.0,484,+2,B,(40.9),,,,,,
,241019,5京5,8,１勝ｸﾗｽ,ブーヤカ,,セ,3,田口貫太,55☆,15,14,"  ","  ","  ","  ",,1,８,ダ,1400,,稍,0,,(栗),藤岡健一,1255,0.7,,2,2,38.1,43.3,*,46.57,43.7,0.3,450,-4,B,(3.1),,,,,,
,241019,5京5,8,１勝ｸﾗｽ,ウイングスオブラヴ,,セ,5,浜中俊, 58 ,15,10,"  ","  ","  ","  ",,14,９,ダ,1400,,稍,0,,(栗),笹田和秀,1255,0.7,,15,15,35.8,54.1,*,46.57,43.7,2.6,476,+2,,(191.1),,,,,,
,241019,5京5,8,１勝ｸﾗｽ,バンベルク,,牡,6,吉村誠之,55▲,15,9,"  ","  ","  ","  ",,9,10,ダ,1400,,稍,0,,(栗),小林真也,1256,0.8,,12,10,36.9,49.0,*,46.57,43.7,1.6,480,-4,B,(34.0),,,,,,
,241019,5京5,8,１勝ｸﾗｽ,オンリーラヴ,,牝,4,鷲頭虎太,53▲,15,2,"  ","  ","  ","  ",,15,11,ダ,1400,,稍,0,,(栗),森田直行,1258,1.0,,4,4,38.4,42.6,*,46.57,43.7,0.3,436,-2,,(241.9),,,,,,
,241019,5京5,8,１勝ｸﾗｽ,イナウィンク,,牡,4,長岡禎仁, 58 ,15,4,"  ","  ","  ","  ",,13,12,ダ,1400,,稍,0,,(栗),吉田直弘,1262,1.4,,12,13,37.5,47.4,,46.57,43.7,1.6,434,+2,,(160.2),,,,,,
,241019,5京5,8,１勝ｸﾗｽ,チークタイム,,牝,3,川須栄彦, 54 ,15,5,"  ","  ","  ","  ",,11,13,ダ,1400,,稍,0,,(栗),鈴木孝志,1263,1.5,,10,10,38.0,45.3,,46.57,43.7,1.2,476,+16,,(70.6),,,,,,
,241019,5京5,8,１勝ｸﾗｽ,ブラックリバー,,牝,3,川又賢治, 54 ,15,15,"  ","  ","  ","  ",,12,14,ダ,1400,,稍,0,,(栗),杉山佳明,1275,2.7,,5,7,39.7,40.3,,46.57,43.7,0.7,428,+4,,(153.9),,,,,,
,241019,5京5,8,１勝ｸﾗｽ,ヒデシンイメル,,牡,3,岩田望来, 56 ,15,6,"  ","  ","  ","  ",,5,15,ダ,1400,,稍,0,,(栗),武英智,1276,2.8,,5,5,39.9,39.7,,46.57,43.7,0.6,460,0,B,(9.2),,,,,,
,241019,5京5,7,１勝ｸﾗｽ,パシアンジャン,,牡,3,幸英明, 56 ,11,5,"  ","  ","  ","  ",,1,１,ダ,1800,,稍,800,,(栗),鈴木孝志,1538,-0.5,1,1,1,39.9,42.6,*,43.13,42.6,0.0,452,0,,240,140,1000,1380,2660,2590,8900
,241019,5京5,7,１勝ｸﾗｽ,ミントマーク,,牡,4,北村友一, 58 ,11,4,"  ","  ","  ","  ",,5,２,ダ,1800,,稍,320,,(栗),高橋一哉,1543,0.5,9,9,10,39.3,45.4,*,43.13,42.6,1.1,478,+10,,(10.5),260,1000,1380,2660,2590,8900
,241019,5京5,7,１勝ｸﾗｽ,ヘヴンリーハンド,,セ,3,西村淳也, 56 ,11,6,"  ","  ","  ","  ",,4,３,ダ,1800,,稍,200,,(美),武井亮,1545,0.7,2,2,2,40.5,41.4,*,43.13,42.6,0.1,500,-4,,(8.6),200,,,,2590,8900
,241019,5京5,7,１勝ｸﾗｽ,メイショウヴァイゼ,,牡,3,高杉吏麒,54△,11,7,"  ","  ","  ","  ",,8,４,ダ,1800,,稍,120,,(栗),安達昭夫,1545,0.7,3,5,6,39.9,43.5,*,43.13,42.6,0.7,506,+4,,(22.6),,,,,,
,241019,5京5,7,１勝ｸﾗｽ,キタノハヤブサ,,牡,3,斎藤新, 56 ,11,11,"  ","  ","  ","  ",,6,５,ダ,1800,,稍,80,,(栗),吉田直弘,1546,0.8,6,6,4,39.8,44.0,*,43.13,42.6,0.9,464,-2,,(16.9),,,,,,
,241019,5京5,7,１勝ｸﾗｽ,ソウルユニバンス,,セ,7,国分優作, 58 ,11,8,"  ","  ","  ","  ",,10,６,ダ,1800,,稍,0,,(栗),平田修,1548,1.0,10,9,8,39.7,44.6,*,43.13,42.6,1.2,496,0,,(75.2),,,,,,
,241019,5京5,7,１勝ｸﾗｽ,ウインラウダ,,牡,3,田口貫太,55☆,11,3,"  ","  ","  ","  ",,7,７,ダ,1800,,稍,0,,(栗),梅田智之,1556,1.8,8,9,10,40.3,43.4,,43.13,42.6,1.4,504,+2,B,(22.2),,,,,,
,241019,5京5,7,１勝ｸﾗｽ,エスオーライジング,,牡,3,富田暁, 56 ,11,10,"  ","  ","  ","  ",,9,８,ダ,1800,,稍,0,,(栗),木原一良,1558,2.0,3,3,3,41.5,39.5,,43.13,42.6,0.4,470,0,,(43.7),,,,,,
,241019,5京5,7,１勝ｸﾗｽ,ミグラテール,,牡,3,吉村誠之,53▲,11,1,"  ","  ","  ","  ",,3,９,ダ,1800,,稍,0,,(栗),小栗実,1558,2.0,10,8,8,40.7,42.3,,43.13,42.6,1.2,506,+4,B,(6.9),,,,,,
,241019,5京5,7,１勝ｸﾗｽ,メイショウイコマ,,牡,3,岩田康誠, 56 ,11,2,"  ","  ","  ","  ",,11,10,ダ,1800,,稍,0,,(栗),河内洋,1558,2.0,7,6,7,41.0,41.2,,43.13,42.6,0.9,468,+6,,(80.9),,,,,,
,241019,5京5,7,１勝ｸﾗｽ,マテンロウブラボー,,牡,3,岩田望来, 56 ,11,9,"  ","  ","  ","  ",,2,11,ダ,1800,,稍,0,,(栗),野中賢二,1582,4.4,3,3,4,43.9,34.6,,43.13,42.6,0.4,520,+16,,(3.3),,,,,,
,241019,5京5,6,１勝ｸﾗｽ,グランアルティスタ,,牡,3,武豊, 55 ,6,1,"  ","  ","  ","  ",,2,１,芝,2400,A,稍,800,,(栗),寺島良,2281,-0.3,3,2,2,35.1,57.3,*,57.00,56.9,0.1,520,+8,B,300,130,,240,640,500,2020
,241019,5京5,6,１勝ｸﾗｽ,ベトルス,,牡,3,岩田望来, 55 ,6,2,"  ","  ","  ","  ",,1,２,芝,2400,A,稍,320,,(栗),友道康夫,2284,0.3,6,6,5,35.0,58.0,*,57.00,56.9,0.5,522,+6,,(2.1),120,,240,640,500,2020
,241019,5京5,6,１勝ｸﾗｽ,ダイヤモンドレイン,,牝,3,西村淳也, 53 ,6,5,"  ","  ","  ","  ",,4,３,芝,2400,A,稍,200,,(栗),池添学,2285,0.4,1,1,1,35.6,55.7,*,57.00,56.9,0.0,500,+4,,(6.9),,,,,500,2020
,241019,5京5,6,１勝ｸﾗｽ,ミッキーストライク,,牡,3,坂井瑠星, 55 ,6,6,"  ","  ","  ","  ",,3,４,芝,2400,A,稍,120,,(栗),矢作芳人,2290,0.9,5,4,3,35.8,55.4,*,57.00,56.9,0.3,528,+8,,(5.9),,,,,,
,241019,5京5,6,１勝ｸﾗｽ,デザートスター,,セ,5,高杉吏麒,56△,6,3,"  ","  ","  ","  ",,6,５,芝,2400,A,稍,80,,(栗),笹田和秀,2291,1.0,4,5,5,35.7,55.9,*,57.00,56.9,0.5,466,+2,,(48.3),,,,,,
,241019,5京5,6,１勝ｸﾗｽ,モスクロッサー,,セ,3,岩田康誠, 55 ,6,4,"  ","  ","  ","  ",,5,６,芝,2400,A,稍,0,,(美),国枝栄,2303,2.2,2,3,3,37.1,51.7,,57.00,56.9,0.3,504,-4,B,(7.7),,,,,,
,241019,5京5,5,新馬,アクルクス,,牡,2,藤懸貴志, 56 ,14,7,"  ","  ","  ","  ",,7,１,芝,1400,A,稍,720,,(栗),池添学,1227,-0.3,,5,5,35.7,48.7,*,50.10,46.3,0.5,472,,,1780,460,4980,9170,17920,33290,168710
,241019,5京5,5,新馬,アルピノ,,牡,2,Ｍ．デム, 56 ,14,10,"  ","  ","  ","  ",,6,２,芝,1400,A,稍,290,,(栗),千田輝彦,1230,0.3,,14,13,34.6,54.9,*,50.10,46.3,1.9,464,,,(14.3),440,4980,9170,17920,33290,168710
,241019,5京5,5,新馬,ヒラボクカレラ,,牡,2,岩田望来, 56 ,14,2,"  ","  ","  ","  ",,5,３,芝,1400,A,稍,180,,(栗),奥村豊,1231,0.4,,3,3,36.3,46.7,*,50.10,46.3,0.3,476,,,(13.6),360,,,,33290,168710
,241019,5京5,5,新馬,キーブリーゼ,,牡,2,秋山稔樹, 56 ,14,8,"  ","  ","  ","  ",,14,４,芝,1400,A,稍,110,,(栗),宮徹,1231,0.4,,2,2,36.5,45.8,*,50.10,46.3,0.1,488,,,(125.4),,,,,,
,241019,5京5,5,新馬,ビップディラン,,牡,2,西村淳也, 56 ,14,5,"  ","  ","  ","  ",,8,５,芝,1400,A,稍,72,,(栗),小椋研介,1235,0.8,,7,7,36.1,48.5,*,50.10,46.3,0.9,452,,,(19.7),,,,,,
,241019,5京5,5,新馬,コトリノウタウウタ,,牝,2,田口貫太,54☆,14,11,"  ","  ","  ","  ",,12,６,芝,1400,A,稍,0,,(栗),庄野靖志,1235,0.8,,3,4,36.7,45.6,*,50.10,46.3,0.3,430,,,(83.8),,,,,,
,241019,5京5,5,新馬,イマージョン,,牡,2,北村友一, 56 ,14,13,"  ","  ","  ","  ",,2,７,芝,1400,A,稍,0,,(栗),高野友和,1236,0.9,,12,12,35.7,50.6,*,50.10,46.3,1.4,508,,,(3.9),,,,,,
,241019,5京5,5,新馬,ゲッティヴィラ,,牡,2,坂井瑠星, 56 ,14,1,"  ","  ","  ","  ",,3,８,芝,1400,A,稍,0,,(栗),小栗実,1236,0.9,,9,7,36.2,48.2,*,50.10,46.3,0.9,442,,,(6.1),,,,,,
,241019,5京5,5,新馬,オメガショータイム,,牡,2,武豊, 56 ,14,12,"  ","  ","  ","  ",,4,９,芝,1400,A,稍,0,,(栗),松永幹夫,1237,1.0,,9,10,36.2,48.4,*,50.10,46.3,1.0,478,,,(8.0),,,,,,
,241019,5京5,5,新馬,アットワンス,,牡,2,浜中俊, 56 ,14,6,"  ","  ","  ","  ",,10,10,芝,1400,A,稍,0,,(栗),長谷川浩,1239,1.2,,11,10,36.3,48.3,,50.10,46.3,1.1,448,,,(45.6),,,,,,
,241019,5京5,5,新馬,ハートオブザシーズ,,牝,2,吉村誠之,52▲,14,3,"  ","  ","  ","  ",,9,11,芝,1400,A,稍,0,,(栗),森田直行,1240,1.3,,5,5,37.0,45.3,,50.10,46.3,0.5,442,,,(27.1),,,,,,
,241019,5京5,5,新馬,ビーム,,牡,2,岩田康誠, 56 ,14,4,"  ","  ","  ","  ",,1,12,芝,1400,A,稍,0,,(栗),上村洋行,1243,1.6,,1,1,37.8,42.3,,50.10,46.3,0.0,490,,,(2.7),,,,,,
,241019,5京5,5,新馬,クリノボタンチャン,,牝,2,幸英明, 55 ,14,14,"  ","  ","  ","  ",,13,13,芝,1400,A,稍,0,,(栗),大橋勇樹,1248,2.1,,13,14,36.5,49.2,,50.10,46.3,1.8,444,,,(100.2),,,,,,
,241019,5京5,5,新馬,コモモチャン,,牝,2,高杉吏麒,53△,14,9,"  ","  ","  ","  ",,11,14,芝,1400,A,稍,0,,(栗),牧浦充徳,1249,2.2,,7,7,37.6,44.3,,50.10,46.3,0.8,452,,,(66.4),,,,,,
,241019,5京5,4,新馬,ビーコ,,牝,2,長岡禎仁, 55 ,16,5,"  ","  ","  ","  ",,14,１,ダ,1800,,稍,720,,(美),竹内正洋,1560,-0.0,1,1,1,39.7,46.1,*,48.93,46.1,0.0,470,,,14900,2770,2450,38870,112860,239760,2381550
,241019,5京5,4,新馬,バレンシア,,牝,2,Ｍ．デム, 55 ,16,7,"  ","  ","  ","  ",,4,２,ダ,1800,,稍,290,,(栗),笹田和秀,1560,0.0,13,11,8,38.1,52.2,*,48.93,46.1,1.6,436,,,(8.4),300,2450,38870,112860,239760,2381550
,241019,5京5,4,新馬,エマージェンス,,牡,2,岩田康誠, 56 ,16,6,"  ","  ","  ","  ",,8,３,ダ,1800,,稍,180,,(美),堀内岳志,1564,0.4,6,6,6,39.2,48.5,*,48.93,46.1,0.9,528,,,(21.5),500,,,,239760,2381550
,241019,5京5,4,新馬,ニホンピロカスター,,牡,2,田口貫太,55☆,16,12,"  ","  ","  ","  ",,5,４,ダ,1800,,稍,110,,(栗),大橋勇樹,1564,0.4,2,2,2,39.9,45.9,*,48.93,46.1,0.2,476,,,(11.0),,,,,,
,241019,5京5,4,新馬,スーパージョック,,牡,2,北村友一, 56 ,16,8,"  ","  ","  ","  ",,3,５,ダ,1800,,稍,72,,(栗),佐々木晶,1569,0.9,6,5,3,40.1,45.8,*,48.93,46.1,0.5,480,,,(4.9),,,,,,
,241019,5京5,4,新馬,サンコンクエスト,,牝,2,斎藤新, 55 ,16,4,"  ","  ","  ","  ",,6,６,ダ,1800,,稍,0,*,(栗),渡辺薫彦,1572,1.2,2,3,3,40.6,44.3,,48.93,46.1,0.3,536,,,(14.5),,,,,,
,241019,5京5,4,新馬,ルクスメンデス,,牡,2,国分優作, 56 ,16,10,"  ","  ","  ","  ",,12,７,ダ,1800,,稍,0,,(栗),小崎憲,1586,2.6,11,9,8,41.0,44.6,,48.93,46.1,1.3,470,,,(92.6),,,,,,
,241019,5京5,4,新馬,マンノデュエット,,牝,2,浜中俊, 55 ,16,15,"  ","  ","  ","  ",,2,８,ダ,1800,,稍,0,,(栗),中竹和也,1595,3.5,2,3,5,42.8,39.6,,48.93,46.1,0.4,500,,,(4.4),,,,,,
,241019,5京5,4,新馬,ランスオブコメット,,牡,2,武豊, 56 ,16,9,"  ","  ","  ","  ",,1,９,ダ,1800,,稍,0,,(栗),奥村豊,1597,3.7,8,6,7,42.5,40.8,,48.93,46.1,0.9,528,,,(2.9),,,,,,
,241019,5京5,4,新馬,アイヅワカマツ,,牡,2,太宰啓介, 56 ,16,11,"  ","  ","  ","  ",,15,10,ダ,1800,,稍,0,,(栗),安達昭夫,1598,3.8,13,13,13,41.2,45.4,,48.93,46.1,2.3,464,,,(150.0),,,,,,
,241019,5京5,4,新馬,コパノデーヴィド,,牡,2,高杉吏麒,54△,16,14,"  ","  ","  ","  ",,7,11,ダ,1800,,稍,0,*,(栗),渡辺薫彦,1599,3.9,12,14,13,41.1,45.9,,48.93,46.1,2.5,510,,,(20.4),,,,,,
,241019,5京5,4,新馬,ゴールドストーム,,牡,2,富田暁, 56 ,16,3,"  ","  ","  ","  ",,10,12,ダ,1800,,稍,0,,(栗),小林真也,2000,4.0,10,11,12,42.1,42.5,,48.93,46.1,1.6,452,,,(47.8),,,,,,
,241019,5京5,4,新馬,グラブビクトリー,,牝,2,川須栄彦, 55 ,16,1,"  ","  ","  ","  ",,13,13,ダ,1800,,稍,0,*,(栗),高橋義忠,2003,4.3,15,15,13,41.7,44.2,,48.93,46.1,2.3,498,,,(94.4),,,,,,
,241019,5京5,4,新馬,ピーチマカロン,,牝,2,水口優也, 55 ,16,13,"  ","  ","  ","  ",,11,14,ダ,1800,,稍,0,,(栗),大根田裕,2024,6.4,8,9,10,44.7,36.9,,48.93,46.1,1.4,478,,,(58.9),,,,,,
,241019,5京5,4,新馬,ベルシエル,,牝,2,藤懸貴志, 55 ,16,16,"  ","  ","  ","  ",,9,15,ダ,1800,,稍,0,*,(栗),高橋義忠,2029,6.9,2,8,10,45.3,35.7,,48.93,46.1,1.3,426,,,(33.6),,,,,,
,241019,5京5,4,新馬,サンポウヨッシー,,牡,2,高倉稜, 56 ,16,2,"  ","  ","  ","  ",,16,16,ダ,1800,,稍,0,,(栗),新谷功一,2041,8.1,16,16,16,41.9,48.1,,48.93,46.1,5.9,492,,B,(159.2),,,,,,
,241019,5京5,3,未勝利*,タイセイリコルド,,牡,2,坂井瑠星, 56 ,10,10,"  ","  ","  ","  ",,1,１,芝,1800,A,良,550,,(栗),小栗実,1489,-0.3,,3,2,34.7,56.9,*,56.27,56.0,0.2,470,+4,,200,110,360,470,740,950,2770
,241019,5京5,3,未勝利*,ダノンジャガー,,牡,2,岩田望来, 56 ,10,7,"  ","  ","  ","  ",,3,２,芝,1800,A,良,220,,(栗),池江泰寿,1492,0.3,,5,2,34.9,56.4,*,56.27,56.0,0.3,524,+2,,(4.6),140,360,470,740,950,2770
,241019,5京5,3,未勝利*,リカントロポ,,牡,2,田口貫太,55☆,10,1,"  ","  ","  ","  ",,4,３,芝,1800,A,良,140,,(栗),梅田智之,1495,0.6,,3,5,35.2,55.5,*,56.27,56.0,0.3,458,-2,,(7.8),150,,,,950,2770
,241019,5京5,3,未勝利*,ノラリクラリ,,牡,2,北村友一, 56 ,10,6,"  ","  ","  ","  ",,2,４,芝,1800,A,良,83,,(栗),藤岡健一,1495,0.6,,5,6,35.0,56.4,*,56.27,56.0,0.5,426,-4,,(4.1),,,,,,
,241019,5京5,3,未勝利*,セイフウサツキ,,牡,2,武豊, 56 ,10,8,"  ","  ","  ","  ",,6,５,芝,1800,A,良,55,,(栗),松永幹夫,1496,0.7,,9,8,34.9,57.0,*,56.27,56.0,0.7,450,-2,,(20.3),,,,,,
,241019,5京5,3,未勝利*,ヨドギミ,,牝,2,吉村誠之,52▲,10,4,"  ","  ","  ","  ",,8,６,芝,1800,A,良,0,,(栗),中村直也,1506,1.7,,5,6,36.1,53.2,,56.27,56.0,0.5,478,-2,,(135.9),,,,,,
,241019,5京5,3,未勝利*,クリノラピダス,,牡,2,幸英明, 56 ,10,9,"  ","  ","  ","  ",,10,７,芝,1800,A,良,0,,(栗),谷潔,1508,1.9,,10,10,35.7,55.2,,56.27,56.0,1.1,448,+2,,(239.0),,,,,,
,241019,5京5,3,未勝利*,バダジェフスカ,,牝,2,西村淳也, 55 ,10,5,"  ","  ","  ","  ",,5,８,芝,1800,A,良,0,,(栗),新谷功一,1520,3.1,,5,8,37.5,49.3,,56.27,56.0,0.5,464,+4,B,(9.0),,,,,,
,241019,5京5,3,未勝利*,シャイニーカラーズ,,牝,2,秋山稔樹, 55 ,10,2,"  ","  ","  ","  ",,9,９,芝,1800,A,良,0,,(栗),宮本博,1521,3.2,,1,1,38.1,47.1,,56.27,56.0,0.0,478,-8,,(190.9),,,,,,
,241019,5京5,3,未勝利*,カフジアッサム,,牡,2,富田暁, 56 ,10,3,"  ","  ","  ","  ",,7,10,芝,1800,A,良,0,,(栗),木原一良,1525,3.6,,2,2,38.4,46.5,,56.27,56.0,0.1,466,-4,,(97.0),,,,,,
,241019,5京5,2,未勝利・牝*,ブルーミングローズ,,牝,2,北村友一, 55 ,10,9,"  ","  ","  ","  ",,4,１,芝,1600,A,良,550,,(栗),高野友和,1353,-0.1,,3,4,35.2,52.4,*,52.57,50.6,0.4,456,+6,,550,220,900,1930,3340,4350,26200
,241019,5京5,2,未勝利・牝*,メイショウハダル,,牝,2,武豊, 55 ,10,1,"  ","  ","  ","  ",,2,２,芝,1600,A,良,220,,(栗),河内洋,1354,0.1,,9,9,34.7,55.0,*,52.57,50.6,1.0,432,-2,,(5.2),210,900,1930,3340,4350,26200
,241019,5京5,2,未勝利・牝*,カルドウェル,,牝,2,岩田望来, 55 ,10,3,"  ","  ","  ","  ",,6,３,芝,1600,A,良,140,,(栗),中村直也,1354,0.1,,1,1,35.7,50.3,*,52.57,50.6,0.0,470,+4,,(8.3),290,,,,4350,26200
,241019,5京5,2,未勝利・牝*,レディエンス,,牝,2,Ｍ．デム, 55 ,10,4,"  ","  ","  ","  ",,8,４,芝,1600,A,良,83,,(栗),藤野健太,1355,0.2,,8,4,35.2,52.8,*,52.57,50.6,0.6,440,+8,,(32.3),,,,,,
,241019,5京5,2,未勝利・牝*,サトノスピカ,,牝,2,田口貫太,54☆,10,8,"  ","  ","  ","  ",,7,５,芝,1600,A,良,55,,(栗),須貝尚介,1356,0.3,,6,6,35.3,52.5,*,52.57,50.6,0.6,458,0,,(12.7),,,,,,
,241019,5京5,2,未勝利・牝*,ミンストレルソング,,牝,2,シュタル, 55 ,10,6,"  ","  ","  ","  ",,1,６,芝,1600,A,良,0,,(栗),音無秀孝,1357,0.4,,3,2,35.7,50.8,*,52.57,50.6,0.3,446,-2,,(3.7),,,,,,
,241019,5京5,2,未勝利・牝*,アイスモント,,牝,2,坂井瑠星, 55 ,10,10,"  ","  ","  ","  ",,5,７,芝,1600,A,良,0,,(栗),宮本博,1361,0.8,,5,6,36.0,50.2,*,52.57,50.6,0.4,442,0,,(5.7),,,,,,
,241019,5京5,2,未勝利・牝*,バーミーズルビー,,牝,2,幸英明, 55 ,10,2,"  ","  ","  ","  ",,10,８,芝,1600,A,良,0,,(栗),小林真也,1365,1.2,,10,10,35.6,52.6,,52.57,50.6,1.2,454,+8,,(80.8),,,,,,
,241019,5京5,2,未勝利・牝*,グーフドリファール,,牝,2,岩田康誠, 55 ,10,5,"  ","  ","  ","  ",,9,９,芝,1600,A,良,0,,(栗),安達昭夫,1365,1.2,,6,6,36.2,49.9,,52.57,50.6,0.6,398,+2,,(67.7),,,,,,
,241019,5京5,2,未勝利・牝*,アメリータ,,牝,2,西村淳也, 55 ,10,7,"  ","  ","  ","  ",,3,10,芝,1600,A,良,0,,(栗),今野貞一,1370,1.7,,2,2,37.1,46.9,,52.57,50.6,0.2,428,+4,B,(5.3),,,,,,
,241019,5京5,1,未勝利*,マジカルシャイン,,牝,2,武豊, 55 ,12,4,"  ","  ","  ","  ",,2,１,ダ,1400,,良,550,,(栗),武英智,1256,-0.3,,2,2,37.6,45.7,*,45.27,45.3,0.1,492,-4,,360,120,340,350,750,1340,4870
,241019,5京5,1,未勝利*,アメリカンステージ,,牡,2,坂井瑠星, 56 ,12,2,"  ","  ","  ","  ",,1,２,ダ,1400,,良,220,,(栗),矢作芳人,1259,0.3,,1,1,38.0,44.5,*,45.27,45.3,0.0,512,+4,,(2.0),110,340,350,750,1340,4870
,241019,5京5,1,未勝利*,モレポブラーノ,,牡,2,北村友一, 56 ,12,5,"  ","  ","  ","  ",,5,３,ダ,1400,,良,140,,(栗),庄野靖志,1260,0.4,,3,3,37.8,45.6,*,45.27,45.3,0.3,530,-2,,(14.0),210,,,,1340,4870
,241019,5京5,1,未勝利*,レイザリオ,,牡,2,西村淳也, 56 ,12,3,"  ","  ","  ","  ",,4,４,ダ,1400,,良,83,,(栗),橋口慎介,1262,0.6,,4,5,37.9,45.6,*,45.27,45.3,0.4,476,+4,,(12.9),,,,,,
,241019,5京5,1,未勝利*,タヴァネスタン,,牡,2,シュタル, 56 ,12,1,"  ","  ","  ","  ",,3,５,ダ,1400,,良,55,,(栗),藤岡健一,1262,0.6,,4,3,38.0,45.1,*,45.27,45.3,0.3,478,+8,,(5.6),,,,,,
,241019,5京5,1,未勝利*,ショウナンアトレ,,牡,2,吉村誠之,53▲,12,6,"  ","  ","  ","  ",,6,６,ダ,1400,,良,0,,(栗),梅田智之,1270,1.4,,6,5,38.6,44.0,,45.27,45.3,0.5,458,-2,,(15.4),,,,,,
,241019,5京5,1,未勝利*,サラサハウナイス,,牡,2,幸英明, 56 ,12,11,"  ","  ","  ","  ",,7,７,ダ,1400,,良,0,,(栗),岡田稲男,1273,1.7,,8,8,38.6,44.6,,45.27,45.3,0.8,492,+2,,(27.3),,,,,,
,241019,5京5,1,未勝利*,ワンダーキュイラス,,牡,2,斎藤新, 56 ,12,12,"  ","  ","  ","  ",,11,８,ダ,1400,,良,0,,(栗),笹田和秀,1275,1.9,,10,10,38.7,44.6,,45.27,45.3,0.9,434,+2,,(262.8),,,,,,
,241019,5京5,1,未勝利*,ストームレーン,,牡,2,高杉吏麒,54△,12,7,"  ","  ","  ","  ",,9,９,ダ,1400,,良,0,,(栗),緒方努,1276,2.0,,6,5,39.2,42.6,,45.27,45.3,0.5,414,-6,,(81.2),,,,,,
,241019,5京5,1,未勝利*,ナムラジョコ,,牡,2,富田暁, 56 ,12,10,"  ","  ","  ","  ",,12,10,ダ,1400,,良,0,,(栗),中竹和也,1280,2.4,,11,11,39.0,44.2,,45.27,45.3,1.1,470,+6,,(341.1),,,,,,
,241019,5京5,1,未勝利*,ヒマラヤベロス,,牡,2,川須栄彦, 56 ,12,9,"  ","  ","  ","  ",,10,11,ダ,1400,,良,0,,(栗),河嶋宏樹,1283,2.7,,11,11,39.4,43.1,,45.27,45.3,1.0,466,+8,,(128.8),,,,,,
,241019,5京5,1,未勝利*,タイキフェニックス,,牡,2,岩田望来, 56 ,12,8,"  ","  ","  ","  ",,8,12,ダ,1400,,良,0,,(栗),大久保龍,1289,3.3,,8,8,40.4,40.0,,45.27,45.3,0.6,428,0,,(33.6),,,,,,
,241013,5京4,12,亀岡特別･2勝,ギーロカスタル,,牡,4,松山弘平, 58 ,10,1,"  ","  ","  ","  ",,3,１,ダ,1400,,良,1550,,(栗),鈴木孝志,1249,-0.3,,3,3,37.2,46.2,*,45.83,43.5,0.6,460,0,,720,200,2720,1090,2410,8550,46950
,241013,5京4,12,亀岡特別･2勝,タイセイウォリアー,,牡,4,田口貫太, 58 ,10,6,"  ","  ","  ","  ",,2,２,ダ,1400,,良,620,,(栗),大橋勇樹,1252,0.3,,3,3,37.7,44.5,*,45.83,43.5,0.4,492,-4,,(4.2),150,2720,1090,2410,8550,46950
,241013,5京4,12,亀岡特別･2勝,ピースキーパー,,牝,5,西村淳也, 56 ,10,3,"  ","  ","  ","  ",,8,３,ダ,1400,,良,390,,(栗),奥村豊,1252,0.3,,7,5,37.2,46.8,*,45.83,43.5,0.9,452,-2,B,(37.4),540,,,,8550,46950
,241013,5京4,12,亀岡特別･2勝,シンエン,,牡,5,池添謙一, 58 ,10,8,"  ","  ","  ","  ",,4,４,ダ,1400,,良,230,,(栗),松下武士,1252,0.3,,2,2,37.9,43.6,*,45.83,43.5,0.2,488,+2,,(13.4),,,,,,
,241013,5京4,12,亀岡特別･2勝,クリノキングマン,,牡,3,酒井学, 56 ,10,5,"  ","  ","  ","  ",,1,５,ダ,1400,,良,155,*,(栗),高橋康之,1253,0.4,,1,1,38.2,42.5,*,45.83,43.5,0.0,500,+8,,(1.5),,,,,,
,241013,5京4,12,亀岡特別･2勝,トーホウキザン,,牡,4,小沢大仁, 58 ,10,7,"  ","  ","  ","  ",,6,６,ダ,1400,,良,0,*,(栗),高橋康之,1255,0.6,,5,5,37.6,45.5,*,45.83,43.5,0.8,478,+2,,(25.3),,,,,,
,241013,5京4,12,亀岡特別･2勝,ベッサラビア,,セ,7,亀田温心, 58 ,10,4,"  ","  ","  ","  ",,9,７,ダ,1400,,良,0,,(栗),藤沢則雄,1262,1.3,,5,5,38.4,43.4,,45.83,43.5,0.7,462,+16,,(136.6),,,,,,
,241013,5京4,12,亀岡特別･2勝,コパノアントニオ,,牡,3,荻野琢真, 56 ,10,2,"  ","  ","  ","  ",,5,８,ダ,1400,,良,0,,(栗),梅田智之,1263,1.4,,7,8,38.3,44.0,,45.83,43.5,0.9,466,-4,,(18.0),,,,,,
,241013,5京4,12,亀岡特別･2勝,ブラックサウザー,,牡,5,幸英明, 58 ,10,10,"  ","  ","  ","  ",,7,９,ダ,1400,,良,0,,(栗),大根田裕,1264,1.5,,9,9,38.1,45.1,,45.83,43.5,1.2,424,-10,,(25.6),,,,,,
,241013,5京4,11,秋華賞G1,チェルヴィニア,,牝,3,ルメール, 55 ,15,5,"  ","  ","  ","  ",,1,１,芝,2000,A,良,11000,,(美),木村哲也,1571,-0.3,8,8,7,34.2,53.9,*,54.20,43.9,2.5,490,+8,,230,120,880,2200,2880,2230,11970
,241013,5京4,11,秋華賞G1,ボンドガール,,牝,3,武豊, 55 ,15,10,"  ","  ","  ","  ",,5,２,芝,2000,A,良,4400,,(美),手塚貴久,1574,0.3,12,13,13,34.1,54.7,*,54.20,43.9,2.9,448,0,,(14.6),290,880,2200,2880,2230,11970
,241013,5京4,11,秋華賞G1,ステレンボッシュ,,牝,3,戸崎圭太, 55 ,15,14,"  ","  ","  ","  ",,2,３,芝,2000,A,良,2800,,(美),国枝栄,1575,0.4,10,11,10,34.3,54.0,*,54.20,43.9,2.8,468,+10,,(3.9),140,,,,2230,11970
,241013,5京4,11,秋華賞G1,ラヴァンダ,,牝,3,岩田望来, 55 ,15,12,"  ","  ","  ","  ",,13,４,芝,2000,A,良,1700,,(栗),中村直也,1576,0.5,4,4,4,34.9,51.6,*,54.20,43.9,2.3,478,+2,,(123.2),,,,,,
,241013,5京4,11,秋華賞G1,クリスマスパレード,,牝,3,石川裕紀, 55 ,15,13,"  ","  ","  ","  ",,8,５,芝,2000,A,良,1100,,(美),加藤士津,1576,0.5,2,2,2,35.8,47.9,*,54.20,43.9,1.4,464,+4,,(19.7),,,,,,
,241013,5京4,11,秋華賞G1,ミアネーロ,,牝,3,津村明秀, 55 ,15,2,"  ","  ","  ","  ",,4,６,芝,2000,A,良,0,,(美),林徹,1577,0.6,10,11,10,34.5,53.4,*,54.20,43.9,2.8,478,-2,,(13.5),,,,,,
,241013,5京4,11,秋華賞G1,タガノエルピーダ,,牝,3,団野大成, 55 ,15,4,"  ","  ","  ","  ",,7,７,芝,2000,A,良,0,,(栗),斉藤崇史,1577,0.6,3,3,3,35.2,50.4,*,54.20,43.9,2.1,458,+6,,(18.1),,,,,,
,241013,5京4,11,秋華賞G1,チルカーノ,,牝,3,鮫島克駿, 55 ,15,7,"  ","  ","  ","  ",,12,８,芝,2000,A,良,0,,(栗),高野友和,1579,0.8,12,13,14,34.5,53.6,*,54.20,43.9,3.0,460,+4,,(55.5),,,,,,
,241013,5京4,11,秋華賞G1,コガネノソラ,,牝,3,坂井瑠星, 55 ,15,8,"  ","  ","  ","  ",,9,９,芝,2000,A,良,0,,(美),菊沢隆徳,1580,0.9,5,4,4,35.2,50.8,*,54.20,43.9,2.4,444,-10,,(27.4),,,,,,
,241013,5京4,11,秋華賞G1,ホーエリート,,牝,3,北村友一, 55 ,15,1,"  ","  ","  ","  ",,14,10,芝,2000,A,良,0,,(美),田島俊明,1580,0.9,9,9,10,34.9,52.0,*,54.20,43.9,2.7,468,+2,,(125.7),,,,,,
,241013,5京4,11,秋華賞G1,ラビットアイ,,牝,3,横山典弘, 55 ,15,6,"  ","  ","  ","  ",,15,11,芝,2000,A,良,0,,(栗),鈴木孝志,1583,1.2,15,15,15,34.4,54.5,*,54.20,43.9,3.5,486,-2,,(145.2),,,,,,
,241013,5京4,11,秋華賞G1,アドマイヤベル,,牝,3,横山武史, 55 ,15,9,"  ","  ","  ","  ",,11,12,芝,2000,A,良,0,,(美),加藤征弘,1585,1.4,6,4,6,35.7,49.4,,54.20,43.9,2.4,496,+12,,(51.5),,,,,,
,241013,5京4,11,秋華賞G1,セキトバイースト,,牝,3,藤岡佑介, 55 ,15,15,"  ","  ","  ","  ",,10,13,芝,2000,A,良,0,,(栗),四位洋文,1585,1.4,1,1,1,38.1,40.4,,54.20,43.9,0.0,458,+6,,(33.0),,,,,,
,241013,5京4,11,秋華賞G1,ランスオブクイーン,,牝,3,松山弘平, 55 ,15,11,"  ","  ","  ","  ",,6,14,芝,2000,A,良,0,,(栗),奥村豊,1586,1.5,6,7,7,35.7,49.5,,54.20,43.9,2.5,446,+8,,(16.7),,,,,,
,241013,5京4,11,秋華賞G1,クイーンズウォーク,,牝,3,川田将雅, 55 ,15,3,"  ","  ","  ","  ",,3,15,芝,2000,A,良,0,,(栗),中内田充,1596,2.5,14,9,7,36.5,47.6,,54.20,43.9,2.7,524,+2,,(6.8),,,,,,
,241013,5京4,10,アカイＨ･3勝,ダンテバローズ,,牡,4,岩田望来, 56 ,13,13,"  ","  ","  ","  ",,6,１,ダ,1800,,良,1840,,(栗),上村洋行,1522,-0.1,2,2,3,36.6,53.3,*,54.03,52.4,0.2,516,+2,B,1170,420,10730,8840,15590,12870,90140
,241013,5京4,10,アカイＨ･3勝,メイショウコガシラ,,牡,4,酒井学, 56 ,13,12,"  ","  ","  ","  ",,9,２,ダ,1800,,良,740,,(栗),本田優,1523,0.1,4,4,4,36.5,53.8,*,54.03,52.4,0.4,492,-4,,(22.1),460,10730,8840,15590,12870,90140
,241013,5京4,10,アカイＨ･3勝,サイモンザナドゥ,,牡,4,武豊, 57 ,13,8,"  ","  ","  ","  ",,2,３,ダ,1800,,良,460,,(栗),小林真也,1525,0.3,10,9,8,36.3,55.0,*,54.03,52.4,0.8,474,+4,,(5.3),180,,,,12870,90140
,241013,5京4,10,アカイＨ･3勝,セクシーブーケ,,牝,3,北村友一, 53 ,13,11,"  ","  ","  ","  ",,1,４,ダ,1800,,良,280,,(栗),田中克典,1528,0.6,6,7,6,36.8,53.3,*,54.03,52.4,0.6,446,0,,(2.9),,,,,,
,241013,5京4,10,アカイＨ･3勝,オンザライン,,セ,6,松山弘平, 57 ,13,9,"  ","  ","  ","  ",,4,５,ダ,1800,,良,184,,(美),大和田成,1528,0.6,8,9,10,36.6,54.1,*,54.03,52.4,0.8,444,-8,,(10.7),,,,,,
,241013,5京4,10,アカイＨ･3勝,レッドプロフェシー,,牡,4,坂井瑠星, 56 ,13,6,"  ","  ","  ","  ",,8,６,ダ,1800,,良,0,,(栗),大久保龍,1529,0.7,4,4,4,37.2,51.7,*,54.03,52.4,0.3,484,+6,,(17.7),,,,,,
,241013,5京4,10,アカイＨ･3勝,マリアナトレンチ,,牡,4,鮫島克駿, 55 ,13,4,"  ","  ","  ","  ",,10,７,ダ,1800,,良,0,,(栗),音無秀孝,1530,0.8,11,11,12,36.6,54.4,*,54.03,52.4,1.0,468,0,,(23.3),,,,,,
,241013,5京4,10,アカイＨ･3勝,インヒズアイズ,,牝,4,吉村誠之, 52 ,13,1,"  ","  ","  ","  ",,11,８,ダ,1800,,良,0,*,(栗),矢作芳人,1532,1.0,1,2,1,37.8,49.7,*,54.03,52.4,0.0,480,-2,,(29.5),,,,,,
,241013,5京4,10,アカイＨ･3勝,ヨリノサファイヤ,,牝,4,西村淳也, 53 ,13,5,"  ","  ","  ","  ",,7,９,ダ,1800,,良,0,,(美),根本康広,1533,1.1,6,4,6,37.5,51.1,,54.03,52.4,0.4,522,-14,,(15.9),,,,,,
,241013,5京4,10,アカイＨ･3勝,メイショウシナノ,,牡,4,田口貫太, 57 ,13,2,"  ","  ","  ","  ",,5,10,ダ,1800,,良,0,,(栗),大橋勇樹,1534,1.2,8,7,8,37.5,51.2,,54.03,52.4,0.5,500,+2,,(10.8),,,,,,
,241013,5京4,10,アカイＨ･3勝,レアンダー,,牡,3,幸英明, 55 ,13,10,"  ","  ","  ","  ",,3,11,ダ,1800,,良,0,,(栗),大根田裕,1534,1.2,2,1,2,38.0,49.2,,54.03,52.4,0.0,466,+6,,(7.0),,,,,,
,241013,5京4,10,アカイＨ･3勝,アスクビックスター,,牡,5,古川奈穂, 54 ,13,3,"  ","  ","  ","  ",,12,12,ダ,1800,,良,0,*,(栗),矢作芳人,1535,1.3,13,11,10,37.2,52.6,,54.03,52.4,0.9,498,+4,,(180.8),,,,,,
,241013,5京4,10,アカイＨ･3勝,フームスムート,,牡,7,古川吉洋, 55 ,13,7,"  ","  ","  ","  ",,13,13,ダ,1800,,良,0,,(美),水野貴広,1550,2.8,11,11,12,38.5,49.4,,54.03,52.4,1.1,520,-2,B,(296.4),,,,,,
,241013,5京4,9,１勝ｸﾗｽ,メイショウタイゲイ,,牡,5,団野大成, 58 ,14,5,"  ","  ","  ","  ",,4,１,ダ,1200,,良,800,,(栗),荒川義之,1119,-0.1,,8,8,36.5,47.0,*,44.60,39.7,1.4,460,+6,,830,190,840,900,2560,20510,102210
,241013,5京4,9,１勝ｸﾗｽ,クリノオリーブ,,牝,3,田口貫太,54☆,14,1,"  ","  ","  ","  ",,1,２,ダ,1200,,良,320,,(栗),谷潔,1120,0.1,,1,1,38.0,39.5,*,44.60,39.7,0.0,462,+2,,(2.8),140,840,900,2560,20510,102210
,241013,5京4,9,１勝ｸﾗｽ,ロードドミニオン,,セ,7,川須栄彦, 58 ,14,6,"  ","  ","  ","  ",,13,３,ダ,1200,,良,200,,(栗),畑端省吾,1122,0.3,,10,10,36.6,47.3,*,44.60,39.7,1.6,442,+8,,(127.6),1540,,,,20510,102210
,241013,5京4,9,１勝ｸﾗｽ,エブライト,,牝,3,長岡禎仁, 55 ,14,14,"  ","  ","  ","  ",,9,４,ダ,1200,,良,120,,(栗),橋口慎介,1124,0.5,,10,8,36.8,46.7,*,44.60,39.7,1.6,478,+2,,(22.8),,,,,,
,241013,5京4,9,１勝ｸﾗｽ,オコタンペ,,牡,3,横山武史, 57 ,14,3,"  ","  ","  ","  ",,5,５,ダ,1200,,良,80,,(栗),須貝尚介,1124,0.5,,12,10,36.7,47.3,*,44.60,39.7,1.7,492,0,,(9.1),,,,,,
,241013,5京4,9,１勝ｸﾗｽ,エブリモーメント,,牡,3,西村淳也, 57 ,14,4,"  ","  ","  ","  ",,3,６,ダ,1200,,良,0,,(栗),牧田和弥,1124,0.5,,4,4,38.1,40.0,*,44.60,39.7,0.3,496,0,B,(5.9),,,,,,
,241013,5京4,9,１勝ｸﾗｽ,モーデン,,牡,6,古川奈穂,54★,14,7,"  ","  ","  ","  ",,11,７,ダ,1200,,良,0,,(栗),藤沢則雄,1129,1.0,,13,13,36.9,47.6,*,44.60,39.7,2.0,482,+4,,(77.3),,,,,,
,241013,5京4,9,１勝ｸﾗｽ,ドレシャス,,牝,3,橋木太希,52▲,14,12,"  ","  ","  ","  ",,10,８,ダ,1200,,良,0,,(栗),西園正都,1130,1.1,,7,7,37.9,42.6,,44.60,39.7,1.1,470,-2,,(47.8),,,,,,
,241013,5京4,9,１勝ｸﾗｽ,タイセイアレス,,牡,3,ルメール, 57 ,14,11,"  ","  ","  ","  ",,2,９,ダ,1200,,良,0,,(栗),西村真幸,1130,1.1,,2,2,38.7,38.6,,44.60,39.7,0.3,476,+8,,(4.5),,,,,,
,241013,5京4,9,１勝ｸﾗｽ,タガノヒナタ,,牝,3,小沢大仁,54☆,14,10,"  ","  ","  ","  ",,8,10,ダ,1200,,良,0,,(栗),石橋守,1130,1.1,,4,5,38.5,39.6,,44.60,39.7,0.5,502,+4,,(22.8),,,,,,
,241013,5京4,9,１勝ｸﾗｽ,トモジャアルマンド,,牡,7,幸英明, 58 ,14,13,"  ","  ","  ","  ",,6,11,ダ,1200,,良,0,,(栗),大根田裕,1131,1.2,,6,6,38.2,41.4,,44.60,39.7,0.9,500,0,B,(11.4),,,,,,
,241013,5京4,9,１勝ｸﾗｽ,レインメーカー,,牡,4,藤岡佑介, 58 ,14,2,"  ","  ","  ","  ",,14,12,ダ,1200,,良,0,,(栗),安田翔伍,1131,1.2,,14,14,36.5,50.3,*,44.60,39.7,2.6,456,+2,B,(153.3),,,,,,
,241013,5京4,9,１勝ｸﾗｽ,セールヴォラン,,牡,3,池添謙一, 57 ,14,8,"  ","  ","  ","  ",,7,13,ダ,1200,,良,0,,(栗),北出成人,1132,1.3,,2,2,39.1,37.2,,44.60,39.7,0.1,450,+8,,(18.5),,,,,,
,241013,5京4,9,１勝ｸﾗｽ,ピンクムーン,,牝,5,河原田菜,52★,14,9,"  ","  ","  ","  ",,12,14,ダ,1200,,良,0,,(栗),渡辺薫彦,1138,1.9,,8,10,38.3,42.7,,44.60,39.7,1.5,456,+16,B,(125.0),,,,,,
,241013,5京4,8,もみじＳ,リリーフィールド,,牝,2,岩田望来, 55 ,6,4,"  ","  ","  ","  ",,4,１,芝,1400,A,良,1600,,(栗),小崎憲,1212,-0.6,,2,1,35.4,47.0,*,46.90,47.0,0.0,428,0,,560,250,,1380,2650,710,6100
,241013,5京4,8,もみじＳ,インフローレ,,牝,2,藤岡佑介, 55 ,6,5,"  ","  ","  ","  ",,3,２,芝,1400,A,良,640,,(栗),寺島良,1218,0.6,,5,3,35.6,47.3,*,46.90,47.0,0.4,440,-4,,(4.5),210,,1380,2650,710,6100
,241013,5京4,8,もみじＳ,マックアルイーン,,牡,2,ルメール, 56 ,6,6,"  ","  ","  ","  ",,1,３,芝,1400,A,良,400,,(美),木村哲也,1218,0.6,,2,3,35.8,46.4,*,46.90,47.0,0.2,514,-4,,(2.2),,,,,710,6100
,241013,5京4,8,もみじＳ,アスゴッド,,牡,2,北村友一, 56 ,6,3,"  ","  ","  ","  ",,6,４,芝,1400,A,良,240,,(栗),矢作芳人,1220,0.8,,5,5,35.4,48.7,*,46.90,47.0,0.8,496,+6,,(29.4),,,,,,
,241013,5京4,8,もみじＳ,セルヴァンス,,牡,2,坂井瑠星, 56 ,6,1,"  ","  ","  ","  ",,5,５,芝,1400,A,良,160,,(栗),小椋研介,1226,1.4,,2,5,36.1,46.6,,46.90,47.0,0.7,430,+8,,(9.2),,,,,,
,241013,5京4,8,もみじＳ,ジャスパーディビネ,,牡,2,武豊, 56 ,6,2,"  ","  ","  ","  ",,2,６,芝,1400,A,良,0,,(栗),森秀行,1238,2.6,,1,2,38.0,40.4,,46.90,47.0,0.0,516,+10,,(3.8),,,,,,
,241013,5京4,7,２勝ｸﾗｽ,オールナット,,牡,3,北村友一, 56 ,8,3,"  ","  ","  ","  ",,2,１,芝,1800,A,良,1140,,(栗),高野友和,1453,-0.3,,5,5,33.7,56.2,*,54.27,52.6,0.8,524,+10,,390,160,,790,1380,1600,6740
,241013,5京4,7,２勝ｸﾗｽ,リラボニート,,牝,3,浜中俊, 54 ,8,2,"  ","  ","  ","  ",,3,２,芝,1800,A,良,460,,(栗),須貝尚介,1456,0.3,,2,2,34.5,53.0,*,54.27,52.6,0.3,466,+2,,(5.2),180,,790,1380,1600,6740
,241013,5京4,7,２勝ｸﾗｽ,アウフヘーベン,,牝,4,鮫島克駿, 56 ,8,1,"  ","  ","  ","  ",,6,３,芝,1800,A,良,290,,(栗),高橋亮,1457,0.4,,3,3,34.4,53.6,*,54.27,52.6,0.5,462,+2,,(10.4),220,,,,1600,6740
,241013,5京4,7,２勝ｸﾗｽ,イトカワサクラ,,牝,4,幸英明, 56 ,8,5,"  ","  ","  ","  ",,5,４,芝,1800,A,良,170,,(栗),牧田和弥,1457,0.4,,8,6,33.2,59.2,*,54.27,52.6,1.7,460,-6,,(6.5),,,,,,
,241013,5京4,7,２勝ｸﾗｽ,ナヴォーナ,,牡,4,坂井瑠星, 58 ,8,4,"  ","  ","  ","  ",,1,５,芝,1800,A,良,114,,(栗),矢作芳人,1460,0.7,,3,3,34.7,52.7,*,54.27,52.6,0.5,486,-4,,(2.9),,,,,,
,241013,5京4,7,２勝ｸﾗｽ,ジッピーレーサー,,セ,7,津村明秀, 58 ,8,6,"  ","  ","  ","  ",,8,６,芝,1800,A,良,0,,(美),高木登,1462,0.9,,6,6,34.2,55.3,*,54.27,52.6,1.2,474,-4,,(138.3),,,,,,
,241013,5京4,7,２勝ｸﾗｽ,パンドレア,,牝,5,吉村誠之,53▲,8,8,"  ","  ","  ","  ",,7,７,芝,1800,A,良,0,,(栗),斉藤崇史,1464,1.1,,1,1,35.6,49.4,,54.27,52.6,0.0,460,+8,B,(48.9),,,,,,
,241013,5京4,7,２勝ｸﾗｽ,ダノンフロイデ,,牡,5,松山弘平, 58 ,8,7,"  ","  ","  ","  ",,4,８,芝,1800,A,良,0,,(栗),藤原英昭,1466,1.3,,7,8,34.1,56.3,*,54.27,52.6,1.7,490,+4,,(5.2),,,,,,
,241013,5京4,6,１勝ｸﾗｽ,タイセイミニスター,,牡,3,幸英明, 56 ,10,8,"  ","  ","  ","  ",,7,１,ダ,1800,,良,800,,(栗),大橋勇樹,1537,-0.0,6,5,3,38.1,49.2,*,49.57,46.9,0.6,488,+4,,2220,570,15930,17870,33370,30250,316520
,241013,5京4,6,１勝ｸﾗｽ,テイエムシップ,,牡,5,鮫島良太, 58 ,10,5,"  ","  ","  ","  ",,8,２,ダ,1800,,良,320,,(栗),河嶋宏樹,1537,0.0,5,5,6,38.1,49.2,*,49.57,46.9,0.6,516,-2,,(30.8),690,15930,17870,33370,30250,316520
,241013,5京4,6,１勝ｸﾗｽ,ウォーターリーダー,,牡,4,中井裕二, 58 ,10,4,"  ","  ","  ","  ",,4,３,ダ,1800,,良,200,,(栗),藤野健太,1539,0.2,8,8,8,37.9,50.3,*,49.57,46.9,1.0,466,+18,,(11.4),400,,,,30250,316520
,241013,5京4,6,１勝ｸﾗｽ,レイワサンサン,,牡,3,鮫島克駿, 56 ,10,6,"  ","  ","  ","  ",,6,４,ダ,1800,,良,120,,(栗),高柳大輔,1540,0.3,3,3,3,38.6,47.7,*,49.57,46.9,0.4,486,-12,,(17.8),,,,,,
,241013,5京4,6,１勝ｸﾗｽ,バトンインディ,,牡,3,田口貫太,55☆,10,3,"  ","  ","  ","  ",,5,５,ダ,1800,,良,80,,(栗),安達昭夫,1540,0.3,2,2,1,38.8,46.9,*,49.57,46.9,0.2,458,+1,,(14.8),,,,,,
,241013,5京4,6,１勝ｸﾗｽ,アドマイヤソラ,,牡,4,川田将雅, 58 ,10,9,"  ","  ","  ","  ",,2,６,ダ,1800,,良,0,,(栗),友道康夫,1541,0.4,6,7,7,38.4,48.6,*,49.57,46.9,0.7,526,+4,,(3.1),,,,,,
,241013,5京4,6,１勝ｸﾗｽ,ホークフィールド,,牡,3,坂井瑠星, 56 ,10,10,"  ","  ","  ","  ",,1,７,ダ,1800,,良,0,,(栗),武英智,1543,0.6,4,3,3,38.9,46.9,*,49.57,46.9,0.4,482,+4,,(1.8),,,,,,
,241013,5京4,6,１勝ｸﾗｽ,トモジャオッシュ,,牡,3,古川吉洋, 56 ,10,1,"  ","  ","  ","  ",,9,８,ダ,1800,,良,0,,(栗),大根田裕,1551,1.4,10,8,8,39.1,47.2,,49.57,46.9,1.0,480,-3,,(130.0),,,,,,
,241013,5京4,6,１勝ｸﾗｽ,ピストンボーイ,,牡,3,松山弘平, 56 ,10,2,"  ","  ","  ","  ",,3,９,ダ,1800,,良,0,,(栗),池添学,1558,2.1,1,1,2,40.8,41.9,,49.57,46.9,0.0,508,+8,B,(10.7),,,,,,
,241013,5京4,6,１勝ｸﾗｽ,カシノインディード,,牡,4,川又賢治, 58 ,10,7,"  ","  ","  ","  ",,10,10,ダ,1800,,良,0,,(栗),牧田和弥,1563,2.6,9,10,8,40.4,43.9,,49.57,46.9,0.9,470,-4,,(193.1),,,,,,
,241013,5京4,5,新馬,ロヴィーサ,,牝,2,幸英明, 55 ,11,1,"  ","  ","  ","  ",,9,１,芝,1800,A,良,720,,(栗),大根田裕,1494,-0.2,,3,3,35.0,56.3,*,56.10,55.4,0.2,434,,,4410,990,17000,20580,46900,23580,224880
,241013,5京4,5,新馬,シストロン,,牝,2,西村淳也, 55 ,11,4,"  ","  ","  ","  ",,6,２,芝,1800,A,良,290,,(栗),中竹和也,1496,0.2,,5,5,35.0,56.6,*,56.10,55.4,0.4,462,,,(10.9),330,17000,20580,46900,23580,224880
,241013,5京4,5,新馬,ドゥラルーナ,,牝,2,武豊, 55 ,11,5,"  ","  ","  ","  ",,2,３,芝,1800,A,良,180,,(栗),清水久詞,1497,0.3,,3,3,35.3,55.4,*,56.10,55.4,0.2,454,,,(4.5),200,,,,23580,224880
,241013,5京4,5,新馬,ダンタリオン,,牡,2,岩田望来, 56 ,11,11,"  ","  ","  ","  ",,1,４,芝,1800,A,良,110,,(栗),上村洋行,1499,0.5,,6,6,35.2,56.1,*,56.10,55.4,0.5,468,,,(3.4),,,,,,
,241013,5京4,5,新馬,コリカンチャ,,牡,2,団野大成, 56 ,11,10,"  ","  ","  ","  ",,5,５,芝,1800,A,良,72,,(栗),斉藤崇史,1499,0.5,,8,8,35.0,57.0,*,56.10,55.4,0.7,482,,,(7.7),,,,,,
,241013,5京4,5,新馬,サイモンノーブル,,牡,2,川須栄彦, 56 ,11,8,"  ","  ","  ","  ",,11,６,芝,1800,A,良,0,,(栗),梅田智之,1500,0.6,,10,10,34.7,58.5,*,56.10,55.4,1.1,438,,,(138.5),,,,,,
,241013,5京4,5,新馬,マテンロウカナロア,,牡,2,横山典弘, 56 ,11,6,"  ","  ","  ","  ",,3,７,芝,1800,A,良,0,,(栗),野中賢二,1501,0.7,,6,6,35.4,55.5,*,56.10,55.4,0.5,482,,,(4.9),,,,,,
,241013,5京4,5,新馬,ディープカインズ,,牡,2,古川吉洋, 56 ,11,3,"  ","  ","  ","  ",,7,８,芝,1800,A,良,0,,(栗),本田優,1508,1.4,,8,8,35.9,54.3,,56.10,55.4,0.7,430,,,(16.1),,,,,,
,241013,5京4,5,新馬,タイキフェニックス,,牡,2,荻野琢真, 56 ,11,9,"  ","  ","  ","  ",,10,９,芝,1800,A,良,0,,(栗),大久保龍,1511,1.7,,1,1,36.9,50.5,,56.10,55.4,0.0,428,,,(55.6),,,,,,
,241013,5京4,5,新馬,クナウティア,,牝,2,松山弘平, 55 ,11,7,"  ","  ","  ","  ",,8,10,芝,1800,A,良,0,,(栗),鈴木孝志,1525,3.1,,10,10,37.2,51.2,,56.10,55.4,1.1,448,,,(16.9),,,,,,
,241013,5京4,5,新馬,アクアプローヴァ,,牡,2,富田暁, 56 ,11,2,"  ","  ","  ","  ",,4,11,芝,1800,A,良,0,,(栗),四位洋文,1553,5.9,,2,2,41.0,40.6,,56.10,55.4,0.1,478,,,(6.7),,,,,,
,241013,5京4,4,新馬,コモンスナイプ,,牡,2,鮫島克駿, 56 ,16,15,"  ","  ","  ","  ",,3,１,芝,1200,A,良,720,,(栗),藤岡健一,1096,-0.3,,2,2,34.7,50.6,*,50.37,50.0,0.1,440,,,700,250,3560,4210,7300,58980,257370
,241013,5京4,4,新馬,コルネイユドール,,牝,2,岩田望来, 55 ,16,9,"  ","  ","  ","  ",,5,２,芝,1200,A,良,290,,(栗),千田輝彦,1099,0.3,,1,1,35.1,49.1,*,50.37,50.0,0.0,458,,,(13.2),360,3560,4210,7300,58980,257370
,241013,5京4,4,新馬,モズレイラココナ,,牝,2,西村淳也, 55 ,16,8,"  ","  ","  ","  ",,11,３,芝,1200,A,良,180,,(栗),杉山佳明,1099,0.3,,4,3,34.7,51.4,*,50.37,50.0,0.4,462,,,(59.9),1190,,,,58980,257370
,241013,5京4,4,新馬,セガンティーニ,,牝,2,中井裕二, 55 ,16,5,"  ","  ","  ","  ",,10,４,芝,1200,A,良,110,,(栗),坂口智康,1101,0.5,,11,10,34.1,55.6,*,50.37,50.0,1.2,466,,,(48.9),,,,,,
,241013,5京4,4,新馬,オントゥザステージ,,牝,2,横山典弘, 55 ,16,6,"  ","  ","  ","  ",,4,５,芝,1200,A,良,72,,(栗),藤原英昭,1102,0.6,,3,3,35.2,49.4,*,50.37,50.0,0.2,420,,,(8.3),,,,,,
,241013,5京4,4,新馬,ワンザストーリー,,牝,2,松山弘平, 55 ,16,1,"  ","  ","  ","  ",,7,６,芝,1200,A,良,0,,(栗),武英智,1102,0.6,,9,7,34.5,53.5,*,50.37,50.0,0.9,426,,,(20.6),,,,,,
,241013,5京4,4,新馬,スマートセラム,,牡,2,浜中俊, 56 ,16,2,"  ","  ","  ","  ",,2,７,芝,1200,A,良,0,,(栗),須貝尚介,1105,0.9,,6,5,35.1,50.9,*,50.37,50.0,0.6,436,,,(5.8),,,,,,
,241013,5京4,4,新馬,コーラルクラウン,,牡,2,川田将雅, 56 ,16,11,"  ","  ","  ","  ",,1,８,芝,1200,A,良,0,,(栗),福永祐一,1109,1.3,,9,10,35.1,52.0,,50.37,50.0,1.0,476,,,(1.9),,,,,,
,241013,5京4,4,新馬,パイソン,,牝,2,武豊, 55 ,16,7,"  ","  ","  ","  ",,6,９,芝,1200,A,良,0,,(栗),吉村圭司,1111,1.5,,14,13,34.3,57.3,*,50.37,50.0,2.0,412,,,(16.9),,,,,,
,241013,5京4,4,新馬,ナムラフィクサー,,牡,2,幸英明, 56 ,16,16,"  ","  ","  ","  ",,9,10,芝,1200,A,良,0,,(栗),鈴木孝志,1111,1.5,,4,5,35.8,48.6,,50.37,50.0,0.5,436,,,(34.7),,,,,,
,241013,5京4,4,新馬,チョウリニア,,牝,2,川端海翼,52▲,16,4,"  ","  ","  ","  ",,14,11,芝,1200,A,良,0,*,(栗),羽月友彦,1116,2.0,,12,12,35.1,54.0,,50.37,50.0,1.7,440,,,(184.5),,,,,,
,241013,5京4,4,新馬,クリノランシャーク,,牡,2,和田翼, 56 ,16,14,"  ","  ","  ","  ",,16,12,芝,1200,A,良,0,,(栗),谷潔,1117,2.1,,16,15,34.4,58.4,*,50.37,50.0,2.5,458,,,(321.5),,,,,,
,241013,5京4,4,新馬,ゼンソレイユ,,牝,2,小沢大仁,54☆,16,10,"  ","  ","  ","  ",,12,13,芝,1200,A,良,0,,(栗),佐々木晶,1117,2.1,,6,9,36.2,48.1,,50.37,50.0,0.7,424,,,(152.1),,,,,,
,241013,5京4,4,新馬,ロドピス,,牝,2,池添謙一, 55 ,16,3,"  ","  ","  ","  ",,8,14,芝,1200,A,良,0,,(栗),吉田直弘,1117,2.1,,6,7,36.2,48.1,,50.37,50.0,0.7,404,,,(30.0),,,,,,
,241013,5京4,4,新馬,ローズゴジャール,,牝,2,団野大成, 55 ,16,12,"  ","  ","  ","  ",,13,15,芝,1200,A,良,0,,(栗),荒川義之,1119,2.3,,12,13,35.3,53.7,,50.37,50.0,1.8,394,,,(157.4),,,,,,
,241013,5京4,4,新馬,レベリオン,,牡,2,城戸義政, 56 ,16,13,"  ","  ","  ","  ",,15,16,芝,1200,A,良,0,*,(栗),羽月友彦,1127,3.1,,15,16,35.3,55.9,,50.37,50.0,2.6,458,,,(213.6),,,,,,
,241013,5京4,3,未勝利*,センツブラッド,,牡,2,ルメール, 56 ,9,1,"  ","  ","  ","  ",,1,１,芝,2000,A,良,550,,(栗),斉藤崇史,2003,-0.0,4,2,2,35.4,52.8,*,52.80,52.0,0.2,460,+2,,170,110,170,200,310,320,770
,241013,5京4,3,未勝利*,リアライズオーラム,,牡,2,川田将雅, 56 ,9,7,"  ","  ","  ","  ",,2,２,芝,2000,A,良,220,,(栗),須貝尚介,2003,0.0,5,5,5,35.2,53.6,*,52.80,52.0,0.4,496,+2,,(2.8),110,170,200,310,320,770
,241013,5京4,3,未勝利*,テーオーシュタイン,,牡,2,鮫島克駿, 56 ,9,2,"  ","  ","  ","  ",,3,３,芝,2000,A,良,140,,(栗),梅田智之,2007,0.4,2,4,2,35.7,52.0,*,52.80,52.0,0.3,456,-4,,(7.9),120,,,,320,770
,241013,5京4,3,未勝利*,ビジュードネージュ,,牝,2,西村淳也, 55 ,9,8,"  ","  ","  ","  ",,5,４,芝,2000,A,良,83,,(栗),高柳大輔,2012,0.9,2,2,2,36.3,50.2,*,52.80,52.0,0.2,424,+4,,(21.4),,,,,,
,241013,5京4,3,未勝利*,ケイアイワイラーパ,,牡,2,岩田望来, 56 ,9,4,"  ","  ","  ","  ",,6,５,芝,2000,A,良,55,,(栗),野中賢二,2013,1.0,5,5,5,36.2,50.7,*,52.80,52.0,0.4,490,+2,,(24.4),,,,,,
,241013,5京4,3,未勝利*,シャンパンゴールド,,牝,2,小沢大仁,54☆,9,6,"  ","  ","  ","  ",,7,６,芝,2000,A,良,0,,(栗),今野貞一,2017,1.4,7,7,8,36.2,51.2,,52.80,52.0,0.8,450,-6,,(91.8),,,,,,
,241013,5京4,3,未勝利*,マテンロウアトラス,,牡,2,古川吉洋, 56 ,9,9,"  ","  ","  ","  ",,4,７,芝,2000,A,良,0,,(栗),昆貢,2018,1.5,1,1,1,37.1,47.8,,52.80,52.0,0.0,490,-4,,(13.0),,,,,,
,241013,5京4,3,未勝利*,オドラニャソンソン,,牡,2,吉村誠之,53▲,9,3,"  ","  ","  ","  ",,8,８,芝,2000,A,良,0,,(栗),音無秀孝,2019,1.6,7,7,7,36.5,50.3,,52.80,52.0,0.7,456,+2,,(94.8),,,,,,
,241013,5京4,3,未勝利*,コスモチャンティ,,牝,2,石川裕紀, 55 ,9,5,"  ","  ","  ","  ",,9,９,芝,2000,A,良,0,,(栗),吉田直弘,2026,2.3,9,9,9,36.7,50.3,,52.80,52.0,1.2,428,+2,,(205.2),,,,,,
,241013,5京4,2,未勝利*,マテンロウブレイブ,,牡,2,横山典弘, 56 ,10,6,"  ","  ","  ","  ",,3,１,ダ,1800,,良,550,,(栗),高橋亮,1535,-0.6,6,3,2,38.2,48.6,*,45.90,47.4,0.3,488,-4,,360,140,390,470,880,2870,9550
,241013,5京4,2,未勝利*,レイナデアルシーラ,,牝,2,松山弘平, 55 ,10,8,"  ","  ","  ","  ",,1,２,ダ,1800,,良,220,,(栗),西園正都,1541,0.6,1,1,1,39.1,45.9,*,45.90,47.4,0.0,496,+2,,(2.9),140,390,470,880,2870,9550
,241013,5京4,2,未勝利*,ヒフミバンダム,,セ,2,吉村誠之,53▲,10,4,"  ","  ","  ","  ",,7,３,ダ,1800,,良,140,,(栗),小栗実,1557,2.2,4,3,4,40.4,43.2,*,45.90,47.4,0.3,472,-6,,(41.0),480,,,,2870,9550
,241013,5京4,2,未勝利*,フェイトライン,,牡,2,団野大成, 56 ,10,1,"  ","  ","  ","  ",,5,４,ダ,1800,,良,83,,(栗),斉藤崇史,1558,2.3,7,5,4,40.5,43.0,,45.90,47.4,0.3,512,+14,,(13.4),,,,,,
,241013,5京4,2,未勝利*,ウルスクローム,,牡,2,田口貫太,55☆,10,10,"  ","  ","  ","  ",,2,５,ダ,1800,,良,55,,(栗),大橋勇樹,1560,2.5,2,2,2,41.0,41.5,,45.90,47.4,0.0,476,+4,,(2.9),,,,,,
,241013,5京4,2,未勝利*,クリノエニシ,,牡,2,高倉稜, 56 ,10,9,"  ","  ","  ","  ",,8,６,ダ,1800,,良,0,,(栗),武英智,1564,2.9,10,8,8,40.1,45.1,*,45.90,47.4,1.3,480,-2,,(113.4),,,,,,
,241013,5京4,2,未勝利*,ヒルノカーディフ,,牝,2,古川吉洋, 55 ,10,2,"  ","  ","  ","  ",,6,７,ダ,1800,,良,0,,(栗),昆貢,1569,3.4,2,6,6,41.3,41.5,,45.90,47.4,0.6,430,+6,,(24.8),,,,,,
,241013,5京4,2,未勝利*,ドクターサクラ,,牝,2,鮫島良太, 55 ,10,5,"  ","  ","  ","  ",,9,８,ダ,1800,,良,0,,(栗),河嶋宏樹,1590,5.5,8,9,9,42.2,41.0,,45.90,47.4,1.8,436,0,,(146.1),,,,,,
,241013,5京4,2,未勝利*,ブライトイメル,,牡,2,幸英明, 56 ,10,7,"  ","  ","  ","  ",,4,９,ダ,1800,,良,0,,(栗),本田優,1591,5.6,4,7,7,43.3,37.5,,45.90,47.4,0.8,426,+2,,(6.9),,,,,,
,241013,5京4,2,未勝利*,ワンダーエバー,,牡,2,河原田菜,52★,10,3,"  ","  ","  ","  ",,10,10,ダ,1800,,良,0,,(栗),河内洋,1596,6.1,9,10,10,42.2,41.7,,45.90,47.4,2.4,492,+6,,(226.8),,,,,,
,241013,5京4,1,未勝利*,シャドウキャッスル,,牡,2,松山弘平, 56 ,11,8,"  ","  ","  ","  ",,1,１,ダ,1400,,良,550,,(栗),藤原英昭,1255,-0.3,,2,2,38.0,43.8,*,44.43,42.9,0.2,456,-8,,310,140,800,830,1450,1220,5520
,241013,5京4,1,未勝利*,キョラムン,,牝,2,小沢大仁,54☆,11,1,"  ","  ","  ","  ",,3,２,ダ,1400,,良,220,*,(栗),石橋守,1258,0.3,,3,3,38.1,43.9,*,44.43,42.9,0.4,462,+8,,(5.0),140,800,830,1450,1220,5520
,241013,5京4,1,未勝利*,マテンロウコマンド,,牡,2,横山武史, 56 ,11,2,"  ","  ","  ","  ",,2,３,ダ,1400,,良,140,,(栗),長谷川浩,1260,0.5,,8,10,37.8,45.6,*,44.43,42.9,0.9,490,-8,,(3.1),130,,,,1220,5520
,241013,5京4,1,未勝利*,メイショウアイク,,牡,2,西村淳也, 56 ,11,5,"  ","  ","  ","  ",,4,４,ダ,1400,,良,83,*,(栗),石橋守,1262,0.7,,3,3,38.5,42.9,*,44.43,42.9,0.4,506,+4,,(6.6),,,,,,
,241013,5京4,1,未勝利*,アンノドミニ,,牡,2,吉村誠之,53▲,11,4,"  ","  ","  ","  ",,8,５,ダ,1400,,良,55,,(栗),佐々木晶,1270,1.5,,10,8,38.4,44.9,,44.43,42.9,1.3,442,+4,,(32.0),,,,,,
,241013,5京4,1,未勝利*,サントモナルカ,,牡,2,鮫島克駿, 56 ,11,3,"  ","  ","  ","  ",,6,６,ダ,1400,,良,0,,(栗),平田修,1274,1.9,,5,6,39.5,40.9,,44.43,42.9,0.6,450,+2,,(28.9),,,,,,
,241013,5京4,1,未勝利*,ペプチドシナノ,,牡,2,藤岡佑介, 56 ,11,10,"  ","  ","  ","  ",,5,７,ダ,1400,,良,0,,(栗),武英智,1276,2.1,,7,5,39.5,41.3,,44.43,42.9,0.8,462,+2,B,(9.8),,,,,,
,241013,5京4,1,未勝利*,テルモピュライ,,牡,2,北村友一, 56 ,11,11,"  ","  ","  ","  ",,10,８,ダ,1400,,良,0,,(栗),飯田祐史,1281,2.6,,5,6,40.2,39.4,,44.43,42.9,0.6,468,+2,,(34.4),,,,,,
,241013,5京4,1,未勝利*,インマイブラッド,,牝,2,団野大成, 55 ,11,6,"  ","  ","  ","  ",,9,９,ダ,1400,,良,0,,(栗),中尾秀正,1288,3.3,,8,8,40.6,39.0,,44.43,42.9,0.9,428,+2,,(32.9),,,,,,
,241013,5京4,1,未勝利*,ヤヌシサンダー,,牡,2,古川吉洋, 56 ,11,9,"  ","  ","  ","  ",,11,10,ダ,1400,,良,0,,(栗),牧田和弥,1289,3.4,,10,11,40.3,40.4,,44.43,42.9,1.3,426,+4,,(235.5),,,,,,
,241013,5京4,1,未勝利*,メイショウセオト,,牝,2,角田大和, 55 ,11,7,"  ","  ","  ","  ",,7,11,ダ,1400,,良,0,,(栗),笹田和秀,1302,4.7,,1,1,42.9,32.7,,44.43,42.9,0.0,470,+4,,(31.8),,,,,,
,241012,5京3,12,２勝ｸﾗｽ,オックスリップ,,牝,4,坂井瑠星, 56 ,17,12,"  ","  ","  ","  ",,5,１,芝,1200,A,良,1140,,(栗),杉山晴紀,1079,-0.1,,4,4,34.0,49.7,*,52.13,46.8,0.5,466,0,B,1020,290,1630,3170,7260,11510,75110
,241012,5京3,12,２勝ｸﾗｽ,バンドシェル,,牡,3,ルメール, 57 ,17,7,"  ","  ","  ","  ",,3,２,芝,1200,A,良,460,,(栗),西村真幸,1080,0.1,,17,16,32.9,56.7,*,52.13,46.8,1.7,482,+4,,(4.9),210,1630,3170,7260,11510,75110
,241012,5京3,12,２勝ｸﾗｽ,モンシュマン,,牡,3,岩田康誠, 57 ,17,14,"  ","  ","  ","  ",,8,３,芝,1200,A,良,290,,(栗),上村洋行,1080,0.1,,7,8,34.0,50.0,*,52.13,46.8,0.6,460,+2,,(13.8),420,,,,11510,75110
,241012,5京3,12,２勝ｸﾗｽ,ステークホルダー,,牡,4,岩田望来, 58 ,17,5,"  ","  ","  ","  ",,1,４,芝,1200,A,良,170,,(美),斎藤誠,1080,0.1,,6,6,34.1,49.4,*,52.13,46.8,0.5,458,-4,B,(3.7),,,,,,
,241012,5京3,12,２勝ｸﾗｽ,トーホウフランゴ,,牝,4,団野大成, 56 ,17,15,"  ","  ","  ","  ",,10,５,芝,1200,A,良,114,,(栗),高橋康之,1081,0.2,,13,14,33.6,52.7,*,52.13,46.8,1.1,438,-2,,(57.2),,,,,,
,241012,5京3,12,２勝ｸﾗｽ,アンクルクロス,,牡,3,長岡禎仁, 57 ,17,4,"  ","  ","  ","  ",,6,６,芝,1200,A,良,0,,(栗),高橋亮,1082,0.3,,10,8,34.1,50.0,*,52.13,46.8,0.7,466,+10,,(10.9),,,,,,
,241012,5京3,12,２勝ｸﾗｽ,トーラスシャイン,,牡,3,武豊, 57 ,17,9,"  ","  ","  ","  ",,7,７,芝,1200,A,良,0,,(栗),田中克典,1082,0.3,,3,3,34.5,47.7,*,52.13,46.8,0.3,474,0,,(12.0),,,,,,
,241012,5京3,12,２勝ｸﾗｽ,トールキン,,牡,4,幸英明, 58 ,17,13,"  ","  ","  ","  ",,11,８,芝,1200,A,良,0,,(栗),西園正都,1083,0.4,,12,11,34.0,50.9,*,52.13,46.8,0.9,492,-2,,(70.0),,,,,,
,241012,5京3,12,２勝ｸﾗｽ,プレジールミノル,,牡,6,酒井学, 58 ,17,11,"  ","  ","  ","  ",,13,９,芝,1200,A,良,0,,(栗),北出成人,1084,0.5,,13,12,34.0,51.2,*,52.13,46.8,1.0,498,+10,,(154.8),,,,,,
,241012,5京3,12,２勝ｸﾗｽ,メイショウハボタン,,牝,6,角田大和, 56 ,17,17,"  ","  ","  ","  ",,14,10,芝,1200,A,良,0,,(栗),本田優,1084,0.5,,15,14,33.7,53.0,*,52.13,46.8,1.3,482,+8,,(191.0),,,,,,
,241012,5京3,12,２勝ｸﾗｽ,ベルウッドブラボー,,牡,5,柴田大知, 58 ,17,16,"  ","  ","  ","  ",,12,11,芝,1200,A,良,0,,(美),和田雄二,1085,0.6,,7,6,34.5,48.6,*,52.13,46.8,0.6,460,-4,B,(120.9),,,,,,
,241012,5京3,12,２勝ｸﾗｽ,キャンシーエンゼル,,牝,3,松山弘平, 55 ,17,8,"  ","  ","  ","  ",,4,12,芝,1200,A,良,0,,(栗),鈴木孝志,1086,0.7,,10,12,34.3,50.0,*,52.13,46.8,0.9,472,+10,,(7.1),,,,,,
,241012,5京3,12,２勝ｸﾗｽ,ジョーメッドヴィン,,牡,3,シュタル, 57 ,17,1,"  ","  ","  ","  ",,2,13,芝,1200,A,良,0,,(栗),清水久詞,1087,0.8,,4,4,34.9,46.8,*,52.13,46.8,0.4,506,+4,,(4.7),,,,,,
,241012,5京3,12,２勝ｸﾗｽ,ベンガン,,牡,7,横山和生, 58 ,17,10,"  ","  ","  ","  ",,16,14,芝,1200,A,良,0,,(栗),千田輝彦,1088,0.9,,16,17,33.7,54.2,*,52.13,46.8,1.7,472,+8,,(236.0),,,,,,
,241012,5京3,12,２勝ｸﾗｽ,スカプラリオ,,牝,4,吉村誠之,53▲,17,2,"  ","  ","  ","  ",,15,15,芝,1200,A,良,0,,(栗),佐々木晶,1090,1.1,,7,8,35.0,47.1,,52.13,46.8,0.6,456,-4,B,(221.1),,,,,,
,241012,5京3,12,２勝ｸﾗｽ,フクノワカバ,,牝,4,鮫島克駿, 56 ,17,3,"  ","  ","  ","  ",,17,16,芝,1200,A,良,0,,(栗),杉山佳明,1099,2.0,,2,2,36.4,42.0,,52.13,46.8,0.1,452,+2,B,(322.9),,,,,,
,241012,5京3,12,２勝ｸﾗｽ,カジュフェイス,,牡,5,田口貫太,57☆,17,6,"  ","  ","  ","  ",,9,17,芝,1200,A,良,0,,(栗),森田直行,1102,2.3,,1,1,36.8,40.8,,52.13,46.8,0.0,504,+4,B,(45.9),,,,,,
,241012,5京3,11,大阪スポ,デリカダ,,牝,5,三浦皇成, 55 ,16,11,"  ","  ","  ","  ",,5,１,ダ,1800,,良,2200,,(栗),吉田直弘,1510,-0.0,7,7,7,36.8,50.8,*,50.47,48.8,0.5,494,-4,,1640,300,780,2110,5340,2880,23000
,241012,5京3,11,大阪スポ,ミスティックロア,,牡,4,坂井瑠星, 57 ,16,13,"  ","  ","  ","  ",,1,２,ダ,1800,,良,880,,(栗),矢作芳人,1510,0.0,9,10,11,36.5,52.1,*,50.47,48.8,0.8,532,-4,,(2.3),120,780,2110,5340,2880,23000
,241012,5京3,11,大阪スポ,ロードアヴニール,,牡,4,横山和生, 57 ,16,2,"  ","  ","  ","  ",,2,３,ダ,1800,,良,550,*,(栗),野中賢二,1511,0.1,1,1,1,37.4,48.5,*,50.47,48.8,0.0,490,-1,,(3.7),150,,,,2880,23000
,241012,5京3,11,大阪スポ,ミラクルティアラ,,牝,4,岩田望来, 55 ,16,7,"  ","  ","  ","  ",,9,４,ダ,1800,,良,330,*,(栗),野中賢二,1515,0.5,2,2,2,37.7,47.9,*,50.47,48.8,0.1,444,-6,,(26.2),,,,,,
,241012,5京3,11,大阪スポ,ウェルカムニュース,,牡,5,北村友一, 58 ,16,1,"  ","  ","  ","  ",,7,５,ダ,1800,,良,220,*,(栗),池江泰寿,1516,0.6,5,4,3,37.6,48.4,*,50.47,48.8,0.3,502,+10,B,(22.1),,,,,,
,241012,5京3,11,大阪スポ,バハルダール,,牡,5,水口優也, 58 ,16,14,"  ","  ","  ","  ",,6,６,ダ,1800,,良,0,*,(栗),池江泰寿,1517,0.7,16,15,13,36.9,51.4,*,50.47,48.8,1.1,510,+10,,(18.4),,,,,,
,241012,5京3,11,大阪スポ,オシゲ,,牝,4,田口貫太, 55 ,16,10,"  ","  ","  ","  ",,10,７,ダ,1800,,良,0,,(栗),須貝尚介,1517,0.7,9,10,7,37.4,49.3,*,50.47,48.8,0.6,496,+8,,(50.1),,,,,,
,241012,5京3,11,大阪スポ,シダー,,牝,5,富田暁, 55 ,16,4,"  ","  ","  ","  ",,12,８,ダ,1800,,良,0,,(栗),本田優,1518,0.8,3,4,3,37.8,47.9,*,50.47,48.8,0.3,496,-6,B,(88.3),,,,,,
,241012,5京3,11,大阪スポ,クールミラボー,,牡,4,武豊, 57 ,16,16,"  ","  ","  ","  ",,4,９,ダ,1800,,良,0,,(栗),寺島良,1518,0.8,7,4,3,37.7,48.3,*,50.47,48.8,0.4,492,0,,(14.3),,,,,,
,241012,5京3,11,大阪スポ,トウセツ,,牡,5,鮫島克駿, 57 ,16,12,"  ","  ","  ","  ",,8,10,ダ,1800,,良,0,,(栗),杉山佳明,1521,1.1,13,13,13,37.4,49.9,*,50.47,48.8,1.0,482,0,B,(25.7),,,,,,
,241012,5京3,11,大阪スポ,ヴィジョンオブラヴ,,牡,9,川須栄彦, 57 ,16,3,"  ","  ","  ","  ",,16,11,ダ,1800,,良,0,,(美),新開幸一,1521,1.1,14,13,11,37.5,49.5,,50.47,48.8,0.9,490,-10,,(432.8),,,,,,
,241012,5京3,11,大阪スポ,アルーブルト,,牡,6,幸英明, 57 ,16,8,"  ","  ","  ","  ",,13,12,ダ,1800,,良,0,,(栗),畑端省吾,1522,1.2,12,12,7,37.6,49.2,,50.47,48.8,0.9,484,+4,,(98.5),,,,,,
,241012,5京3,11,大阪スポ,キングストンボーイ,,セ,6,ルメール, 57 ,16,9,"  ","  ","  ","  ",,3,13,ダ,1800,,良,0,,(美),鹿戸雄一,1523,1.3,9,8,7,38.0,47.8,,50.47,48.8,0.6,490,-6,,(5.8),,,,,,
,241012,5京3,11,大阪スポ,メイショウユズルハ,,牡,5,浜中俊, 57 ,16,15,"  ","  ","  ","  ",,14,14,ダ,1800,,良,0,,(栗),岡田稲男,1524,1.4,15,15,15,37.5,49.9,,50.47,48.8,1.2,496,+8,B,(99.6),,,,,,
,241012,5京3,11,大阪スポ,リリーミニスター,,セ,7,古川吉洋, 57 ,16,5,"  ","  ","  ","  ",,15,15,ダ,1800,,良,0,,(栗),緒方努,1542,3.2,3,3,6,40.2,42.0,,50.47,48.8,0.3,490,+10,,(246.8),,,,,,
,241012,5京3,11,大阪スポ,テーオーシリウス,,牡,6,酒井学, 58 ,16,6,"  ","  ","  ","  ",,11,16,ダ,1800,,良,0,,(栗),奥村豊,1552,4.2,5,8,16,40.6,41.9,,50.47,48.8,0.9,468,+10,B,(67.4),,,,,,
,241012,5京3,10,大原Ｓ･3勝,ケイアイセナ,,牡,5,武豊, 58 ,14,4,"  ","  ","  ","  ",,1,１,芝,1800,A,良,1840,,(栗),平田修,1440,-0.0,,1,1,34.6,50.3,*,51.73,50.3,0.0,480,+10,,460,210,2420,2690,4100,5810,32660
,241012,5京3,10,大原Ｓ･3勝,セブンマジシャン,,牡,4,西村淳也, 58 ,14,1,"  ","  ","  ","  ",,6,２,芝,1800,A,良,740,,(栗),高野友和,1440,0.0,,3,2,34.4,51.2,*,51.73,50.3,0.2,508,+12,,(9.1),270,2420,2690,4100,5810,32660
,241012,5京3,10,大原Ｓ･3勝,ココナッツブラウン,,牝,4,岩田望来, 56 ,14,13,"  ","  ","  ","  ",,4,３,芝,1800,A,良,460,,(栗),上村洋行,1442,0.2,,13,13,33.9,53.7,*,51.73,50.3,0.9,470,+38,,(6.1),230,,,,5810,32660
,241012,5京3,10,大原Ｓ･3勝,デコラシオン,,牡,5,シュタル, 58 ,14,6,"  ","  ","  ","  ",,8,４,芝,1800,A,良,280,,(美),高木登,1443,0.3,,6,5,34.4,51.6,*,51.73,50.3,0.5,528,+10,B,(11.9),,,,,,
,241012,5京3,10,大原Ｓ･3勝,マラキナイア,,牝,4,川田将雅, 56 ,14,10,"  ","  ","  ","  ",,2,５,芝,1800,A,良,184,,(栗),吉岡辰弥,1445,0.5,,5,5,34.7,50.6,*,51.73,50.3,0.4,460,+18,,(5.3),,,,,,
,241012,5京3,10,大原Ｓ･3勝,プッシュオン,,牡,4,坂井瑠星, 58 ,14,8,"  ","  ","  ","  ",,5,６,芝,1800,A,良,0,,(栗),西村真幸,1445,0.5,,8,7,34.5,51.4,*,51.73,50.3,0.6,460,+8,,(8.0),,,,,,
,241012,5京3,10,大原Ｓ･3勝,アイスグリーン,,牡,4,鮫島克駿, 58 ,14,2,"  ","  ","  ","  ",,7,７,芝,1800,A,良,0,,(栗),池添学,1447,0.7,,3,2,35.1,49.1,*,51.73,50.3,0.2,486,+4,,(11.4),,,,,,
,241012,5京3,10,大原Ｓ･3勝,ロマンシングブルー,,牝,5,団野大成, 56 ,14,12,"  ","  ","  ","  ",,10,８,芝,1800,A,良,0,,(栗),渡辺薫彦,1448,0.8,,10,10,34.8,50.6,*,51.73,50.3,0.6,476,+2,,(40.2),,,,,,
,241012,5京3,10,大原Ｓ･3勝,ウインリブルマン,,牡,6,田口貫太, 58 ,14,14,"  ","  ","  ","  ",,13,９,芝,1800,A,良,0,,(栗),緒方努,1451,1.1,,2,2,35.6,47.6,,51.73,50.3,0.1,502,+2,,(144.0),,,,,,
,241012,5京3,10,大原Ｓ･3勝,サンクフィーユ,,牝,5,角田大和, 56 ,14,7,"  ","  ","  ","  ",,11,10,芝,1800,A,良,0,,(栗),中内田充,1452,1.2,,10,12,35.0,50.3,,51.73,50.3,0.8,472,0,B,(43.0),,,,,,
,241012,5京3,10,大原Ｓ･3勝,サウンドウォリアー,,牡,6,Ｍ．デム, 58 ,14,11,"  ","  ","  ","  ",,12,11,芝,1800,A,良,0,,(栗),高橋康之,1452,1.2,,6,7,35.3,49.0,,51.73,50.3,0.5,504,-6,,(113.1),,,,,,
,241012,5京3,10,大原Ｓ･3勝,ナムラカミカゼ,,牡,7,幸英明, 58 ,14,5,"  ","  ","  ","  ",,14,12,芝,1800,A,良,0,,(栗),村山明,1452,1.2,,10,10,35.1,49.9,,51.73,50.3,0.7,496,+4,,(294.3),,,,,,
,241012,5京3,10,大原Ｓ･3勝,ココクレーター,,牝,4,ルメール, 56 ,14,9,"  ","  ","  ","  ",,3,13,芝,1800,A,良,0,,(美),木村哲也,1453,1.3,,13,14,34.9,50.9,,51.73,50.3,1.0,430,-4,,(5.5),,,,,,
,241012,5京3,10,大原Ｓ･3勝,ドットクルー,,牡,4,松山弘平, 58 ,14,3,"  ","  ","  ","  ",,9,14,芝,1800,A,良,0,,(栗),笹田和秀,1464,2.4,,8,7,36.4,46.2,,51.73,50.3,0.6,474,+6,,(29.4),,,,,,
,241012,5京3,9,２勝ｸﾗｽ,モンブランミノル,,牡,3,松山弘平, 56 ,13,7,"  ","  ","  ","  ",,2,１,ダ,1800,,良,1140,,(栗),小栗実,1518,-0.6,2,2,2,36.1,54.8,*,53.93,54.0,0.2,492,-4,,410,120,160,180,660,720,3870
,241012,5京3,9,２勝ｸﾗｽ,ミッキークレスト,,牡,3,坂井瑠星, 56 ,13,10,"  ","  ","  ","  ",,1,２,ダ,1800,,良,460,,(栗),大久保龍,1524,0.6,6,6,3,36.2,55.2,*,53.93,54.0,0.7,508,+4,,(1.3),100,160,180,660,720,3870
,241012,5京3,9,２勝ｸﾗｽ,ワンダーブレット,,セ,5,角田大和, 58 ,13,1,"  ","  ","  ","  ",,5,３,ダ,1800,,良,290,,(栗),笹田和秀,1526,0.8,1,1,1,37.1,51.8,*,53.93,54.0,0.0,504,-2,,(26.2),230,,,,720,3870
,241012,5京3,9,２勝ｸﾗｽ,メイショウマントル,,牡,6,国分優作, 58 ,13,11,"  ","  ","  ","  ",,9,４,ダ,1800,,良,170,,(栗),安達昭夫,1526,0.8,10,7,6,36.4,54.7,*,53.93,54.0,0.7,524,+2,B,(78.1),,,,,,
,241012,5京3,9,２勝ｸﾗｽ,クリノフィガロ,,牡,3,団野大成, 56 ,13,5,"  ","  ","  ","  ",,4,５,ダ,1800,,良,114,,(栗),荒川義之,1528,1.0,3,4,3,36.9,52.8,*,53.93,54.0,0.4,494,+4,,(24.1),,,,,,
,241012,5京3,9,２勝ｸﾗｽ,クリノグローリー,,牡,4,田口貫太,57☆,13,6,"  ","  ","  ","  ",,3,６,ダ,1800,,良,0,,(栗),谷潔,1528,1.0,3,4,3,36.9,52.8,*,53.93,54.0,0.4,482,+4,,(17.1),,,,,,
,241012,5京3,9,２勝ｸﾗｽ,パーサヴィアランス,,牡,5,シュタル, 58 ,13,13,"  ","  ","  ","  ",,8,７,ダ,1800,,良,0,,(栗),西村真幸,1538,2.0,7,9,8,37.5,51.7,,53.93,54.0,0.8,466,0,B,(56.7),,,,,,
,241012,5京3,9,２勝ｸﾗｽ,ジルバーン,,牡,5,鮫島克駿, 58 ,13,8,"  ","  ","  ","  ",,7,８,ダ,1800,,良,0,*,(栗),緒方努,1541,2.3,8,7,8,37.9,50.5,,53.93,54.0,0.7,436,-2,,(38.5),,,,,,
,241012,5京3,9,２勝ｸﾗｽ,イルミネーター,,牡,7,水口優也, 58 ,13,3,"  ","  ","  ","  ",,11,９,ダ,1800,,良,0,,(栗),羽月友彦,1543,2.5,8,9,10,38.0,50.4,,53.93,54.0,0.8,480,-2,B,(132.9),,,,,,
,241012,5京3,9,２勝ｸﾗｽ,ピエナパイロ,,牝,4,河原田菜,52★,13,4,"  ","  ","  ","  ",,12,10,ダ,1800,,良,0,,(栗),渡辺薫彦,1544,2.6,12,11,11,37.6,52.1,,53.93,54.0,1.3,488,-4,B,(164.1),,,,,,
,241012,5京3,9,２勝ｸﾗｽ,バックスクリーン,,セ,5,長岡禎仁, 58 ,13,12,"  ","  ","  ","  ",,10,11,ダ,1800,,良,0,*,(栗),緒方努,1548,3.0,3,3,6,38.9,47.6,,53.93,54.0,0.4,502,-2,,(94.1),,,,,,
,241012,5京3,9,２勝ｸﾗｽ,イスカンダル,,セ,5,酒井学, 58 ,13,2,"  ","  ","  ","  ",,13,12,ダ,1800,,良,0,,(美),武藤善則,1549,3.1,11,11,13,38.0,51.2,,53.93,54.0,1.4,470,+2,B,(202.5),,,,,,
,241012,5京3,9,２勝ｸﾗｽ,エンツォウーノ,,セ,4,岩田康誠, 58 ,13,9,"  ","  ","  ","  ",,6,13,ダ,1800,,良,0,,(栗),田中克典,1558,4.0,12,11,11,39.0,48.5,,53.93,54.0,1.3,508,-8,,(26.4),,,,,,
,241012,5京3,8,紫菊賞･1勝*,ビップデイジー,,牝,2,幸英明, 55 ,6,6,"  ","  ","  ","  ",,3,１,芝,1800,A,良,1070,,(栗),松下武士,1488,-0.2,,3,3,33.3,63.4,*,61.90,61.9,0.3,438,+12,,400,160,,460,950,780,2910
,241012,5京3,8,紫菊賞･1勝*,ワンモアスマイル,,牡,2,松山弘平, 56 ,6,5,"  ","  ","  ","  ",,2,２,芝,1800,A,良,430,,(栗),藤岡健一,1490,0.2,,2,2,33.7,61.7,*,61.90,61.9,0.1,448,+2,,(2.3),130,,460,950,780,2910
,241012,5京3,8,紫菊賞･1勝*,バルティカ,,牡,2,岩田望来, 56 ,6,2,"  ","  ","  ","  ",,4,３,芝,1800,A,良,270,,(栗),高橋亮,1492,0.4,,1,1,34.0,60.6,*,61.90,61.9,0.0,434,0,,(9.5),,,,,780,2910
,241012,5京3,8,紫菊賞･1勝*,マテンロウサン,,牡,2,横山和生, 56 ,6,3,"  ","  ","  ","  ",,1,４,芝,1800,A,良,160,,(栗),昆貢,1494,0.6,,3,3,33.9,61.4,*,61.90,61.9,0.3,496,-2,,(2.2),,,,,,
,241012,5京3,8,紫菊賞･1勝*,スーパーチャンド,,牝,2,川須栄彦, 55 ,6,1,"  ","  ","  ","  ",,5,５,芝,1800,A,良,107,,(栗),西村真幸,1497,0.9,,5,5,33.9,61.8,*,61.90,61.9,0.6,450,+4,B,(65.8),,,,,,
,241012,5京3,8,紫菊賞･1勝*,ノーザトゥルース,,牝,2,泉谷楓真, 55 ,6,4,"  ","  ","  ","  ",,6,６,芝,1800,A,良,0,,(栗),村山明,1537,4.9,,5,6,37.8,50.4,,61.90,61.9,0.7,454,+2,,(91.7),,,,,,
,241012,5京3,7,１勝ｸﾗｽ,タガノミスト,,牝,3,松山弘平, 54 ,16,12,"  ","  ","  ","  ",,1,１,ダ,1400,,良,800,*,(栗),庄野靖志,1239,-0.4,,2,2,37.1,44.6,*,45.63,43.7,0.2,472,0,,340,190,4040,4790,6820,37170,139940
,241012,5京3,7,１勝ｸﾗｽ,モズナイスバディー,,牡,3,Ｍ．デム, 56 ,16,10,"  ","  ","  ","  ",,11,２,ダ,1400,,良,320,,(栗),飯田祐史,1243,0.4,,6,6,36.9,46.3,*,45.63,43.7,0.8,490,+6,,(37.8),990,4040,4790,6820,37170,139940
,241012,5京3,7,１勝ｸﾗｽ,ボブズヤアンクル,,セ,5,坂井瑠星, 58 ,16,2,"  ","  ","  ","  ",,9,３,ダ,1400,,良,200,,(栗),大久保龍,1248,0.9,,9,7,37.2,46.0,*,45.63,43.7,1.0,536,+2,,(33.5),680,,,,37170,139940
,241012,5京3,7,１勝ｸﾗｽ,ポンピエ,,牡,3,鮫島克駿, 56 ,16,1,"  ","  ","  ","  ",,7,４,ダ,1400,,良,120,,(栗),西園正都,1248,0.9,,6,7,37.4,45.1,*,45.63,43.7,0.8,446,-4,,(22.1),,,,,,
,241012,5京3,7,１勝ｸﾗｽ,フォルテローザ,,牝,3,ルメール, 54 ,16,4,"  ","  ","  ","  ",,2,５,ダ,1400,,良,80,,(栗),斉藤崇史,1249,1.0,,3,4,37.9,43.0,*,45.63,43.7,0.4,446,+12,,(3.8),,,,,,
,241012,5京3,7,１勝ｸﾗｽ,ハリウッドブルース,,牡,3,水口優也, 56 ,16,6,"  ","  ","  ","  ",,3,６,ダ,1400,,良,0,,(栗),浜田多実,1249,1.0,,14,13,36.6,49.0,*,45.63,43.7,1.7,460,0,,(4.6),,,,,,
,241012,5京3,7,１勝ｸﾗｽ,フェゲフォイア,,牡,4,浜中俊, 58 ,16,8,"  ","  ","  ","  ",,10,７,ダ,1400,,良,0,,(栗),岡田稲男,1250,1.1,,12,12,36.9,47.8,*,45.63,43.7,1.5,466,+12,,(36.1),,,,,,
,241012,5京3,7,１勝ｸﾗｽ,カツラノキサノキ,,牡,3,岩田康誠, 56 ,16,11,"  ","  ","  ","  ",,8,８,ダ,1400,,良,0,*,(栗),庄野靖志,1251,1.2,,12,11,37.1,47.0,*,45.63,43.7,1.4,488,+2,,(32.1),,,,,,
,241012,5京3,7,１勝ｸﾗｽ,タイセイブロウ,,牡,3,藤懸貴志, 56 ,16,3,"  ","  ","  ","  ",,5,９,ダ,1400,,良,0,,(栗),平田修,1253,1.4,,8,9,37.7,44.7,,45.63,43.7,1.0,500,+4,,(14.7),,,,,,
,241012,5京3,7,１勝ｸﾗｽ,グレアミラージュ,,牡,7,北村友一, 58 ,16,15,"  ","  ","  ","  ",,16,10,ダ,1400,,良,0,,(栗),笹田和秀,1257,1.8,,16,13,37.2,47.8,,45.63,43.7,1.9,472,-4,B,(159.3),,,,,,
,241012,5京3,7,１勝ｸﾗｽ,ララマルシュドロワ,,セ,4,国分優作, 58 ,16,9,"  ","  ","  ","  ",,13,11,ダ,1400,,良,0,,(栗),坂口智康,1258,1.9,,1,1,39.2,39.2,,45.63,43.7,0.0,480,+2,,(69.6),,,,,,
,241012,5京3,7,１勝ｸﾗｽ,ディスタントスカイ,,牡,3,角田大和, 56 ,16,5,"  ","  ","  ","  ",,4,12,ダ,1400,,良,0,,(栗),角田晃一,1258,1.9,,3,2,38.9,40.4,,45.63,43.7,0.3,502,+6,,(6.7),,,,,,
,241012,5京3,7,１勝ｸﾗｽ,ワキノノーブル,,牝,3,幸英明, 54 ,16,13,"  ","  ","  ","  ",,15,13,ダ,1400,,良,0,,(栗),宮本博,1263,2.4,,3,4,39.3,39.7,,45.63,43.7,0.4,462,+28,,(92.7),,,,,,
,241012,5京3,7,１勝ｸﾗｽ,シグルドリーヴァ,,牝,5,吉村誠之,53▲,16,14,"  ","  ","  ","  ",,12,14,ダ,1400,,良,0,,(栗),佐々木晶,1263,2.4,,11,15,38.1,44.9,,45.63,43.7,1.6,472,-2,,(47.6),,,,,,
,241012,5京3,7,１勝ｸﾗｽ,カセノラオー,,牡,3,田口貫太,55☆,16,16,"  ","  ","  ","  ",,14,15,ダ,1400,,良,0,,(栗),中尾秀正,1264,2.5,,14,16,37.8,46.4,,45.63,43.7,2.0,482,-3,,(90.0),,,,,,
,241012,5京3,7,１勝ｸﾗｽ,ジェネラーレ,,牡,3,岩田望来, 56 ,16,7,"  ","  ","  ","  ",,6,16,ダ,1400,,良,0,,(栗),野中賢二,1271,3.2,,9,9,39.4,40.8,,45.63,43.7,1.1,472,+2,B,(20.5),,,,,,
,241012,5京3,6,１勝ｸﾗｽ・牝,ネバーモア,,牝,3,藤岡佑介, 54 ,13,12,"  ","  ","  ","  ",,4,１,ダ,1800,,良,800,,(栗),宮本博,1527,-0.1,3,3,2,37.2,51.5,*,52.73,50.3,0.3,486,+8,,720,210,1070,1050,2620,3220,17400
,241012,5京3,6,１勝ｸﾗｽ・牝,シンコーナホチャン,,牝,3,国分優作, 54 ,13,1,"  ","  ","  ","  ",,1,２,ダ,1800,,良,320,,(栗),畑端省吾,1528,0.1,11,8,7,36.6,54.1,*,52.73,50.3,1.0,478,+6,,(2.9),160,1070,1050,2620,3220,17400
,241012,5京3,6,１勝ｸﾗｽ・牝,ラッキーマリリン,,牝,3,田口貫太,53☆,13,9,"  ","  ","  ","  ",,6,３,ダ,1800,,良,200,,(栗),鈴木孝志,1535,0.8,8,8,10,37.2,52.6,*,52.73,50.3,1.1,470,+2,,(17.9),310,,,,3220,17400
,241012,5京3,6,１勝ｸﾗｽ・牝,フェルンマンボ,,牝,5,坂井瑠星, 56 ,13,10,"  ","  ","  ","  ",,5,４,ダ,1800,,良,120,,(栗),辻野泰之,1537,1.0,9,8,8,37.5,51.6,*,52.73,50.3,1.0,472,+2,B,(10.7),,,,,,
,241012,5京3,6,１勝ｸﾗｽ・牝,フローラルセント,,牝,3,松山弘平, 54 ,13,7,"  ","  ","  ","  ",,3,５,ダ,1800,,良,80,,(栗),松下武士,1537,1.0,2,2,2,38.3,48.4,*,52.73,50.3,0.2,476,+12,,(5.0),,,,,,
,241012,5京3,6,１勝ｸﾗｽ・牝,シゲルオトヒメ,,牝,5,酒井学, 56 ,13,13,"  ","  ","  ","  ",,9,６,ダ,1800,,良,0,,(栗),谷潔,1539,1.2,12,11,10,37.5,51.9,*,52.73,50.3,1.2,430,0,,(50.5),,,,,,
,241012,5京3,6,１勝ｸﾗｽ・牝,ヒヒーン,,牝,3,川田将雅, 54 ,13,11,"  ","  ","  ","  ",,2,７,ダ,1800,,良,0,,(栗),須貝尚介,1540,1.3,6,6,4,38.0,50.0,,52.73,50.3,0.8,474,+2,,(3.3),,,,,,
,241012,5京3,6,１勝ｸﾗｽ・牝,スナークメモリー,,牝,4,鷲頭虎太,53▲,13,4,"  ","  ","  ","  ",,8,８,ダ,1800,,良,0,,(栗),庄野靖志,1542,1.5,3,3,4,38.7,47.5,,52.73,50.3,0.3,438,+4,,(37.9),,,,,,
,241012,5京3,6,１勝ｸﾗｽ・牝,グレイスオブゴッド,,牝,4,川須栄彦, 56 ,13,6,"  ","  ","  ","  ",,13,９,ダ,1800,,良,0,,(栗),緒方努,1542,1.5,5,5,4,38.5,48.3,,52.73,50.3,0.5,498,+24,,(180.8),,,,,,
,241012,5京3,6,１勝ｸﾗｽ・牝,サイモンコーラル,,牝,4,長岡禎仁, 56 ,13,3,"  ","  ","  ","  ",,11,10,ダ,1800,,良,0,,(栗),羽月友彦,1543,1.6,9,11,12,37.8,51.2,,52.73,50.3,1.3,468,+4,,(121.8),,,,,,
,241012,5京3,6,１勝ｸﾗｽ・牝,タガノエクレール,,牝,3,橋木太希,51▲,13,8,"  ","  ","  ","  ",,7,11,ダ,1800,,良,0,,(栗),西園正都,1544,1.7,1,1,1,39.2,45.9,,52.73,50.3,0.0,462,0,,(17.9),,,,,,
,241012,5京3,6,１勝ｸﾗｽ・牝,ペイシャコパ,,牝,3,中井裕二, 54 ,13,5,"  ","  ","  ","  ",,10,12,ダ,1800,,良,0,,(栗),坂口智康,1548,2.1,13,13,12,38.1,50.7,,52.73,50.3,1.5,470,+14,,(101.8),,,,,,
,241012,5京3,6,１勝ｸﾗｽ・牝,ブライトサイン,,牝,4,吉村誠之,53▲,13,2,"  ","  ","  ","  ",,12,13,ダ,1800,,良,0,,(栗),茶木太樹,1564,3.7,7,6,8,40.4,44.1,,52.73,50.3,0.8,472,+2,,(154.9),,,,,,
,241012,5京3,5,新馬,ナグルファル,,牡,2,川田将雅, 56 ,13,11,"  ","  ","  ","  ",,1,１,芝,2000,A,良,720,,(栗),杉山晴紀,2007,-0.1,2,2,2,34.2,58.4,*,58.47,58.4,0.0,502,,,330,160,1430,5250,7070,15070,69470
,241012,5京3,5,新馬,ロードガレリア,,牡,2,西村淳也, 56 ,13,8,"  ","  ","  ","  ",,12,２,芝,2000,A,良,290,,(栗),藤岡健一,2008,0.1,1,1,1,34.3,58.1,*,58.47,58.4,0.0,454,,,(44.7),860,1430,5250,7070,15070,69470
,241012,5京3,5,新馬,マテンロウシルビア,,牝,2,藤岡佑介, 55 ,13,7,"  ","  ","  ","  ",,5,３,芝,2000,A,良,180,,(栗),四位洋文,2011,0.4,5,4,4,34.2,58.9,*,58.47,58.4,0.4,424,,,(13.7),340,,,,15070,69470
,241012,5京3,5,新馬,リガーレ,,牡,2,岩田望来, 56 ,13,4,"  ","  ","  ","  ",,2,４,芝,2000,A,良,110,,(栗),池江泰寿,2014,0.7,4,4,4,34.6,57.5,*,58.47,58.4,0.3,534,,,(3.4),,,,,,
,241012,5京3,5,新馬,エテルノレガーメ,,牡,2,団野大成, 56 ,13,3,"  ","  ","  ","  ",,4,５,芝,2000,A,良,72,,(栗),野中賢二,2014,0.7,6,7,7,34.3,58.8,*,58.47,58.4,0.6,518,,,(13.3),,,,,,
,241012,5京3,5,新馬,ツーエムクロノス,,牡,2,酒井学, 56 ,13,1,"  ","  ","  ","  ",,8,６,芝,2000,A,良,0,,(栗),本田優,2018,1.1,6,4,4,35.0,56.3,,58.47,58.4,0.3,500,,,(31.5),,,,,,
,241012,5京3,5,新馬,ゴッドエスパーダ,,牡,2,角田大和, 56 ,13,13,"  ","  ","  ","  ",,10,７,芝,2000,A,良,0,,(栗),角田晃一,2020,1.3,3,3,3,35.4,54.8,,58.47,58.4,0.1,474,,,(41.3),,,,,,
,241012,5京3,5,新馬,エキサイトバイオ,,牡,2,鮫島克駿, 56 ,13,12,"  ","  ","  ","  ",,6,８,芝,2000,A,良,0,,(栗),今野貞一,2020,1.3,12,11,11,34.4,59.1,,58.47,58.4,1.1,478,,,(21.5),,,,,,
,241012,5京3,5,新馬,ドラギニャン,,牡,2,池添謙一, 56 ,13,2,"  ","  ","  ","  ",,7,９,芝,2000,A,良,0,,(栗),河嶋宏樹,2023,1.6,9,9,8,35.0,56.9,,58.47,58.4,0.8,418,,,(21.5),,,,,,
,241012,5京3,5,新馬,コンテナライン,,牝,2,坂井瑠星, 55 ,13,9,"  ","  ","  ","  ",,11,10,芝,2000,A,良,0,,(栗),高柳大輔,2027,2.0,9,9,10,35.3,56.1,,58.47,58.4,0.9,472,,,(42.9),,,,,,
,241012,5京3,5,新馬,ジーティーアメリカ,,牡,2,ルメール, 56 ,13,10,"  ","  ","  ","  ",,3,11,芝,2000,A,良,0,,(栗),吉岡辰弥,2028,2.1,6,8,8,35.6,55.0,,58.47,58.4,0.7,506,,,(3.5),,,,,,
,241012,5京3,5,新馬,ウィスパーボイス,,牡,2,鷲頭虎太,53▲,13,6,"  ","  ","  ","  ",,13,12,芝,2000,A,良,0,,(栗),千田輝彦,2034,2.7,9,12,12,35.4,56.5,,58.47,58.4,1.5,460,,,(113.8),,,,,,
,241012,5京3,5,新馬,ファラオ,,牡,2,浜中俊, 56 ,13,5,"  ","  ","  ","  ",,9,13,芝,2000,A,良,0,,(栗),辻野泰之,2111,10.4,13,13,12,43.1,37.5,,58.47,58.4,1.5,500,,,(36.3),,,,,,
,241012,5京3,4,新馬,ドンインザムード,,牡,2,松山弘平, 56 ,16,14,"  ","  ","  ","  ",,7,１,ダ,1800,,良,720,,(栗),今野貞一,1550,-0.2,3,4,4,39.2,46.7,*,47.33,45.2,0.4,504,,,1810,490,14230,58230,132630,197380,1483750
,241012,5京3,4,新馬,デルマサクラサク,,牝,2,池添謙一, 55 ,16,3,"  ","  ","  ","  ",,13,２,ダ,1800,,良,290,,(栗),牧田和弥,1552,0.2,11,11,10,38.2,50.8,*,47.33,45.2,1.6,478,,,(66.5),1460,14230,58230,132630,197380,1483750
,241012,5京3,4,新馬,クリノバーグマン,,牡,2,幸英明, 56 ,16,9,"  ","  ","  ","  ",,6,３,ダ,1800,,良,180,,(栗),谷潔,1553,0.3,1,1,1,39.9,44.5,*,47.33,45.2,0.0,492,,,(16.8),380,,,,197380,1483750
,241012,5京3,4,新馬,インターアーバン,,牡,2,団野大成, 56 ,16,12,"  ","  ","  ","  ",,2,４,ダ,1800,,良,110,,(栗),野中賢二,1554,0.4,5,4,4,39.5,46.1,*,47.33,45.2,0.5,524,,,(2.8),,,,,,
,241012,5京3,4,新馬,エコロスヴァル,,牡,2,ルメール, 56 ,16,15,"  ","  ","  ","  ",,1,５,ダ,1800,,良,72,,(栗),森秀行,1558,0.8,3,3,2,40.1,44.4,*,47.33,45.2,0.3,500,,,(2.6),,,,,,
,241012,5京3,4,新馬,メイケイロゼッタ,,牡,2,富田暁, 56 ,16,4,"  ","  ","  ","  ",,9,６,ダ,1800,,良,0,,(栗),木原一良,1560,1.0,11,6,6,39.9,45.4,*,47.33,45.2,0.7,456,,,(47.0),,,,,,
,241012,5京3,4,新馬,ポッドフォルク,,牡,2,中井裕二, 56 ,16,8,"  ","  ","  ","  ",,8,７,ダ,1800,,良,0,,(栗),西園正都,1560,1.0,7,7,7,39.7,46.1,*,47.33,45.2,0.9,486,,,(30.5),,,,,,
,241012,5京3,4,新馬,ウォーターエルピス,,牝,2,鮫島克駿, 55 ,16,2,"  ","  ","  ","  ",,5,８,ダ,1800,,良,0,,(栗),藤野健太,1560,1.0,9,10,9,39.4,47.2,*,47.33,45.2,1.2,508,,,(14.2),,,,,,
,241012,5京3,4,新馬,パーフェクト,,牡,2,西村淳也, 56 ,16,10,"  ","  ","  ","  ",,3,９,ダ,1800,,良,0,,(栗),松下武士,1571,2.1,8,9,7,40.6,44.2,,47.33,45.2,1.1,482,,,(8.5),,,,,,
,241012,5京3,4,新馬,リリーライナー,,牡,2,川須栄彦, 56 ,16,5,"  ","  ","  ","  ",,12,10,ダ,1800,,良,0,,(栗),緒方努,1575,2.5,13,12,11,40.2,46.1,,47.33,45.2,1.9,482,,,(65.4),,,,,,
,241012,5京3,4,新馬,メイショウサトノヒ,,牡,2,浜中俊, 56 ,16,11,"  ","  ","  ","  ",,11,11,ダ,1800,,良,0,,(栗),長谷川浩,1577,2.7,2,2,2,42.2,39.5,,47.33,45.2,0.1,496,,,(65.3),,,,,,
,241012,5京3,4,新馬,メイショウトサンコ,,牡,2,太宰啓介, 56 ,16,6,"  ","  ","  ","  ",,15,12,ダ,1800,,良,0,,(栗),飯田祐史,1587,3.7,9,13,13,41.1,44.4,,47.33,45.2,2.2,440,,,(132.5),,,,,,
,241012,5京3,4,新馬,タガノミナミ,,牡,2,古川吉洋, 56 ,16,13,"  ","  ","  ","  ",,16,13,ダ,1800,,良,0,,(栗),大根田裕,1596,4.6,16,14,14,41.5,44.1,,47.33,45.2,2.7,446,,,(199.8),,,,,,
,241012,5京3,4,新馬,ミドラーシュ,,牝,2,藤懸貴志, 55 ,16,7,"  ","  ","  ","  ",,14,14,ダ,1800,,良,0,,(栗),吉田直弘,1599,4.9,15,14,14,41.8,43.4,,47.33,45.2,2.7,410,,,(106.7),,,,,,
,241012,5京3,4,新馬,キタサンブローチ,,牝,2,岩田望来, 55 ,16,1,"  ","  ","  ","  ",,10,15,ダ,1800,,良,0,,(栗),畑端省吾,2000,5.0,13,16,16,41.1,46.0,,47.33,45.2,3.5,520,,,(52.8),,,,,,
,241012,5京3,4,新馬,ルヴァロワール,,牡,2,坂井瑠星, 56 ,16,16,"  ","  ","  ","  ",,4,16,ダ,1800,,良,0,,(栗),河嶋宏樹,2014,6.4,5,7,11,44.9,35.2,,47.33,45.2,1.1,528,,,(12.8),,,,,,
,241012,5京3,3,未勝利*,ドラゴンブースト,,牡,2,田口貫太,55☆,16,8,"  ","  ","  ","  ",,8,１,芝,1600,A,良,550,,(栗),藤野健太,1344,-0.1,,5,3,35.3,50.5,*,50.27,49.1,0.3,468,+10,,2050,390,5090,10180,27450,35120,316740
,241012,5京3,3,未勝利*,ブーディガ,,牝,2,坂井瑠星, 55 ,16,16,"  ","  ","  ","  ",,4,２,芝,1600,A,良,220,,(栗),奥村豊,1345,0.1,,2,2,35.7,48.8,*,50.27,49.1,0.0,478,-4,,(9.0),260,5090,10180,27450,35120,316740
,241012,5京3,3,未勝利*,アイスモント,,牝,2,シュタル, 55 ,16,3,"  ","  ","  ","  ",,6,３,芝,1600,A,良,140,,(栗),宮本博,1345,0.1,,10,7,35.1,51.5,*,50.27,49.1,0.6,442,-2,,(13.9),430,,,,35120,316740
,241012,5京3,3,未勝利*,ザカリナン,,牡,2,西村淳也, 56 ,16,15,"  ","  ","  ","  ",,9,４,芝,1600,A,良,83,,(栗),小栗実,1346,0.2,,10,11,35.2,51.2,*,50.27,49.1,0.6,438,+6,,(21.5),,,,,,
,241012,5京3,3,未勝利*,テーオーミリカン,,牡,2,古川吉洋, 56 ,16,12,"  ","  ","  ","  ",,5,５,芝,1600,A,良,55,,(栗),宮徹,1347,0.3,,8,7,35.5,50.1,*,50.27,49.1,0.4,464,+12,,(10.0),,,,,,
,241012,5京3,3,未勝利*,ポッドデューク,,牡,2,武豊, 56 ,16,4,"  ","  ","  ","  ",,3,６,芝,1600,A,良,0,,(栗),辻野泰之,1350,0.6,,13,11,35.3,51.5,*,50.27,49.1,0.9,476,-4,,(4.7),,,,,,
,241012,5京3,3,未勝利*,ポンペルモ,,牡,2,橋木太希,53▲,16,6,"  ","  ","  ","  ",,13,７,芝,1600,A,良,0,,(栗),西園正都,1350,0.6,,5,3,35.9,48.8,*,50.27,49.1,0.3,426,+2,,(73.4),,,,,,
,241012,5京3,3,未勝利*,シャインバオバブ,,牡,2,富田暁, 56 ,16,7,"  ","  ","  ","  ",,12,８,芝,1600,A,良,0,,(栗),本田優,1351,0.7,,8,7,35.8,49.4,*,50.27,49.1,0.5,482,-8,,(52.5),,,,,,
,241012,5京3,3,未勝利*,シュネーグロッケン,,牡,2,吉村誠之,53▲,16,1,"  ","  ","  ","  ",,10,９,芝,1600,A,良,0,,(栗),清水久詞,1351,0.7,,15,15,35.2,52.1,*,50.27,49.1,1.1,476,+2,,(21.9),,,,,,
,241012,5京3,3,未勝利*,コンセントレイト,,牡,2,幸英明, 56 ,16,2,"  ","  ","  ","  ",,2,10,芝,1600,A,良,0,,(栗),渡辺薫彦,1352,0.8,,12,11,35.7,50.0,*,50.27,49.1,0.7,448,+2,,(4.7),,,,,,
,241012,5京3,3,未勝利*,エーオ,,牡,2,酒井学, 56 ,16,14,"  ","  ","  ","  ",,16,11,芝,1600,A,良,0,,(栗),長谷川浩,1354,1.0,,13,11,35.8,49.9,*,50.27,49.1,0.8,436,-4,,(256.4),,,,,,
,241012,5京3,3,未勝利*,ヨドギミ,,牝,2,藤懸貴志, 55 ,16,5,"  ","  ","  ","  ",,14,12,芝,1600,A,良,0,,(栗),中村直也,1355,1.1,,16,16,35.5,51.4,,50.27,49.1,1.2,480,-2,,(89.7),,,,,,
,241012,5京3,3,未勝利*,セイルロケット,,牡,2,北村友一, 56 ,16,9,"  ","  ","  ","  ",,1,13,芝,1600,A,良,0,,(栗),橋口慎介,1358,1.4,,1,1,37.0,45.4,,50.27,49.1,0.0,446,+20,,(3.6),,,,,,
,241012,5京3,3,未勝利*,ニシノサンストーン,,牡,2,川須栄彦, 56 ,16,13,"  ","  ","  ","  ",,15,14,芝,1600,A,良,0,,(栗),北出成人,1367,2.3,,3,3,37.7,43.9,,50.27,49.1,0.2,460,+2,,(231.8),,,,,,
,241012,5京3,3,未勝利*,アドマイヤアーデル,,牝,2,団野大成, 55 ,16,11,"  ","  ","  ","  ",,7,15,芝,1600,A,良,0,,(栗),大久保龍,1368,2.4,,5,7,37.6,44.5,,50.27,49.1,0.4,400,0,,(17.1),,,,,,
,241012,5京3,3,未勝利*,リューデリッツ,,牡,2,松山弘平, 56 ,16,10,"  ","  ","  ","  ",,11,16,芝,1600,A,良,0,,(栗),岡田稲男,1377,3.3,,3,3,38.7,41.5,,50.27,49.1,0.2,504,+2,,(38.2),,,,,,
,241012,5京3,2,未勝利*,ヴェーヌドール,,牡,2,坂井瑠星, 56 ,11,2,"  ","  ","  ","  ",,1,１,ダ,1800,,良,550,,(栗),武英智,1552,-0.2,1,1,1,39.1,47.3,*,47.93,47.3,0.0,530,0,,130,110,170,180,220,880,1540
,241012,5京3,2,未勝利*,ヴァンアグレアブル,,牝,2,松山弘平, 55 ,11,7,"  ","  ","  ","  ",,2,２,ダ,1800,,良,220,,(栗),橋口慎介,1554,0.2,8,8,5,38.3,50.7,*,47.93,47.3,1.0,518,+4,,(4.3),110,170,180,220,880,1540
,241012,5京3,2,未勝利*,レアルシチー,,牡,2,藤懸貴志, 56 ,11,3,"  ","  ","  ","  ",,6,３,ダ,1800,,良,140,,(栗),羽月友彦,1566,1.4,4,4,5,40.0,45.8,*,47.93,47.3,0.5,508,0,,(36.6),240,,,,880,1540
,241012,5京3,2,未勝利*,ジェントルバローズ,,牡,2,西村淳也, 56 ,11,4,"  ","  ","  ","  ",,3,４,ダ,1800,,良,83,,(栗),杉山晴紀,1568,1.6,2,2,2,40.4,44.6,,47.93,47.3,0.3,500,+2,,(12.4),,,,,,
,241012,5京3,2,未勝利*,コパノハワード,,牡,2,Ｍ．デム, 56 ,11,1,"  ","  ","  ","  ",,8,５,ダ,1800,,良,55,,(栗),梅田智之,1572,2.0,4,4,2,40.8,43.6,,47.93,47.3,0.3,486,-2,,(43.1),,,,,,
,241012,5京3,2,未勝利*,タガノビギニング,,牡,2,岩田望来, 56 ,11,10,"  ","  ","  ","  ",,4,６,ダ,1800,,良,0,,(栗),中村直也,1573,2.1,9,7,8,40.4,45.2,,47.93,47.3,0.8,536,+6,,(24.4),,,,,,
,241012,5京3,2,未勝利*,エッグハント,,牡,2,鮫島克駿, 56 ,11,11,"  ","  ","  ","  ",,5,７,ダ,1800,,良,0,,(栗),小林真也,1582,3.0,6,4,5,41.6,42.1,,47.93,47.3,0.5,490,+2,,(30.7),,,,,,
,241012,5京3,2,未勝利*,ロングロングロング,,牡,2,角田大和, 56 ,11,6,"  ","  ","  ","  ",,10,８,ダ,1800,,良,0,,(栗),角田晃一,1584,3.2,10,11,9,41.0,44.4,,47.93,47.3,1.3,460,+2,,(106.1),,,,,,
,241012,5京3,2,未勝利*,ロイヤルイブキ,,牡,2,幸英明, 56 ,11,8,"  ","  ","  ","  ",,7,９,ダ,1800,,良,0,,(栗),大根田裕,1594,4.2,3,2,4,43.0,38.8,,47.93,47.3,0.3,478,+4,,(37.8),,,,,,
,241012,5京3,2,未勝利*,ディープボウ,,牝,2,吉村誠之,52▲,11,5,"  ","  ","  ","  ",,11,10,ダ,1800,,良,0,*,(栗),庄野靖志,1598,4.6,7,8,9,42.8,40.0,,47.93,47.3,0.9,452,-2,,(108.5),,,,,,
,241012,5京3,2,未勝利*,アルマリアルト,,牡,2,富田暁, 56 ,11,9,"  ","  ","  ","  ",,9,11,ダ,1800,,良,0,*,(栗),庄野靖志,2004,5.2,10,8,9,43.3,39.0,,47.93,47.3,1.0,496,-2,,(105.6),,,,,,
,241012,5京3,1,未勝利・牝*,トゥインクルアップ,,牝,2,鮫島克駿, 55 ,15,13,"  ","  ","  ","  ",,6,１,ダ,1200,,良,550,,(栗),杉山佳明,1134,-0.1,,1,1,37.3,46.8,*,47.50,46.8,0.0,482,+14,,2050,420,3430,6000,12230,4770,49680
,241012,5京3,1,未勝利・牝*,カフェロワイヤル,,牝,2,岩田望来, 55 ,15,7,"  ","  ","  ","  ",,4,２,ダ,1200,,良,220,,(栗),小林真也,1135,0.1,,2,2,37.2,47.6,*,47.50,46.8,0.2,466,+2,,(7.9),190,3430,6000,12230,4770,49680
,241012,5京3,1,未勝利・牝*,メイショウバスク,,牝,2,国分優作, 55 ,15,10,"  ","  ","  ","  ",,1,３,ダ,1200,,良,140,,(栗),梅田智之,1135,0.1,,2,2,37.1,48.1,*,47.50,46.8,0.3,468,+10,,(2.7),130,,,,4770,49680
,241012,5京3,1,未勝利・牝*,デュアルロール,,牝,2,富田暁, 55 ,15,1,"  ","  ","  ","  ",,8,４,ダ,1200,,良,83,,(栗),笹田和秀,1138,0.4,,7,7,37.0,49.5,*,47.50,46.8,0.7,468,0,,(31.1),,,,,,
,241012,5京3,1,未勝利・牝*,コパノマロン,,牝,2,橋木太希,52▲,15,3,"  ","  ","  ","  ",,13,５,ダ,1200,,良,55,,(栗),村山明,1144,1.0,,11,9,37.1,50.5,*,47.50,46.8,1.2,432,+6,,(157.5),,,,,,
,241012,5京3,1,未勝利・牝*,サブアトミック,,牝,2,川田将雅, 55 ,15,8,"  ","  ","  ","  ",,5,６,ダ,1200,,良,0,,(美),伊藤圭三,1149,1.5,,11,11,37.5,49.7,,47.50,46.8,1.3,460,0,,(16.4),,,,,,
,241012,5京3,1,未勝利・牝*,クーデール,,牝,2,横山和生, 55 ,15,5,"  ","  ","  ","  ",,9,７,ダ,1200,,良,0,,(栗),坂口智康,1150,1.6,,4,6,38.4,45.3,,47.50,46.8,0.5,442,-2,,(38.9),,,,,,
,241012,5京3,1,未勝利・牝*,テーオーテバルディ,,牝,2,松山弘平, 55 ,15,2,"  ","  ","  ","  ",,11,８,ダ,1200,,良,0,,(栗),藤野健太,1151,1.7,,7,7,38.2,46.6,,47.50,46.8,0.8,448,+6,,(65.1),,,,,,
,241012,5京3,1,未勝利・牝*,ブライアーヒル,,牝,2,吉村誠之,52▲,15,12,"  ","  ","  ","  ",,7,９,ダ,1200,,良,0,,(栗),中尾秀正,1153,1.9,,10,11,37.9,48.7,,47.50,46.8,1.3,456,0,,(22.9),,,,,,
,241012,5京3,1,未勝利・牝*,バストス,,牝,2,団野大成, 55 ,15,11,"  ","  ","  ","  ",,10,10,ダ,1200,,良,0,,(栗),吉田直弘,1155,2.1,,4,4,38.9,44.1,,47.50,46.8,0.5,468,+6,,(40.0),,,,,,
,241012,5京3,1,未勝利・牝*,サイラモナムール,,牝,2,武豊, 55 ,15,14,"  ","  ","  ","  ",,3,10,ダ,1200,,良,0,,(栗),辻野泰之,1155,2.1,,6,4,38.8,44.6,,47.50,46.8,0.6,438,0,,(5.3),,,,,,
,241012,5京3,1,未勝利・牝*,ルルーディ,,牝,2,河原田菜,51★,15,9,"  ","  ","  ","  ",,14,12,ダ,1200,,良,0,,(栗),庄野靖志,1156,2.2,,13,13,38.0,48.9,,47.50,46.8,1.5,442,+4,,(237.2),,,,,,
,241012,5京3,1,未勝利・牝*,ロワン,,牝,2,田口貫太,54☆,15,15,"  ","  ","  ","  ",,12,13,ダ,1200,,良,0,,(栗),高柳大輔,1157,2.3,,9,10,38.5,46.6,,47.50,46.8,1.1,416,-2,,(81.0),,,,,,
,241012,5京3,1,未勝利・牝*,パリコレジェンヌ,,牝,2,坂井瑠星, 55 ,15,4,"  ","  ","  ","  ",,2,14,ダ,1200,,良,0,,(栗),鈴木孝志,1161,2.7,,14,14,38.0,50.3,,47.50,46.8,2.0,458,+2,,(3.3),,,,,,
,241012,5京3,1,未勝利・牝*,ユウトザドリーム,,牝,2,鷲頭虎太,52▲,15,6,"  ","  ","  ","  ",,15,15,ダ,1200,,良,0,,(栗),小崎憲,1167,3.3,,15,15,37.8,52.9,,47.50,46.8,2.8,456,-4,,(412.1),,,,,,
,241006,5京2,12,２勝ｸﾗｽ,ドンレパルス,,牡,5,古川吉洋, 58 ,15,12,"  ","  ","  ","  ",,7,１,ダ,1200,,良,1140,,(美),高木登,1116,-0.3,,8,6,36.0,48.9,*,47.27,44.6,0.8,518,0,B,1520,310,2170,7970,19470,8340,92210
,241006,5京2,12,２勝ｸﾗｽ,サンガネーブ,,牡,4,北村友一, 58 ,15,9,"  ","  ","  ","  ",,5,２,ダ,1200,,良,460,,(栗),田中克典,1119,0.3,,6,6,36.5,47.0,*,47.27,44.6,0.6,498,+2,,(13.2),290,2170,7970,19470,8340,92210
,241006,5京2,12,２勝ｸﾗｽ,メイショウホウレン,,牡,3,幸英明, 57 ,15,6,"  ","  ","  ","  ",,1,３,ダ,1200,,良,290,*,(栗),安達昭夫,1119,0.3,,4,4,36.7,45.9,*,47.27,44.6,0.4,498,+6,B,(2.7),160,,,,8340,92210
,241006,5京2,12,２勝ｸﾗｽ,ジョヴィアン,,牡,4,横山武史, 58 ,15,10,"  ","  ","  ","  ",,3,４,ダ,1200,,良,170,,(栗),奥村豊,1120,0.4,,3,3,37.0,44.6,*,47.27,44.6,0.2,494,-8,B,(4.4),,,,,,
,241006,5京2,12,２勝ｸﾗｽ,ツークフォーゲル,,牡,4,松山弘平, 58 ,15,8,"  ","  ","  ","  ",,2,５,ダ,1200,,良,114,,(栗),荒川義之,1123,0.7,,11,13,36.3,49.2,*,47.27,44.6,1.2,534,-12,,(4.4),,,,,,
,241006,5京2,12,２勝ｸﾗｽ,メイデンタワー,,牝,4,菅原明良, 56 ,15,5,"  ","  ","  ","  ",,6,６,ダ,1200,,良,0,,(美),稲垣幸雄,1123,0.7,,4,4,37.1,44.9,*,47.27,44.6,0.4,454,-6,,(14.2),,,,,,
,241006,5京2,12,２勝ｸﾗｽ,エヴィダンシア,,牡,5,団野大成, 58 ,15,3,"  ","  ","  ","  ",,12,７,ダ,1200,,良,0,,(栗),緒方努,1125,0.9,,13,13,36.3,49.7,*,47.27,44.6,1.4,490,-10,,(125.7),,,,,,
,241006,5京2,12,２勝ｸﾗｽ,サイヤダンサー,,牡,7,川須栄彦, 58 ,15,1,"  ","  ","  ","  ",,9,８,ダ,1200,,良,0,,(美),深山雅史,1127,1.1,,13,11,36.7,48.1,,47.27,44.6,1.2,462,-4,,(50.7),,,,,,
,241006,5京2,12,２勝ｸﾗｽ,サウンドサンビーム,,牡,7,吉田隼人, 58 ,15,14,"  ","  ","  ","  ",,11,９,ダ,1200,,良,0,*,(栗),安達昭夫,1127,1.1,,15,15,36.5,49.2,*,47.27,44.6,1.4,486,0,,(55.8),,,,,,
,241006,5京2,12,２勝ｸﾗｽ,ネバレチュゴー,,牡,4,長岡禎仁, 58 ,15,13,"  ","  ","  ","  ",,13,10,ダ,1200,,良,0,,(美),西田雄一,1129,1.3,,9,10,37.2,46.0,,47.27,44.6,0.9,536,-2,,(129.7),,,,,,
,241006,5京2,12,２勝ｸﾗｽ,オースミメッシーナ,,牝,5,吉村誠之,53▲,15,2,"  ","  ","  ","  ",,8,11,ダ,1200,,良,0,,(栗),宮本博,1132,1.6,,1,1,38.4,40.6,,47.27,44.6,0.0,454,-2,,(48.4),,,,,,
,241006,5京2,12,２勝ｸﾗｽ,カッコヨカ,,牡,5,富田暁, 58 ,15,4,"  ","  ","  ","  ",,15,12,ダ,1200,,良,0,,(栗),笹田和秀,1138,2.2,,9,8,38.2,43.2,,47.27,44.6,0.8,474,-2,,(321.9),,,,,,
,241006,5京2,12,２勝ｸﾗｽ,サイモンギフト,,牡,4,酒井学, 58 ,15,15,"  ","  ","  ","  ",,14,13,ダ,1200,,良,0,,(美),勢司和浩,1143,2.7,,11,11,38.3,44.0,,47.27,44.6,1.2,498,+10,,(134.1),,,,,,
,241006,5京2,12,２勝ｸﾗｽ,プリンセスカレン,,牝,3,田口貫太,54☆,15,7,"  ","  ","  ","  ",,4,14,ダ,1200,,良,0,,(栗),大橋勇樹,1146,3.0,,2,2,39.7,37.9,,47.27,44.6,0.1,416,+6,,(7.5),,,,,,
,241006,5京2,12,２勝ｸﾗｽ,サザンカ,,牝,3,角田大和, 55 ,15,11,"  ","  ","  ","  ",,10,15,ダ,1200,,良,0,,(栗),角田晃一,1149,3.3,,6,8,39.4,40.1,,47.27,44.6,0.7,472,+2,,(55.5),,,,,,
,241006,5京2,11,京都大賞G2,シュヴァリエローズ,,牡,6,北村友一, 57 ,11,4,"  ","  ","  ","  ",,8,１,芝,2400,A,良,6700,,(栗),清水久詞,2229,-0.0,6,5,5,34.2,55.9,*,55.30,52.8,0.8,468,+10,,2250,510,4890,9910,25550,156730,1419720
,241006,5京2,11,京都大賞G2,ディープボンド,,牡,7,幸英明, 57 ,11,7,"  ","  ","  ","  ",,4,２,芝,2400,A,良,2700,,(栗),大久保龍,2229,0.0,4,3,2,34.8,53.5,*,55.30,52.8,0.2,516,+8,,(9.9),340,4890,9910,25550,156730,1419720
,241006,5京2,11,京都大賞G2,メイショウブレゲ,,牡,5,酒井学, 57 ,11,3,"  ","  ","  ","  ",,11,３,芝,2400,A,良,1700,,(栗),本田優,2230,0.1,8,8,8,34.1,56.5,*,55.30,52.8,1.0,474,+6,,(154.4),2570,,,,156730,1419720
,241006,5京2,11,京都大賞G2,スマートファントム,,牡,4,藤岡佑介, 57 ,11,6,"  ","  ","  ","  ",,5,４,芝,2400,A,良,1000,,(栗),石橋守,2231,0.2,11,10,10,33.9,57.4,*,55.30,52.8,1.3,476,+8,,(12.6),,,,,,
,241006,5京2,11,京都大賞G2,サトノグランツ,,牡,4,川田将雅, 57 ,11,1,"  ","  ","  ","  ",,2,５,芝,2400,A,良,670,,(栗),友道康夫,2232,0.3,7,5,5,34.5,55.0,*,55.30,52.8,0.8,506,+8,,(2.8),,,,,,
,241006,5京2,11,京都大賞G2,ドクタードリトル,,牡,4,松山弘平, 57 ,11,9,"  ","  ","  ","  ",,6,６,芝,2400,A,良,0,,(栗),今野貞一,2232,0.3,8,8,8,34.3,55.8,*,55.30,52.8,1.0,462,+2,,(21.6),,,,,,
,241006,5京2,11,京都大賞G2,プラダリア,,牡,5,池添謙一, 58 ,11,8,"  ","  ","  ","  ",,3,７,芝,2400,A,良,0,,(栗),池添学,2233,0.4,3,4,4,34.9,53.5,*,55.30,52.8,0.5,470,+2,,(6.1),,,,,,
,241006,5京2,11,京都大賞G2,バビット,,牡,7,団野大成, 57 ,11,10,"  ","  ","  ","  ",,10,８,芝,2400,A,良,0,,(栗),浜田多実,2234,0.5,2,2,1,35.5,51.3,*,55.30,52.8,0.0,470,+10,,(57.1),,,,,,
,241006,5京2,11,京都大賞G2,ジューンアヲニヨシ,,牡,4,田口貫太, 57 ,11,5,"  ","  ","  ","  ",,7,９,芝,2400,A,良,0,,(栗),松下武士,2238,0.9,5,5,5,35.1,53.2,*,55.30,52.8,0.8,486,-12,,(21.8),,,,,,
,241006,5京2,11,京都大賞G2,ケイアイサンデラ,,牡,4,藤懸貴志, 57 ,11,2,"  ","  ","  ","  ",,9,10,芝,2400,A,良,0,,(栗),小林真也,2249,2.0,1,1,2,37.0,47.2,,55.30,52.8,0.0,444,+4,,(35.0),,,,,,
,241006,5京2,11,京都大賞G2,ブローザホーン,,牡,5,菅原明良, 59 ,11,11,"  ","  ","  ","  ",,1,11,芝,2400,A,良,0,,(栗),吉岡辰弥,2253,2.4,10,10,11,35.9,51.6,,55.30,52.8,1.5,426,-2,,(2.6),,,,,,
,241006,5京2,10,藤森Ｓ,クインズメリッサ,,牝,6,藤懸貴志, 55 ,16,16,"  ","  ","  ","  ",,7,１,ダ,1200,,良,2200,,(栗),宮本博,1113,-0.1,,10,10,35.4,51.4,*,48.10,44.8,1.2,494,+12,,1450,320,1600,2680,6100,4170,39960
,241006,5京2,10,藤森Ｓ,エーティーマクフィ,,牡,5,藤岡佑介, 57 ,16,13,"  ","  ","  ","  ",,4,２,ダ,1200,,良,880,,(栗),武英智,1114,0.1,,6,5,36.1,47.8,*,48.10,44.8,0.6,480,+4,B,(6.3),190,1600,2680,6100,4170,39960
,241006,5京2,10,藤森Ｓ,マニバドラ,,牡,4,松山弘平, 58 ,16,4,"  ","  ","  ","  ",,1,３,ダ,1200,,良,550,*,(栗),森秀行,1116,0.3,,2,2,36.7,45.1,*,48.10,44.8,0.2,524,-2,,(3.2),160,,,,4170,39960
,241006,5京2,10,藤森Ｓ,パラシュラーマ,,牡,4,幸英明, 57 ,16,8,"  ","  ","  ","  ",,5,４,ダ,1200,,良,330,,(栗),浜田多実,1118,0.5,,10,10,36.0,49.4,*,48.10,44.8,1.1,470,-12,,(8.0),,,,,,
,241006,5京2,10,藤森Ｓ,ジレトール,,牡,5,北村友一, 59 ,16,14,"  ","  ","  ","  ",,2,５,ダ,1200,,良,220,,(栗),松永幹夫,1119,0.6,,13,13,35.9,50.3,*,48.10,44.8,1.3,480,-1,,(4.7),,,,,,
,241006,5京2,10,藤森Ｓ,ロードラディウス,,牡,4,菅原明良, 57 ,16,5,"  ","  ","  ","  ",,8,６,ダ,1200,,良,0,*,(栗),森田直行,1119,0.6,,6,5,36.6,46.4,*,48.10,44.8,0.6,482,+8,,(32.9),,,,,,
,241006,5京2,10,藤森Ｓ,カルネアサーダ,,牝,5,川須栄彦, 56 ,16,7,"  ","  ","  ","  ",,10,７,ダ,1200,,良,0,,(栗),福永祐一,1120,0.7,,3,2,36.9,45.1,*,48.10,44.8,0.4,470,+8,,(40.8),,,,,,
,241006,5京2,10,藤森Ｓ,ボナンザ,,牡,4,川田将雅, 57 ,16,6,"  ","  ","  ","  ",,3,８,ダ,1200,,良,0,,(栗),庄野靖志,1121,0.8,,3,2,37.1,44.3,*,48.10,44.8,0.3,504,+2,,(5.2),,,,,,
,241006,5京2,10,藤森Ｓ,アッティーヴォ,,牡,10,古川吉洋, 57 ,16,11,"  ","  ","  ","  ",,14,９,ダ,1200,,良,0,,(栗),大根田裕,1121,0.8,,8,7,36.5,47.5,*,48.10,44.8,0.9,470,+6,,(260.6),,,,,,
,241006,5京2,10,藤森Ｓ,ピアシック,,牡,8,池添謙一, 57 ,16,15,"  ","  ","  ","  ",,13,10,ダ,1200,,良,0,*,(栗),森秀行,1123,1.0,,13,14,36.1,50.3,*,48.10,44.8,1.5,512,+10,,(232.3),,,,,,
,241006,5京2,10,藤森Ｓ,ケイアイロベージ,,セ,6,団野大成, 58 ,16,1,"  ","  ","  ","  ",,11,11,ダ,1200,,良,0,,(栗),野中賢二,1124,1.1,,12,10,36.6,47.8,,48.10,44.8,1.1,504,+12,B,(83.2),,,,,,
,241006,5京2,10,藤森Ｓ,ファーンヒル,,牡,5,吉村誠之, 57 ,16,9,"  ","  ","  ","  ",,9,12,ダ,1200,,良,0,,(栗),清水久詞,1126,1.3,,5,7,37.3,44.6,,48.10,44.8,0.6,478,-2,,(36.1),,,,,,
,241006,5京2,10,藤森Ｓ,ロードベイリーフ,,牡,7,長岡禎仁, 57 ,16,2,"  ","  ","  ","  ",,12,13,ダ,1200,,良,0,*,(栗),森田直行,1131,1.8,,8,7,37.6,44.4,,48.10,44.8,0.8,498,-2,B,(98.9),,,,,,
,241006,5京2,10,藤森Ｓ,ダノンセシボン,,牝,4,田口貫太, 55 ,16,3,"  ","  ","  ","  ",,6,14,ダ,1200,,良,0,,(栗),千田輝彦,1153,4.0,,1,1,40.6,35.5,,48.10,44.8,0.0,504,+14,,(12.7),,,,,,
,241006,5京2,9,長岡京Ｓ･3勝,ワイドラトゥール,,牝,3,北村友一, 54 ,16,12,"  ","  ","  ","  ",,4,１,芝,1400,A,良,1840,,(栗),藤原英昭,1200,-0.1,,10,10,33.8,52.5,*,51.97,48.4,0.8,424,-12,,590,230,6660,20470,29400,33210,185870
,241006,5京2,9,長岡京Ｓ･3勝,スカイロケット,,牡,4,シュタル, 58 ,16,14,"  ","  ","  ","  ",,11,２,芝,1400,A,良,740,,(栗),須貝尚介,1201,0.1,,10,10,33.9,52.2,*,51.97,48.4,0.8,430,-10,,(65.3),1190,6660,20470,29400,33210,185870
,241006,5京2,9,長岡京Ｓ･3勝,サクセスアイ,,牝,4,池添謙一, 56 ,16,5,"  ","  ","  ","  ",,3,３,芝,1400,A,良,460,,(栗),北出成人,1201,0.1,,7,8,34.1,51.2,*,51.97,48.4,0.6,442,+2,,(5.7),200,,,,33210,185870
,241006,5京2,9,長岡京Ｓ･3勝,ユハンヌス,,牡,4,横山武史, 58 ,16,1,"  ","  ","  ","  ",,5,４,芝,1400,A,良,280,,(栗),大久保龍,1201,0.1,,3,3,34.4,49.6,*,51.97,48.4,0.3,478,+2,,(7.8),,,,,,
,241006,5京2,9,長岡京Ｓ･3勝,ビヨンドザヴァレー,,牝,4,松山弘平, 56 ,16,8,"  ","  ","  ","  ",,1,５,芝,1400,A,良,184,,(栗),橋口慎介,1201,0.1,,1,1,34.7,48.1,*,51.97,48.4,0.0,476,+12,,(3.6),,,,,,
,241006,5京2,9,長岡京Ｓ･3勝,トーホウディアス,,牡,6,富田暁, 58 ,16,11,"  ","  ","  ","  ",,9,６,芝,1400,A,良,0,,(栗),小栗実,1202,0.2,,7,6,34.3,50.4,*,51.97,48.4,0.5,460,+2,,(35.1),,,,,,
,241006,5京2,9,長岡京Ｓ･3勝,ジュノー,,セ,6,川須栄彦, 58 ,16,7,"  ","  ","  ","  ",,6,７,芝,1400,A,良,0,,(栗),音無秀孝,1203,0.3,,13,10,34.1,51.6,*,51.97,48.4,0.8,534,+10,,(10.1),,,,,,
,241006,5京2,9,長岡京Ｓ･3勝,ガロンヌ,,牡,3,団野大成, 56 ,16,16,"  ","  ","  ","  ",,2,８,芝,1400,A,良,0,,(栗),上村洋行,1203,0.3,,10,10,34.1,51.6,*,51.97,48.4,0.8,474,+6,,(4.8),,,,,,
,241006,5京2,9,長岡京Ｓ･3勝,ブランデーロック,,牡,5,古川吉洋, 58 ,16,6,"  ","  ","  ","  ",,16,９,芝,1400,A,良,0,,(美),青木孝文,1203,0.3,,15,15,33.6,54.2,*,51.97,48.4,1.3,468,-8,,(248.7),,,,,,
,241006,5京2,9,長岡京Ｓ･3勝,ピピオラ,,牝,4,中井裕二, 56 ,16,10,"  ","  ","  ","  ",,12,10,芝,1400,A,良,0,,(栗),武幸四郎,1204,0.4,,16,16,33.5,55.0,*,51.97,48.4,1.5,468,-6,B,(78.7),,,,,,
,241006,5京2,9,長岡京Ｓ･3勝,タガノシャーンス,,牝,4,菅原明良, 56 ,16,9,"  ","  ","  ","  ",,7,11,芝,1400,A,良,0,,(栗),中尾秀正,1207,0.7,,2,2,35.2,46.9,*,51.97,48.4,0.1,460,+8,,(12.4),,,,,,
,241006,5京2,9,長岡京Ｓ･3勝,コスモエスパーダ,,牡,8,角田大和, 58 ,16,2,"  ","  ","  ","  ",,8,12,芝,1400,A,良,0,,(美),天間昭一,1209,0.9,,5,6,35.0,48.4,*,51.97,48.4,0.5,498,-4,,(32.2),,,,,,
,241006,5京2,9,長岡京Ｓ･3勝,メイショウドウドウ,,牡,9,幸英明, 58 ,16,3,"  ","  ","  ","  ",,15,13,芝,1400,A,良,0,,(栗),荒川義之,1210,1.0,,13,14,34.6,50.6,*,51.97,48.4,1.0,486,-12,,(235.6),,,,,,
,241006,5京2,9,長岡京Ｓ･3勝,メイショウフンケイ,,牡,6,太宰啓介, 58 ,16,15,"  ","  ","  ","  ",,13,14,芝,1400,A,良,0,,(栗),高橋亮,1210,1.0,,3,3,35.4,46.6,*,51.97,48.4,0.2,538,+10,,(158.1),,,,,,
,241006,5京2,9,長岡京Ｓ･3勝,ルミノメテオール,,牝,4,Ｍ．デム, 56 ,16,13,"  ","  ","  ","  ",,10,15,芝,1400,A,良,0,,(美),金成貴史,1211,1.1,,5,5,35.3,47.3,,51.97,48.4,0.4,466,-2,,(58.2),,,,,,
,241006,5京2,9,長岡京Ｓ･3勝,ジャスティンエース,,牡,5,田口貫太, 58 ,16,4,"  ","  ","  ","  ",,14,16,芝,1400,A,良,0,,(栗),杉山晴紀,1221,2.1,,7,8,36.1,45.6,,51.97,48.4,0.6,462,-2,B,(219.8),,,,,,
,241006,5京2,8,２勝ｸﾗｽ・牝,キャプテンネキ,,牝,3,松山弘平, 54 ,12,11,"  ","  ","  ","  ",,3,１,ダ,1400,,良,1140,,(栗),杉山晴紀,1231,-0.6,,2,2,36.0,48.1,*,47.27,46.7,0.3,536,+8,,570,250,640,4530,6880,8960,44550
,241006,5京2,8,２勝ｸﾗｽ・牝,サザーランド,,牝,4,藤懸貴志, 56 ,12,10,"  ","  ","  ","  ",,6,２,ダ,1400,,良,460,,(栗),小林真也,1237,0.6,,1,1,36.9,45.1,*,47.27,46.7,0.0,450,-10,,(20.1),540,640,4530,6880,8960,44550
,241006,5京2,8,２勝ｸﾗｽ・牝,カマチョクイン,,牝,4,Ｍ．デム, 56 ,12,1,"  ","  ","  ","  ",,4,３,ダ,1400,,良,290,,(栗),橋口慎介,1238,0.7,,6,4,36.2,48.6,*,47.27,46.7,0.8,476,+8,,(8.2),250,,,,8960,44550
,241006,5京2,8,２勝ｸﾗｽ・牝,ローズバルサム,,牝,4,川田将雅, 56 ,12,7,"  ","  ","  ","  ",,2,４,ダ,1400,,良,170,,(栗),吉村圭司,1243,1.2,,8,8,36.5,48.2,*,47.27,46.7,1.0,444,0,,(4.3),,,,,,
,241006,5京2,8,２勝ｸﾗｽ・牝,リジル,,牝,3,藤岡佑介, 54 ,12,9,"  ","  ","  ","  ",,1,５,ダ,1400,,良,114,*,(栗),奥村豊,1244,1.3,,4,4,37.0,46.1,,47.27,46.7,0.6,484,0,,(1.8),,,,,,
,241006,5京2,8,２勝ｸﾗｽ・牝,ブリーズオンチーク,,牝,3,北村友一, 54 ,12,6,"  ","  ","  ","  ",,5,６,ダ,1400,,良,0,,(栗),高野友和,1245,1.4,,11,10,36.3,49.6,*,47.27,46.7,1.4,472,+8,,(9.6),,,,,,
,241006,5京2,8,２勝ｸﾗｽ・牝,スターペスカオリ,,牝,4,酒井学, 56 ,12,12,"  ","  ","  ","  ",,7,７,ダ,1400,,良,0,,(栗),石橋守,1247,1.6,,2,3,37.5,44.4,,47.27,46.7,0.4,460,0,,(78.4),,,,,,
,241006,5京2,8,２勝ｸﾗｽ・牝,オースミリン,,牝,5,団野大成, 56 ,12,5,"  ","  ","  ","  ",,8,８,ダ,1400,,良,0,,(栗),荒川義之,1249,1.8,,6,4,37.3,45.7,,47.27,46.7,0.8,472,+24,,(98.0),,,,,,
,241006,5京2,8,２勝ｸﾗｽ・牝,アイオブザストーム,,牝,4,幸英明, 56 ,12,2,"  ","  ","  ","  ",,9,９,ダ,1400,,良,0,*,(栗),岡田稲男,1255,2.4,,10,11,37.5,46.0,,47.27,46.7,1.2,474,+2,,(99.2),,,,,,
,241006,5京2,8,２勝ｸﾗｽ・牝,ピースキーパー,,牝,5,高杉吏麒,53▲,12,3,"  ","  ","  ","  ",,10,10,ダ,1400,,良,0,*,(栗),奥村豊,1256,2.5,,4,4,38.3,42.6,,47.27,46.7,0.5,454,+4,,(179.7),,,,,,
,241006,5京2,8,２勝ｸﾗｽ・牝,テーオーアリエス,,牝,5,田口貫太,55☆,12,4,"  ","  ","  ","  ",,11,11,ダ,1400,,良,0,*,(栗),岡田稲男,1256,2.5,,8,8,37.8,44.8,,47.27,46.7,1.0,510,-2,B,(186.7),,,,,,
,241006,5京2,7,１勝ｸﾗｽ,ブエナオンダ,,牡,3,シュタル, 56 ,16,10,"  ","  ","  ","  ",,1,１,芝,1800,A,良,800,,(栗),須貝尚介,1460,-0.1,,7,6,34.0,55.9,*,54.37,53.2,0.6,456,+8,,350,160,900,1270,2350,3830,16580
,241006,5京2,7,１勝ｸﾗｽ,パシフィックハイ,,牝,3,松山弘平, 54 ,16,2,"  ","  ","  ","  ",,2,２,芝,1800,A,良,320,,(栗),杉山佳明,1461,0.1,,4,3,34.4,54.2,*,54.37,53.2,0.3,460,0,,(5.3),160,900,1270,2350,3830,16580
,241006,5京2,7,１勝ｸﾗｽ,アンジョルラス,,牡,3,国分優作, 56 ,16,8,"  ","  ","  ","  ",,3,３,芝,1800,A,良,200,,(栗),松下武士,1462,0.2,,2,2,34.7,53.0,*,54.37,53.2,0.1,506,0,,(6.5),230,,,,3830,16580
,241006,5京2,7,１勝ｸﾗｽ,フラッシングレート,,牝,4,吉村誠之,53▲,16,15,"  ","  ","  ","  ",,7,４,芝,1800,A,良,120,,(栗),音無秀孝,1464,0.4,,2,3,34.7,53.3,*,54.37,53.2,0.3,476,0,,(11.7),,,,,,
,241006,5京2,7,１勝ｸﾗｽ,イリスレーン,,牝,4,富田暁, 56 ,16,12,"  ","  ","  ","  ",,6,５,芝,1800,A,良,80,,(栗),清水久詞,1465,0.5,,1,1,35.1,51.7,*,54.37,53.2,0.0,488,+2,,(9.2),,,,,,
,241006,5京2,7,１勝ｸﾗｽ,メイショウヒュウガ,,牡,4,田口貫太,57☆,16,5,"  ","  ","  ","  ",,12,６,芝,1800,A,良,0,,(栗),安達昭夫,1466,0.6,,10,12,34.4,54.9,*,54.37,53.2,0.8,484,+4,B,(94.5),,,,,,
,241006,5京2,7,１勝ｸﾗｽ,ドナウパール,,牝,4,団野大成, 56 ,16,3,"  ","  ","  ","  ",,4,７,芝,1800,A,良,0,*,(栗),斉藤崇史,1466,0.6,,10,9,34.4,54.9,*,54.37,53.2,0.8,456,+12,,(7.1),,,,,,
,241006,5京2,7,１勝ｸﾗｽ,ダイシンビヨンド,,牝,5,Ｍ．デム, 56 ,16,9,"  ","  ","  ","  ",,8,８,芝,1800,A,良,0,,(栗),梅田智之,1468,0.8,,6,6,34.8,53.4,*,54.37,53.2,0.6,474,-2,,(12.2),,,,,,
,241006,5京2,7,１勝ｸﾗｽ,デザートスター,,セ,5,角田大和, 58 ,16,1,"  ","  ","  ","  ",,14,９,芝,1800,A,良,0,,(栗),笹田和秀,1469,0.9,,7,6,34.9,53.2,*,54.37,53.2,0.6,464,+6,,(175.3),,,,,,
,241006,5京2,7,１勝ｸﾗｽ,ゴールドローズ,,牝,5,中井裕二, 56 ,16,16,"  ","  ","  ","  ",,15,10,芝,1800,A,良,0,,(栗),飯田祐史,1469,0.9,,15,15,34.4,55.4,*,54.37,53.2,1.1,442,+4,,(195.2),,,,,,
,241006,5京2,7,１勝ｸﾗｽ,スウィートスカー,,牝,5,酒井学, 56 ,16,6,"  ","  ","  ","  ",,9,11,芝,1800,A,良,0,,(栗),鮫島一歩,1469,0.9,,10,9,34.7,54.0,*,54.37,53.2,0.8,482,+2,,(33.1),,,,,,
,241006,5京2,7,１勝ｸﾗｽ,マテンロウナイト,,牡,4,太宰啓介, 58 ,16,7,"  ","  ","  ","  ",,13,12,芝,1800,A,良,0,,(栗),坂口智康,1470,1.0,,14,14,34.7,54.2,*,54.37,53.2,0.9,466,+2,,(159.6),,,,,,
,241006,5京2,7,１勝ｸﾗｽ,アーニャワクワク,,牝,3,橋木太希,51▲,16,13,"  ","  ","  ","  ",,10,13,芝,1800,A,良,0,,(栗),藤沢則雄,1470,1.0,,10,9,34.9,53.3,*,54.37,53.2,0.7,424,0,,(58.8),,,,,,
,241006,5京2,7,１勝ｸﾗｽ,タガノトラリア,,牝,4,幸英明, 56 ,16,11,"  ","  ","  ","  ",,11,14,芝,1800,A,良,0,*,(栗),斉藤崇史,1471,1.1,,4,3,35.3,51.7,,54.37,53.2,0.4,452,+12,,(81.4),,,,,,
,241006,5京2,7,１勝ｸﾗｽ,グラヴィス,,牡,3,北村友一, 56 ,16,4,"  ","  ","  ","  ",,5,15,芝,1800,A,良,0,,(栗),矢作芳人,1473,1.3,,7,12,35.1,52.8,,54.37,53.2,0.8,502,+8,,(8.0),,,,,,
,241006,5京2,7,１勝ｸﾗｽ,カシノインディード,,牡,4,古川吉洋, 58 ,16,14,"  ","  ","  ","  ",,16,16,芝,1800,A,良,0,,(栗),牧田和弥,1481,2.1,,15,15,35.5,52.3,,54.37,53.2,1.2,474,-2,,(368.3),,,,,,
,241006,5京2,6,１勝ｸﾗｽ,ソーニーイシュー,,牡,3,団野大成, 56 ,8,5,"  ","  ","  ","  ",,1,１,ダ,1800,,良,800,,(栗),千田輝彦,1524,-0.6,2,2,2,36.6,53.6,*,52.27,52.3,0.3,514,0,,200,110,,370,560,2060,5070
,241006,5京2,6,１勝ｸﾗｽ,キャピタルサックス,,牡,3,松山弘平, 56 ,8,1,"  ","  ","  ","  ",,2,２,ダ,1800,,良,320,,(栗),杉山晴紀,1530,0.6,3,3,3,36.9,53.1,*,52.27,52.3,0.6,500,0,,(3.8),130,,370,560,2060,5070
,241006,5京2,6,１勝ｸﾗｽ,メイショウカシワデ,,牡,3,角田大和, 56 ,8,7,"  ","  ","  ","  ",,6,３,ダ,1800,,良,200,,(栗),角田晃一,1532,0.8,1,1,1,37.7,50.1,*,52.27,52.3,0.0,436,-8,,(36.2),320,,,,2060,5070
,241006,5京2,6,１勝ｸﾗｽ,ヒロノラメール,,牡,3,吉村誠之,53▲,8,3,"  ","  ","  ","  ",,4,４,ダ,1800,,良,120,*,(栗),庄野靖志,1538,1.4,3,5,4,37.4,52.1,*,52.27,52.3,0.9,472,+6,B,(5.2),,,,,,
,241006,5京2,6,１勝ｸﾗｽ,アリエスキング,,牡,3,田口貫太,55☆,8,4,"  ","  ","  ","  ",,3,５,ダ,1800,,良,80,*,(栗),庄野靖志,1541,1.7,6,6,6,37.5,52.1,,52.27,52.3,1.1,446,-8,,(4.7),,,,,,
,241006,5京2,6,１勝ｸﾗｽ,サンデーヒーロー,,牡,4,荻野琢真, 58 ,8,6,"  ","  ","  ","  ",,8,６,ダ,1800,,良,0,,(栗),中村直也,1552,2.8,7,7,6,38.5,49.6,,52.27,52.3,1.2,480,+8,,(163.6),,,,,,
,241006,5京2,6,１勝ｸﾗｽ,ウインラウダ,,牡,3,Ｍ．デム, 56 ,8,2,"  ","  ","  ","  ",,5,７,ダ,1800,,良,0,,(栗),梅田智之,1562,3.8,8,7,8,39.5,47.1,,52.27,52.3,1.2,502,+6,B,(22.8),,,,,,
,241006,5京2,6,１勝ｸﾗｽ,ウインバリオス,,牡,5,シュタル, 58 ,8,8,"  ","  ","  ","  ",,7,８,ダ,1800,,良,0,,(栗),吉田直弘,1565,4.1,3,3,4,40.3,44.5,,52.27,52.3,0.7,472,+2,,(56.5),,,,,,
,241006,5京2,5,新馬,サトノブリジャール,,牡,2,川田将雅, 56 ,13,9,"  ","  ","  ","  ",,1,１,芝,1800,A,良,720,,(栗),友道康夫,1468,-0.1,,8,8,34.8,53.4,*,52.43,51.7,0.4,454,,,250,110,370,350,700,1090,4360
,241006,5京2,5,新馬,セリオヴェローチェ,,牡,2,松山弘平, 56 ,13,5,"  ","  ","  ","  ",,2,２,芝,1800,A,良,290,,(栗),上村洋行,1469,0.1,,2,3,35.2,51.8,*,52.43,51.7,0.1,444,,,(2.8),120,370,350,700,1090,4360
,241006,5京2,5,新馬,ノラリクラリ,,牡,2,北村友一, 56 ,13,13,"  ","  ","  ","  ",,5,３,芝,1800,A,良,180,,(栗),藤岡健一,1471,0.3,,4,5,35.2,52.1,*,52.43,51.7,0.3,430,,,(11.1),200,,,,1090,4360
,241006,5京2,5,新馬,リカントロポ,,牡,2,田口貫太,55☆,13,6,"  ","  ","  ","  ",,8,４,芝,1800,A,良,110,,(栗),梅田智之,1473,0.5,,10,10,35.0,53.3,*,52.43,51.7,0.7,460,,,(52.3),,,,,,
,241006,5京2,5,新馬,エリセイラ,,牝,2,シュタル, 55 ,13,1,"  ","  ","  ","  ",,4,５,芝,1800,A,良,72,,(栗),大久保龍,1474,0.6,,4,5,35.6,50.8,*,52.43,51.7,0.2,416,,,(9.6),,,,,,
,241006,5京2,5,新馬,ミルトライディーン,,牡,2,池添謙一, 56 ,13,3,"  ","  ","  ","  ",,9,６,芝,1800,A,良,0,,(栗),中竹和也,1475,0.7,,10,10,35.1,53.1,*,52.43,51.7,0.8,514,,,(64.0),,,,,,
,241006,5京2,5,新馬,ショウリュウアサヒ,,牡,2,角田大和, 56 ,13,10,"  ","  ","  ","  ",,12,７,芝,1800,A,良,0,,(栗),四位洋文,1477,0.9,,8,8,35.6,51.3,*,52.43,51.7,0.5,454,,,(108.6),,,,,,
,241006,5京2,5,新馬,バルデラマ,,牡,2,菅原明良, 56 ,13,11,"  ","  ","  ","  ",,6,８,芝,1800,A,良,0,,(栗),辻野泰之,1480,1.2,,12,12,35.3,53.0,,52.43,51.7,1.1,472,,,(16.2),,,,,,
,241006,5京2,5,新馬,レッドギフテッド,,牡,2,横山武史, 56 ,13,7,"  ","  ","  ","  ",,3,９,芝,1800,A,良,0,,(栗),池江泰寿,1482,1.4,,1,1,36.6,47.8,,52.43,51.7,0.0,506,,,(7.0),,,,,,
,241006,5京2,5,新馬,セルズパワー,,牡,2,富田暁, 56 ,13,8,"  ","  ","  ","  ",,13,10,芝,1800,A,良,0,,(栗),牧田和弥,1483,1.5,,2,2,36.6,48.0,,52.43,51.7,0.1,470,,,(150.6),,,,,,
,241006,5京2,5,新馬,テーオートムソン,,牡,2,藤岡佑介, 56 ,13,12,"  ","  ","  ","  ",,7,11,芝,1800,A,良,0,,(栗),奥村豊,1483,1.5,,4,3,36.6,48.0,,52.43,51.7,0.1,488,,,(31.2),,,,,,
,241006,5京2,5,新馬,ウインリベラシオン,,牡,2,団野大成, 56 ,13,2,"  ","  ","  ","  ",,10,12,芝,1800,A,良,0,,(栗),緒方努,1483,1.5,,4,5,36.4,48.8,,52.43,51.7,0.3,480,,,(72.3),,,,,,
,241006,5京2,5,新馬,テイエムカナロア,,牡,2,幸英明, 56 ,13,4,"  ","  ","  ","  ",,11,13,芝,1800,A,良,0,,(栗),浜田多実,1521,5.3,,12,12,39.4,42.3,,52.43,51.7,1.1,470,,,(92.1),,,,,,
,241006,5京2,4,新馬・牝,インフローレ,,牝,2,藤岡佑介, 55 ,17,2,"  ","  ","  ","  ",,1,１,芝,1400,A,良,720,,(栗),寺島良,1213,-0.2,,2,3,34.8,50.2,*,50.37,49.2,0.2,444,,,360,150,760,1170,2020,2950,11980
,241006,5京2,4,新馬・牝,エクレア,,牝,2,団野大成, 55 ,17,8,"  ","  ","  ","  ",,4,２,芝,1400,A,良,290,,(栗),鮫島一歩,1215,0.2,,2,2,35.1,49.1,*,50.37,49.2,0.1,456,,,(7.1),200,760,1170,2020,2950,11980
,241006,5京2,4,新馬・牝,チェルビアット,,牝,2,北村友一, 55 ,17,5,"  ","  ","  ","  ",,2,３,芝,1400,A,良,180,,(栗),高野友和,1218,0.5,,8,7,34.7,51.8,*,50.37,49.2,0.8,494,,,(4.8),170,,,,2950,11980
,241006,5京2,4,新馬・牝,エコロハート,,牝,2,川田将雅, 55 ,17,4,"  ","  ","  ","  ",,3,４,芝,1400,A,良,110,,(栗),須貝尚介,1220,0.7,,1,1,35.7,47.3,*,50.37,49.2,0.0,422,,,(5.2),,,,,,
,241006,5京2,4,新馬・牝,マットーネロッソ,,牝,2,川須栄彦, 55 ,17,12,"  ","  ","  ","  ",,15,５,芝,1400,A,良,72,,(栗),中尾秀正,1223,1.0,,5,4,35.5,48.9,*,50.37,49.2,0.5,464,,,(135.6),,,,,,
,241006,5京2,4,新馬・牝,タガノアビー,,牝,2,藤懸貴志, 55 ,17,6,"  ","  ","  ","  ",,10,６,芝,1400,A,良,0,,(栗),千田輝彦,1224,1.1,,14,13,34.7,53.1,*,50.37,49.2,1.4,496,,,(45.2),,,,,,
,241006,5京2,4,新馬・牝,セクシーマージュ,,牝,2,菅原明良, 55 ,17,3,"  ","  ","  ","  ",,13,７,芝,1400,A,良,0,,(栗),小椋研介,1224,1.1,,12,10,35.0,51.6,,50.37,49.2,1.1,426,,,(108.3),,,,,,
,241006,5京2,4,新馬・牝,ハヤブサオヒメサマ,,牝,2,吉田隼人, 55 ,17,7,"  ","  ","  ","  ",,6,８,芝,1400,A,良,0,,(栗),渡辺薫彦,1225,1.2,,8,8,35.4,49.8,,50.37,49.2,0.8,428,,,(9.5),,,,,,
,241006,5京2,4,新馬・牝,ライツユーアップ,,牝,2,角田大和, 55 ,17,10,"  ","  ","  ","  ",,5,９,芝,1400,A,良,0,,(栗),角田晃一,1225,1.2,,8,10,35.3,50.3,,50.37,49.2,0.9,442,,,(8.1),,,,,,
,241006,5京2,4,新馬・牝,クイーンパレス,,牝,2,太宰啓介, 55 ,17,15,"  ","  ","  ","  ",,16,10,芝,1400,A,良,0,,(栗),高橋亮,1227,1.4,,5,8,35.7,48.7,,50.37,49.2,0.7,390,,,(150.3),,,,,,
,241006,5京2,4,新馬・牝,エコセーズ,,牝,2,酒井学, 55 ,17,9,"  ","  ","  ","  ",,9,11,芝,1400,A,良,0,,(栗),河嶋宏樹,1228,1.5,,11,12,35.3,50.9,,50.37,49.2,1.2,410,,,(43.6),,,,,,
,241006,5京2,4,新馬・牝,ジュラ,,牝,2,吉村誠之,52▲,17,11,"  ","  ","  ","  ",,11,12,芝,1400,A,良,0,,(美),小手川準,1229,1.6,,16,15,34.7,54.2,*,50.37,49.2,1.9,458,,,(70.3),,,,,,
,241006,5京2,4,新馬・牝,ヨシノサプライズ,,牝,2,池添謙一, 55 ,17,17,"  ","  ","  ","  ",,12,13,芝,1400,A,良,0,,(栗),中竹和也,1230,1.7,,4,4,36.3,46.5,,50.37,49.2,0.4,470,,,(88.1),,,,,,
,241006,5京2,4,新馬・牝,ベルオーブ,,牝,2,田口貫太,54☆,17,1,"  ","  ","  ","  ",,14,14,芝,1400,A,良,0,,(栗),高橋義忠,1233,2.0,,5,4,36.5,46.2,,50.37,49.2,0.5,436,,,(122.9),,,,,,
,241006,5京2,4,新馬・牝,パスコード,,牝,2,幸英明, 55 ,17,16,"  ","  ","  ","  ",,7,15,芝,1400,A,良,0,,(栗),高柳大輔,1236,2.3,,17,17,34.9,54.7,*,50.37,49.2,2.4,436,,,(17.8),,,,,,
,241006,5京2,4,新馬・牝,プロメトル,,牝,2,松山弘平, 55 ,17,14,"  ","  ","  ","  ",,8,16,芝,1400,A,良,0,,(栗),武幸四郎,1239,2.6,,12,13,36.3,48.3,,50.37,49.2,1.3,434,,,(21.0),,,,,,
,241006,5京2,4,新馬・牝,ワンダーフレックス,,牝,2,長岡禎仁, 55 ,17,13,"  ","  ","  ","  ",,17,17,芝,1400,A,良,0,,(栗),森田直行,1243,3.0,,15,15,36.2,49.7,,50.37,49.2,1.8,408,,,(225.9),,,,,,
,241006,5京2,3,新馬,ステイクオール,,牡,2,松山弘平, 56 ,16,14,"  ","  ","  ","  ",,1,１,ダ,1800,,良,720,,(栗),上村洋行,1565,-0.9,8,2,2,37.3,56.2,*,54.00,55.3,0.2,498,,,210,130,430,1180,1750,2300,8560
,241006,5京2,3,新馬,アリュールテーラー,,牝,2,田口貫太,54☆,16,16,"  ","  ","  ","  ",,5,２,ダ,1800,,良,290,,(栗),緒方努,1574,0.9,3,4,1,38.2,53.7,*,54.00,55.3,0.2,476,,,(12.7),290,430,1180,1750,2300,8560
,241006,5京2,3,新馬,メイショウタイピン,,牡,2,池添謙一, 56 ,16,9,"  ","  ","  ","  ",,2,３,ダ,1800,,良,180,,(栗),飯田祐史,1580,1.5,3,5,5,38.8,52.1,*,54.00,55.3,0.2,484,,,(5.8),170,,,,2300,8560
,241006,5京2,3,新馬,エポエポサン,,牡,2,酒井学, 56 ,16,3,"  ","  ","  ","  ",,8,４,ダ,1800,,良,110,,(栗),須貝尚介,1582,1.7,9,6,6,38.7,52.7,*,54.00,55.3,0.5,472,,,(20.6),,,,,,
,241006,5京2,3,新馬,ゼンノソブリン,,牡,2,北村友一, 56 ,16,7,"  ","  ","  ","  ",,4,５,ダ,1800,,良,72,,(栗),四位洋文,1586,2.1,1,1,2,39.6,49.7,*,54.00,55.3,0.0,474,,,(10.4),,,,,,
,241006,5京2,3,新馬,レアルシチー,,牡,2,藤懸貴志, 56 ,16,5,"  ","  ","  ","  ",,15,６,ダ,1800,,良,0,,(栗),羽月友彦,1586,2.1,12,10,8,38.6,53.6,*,54.00,55.3,1.0,508,,,(141.2),,,,,,
,241006,5京2,3,新馬,カフジアッサム,,牡,2,富田暁, 56 ,16,11,"  ","  ","  ","  ",,11,７,ダ,1800,,良,0,,(栗),木原一良,1587,2.2,2,2,2,39.7,49.5,,54.00,55.3,0.0,470,,,(34.8),,,,,,
,241006,5京2,3,新馬,ピコビジュー,,牡,2,幸英明, 56 ,16,13,"  ","  ","  ","  ",,7,８,ダ,1800,,良,0,,(栗),高橋一哉,1590,2.5,13,6,6,39.4,51.0,,54.00,55.3,0.6,508,,,(20.3),,,,,,
,241006,5京2,3,新馬,ロングロングロング,,牡,2,角田大和, 56 ,16,8,"  ","  ","  ","  ",,13,９,ダ,1800,,良,0,,(栗),角田晃一,1591,2.6,15,12,9,38.8,53.5,*,54.00,55.3,1.3,458,,,(83.9),,,,,,
,241006,5京2,3,新馬,コシュデリ,,牡,2,団野大成, 56 ,16,6,"  ","  ","  ","  ",,6,10,ダ,1800,,良,0,,(栗),千田輝彦,1596,3.1,6,10,14,39.5,51.4,,54.00,55.3,1.1,496,,,(19.6),,,,,,
,241006,5京2,3,新馬,メイショウカジボウ,,牡,2,高杉吏麒,53▲,16,2,"  ","  ","  ","  ",,14,11,ダ,1800,,良,0,,(栗),笹田和秀,1596,3.1,9,14,15,39.1,52.9,,54.00,55.3,1.5,446,,,(93.6),,,,,,
,241006,5京2,3,新馬,マルカベント,,牡,2,シュタル, 56 ,16,12,"  ","  ","  ","  ",,10,12,ダ,1800,,良,0,,(栗),今野貞一,1598,3.3,6,14,15,39.3,52.4,,54.00,55.3,1.5,458,,,(29.8),,,,,,
,241006,5京2,3,新馬,マヘーシュヴァラ,,牡,2,水口優也, 56 ,16,4,"  ","  ","  ","  ",,16,13,ダ,1800,,良,0,,(栗),吉田直弘,1599,3.4,15,16,13,39.3,52.5,,54.00,55.3,1.6,500,,,(219.0),,,,,,
,241006,5京2,3,新馬,ツリートップムーン,,牡,2,菅原明良, 56 ,16,1,"  ","  ","  ","  ",,9,14,ダ,1800,,良,0,,(栗),坂口智康,2009,4.4,13,12,11,40.6,48.9,,54.00,55.3,1.3,494,,,(26.9),,,,,,
,241006,5京2,3,新馬,コパノハワード,,牡,2,Ｍ．デム, 56 ,16,15,"  ","  ","  ","  ",,3,15,ダ,1800,,良,0,,(栗),梅田智之,2011,4.6,9,6,9,41.4,46.3,,54.00,55.3,0.7,488,,,(8.3),,,,,,
,241006,5京2,3,新馬,ユアマイスター,,牝,2,吉村誠之,52▲,16,10,"  ","  ","  ","  ",,12,16,ダ,1800,,良,0,,(栗),森田直行,2017,5.2,5,9,11,41.8,45.6,,54.00,55.3,0.9,440,,,(38.6),,,,,,
,241006,5京2,2,未勝利*,ランフォーヴァウ,,牝,2,川田将雅, 55 ,14,3,"  ","  ","  ","  ",,3,１,芝,1400,A,良,550,,(栗),福永祐一,1213,-0.3,,7,6,34.5,51.7,*,49.50,47.2,0.9,454,-2,,500,170,2330,2330,3780,2340,13370
,241006,5京2,2,未勝利*,タガノアンファン,,牡,2,藤懸貴志, 56 ,14,4,"  ","  ","  ","  ",,5,２,芝,1400,A,良,220,,(栗),石坂公一,1216,0.3,,3,2,35.2,48.9,*,49.50,47.2,0.5,464,-2,,(7.4),200,2330,2330,3780,2340,13370
,241006,5京2,2,未勝利*,ゼンダンハヤブサ,,牡,2,吉村誠之,53▲,14,2,"  ","  ","  ","  ",,2,３,芝,1400,A,良,140,,(栗),佐々木晶,1216,0.3,,2,2,35.4,47.9,*,49.50,47.2,0.3,446,+6,,(4.0),150,,,,2340,13370
,241006,5京2,2,未勝利*,ホウオウライダイ,,牡,2,古川吉洋, 56 ,14,10,"  ","  ","  ","  ",,7,４,芝,1400,A,良,83,,(栗),宮徹,1217,0.4,,4,4,35.1,49.6,*,49.50,47.2,0.7,468,-6,,(16.0),,,,,,
,241006,5京2,2,未勝利*,ロイヤルウィル,,牝,2,橋木太希,52▲,14,1,"  ","  ","  ","  ",,8,５,芝,1400,A,良,55,,(栗),村山明,1217,0.4,,1,1,35.8,46.2,*,49.50,47.2,0.0,460,-2,,(37.5),,,,,,
,241006,5京2,2,未勝利*,ブラックケリー,,牝,2,横山武史, 55 ,14,14,"  ","  ","  ","  ",,6,６,芝,1400,A,良,0,,(栗),長谷川浩,1217,0.4,,7,6,34.9,50.6,*,49.50,47.2,0.9,432,+2,,(9.8),,,,,,
,241006,5京2,2,未勝利*,ベルヴィヴァン,,牝,2,団野大成, 55 ,14,5,"  ","  ","  ","  ",,1,７,芝,1400,A,良,0,,(栗),西村真幸,1218,0.5,,4,4,35.3,48.8,*,49.50,47.2,0.6,474,0,,(3.4),,,,,,
,241006,5京2,2,未勝利*,グーフドリファール,,牝,2,吉田隼人, 55 ,14,7,"  ","  ","  ","  ",,11,８,芝,1400,A,良,0,,(栗),安達昭夫,1219,0.6,,9,9,35.0,50.5,*,49.50,47.2,1.0,396,-2,,(136.3),,,,,,
,241006,5京2,2,未勝利*,ペンテリコン,,牝,2,中井裕二, 55 ,14,6,"  ","  ","  ","  ",,9,９,芝,1400,A,良,0,,(栗),武幸四郎,1220,0.7,,10,10,34.9,51.2,*,49.50,47.2,1.2,494,+12,,(103.1),,,,,,
,241006,5京2,2,未勝利*,ヌーヴェルソール,,牝,2,高杉吏麒,52▲,14,12,"  ","  ","  ","  ",,14,10,芝,1400,A,良,0,,(栗),吉村圭司,1220,0.7,,6,6,35.3,49.2,*,49.50,47.2,0.8,422,+10,,(155.2),,,,,,
,241006,5京2,2,未勝利*,ジュンライトニング,,牡,2,シュタル, 56 ,14,9,"  ","  ","  ","  ",,4,11,芝,1400,A,良,0,,(栗),清水久詞,1224,1.1,,12,12,35.2,50.6,,49.50,47.2,1.3,442,-4,,(6.9),,,,,,
,241006,5京2,2,未勝利*,キングピラート,,牡,2,田口貫太,55☆,14,13,"  ","  ","  ","  ",,13,12,芝,1400,A,良,0,,(栗),高橋義忠,1224,1.1,,13,13,35.0,51.6,*,49.50,47.2,1.5,474,+6,,(143.0),,,,,,
,241006,5京2,2,未勝利*,エイシンサイネリア,,牝,2,荻野琢真, 55 ,14,11,"  ","  ","  ","  ",,12,13,芝,1400,A,良,0,,(栗),大久保龍,1231,1.8,,10,10,36.0,48.1,,49.50,47.2,1.2,454,0,,(140.9),,,,,,
,241006,5京2,2,未勝利*,オオイリブクロ,,牡,2,松山弘平, 56 ,14,8,"  ","  ","  ","  ",,10,14,芝,1400,A,良,0,,(栗),高橋一哉,1257,4.4,,14,14,36.3,52.1,,49.50,47.2,3.5,410,+4,,(112.1),,,,,,
,241006,5京2,1,未勝利*,ダノンフィーゴ,,牡,2,川田将雅, 56 ,11,5,"  ","  ","  ","  ",,1,１,ダ,1400,,良,550,,(栗),友道康夫,1255,-1.0,,4,4,37.5,46.0,*,44.10,44.2,0.4,464,+4,,110,100,390,1610,1560,2670,6390
,241006,5京2,1,未勝利*,ショウナンアトレ,,牡,2,吉村誠之,53▲,11,11,"  ","  ","  ","  ",,5,２,ダ,1400,,良,220,,(栗),梅田智之,1265,1.0,,6,6,38.3,44.4,*,44.10,44.2,0.6,460,-8,,(73.1),330,390,1610,1560,2670,6390
,241006,5京2,1,未勝利*,リトルサムシング,,牡,2,団野大成, 56 ,11,10,"  ","  ","  ","  ",,4,３,ダ,1400,,良,140,,(栗),野中賢二,1268,1.3,,2,1,39.0,41.9,*,44.10,44.2,0.2,478,0,B,(25.1),170,,,,2670,6390
,241006,5京2,1,未勝利*,マテンロウコマンド,,牡,2,横山武史, 56 ,11,3,"  ","  ","  ","  ",,3,４,ダ,1400,,良,83,,(栗),長谷川浩,1277,2.2,,4,4,39.8,40.3,,44.10,44.2,0.3,498,+36,,(19.2),,,,,,
,241006,5京2,1,未勝利*,モレポブラーノ,,牡,2,シュタル, 56 ,11,1,"  ","  ","  ","  ",,2,５,ダ,1400,,良,55,,(栗),庄野靖志,1279,2.4,,6,6,39.7,41.1,,44.10,44.2,0.6,532,+6,,(12.4),,,,,,
,241006,5京2,1,未勝利*,ブギウギウギ,,牝,2,古川吉洋, 55 ,11,7,"  ","  ","  ","  ",,8,６,ダ,1400,,良,0,,(栗),昆貢,1280,2.5,,8,8,39.6,41.7,,44.10,44.2,0.8,460,-18,,(158.2),,,,,,
,241006,5京2,1,未勝利*,ピースシャイニー,,牡,2,幸英明, 56 ,11,9,"  ","  ","  ","  ",,9,７,ダ,1400,,良,0,,(栗),河嶋宏樹,1283,2.8,,8,8,39.9,41.0,,44.10,44.2,0.8,466,-6,,(216.0),,,,,,
,241006,5京2,1,未勝利*,アスタイクウス,,牡,2,田口貫太,55☆,11,2,"  ","  ","  ","  ",,10,８,ダ,1400,,良,0,,(栗),岡田稲男,1286,3.1,,8,10,40.2,40.3,,44.10,44.2,0.8,478,-2,,(318.0),,,,,,
,241006,5京2,1,未勝利*,リリードリーマー,,牝,2,藤懸貴志, 55 ,11,8,"  ","  ","  ","  ",,7,９,ダ,1400,,良,0,,(栗),平田修,1291,3.6,,2,2,41.4,36.4,,44.10,44.2,0.1,452,+2,,(97.2),,,,,,
,241006,5京2,1,未勝利*,テイエムダイスター,,牝,2,富田暁, 55 ,11,6,"  ","  ","  ","  ",,6,10,ダ,1400,,良,0,,(栗),木原一良,1292,3.7,,8,10,40.8,39.0,,44.10,44.2,0.8,430,+4,,(96.7),,,,,,
,241006,5京2,1,未勝利*,ゼンダントモニ,,牡,2,角田大和, 56 ,11,4,"  ","  ","  ","  ",,11,11,ダ,1400,,良,0,,(栗),角田晃一,1299,4.4,,1,2,42.3,34.4,,44.10,44.2,0.0,470,-6,,(320.6),,,,,,
,241005,5京1,12,２勝ｸﾗｽ,マルチャレアル,,牡,3,団野大成, 56 ,14,6,"  ","  ","  ","  ",,1,１,ダ,1800,,稍,1140,,(栗),斉藤崇史,1531,-0.4,3,2,2,37.9,49.2,*,49.07,48.4,0.2,496,0,,160,110,540,2360,3570,5190,16470
,241005,5京1,12,２勝ｸﾗｽ,ダブルジョーク,,牡,4,長岡禎仁, 58 ,14,7,"  ","  ","  ","  ",,10,２,ダ,1800,,稍,460,,(栗),小林真也,1535,0.4,10,9,7,37.7,50.5,*,49.07,48.4,0.8,564,-8,,(42.1),640,540,2360,3570,5190,16470
,241005,5京1,12,２勝ｸﾗｽ,ワンダフルトゥデイ,,牡,5,水口優也, 58 ,14,4,"  ","  ","  ","  ",,4,３,ダ,1800,,稍,290,,(栗),中尾秀正,1542,1.1,7,4,5,38.7,47.5,*,49.07,48.4,0.5,528,-2,,(11.0),160,,,,5190,16470
,241005,5京1,12,２勝ｸﾗｽ,ヒデノレインボー,,牡,5,田口貫太,57☆,14,10,"  ","  ","  ","  ",,8,４,ダ,1800,,稍,170,,(栗),梅田智之,1543,1.2,9,9,9,38.4,48.8,*,49.07,48.4,0.9,490,+2,B,(30.9),,,,,,
,241005,5京1,12,２勝ｸﾗｽ,キョウエイゲイル,,セ,4,高倉稜, 58 ,14,13,"  ","  ","  ","  ",,5,５,ダ,1800,,稍,114,,(栗),田中克典,1544,1.3,14,14,14,37.8,51.3,*,49.07,48.4,1.6,468,-8,,(18.5),,,,,,
,241005,5京1,12,２勝ｸﾗｽ,リミットバスター,,牡,4,シュタル, 58 ,14,8,"  ","  ","  ","  ",,2,６,ダ,1800,,稍,0,,(栗),杉山晴紀,1547,1.6,7,8,9,39.0,47.1,,49.07,48.4,0.7,522,+4,B,(7.6),,,,,,
,241005,5京1,12,２勝ｸﾗｽ,シュピカ,,牝,6,吉村誠之,53▲,14,5,"  ","  ","  ","  ",,9,７,ダ,1800,,稍,0,,(栗),千田輝彦,1547,1.6,12,11,11,38.4,49.3,*,49.07,48.4,1.3,508,+10,,(34.6),,,,,,
,241005,5京1,12,２勝ｸﾗｽ,モズアカボス,,牡,4,古川奈穂,54★,14,3,"  ","  ","  ","  ",,12,８,ダ,1800,,稍,0,,(栗),矢作芳人,1547,1.6,5,11,13,38.4,49.3,*,49.07,48.4,1.3,510,-2,B,(45.9),,,,,,
,241005,5京1,12,２勝ｸﾗｽ,スマートビクター,,牡,5,池添謙一, 58 ,14,1,"  ","  ","  ","  ",,7,９,ダ,1800,,稍,0,,(栗),吉田直弘,1548,1.7,3,6,5,39.3,46.1,,49.07,48.4,0.5,526,+6,,(24.0),,,,,,
,241005,5京1,12,２勝ｸﾗｽ,バガリーロータス,,牝,3,永島まな,52◇,14,2,"  ","  ","  ","  ",,3,10,ダ,1800,,稍,0,,(栗),石坂公一,1548,1.7,1,1,1,39.8,44.2,,49.07,48.4,0.0,458,-6,,(8.0),,,,,,
,241005,5京1,12,２勝ｸﾗｽ,バックスクリーン,,セ,5,鮫島克駿, 58 ,14,9,"  ","  ","  ","  ",,13,11,ダ,1800,,稍,0,,(栗),緒方努,1550,1.9,10,4,3,39.5,45.6,,49.07,48.4,0.5,504,-4,,(139.4),,,,,,
,241005,5京1,12,２勝ｸﾗｽ,トーアライデン,,牡,4,幸英明, 58 ,14,11,"  ","  ","  ","  ",,6,12,ダ,1800,,稍,0,,(栗),河嶋宏樹,1552,2.1,5,7,7,39.5,45.8,,49.07,48.4,0.7,504,+4,,(21.9),,,,,,
,241005,5京1,12,２勝ｸﾗｽ,オメガエリタージュ,,セ,7,岩田康誠, 58 ,14,12,"  ","  ","  ","  ",,14,13,ダ,1800,,稍,0,,(栗),辻野泰之,1558,2.7,13,11,11,39.6,46.2,,49.07,48.4,1.2,440,+2,,(160.0),,,,,,
,241005,5京1,12,２勝ｸﾗｽ,スマートカリス,,牝,4,岩田望来, 56 ,14,14,"  ","  ","  ","  ",,11,14,ダ,1800,,稍,0,,(栗),池江泰寿,1596,6.5,2,2,3,44.4,34.7,,49.07,48.4,0.2,464,+4,,(43.6),,,,,,
,241005,5京1,11,オパーＨ(L),ビッグシーザー,,牡,4,田口貫太, 58 ,18,14,"  ","  ","  ","  ",,6,１,芝,1200,A,良,2700,,(栗),西園正都,1074,-0.1,,3,3,33.9,48.8,*,49.80,47.7,0.2,518,+2,,870,280,3650,9700,15220,20810,129810
,241005,5京1,11,オパーＨ(L),メイショウソラフネ,,牡,5,酒井学, 56 ,18,13,"  ","  ","  ","  ",,11,２,芝,1200,A,良,1100,,(栗),石橋守,1075,0.1,,6,6,33.8,49.7,*,49.80,47.7,0.4,446,+2,,(28.1),660,3650,9700,15220,20810,129810
,241005,5京1,11,オパーＨ(L),ペアポルックス,,牡,3,岩田康誠, 55 ,18,8,"  ","  ","  ","  ",,3,３,芝,1200,A,良,680,,(栗),梅田智之,1075,0.1,,9,8,33.6,50.9,*,49.80,47.7,0.6,478,+10,,(6.0),260,,,,20810,129810
,241005,5京1,11,オパーＨ(L),グランテスト,,牝,4,岩田望来, 53 ,18,6,"  ","  ","  ","  ",,1,４,芝,1200,A,良,410,,(栗),今野貞一,1075,0.1,,2,2,34.1,47.9,*,49.80,47.7,0.1,472,+2,,(5.5),,,,,,
,241005,5京1,11,オパーＨ(L),チェイスザドリーム,,牝,5,鮫島克駿, 55 ,18,11,"  ","  ","  ","  ",,12,５,芝,1200,A,良,270,*,(栗),矢作芳人,1076,0.2,,1,1,34.3,47.1,*,49.80,47.7,0.0,486,-2,,(39.8),,,,,,
,241005,5京1,11,オパーＨ(L),カンチェンジュンガ,,牡,4,西村淳也, 55 ,18,10,"  ","  ","  ","  ",,7,６,芝,1200,A,良,0,,(栗),庄野靖志,1076,0.2,,15,13,33.2,53.6,*,49.80,47.7,1.1,484,-2,,(9.5),,,,,,
,241005,5京1,11,オパーＨ(L),キタノエクスプレス,,牡,6,国分優作, 55 ,18,12,"  ","  ","  ","  ",,2,７,芝,1200,A,良,0,,(栗),坂口智康,1077,0.3,,5,5,34.1,48.5,*,49.80,47.7,0.3,516,+12,,(5.9),,,,,,
,241005,5京1,11,オパーＨ(L),ブーケファロス,,牡,4,富田暁, 55 ,18,1,"  ","  ","  ","  ",,14,８,芝,1200,A,良,0,,(美),清水英克,1078,0.4,,12,9,33.7,51.2,*,49.80,47.7,0.8,446,+2,,(60.9),,,,,,
,241005,5京1,11,オパーＨ(L),プルパレイ,,セ,5,川田将雅, 57 ,18,15,"  ","  ","  ","  ",,8,９,芝,1200,A,良,0,,(栗),須貝尚介,1079,0.5,,6,9,34.0,49.7,*,49.80,47.7,0.6,488,-8,,(18.4),,,,,,
,241005,5京1,11,オパーＨ(L),ナナオ,,牝,3,池添謙一, 54 ,18,7,"  ","  ","  ","  ",,4,10,芝,1200,A,良,0,,(栗),小栗実,1079,0.5,,3,3,34.4,47.4,*,49.80,47.7,0.2,450,+16,,(7.8),,,,,,
,241005,5京1,11,オパーＨ(L),モリノドリーム,,牝,5,丸山元気, 55 ,18,16,"  ","  ","  ","  ",,9,11,芝,1200,A,良,0,*,(美),鹿戸雄一,1081,0.7,,9,11,34.0,50.3,*,49.80,47.7,0.8,486,-6,,(19.1),,,,,,
,241005,5京1,11,オパーＨ(L),アネゴハダ,,牝,5,角田大和, 54 ,18,18,"  ","  ","  ","  ",,13,12,芝,1200,A,良,0,,(栗),佐々木晶,1081,0.7,,12,13,33.8,51.5,*,49.80,47.7,1.0,476,+10,,(57.3),,,,,,
,241005,5京1,11,オパーＨ(L),ジャスティンスカイ,,牡,5,北村友一,57.5,18,9,"  ","  ","  ","  ",,5,13,芝,1200,A,良,0,,(栗),友道康夫,1082,0.8,,16,16,33.6,53.0,*,49.80,47.7,1.3,534,+12,,(8.3),,,,,,
,241005,5京1,11,オパーＨ(L),グランデマーレ,,牡,7,シュタル, 56 ,18,4,"  ","  ","  ","  ",,15,14,芝,1200,A,良,0,,(栗),藤岡健一,1082,0.8,,17,17,33.2,55.4,*,49.80,47.7,1.7,510,+6,,(87.0),,,,,,
,241005,5京1,11,オパーＨ(L),ロードマックス,,牡,6,幸英明, 55 ,18,3,"  ","  ","  ","  ",,17,15,芝,1200,A,良,0,,(栗),中村直也,1082,0.8,,6,6,34.4,48.3,*,49.80,47.7,0.5,446,+6,,(135.1),,,,,,
,241005,5京1,11,オパーＨ(L),セットアップ,,牡,3,団野大成, 56 ,18,2,"  ","  ","  ","  ",,10,16,芝,1200,A,良,0,*,(美),鹿戸雄一,1083,0.9,,12,11,34.1,50.3,*,49.80,47.7,0.9,488,+4,,(26.7),,,,,,
,241005,5京1,11,オパーＨ(L),スコールユニバンス,,牝,5,永島まな, 51 ,18,5,"  ","  ","  ","  ",,16,17,芝,1200,A,良,0,*,(栗),矢作芳人,1087,1.3,,18,18,33.2,56.9,*,49.80,47.7,2.2,466,+8,,(97.0),,,,,,
,241005,5京1,11,オパーＨ(L),ジャスパージャック,,セ,8,吉村誠之, 56 ,18,17,"  ","  ","  ","  ",,18,18,芝,1200,A,良,0,,(栗),森秀行,1094,2.0,,9,13,35.2,47.2,,49.80,47.7,0.9,520,-10,B,(364.0),,,,,,
,241005,5京1,10,大山崎Ｓ･3勝,スターターン,,牡,3,幸英明, 57 ,16,7,"  ","  ","  ","  ",,1,１,ダ,1200,,稍,1840,,(栗),坂口智康,1114,-0.3,,6,6,36.8,44.0,*,43.87,40.9,0.6,496,+20,,220,130,310,350,590,2800,6590
,241005,5京1,10,大山崎Ｓ･3勝,エコロガイア,,牡,3,岩田望来, 57 ,16,11,"  ","  ","  ","  ",,2,２,ダ,1200,,稍,740,,(栗),森秀行,1117,0.3,,4,4,37.2,42.7,*,43.87,40.9,0.5,470,-6,,(3.2),130,310,350,590,2800,6590
,241005,5京1,10,大山崎Ｓ･3勝,ブルーシンフォニー,,牡,6,団野大成, 58 ,16,14,"  ","  ","  ","  ",,8,３,ダ,1200,,稍,460,,(美),伊藤圭三,1119,0.5,,9,9,36.9,44.9,*,43.87,40.9,1.0,478,-2,,(32.0),340,,,,2800,6590
,241005,5京1,10,大山崎Ｓ･3勝,ジュストコル,,牡,6,シュタル, 58 ,16,15,"  ","  ","  ","  ",,5,４,ダ,1200,,稍,280,,(栗),大久保龍,1119,0.5,,10,10,36.7,45.9,*,43.87,40.9,1.2,512,+4,B,(16.0),,,,,,
,241005,5京1,10,大山崎Ｓ･3勝,オンザダブル,,牡,5,田口貫太, 58 ,16,4,"  ","  ","  ","  ",,7,５,ダ,1200,,稍,184,,(栗),長谷川浩,1120,0.6,,6,6,37.4,42.5,*,43.87,40.9,0.6,512,-6,,(28.8),,,,,,
,241005,5京1,10,大山崎Ｓ･3勝,メイショウフジタカ,,牡,6,富田暁, 58 ,16,12,"  ","  ","  ","  ",,15,６,ダ,1200,,稍,0,,(栗),飯田祐史,1121,0.7,,15,12,36.7,46.5,*,43.87,40.9,1.4,496,-2,,(137.0),,,,,,
,241005,5京1,10,大山崎Ｓ･3勝,ナスノカンゲツ,,牡,4,酒井学, 58 ,16,13,"  ","  ","  ","  ",,12,７,ダ,1200,,稍,0,,(美),武井亮,1121,0.7,,6,6,37.3,43.3,*,43.87,40.9,0.8,514,0,,(108.2),,,,,,
,241005,5京1,10,大山崎Ｓ･3勝,コパノハンプトン,,牡,4,岩田康誠, 58 ,16,3,"  ","  ","  ","  ",,11,８,ダ,1200,,稍,0,,(栗),宮徹,1122,0.8,,10,10,37.1,44.6,*,43.87,40.9,1.1,516,+10,,(67.8),,,,,,
,241005,5京1,10,大山崎Ｓ･3勝,ミレヴィーナス,,牝,5,西村淳也, 56 ,16,10,"  ","  ","  ","  ",,3,９,ダ,1200,,稍,0,,(栗),茶木太樹,1125,1.1,,10,12,37.4,43.9,,43.87,40.9,1.1,446,-2,,(8.2),,,,,,
,241005,5京1,10,大山崎Ｓ･3勝,ダイリュウホマレ,,牝,4,鮫島克駿, 56 ,16,9,"  ","  ","  ","  ",,4,10,ダ,1200,,稍,0,,(栗),橋口慎介,1131,1.7,,4,4,38.7,38.9,,43.87,40.9,0.4,450,0,,(12.3),,,,,,
,241005,5京1,10,大山崎Ｓ･3勝,グラストンベリー,,牝,5,川須栄彦, 56 ,16,8,"  ","  ","  ","  ",,14,11,ダ,1200,,稍,0,,(栗),藤岡健一,1134,2.0,,13,12,38.2,42.1,,43.87,40.9,1.2,444,+12,B,(124.7),,,,,,
,241005,5京1,10,大山崎Ｓ･3勝,ジェットエンブレム,,牡,6,永島まな, 58 ,16,16,"  ","  ","  ","  ",,13,12,ダ,1200,,稍,0,,(栗),石坂公一,1135,2.1,,13,15,38.1,42.9,,43.87,40.9,1.4,542,+12,,(118.3),,,,,,
,241005,5京1,10,大山崎Ｓ･3勝,アルムラトゥール,,牡,4,池添謙一, 58 ,16,6,"  ","  ","  ","  ",,6,13,ダ,1200,,稍,0,,(栗),庄野靖志,1137,2.3,,2,2,39.5,36.6,,43.87,40.9,0.2,500,+6,B,(19.8),,,,,,
,241005,5京1,10,大山崎Ｓ･3勝,オーロベルディ,,牝,5,国分恭介, 56 ,16,1,"  ","  ","  ","  ",,16,14,ダ,1200,,稍,0,,(栗),緒方努,1137,2.3,,15,15,38.3,42.4,,43.87,40.9,1.4,500,+8,,(201.2),,,,,,
,241005,5京1,10,大山崎Ｓ･3勝,アイファーシアトル,,牝,4,北村友一, 56 ,16,2,"  ","  ","  ","  ",,9,15,ダ,1200,,稍,0,,(栗),鮫島一歩,1145,3.1,,1,1,40.5,34.0,,43.87,40.9,0.0,480,-2,,(32.7),,,,,,
,241005,5京1,10,大山崎Ｓ･3勝,ウラカワノキセキ,,牝,5,丸山元気, 56 ,16,5,"  ","  ","  ","  ",,10,16,ダ,1200,,稍,0,,(美),田島俊明,1193,7.9,,2,2,45.2,25.4,,43.87,40.9,0.1,468,+10,B,(36.6),,,,,,
,241005,5京1,9,りんどう･1勝,ヴーレヴー,,牝,2,シュタル, 55 ,11,8,"  ","  ","  ","  ",,3,１,芝,1400,A,良,1070,,(栗),武幸四郎,1218,-0.0,,7,6,33.8,56.5,*,55.27,53.9,0.5,462,-4,,500,180,3040,3190,4740,2960,26150
,241005,5京1,9,りんどう･1勝,エメラヴィ,,牝,2,酒井学, 55 ,11,4,"  ","  ","  ","  ",,8,２,芝,1400,A,良,430,,(栗),松永幹夫,1218,0.0,,6,4,33.9,56.0,*,55.27,53.9,0.4,434,-16,,(18.6),310,3040,3190,4740,2960,26150
,241005,5京1,9,りんどう･1勝,ダンツエラン,,牝,2,幸英明, 55 ,11,1,"  ","  ","  ","  ",,1,３,芝,1400,A,良,270,,(栗),本田優,1220,0.2,,1,1,34.5,53.3,*,55.27,53.9,0.0,486,+6,,(2.9),140,,,,2960,26150
,241005,5京1,9,りんどう･1勝,ナムラクララ,,牝,2,西村淳也, 55 ,11,3,"  ","  ","  ","  ",,2,４,芝,1400,A,良,160,,(栗),長谷川浩,1220,0.2,,3,2,34.4,53.8,*,55.27,53.9,0.1,478,+6,,(3.4),,,,,,
,241005,5京1,9,りんどう･1勝,ピコローズ,,牝,2,北村友一, 55 ,11,10,"  ","  ","  ","  ",,9,５,芝,1400,A,良,107,,(美),伊藤大士,1221,0.3,,10,9,33.8,57.2,*,55.27,53.9,0.8,434,0,,(36.0),,,,,,
,241005,5京1,9,りんどう･1勝,アブキールベイ,,牝,2,岩田望来, 55 ,11,9,"  ","  ","  ","  ",,5,６,芝,1400,A,良,0,,(栗),坂口智康,1222,0.4,,4,4,34.4,54.2,*,55.27,53.9,0.3,410,+2,,(10.5),,,,,,
,241005,5京1,9,りんどう･1勝,サニーサルサ,,牝,2,永島まな, 55 ,11,7,"  ","  ","  ","  ",,4,７,芝,1400,A,良,0,,(栗),高橋康之,1226,0.8,,9,9,34.6,54.0,*,55.27,53.9,0.5,458,-2,,(8.2),,,,,,
,241005,5京1,9,りんどう･1勝,ポートデラメール,,牝,2,団野大成, 55 ,11,2,"  ","  ","  ","  ",,6,８,芝,1400,A,良,0,,(栗),斉藤崇史,1227,0.9,,7,6,34.7,53.7,*,55.27,53.9,0.5,418,0,,(16.1),,,,,,
,241005,5京1,9,りんどう･1勝,ショウナンラフィネ,,牝,2,鮫島克駿, 55 ,11,5,"  ","  ","  ","  ",,7,９,芝,1400,A,良,0,,(栗),高野友和,1232,1.4,,2,2,35.7,49.8,,55.27,53.9,0.0,392,+2,,(16.8),,,,,,
,241005,5京1,9,りんどう･1勝,エイシンダリア,,牝,2,田口貫太, 55 ,11,11,"  ","  ","  ","  ",,10,10,芝,1400,A,良,0,,(美),勢司和浩,1242,2.4,,4,6,36.3,49.0,,55.27,53.9,0.4,454,-3,,(233.3),,,,,,
,241005,5京1,8,２勝ｸﾗｽ,ヴェローチェエラ,,牡,3,川田将雅, 55 ,8,2,"  ","  ","  ","  ",,1,１,芝,2400,A,良,1140,,(栗),須貝尚介,2250,-0.2,4,4,4,34.4,57.2,*,55.43,50.6,1.7,494,-6,,110,100,,280,300,320,650
,241005,5京1,8,２勝ｸﾗｽ,リッチブラック,,牡,5,西村淳也, 58 ,8,7,"  ","  ","  ","  ",,3,２,芝,2400,A,良,460,,(栗),西村真幸,2252,0.2,3,2,2,35.9,51.5,*,55.43,50.6,0.4,468,-2,,(7.1),110,,280,300,320,650
,241005,5京1,8,２勝ｸﾗｽ,ノーブルライジング,,牡,4,国分恭介, 58 ,8,3,"  ","  ","  ","  ",,2,３,芝,2400,A,良,290,,(栗),宮本博,2254,0.4,5,5,5,34.4,57.6,*,55.43,50.6,2.1,504,-2,,(7.1),110,,,,320,650
,241005,5京1,8,２勝ｸﾗｽ,ダンツエスプリ,,牡,5,吉村誠之,55▲,8,6,"  ","  ","  ","  ",,7,４,芝,2400,A,良,170,,(栗),本田優,2259,0.9,7,8,7,34.7,56.8,*,55.43,50.6,2.3,490,-4,,(48.7),,,,,,
,241005,5京1,8,２勝ｸﾗｽ,プリマヴィータ,,牝,5,古川奈穂,52★,8,4,"  ","  ","  ","  ",,8,５,芝,2400,A,良,114,,(栗),藤沢則雄,2260,1.0,1,1,1,37.1,47.8,*,55.43,50.6,0.0,456,+10,,(67.3),,,,,,
,241005,5京1,8,２勝ｸﾗｽ,マンクスホップ,,牝,5,角田大和, 56 ,8,8,"  ","  ","  ","  ",,5,６,芝,2400,A,良,0,,(栗),小椋研介,2260,1.0,2,3,2,36.6,49.6,*,55.43,50.6,0.5,452,-6,,(44.0),,,,,,
,241005,5京1,8,２勝ｸﾗｽ,ペネトレイトゴー,,セ,4,永島まな,56◇,8,5,"  ","  ","  ","  ",,4,７,芝,2400,A,良,0,,(栗),森秀行,2264,1.4,7,7,7,35.2,55.3,,55.43,50.6,2.3,432,+4,,(38.0),,,,,,
,241005,5京1,8,２勝ｸﾗｽ,レッドエンヴィー,,牡,8,田口貫太,57☆,8,1,"  ","  ","  ","  ",,6,８,芝,2400,A,良,0,,(栗),坂口智康,2264,1.4,6,6,6,35.2,55.3,,55.43,50.6,2.3,514,+10,,(47.8),,,,,,
,241005,5京1,7,１勝ｸﾗｽ,ジョータルマエ,,セ,4,鮫島良太, 58 ,10,2,"  ","  ","  ","  ",,1,１,ダ,1800,,稍,800,,(栗),河嶋宏樹,1530,-0.1,1,1,1,38.6,46.4,*,47.87,46.4,0.0,494,+6,B,390,150,910,990,2120,1430,6820
,241005,5京1,7,１勝ｸﾗｽ,パカーラン,,牡,3,川田将雅, 56 ,10,5,"  ","  ","  ","  ",,2,２,ダ,1800,,稍,320,,(栗),藤原英昭,1531,0.1,3,3,2,38.1,48.4,*,47.87,46.4,0.6,476,+8,,(4.0),160,910,990,2120,1430,6820
,241005,5京1,7,１勝ｸﾗｽ,エアフォースワン,,牡,5,幸英明, 58 ,10,7,"  ","  ","  ","  ",,6,３,ダ,1800,,稍,200,,(栗),大根田裕,1534,0.4,9,6,5,38.1,48.8,*,47.87,46.4,0.9,478,+8,,(7.0),180,,,,1430,6820
,241005,5京1,7,１勝ｸﾗｽ,タケノシンセイ,,牡,3,和田竜二, 56 ,10,9,"  ","  ","  ","  ",,8,４,ダ,1800,,稍,120,,(栗),村山明,1536,0.6,5,3,2,38.6,47.2,*,47.87,46.4,0.6,458,+2,,(32.6),,,,,,
,241005,5京1,7,１勝ｸﾗｽ,サリュエ,,牡,3,岩田望来, 56 ,10,10,"  ","  ","  ","  ",,3,５,ダ,1800,,稍,80,,(栗),野中賢二,1539,0.9,2,2,2,39.1,45.7,*,47.87,46.4,0.4,488,+8,,(5.2),,,,,,
,241005,5京1,7,１勝ｸﾗｽ,キタノハヤブサ,,牡,3,吉村誠之,53▲,10,4,"  ","  ","  ","  ",,7,６,ダ,1800,,稍,0,,(栗),吉田直弘,1544,1.4,9,9,7,38.8,47.4,,47.87,46.4,1.2,466,+4,,(17.3),,,,,,
,241005,5京1,7,１勝ｸﾗｽ,マジックブルー,,牡,3,団野大成, 56 ,10,8,"  ","  ","  ","  ",,4,７,ダ,1800,,稍,0,,(栗),荒川義之,1547,1.7,5,7,7,39.3,45.9,,47.87,46.4,1.0,482,-4,,(6.3),,,,,,
,241005,5京1,7,１勝ｸﾗｽ,エスオーライジング,,牡,3,富田暁, 56 ,10,6,"  ","  ","  ","  ",,9,８,ダ,1800,,稍,0,,(栗),木原一良,1548,1.8,3,3,5,39.8,44.2,,47.87,46.4,0.6,470,+4,,(83.0),,,,,,
,241005,5京1,7,１勝ｸﾗｽ,テンエースワン,,牡,3,荻野琢真, 56 ,10,3,"  ","  ","  ","  ",,5,９,ダ,1800,,稍,0,,(栗),大久保龍,1548,1.8,7,7,7,39.4,45.7,,47.87,46.4,1.0,470,-6,,(6.4),,,,,,
,241005,5京1,7,１勝ｸﾗｽ,メイショウヒメゴゼ,,牝,5,太宰啓介, 56 ,10,1,"  ","  ","  ","  ",,10,10,ダ,1800,,稍,0,,(栗),飯田祐史,1554,2.4,7,10,10,38.8,48.7,,47.87,46.4,2.2,478,-2,,(284.3),,,,,,
,241005,5京1,6,１勝ｸﾗｽ,ジャーヴィス,,牡,4,岩田望来, 58 ,14,13,"  ","  ","  ","  ",,2,１,ダ,1400,,稍,800,*,(栗),千田輝彦,1259,-0.0,,10,9,37.1,48.7,*,47.77,45.0,0.8,484,-2,,440,180,460,5980,10490,21820,111240
,241005,5京1,6,１勝ｸﾗｽ,クアトロジャック,,牡,3,永島まな,54◇,14,10,"  ","  ","  ","  ",,9,２,ダ,1400,,稍,320,,(栗),庄野靖志,1259,0.0,,4,3,37.4,47.3,*,47.77,45.0,0.5,482,+4,B,(33.9),970,460,5980,10490,21820,111240
,241005,5京1,6,１勝ｸﾗｽ,ブーヤカ,,セ,3,田口貫太,55☆,14,8,"  ","  ","  ","  ",,5,３,ダ,1400,,稍,200,,(栗),藤岡健一,1259,0.0,,4,5,37.4,47.3,*,47.77,45.0,0.5,454,+8,B,(11.0),290,,,,21820,111240
,241005,5京1,6,１勝ｸﾗｽ,ナッカーフェイス,,牡,5,酒井学, 58 ,14,6,"  ","  ","  ","  ",,6,４,ダ,1400,,稍,120,*,(栗),北出成人,1260,0.1,,11,12,37.1,48.9,*,47.77,45.0,0.9,460,-6,,(21.2),,,,,,
,241005,5京1,6,１勝ｸﾗｽ,アドマイヤジェイ,,牡,5,川田将雅, 58 ,14,9,"  ","  ","  ","  ",,1,５,ダ,1400,,稍,80,,(栗),友道康夫,1261,0.2,,3,3,37.7,46.3,*,47.77,45.0,0.4,504,0,,(2.0),,,,,,
,241005,5京1,6,１勝ｸﾗｽ,エレガントギフト,,牝,4,西村淳也, 56 ,14,3,"  ","  ","  ","  ",,7,６,ダ,1400,,稍,0,*,(栗),千田輝彦,1261,0.2,,13,8,37.0,49.5,*,47.77,45.0,1.1,442,+12,,(26.5),,,,,,
,241005,5京1,6,１勝ｸﾗｽ,ラストボーン,,セ,3,高倉稜, 56 ,14,14,"  ","  ","  ","  ",,13,７,ダ,1400,,稍,0,,(栗),渡辺薫彦,1262,0.3,,4,5,37.6,46.9,*,47.77,45.0,0.6,450,+8,B,(86.1),,,,,,
,241005,5京1,6,１勝ｸﾗｽ,レゾルシオン,,牡,4,古川奈穂,54★,14,12,"  ","  ","  ","  ",,11,８,ダ,1400,,稍,0,,(栗),鈴木孝志,1263,0.4,,11,12,37.2,49.0,*,47.77,45.0,1.1,480,0,,(60.1),,,,,,
,241005,5京1,6,１勝ｸﾗｽ,グラティアスミノル,,牡,3,幸英明, 56 ,14,7,"  ","  ","  ","  ",,8,９,ダ,1400,,稍,0,*,(栗),北出成人,1264,0.5,,8,9,37.8,46.4,*,47.77,45.0,0.6,508,-6,B,(33.9),,,,,,
,241005,5京1,6,１勝ｸﾗｽ,シリウス,,牡,3,シュタル, 56 ,14,2,"  ","  ","  ","  ",,12,10,ダ,1400,,稍,0,,(栗),石坂公一,1265,0.6,,2,2,38.3,44.4,*,47.77,45.0,0.2,456,+6,B,(78.5),,,,,,
,241005,5京1,6,１勝ｸﾗｽ,トウカイエルデ,,牡,3,吉村誠之,53▲,14,11,"  ","  ","  ","  ",,3,11,ダ,1400,,稍,0,,(栗),茶木太樹,1267,0.8,,8,9,38.0,46.1,*,47.77,45.0,0.7,454,-2,,(7.4),,,,,,
,241005,5京1,6,１勝ｸﾗｽ,ダディーズアイル,,牡,3,丸山元気, 56 ,14,5,"  ","  ","  ","  ",,10,12,ダ,1400,,稍,0,*,(栗),千田輝彦,1267,0.8,,4,5,38.3,44.8,*,47.77,45.0,0.4,484,+10,,(35.3),,,,,,
,241005,5京1,6,１勝ｸﾗｽ,イナウィンク,,牡,4,古川吉洋, 58 ,14,4,"  ","  ","  ","  ",,14,13,ダ,1400,,稍,0,,(栗),吉田直弘,1273,1.4,,14,14,37.8,48.2,,47.77,45.0,1.5,432,-28,,(129.7),,,,,,
,241005,5京1,6,１勝ｸﾗｽ,ダズリングダンス,,セ,4,団野大成, 58 ,14,1,"  ","  ","  ","  ",,4,14,ダ,1400,,稍,0,,(栗),小椋研介,1365,10.6,,1,1,48.5,24.2,,47.77,45.0,0.0,502,+16,,(10.4),,,,,,
,241005,5京1,5,新馬,テレサ,,牝,2,岩田望来, 55 ,15,14,"  ","  ","  ","  ",,3,１,芝,1600,A,良,720,,(栗),吉岡辰弥,1344,-0.1,,1,1,34.8,52.8,*,53.30,52.8,0.0,428,,,390,180,1560,1570,2840,9720,39200
,241005,5京1,5,新馬,アイサンサン,,牝,2,永島まな,53◇,15,15,"  ","  ","  ","  ",,4,２,芝,1600,A,良,290,,(栗),佐々木晶,1345,0.1,,2,2,34.7,53.4,*,53.30,52.8,0.2,450,,,(8.0),250,1560,1570,2840,9720,39200
,241005,5京1,5,新馬,グラフィティアート,,牡,2,田口貫太,55☆,15,13,"  ","  ","  ","  ",,7,３,芝,1600,A,良,180,,(栗),石橋守,1347,0.3,,5,4,34.7,53.7,*,53.30,52.8,0.4,462,,,(31.0),610,,,,9720,39200
,241005,5京1,5,新馬,アドマイヤズーム,,牡,2,川田将雅, 56 ,15,3,"  ","  ","  ","  ",,1,４,芝,1600,A,良,110,,(栗),友道康夫,1347,0.3,,2,4,34.9,52.8,*,53.30,52.8,0.2,464,,,(2.7),,,,,,
,241005,5京1,5,新馬,レベルスルール,,牡,2,シュタル, 56 ,15,2,"  ","  ","  ","  ",,2,５,芝,1600,A,良,72,,(栗),池江泰寿,1347,0.3,,6,6,34.6,54.2,*,53.30,52.8,0.5,500,,,(3.6),,,,,,
,241005,5京1,5,新馬,メイショウゴールド,,牡,2,和田竜二, 56 ,15,11,"  ","  ","  ","  ",,8,６,芝,1600,A,良,0,,(栗),荒川義之,1358,1.4,,11,11,35.1,53.8,,53.30,52.8,1.1,444,,,(38.8),,,,,,
,241005,5京1,5,新馬,スキャットメロディ,,牡,2,西村淳也, 56 ,15,9,"  ","  ","  ","  ",,9,７,芝,1600,A,良,0,,(栗),中竹和也,1358,1.4,,9,7,35.3,52.8,,53.30,52.8,0.9,452,,,(70.0),,,,,,
,241005,5京1,5,新馬,アラック,,セ,2,和田翼, 56 ,15,7,"  ","  ","  ","  ",,14,８,芝,1600,A,良,0,,(栗),小椋研介,1359,1.5,,9,10,35.5,52.1,,53.30,52.8,0.8,446,,,(189.3),,,,,,
,241005,5京1,5,新馬,ペイドラロワール,,牡,2,吉村誠之,53▲,15,5,"  ","  ","  ","  ",,6,９,芝,1600,A,良,0,,(栗),清水久詞,1363,1.9,,2,2,36.6,47.9,,53.30,52.8,0.1,446,,,(18.7),,,,,,
,241005,5京1,5,新馬,クリノラピダス,,牡,2,幸英明, 56 ,15,12,"  ","  ","  ","  ",,12,10,芝,1600,A,良,0,,(栗),谷潔,1363,1.9,,6,7,35.9,50.9,,53.30,52.8,0.8,446,,,(185.5),,,,,,
,241005,5京1,5,新馬,マニーヒーロー,,牡,2,今村聖奈,53▲,15,8,"  ","  ","  ","  ",,10,11,芝,1600,A,良,0,,(栗),寺島良,1369,2.5,,6,7,36.8,48.0,,53.30,52.8,0.5,472,,,(71.5),,,,,,
,241005,5京1,5,新馬,デュジャック,,牡,2,団野大成, 56 ,15,1,"  ","  ","  ","  ",,5,12,芝,1600,A,良,0,,(栗),斉藤崇史,1373,2.9,,11,11,36.6,49.5,,53.30,52.8,1.1,518,,,(12.6),,,,,,
,241005,5京1,5,新馬,メイショウクロバト,,牡,2,角田大和, 56 ,15,10,"  ","  ","  ","  ",,13,13,芝,1600,A,良,0,,(栗),笹田和秀,1376,3.2,,13,13,36.3,51.3,,53.30,52.8,1.7,452,,,(188.2),,,,,,
,241005,5京1,5,新馬,イヤーワーム,,牡,2,古川吉洋, 56 ,15,6,"  ","  ","  ","  ",,11,14,芝,1600,A,良,0,,(栗),大根田裕,1382,3.8,,13,14,36.8,50.1,,53.30,52.8,1.8,484,,,(164.4),,,,,,
,241005,5京1,5,新馬,ユウトザドリーム,,牝,2,富田暁, 55 ,15,4,"  ","  ","  ","  ",,15,15,芝,1600,A,良,0,,(栗),小崎憲,1394,5.0,,15,15,37.3,49.9,,53.30,52.8,2.5,460,,,(258.5),,,,,,
,241005,5京1,4,新馬,ドラゴンウェルズ,,牡,2,北村友一, 56 ,16,10,"  ","  ","  ","  ",,2,１,ダ,1400,,稍,720,,(栗),藤原英昭,1247,-1.5,,2,1,37.2,45.8,*,44.20,45.3,0.1,456,,,390,170,660,820,1790,5990,21000
,241005,5京1,4,新馬,マジカルシャイン,,牝,2,岩田望来, 55 ,16,11,"  ","  ","  ","  ",,3,２,ダ,1400,,稍,290,,(栗),武英智,1262,1.5,,2,2,38.6,42.5,*,44.20,45.3,0.2,496,,,(4.6),180,660,820,1790,5990,21000
,241005,5京1,4,新馬,テーオーマルコーニ,,牡,2,西村淳也, 56 ,16,8,"  ","  ","  ","  ",,6,３,ダ,1400,,稍,180,,(栗),奥村豊,1269,2.2,,9,7,38.5,44.3,*,44.20,45.3,1.0,506,,,(17.7),440,,,,5990,21000
,241005,5京1,4,新馬,ジャスパーノベル,,牝,2,川田将雅, 55 ,16,16,"  ","  ","  ","  ",,1,４,ダ,1400,,稍,110,,(栗),森秀行,1269,2.2,,6,4,39.1,41.7,*,44.20,45.3,0.4,472,,,(2.5),,,,,,
,241005,5京1,4,新馬,アスコットアイ,,牝,2,鮫島克駿, 55 ,16,4,"  ","  ","  ","  ",,5,５,ダ,1400,,稍,72,,(栗),緒方努,1270,2.3,,1,2,39.6,39.8,*,44.20,45.3,0.0,428,,,(14.8),,,,,,
,241005,5京1,4,新馬,カンタカナリート,,牡,2,川須栄彦, 56 ,16,15,"  ","  ","  ","  ",,9,６,ダ,1400,,稍,0,,(栗),小椋研介,1274,2.7,,11,9,38.7,44.4,*,44.20,45.3,1.3,456,,,(46.2),,,,,,
,241005,5京1,4,新馬,タマモジャスミン,,牝,2,太宰啓介, 55 ,16,14,"  ","  ","  ","  ",,14,７,ダ,1400,,稍,0,*,(栗),大橋勇樹,1278,3.1,,4,6,40.0,39.6,,44.20,45.3,0.4,510,,,(144.8),,,,,,
,241005,5京1,4,新馬,ヒフミバンダム,,セ,2,国分恭介, 56 ,16,13,"  ","  ","  ","  ",,11,８,ダ,1400,,稍,0,,(栗),小栗実,1278,3.1,,12,12,38.9,44.3,*,44.20,45.3,1.5,478,,,(104.5),,,,,,
,241005,5京1,4,新馬,ゴームズ,,牝,2,角田大和, 55 ,16,3,"  ","  ","  ","  ",,8,９,ダ,1400,,稍,0,,(栗),角田晃一,1280,3.3,,4,4,40.3,38.8,,44.20,45.3,0.3,448,,,(32.2),,,,,,
,241005,5京1,4,新馬,ワンダーキュイラス,,牡,2,永島まな,54◇,16,6,"  ","  ","  ","  ",,12,10,ダ,1400,,稍,0,,(栗),笹田和秀,1285,3.8,,9,9,40.1,40.5,,44.20,45.3,1.0,432,,,(111.7),,,,,,
,241005,5京1,4,新馬,ジーナアクトレス,,牝,2,和田竜二, 55 ,16,5,"  ","  ","  ","  ",,7,11,ダ,1400,,稍,0,,(栗),高橋義忠,1297,5.0,,13,12,40.7,40.3,,44.20,45.3,1.6,480,,,(22.2),,,,,,
,241005,5京1,4,新馬,ヨーグルトナン,,牝,2,古川吉洋, 55 ,16,2,"  ","  ","  ","  ",,16,12,ダ,1400,,稍,0,,(栗),鮫島一歩,1308,6.1,,14,14,41.5,39.1,,44.20,45.3,1.9,454,,,(270.5),,,,,,
,241005,5京1,4,新馬,ジューンアレグロ,,牡,2,池添謙一, 56 ,16,9,"  ","  ","  ","  ",,4,13,ダ,1400,,稍,0,,(栗),松下武士,1318,7.1,,6,8,43.9,31.8,,44.20,45.3,0.5,440,,,(8.5),,,,,,
,241005,5京1,4,新馬,ポジティビティ,,牡,2,酒井学, 56 ,16,12,"  ","  ","  ","  ",,15,14,ダ,1400,,稍,0,,(栗),飯田祐史,1318,7.1,,15,15,42.3,37.8,,44.20,45.3,2.1,478,,,(157.1),,,,,,
,241005,5京1,4,新馬,アルムウーリエ,,牡,2,富田暁, 56 ,16,1,"  ","  ","  ","  ",,13,15,ダ,1400,,稍,0,,(栗),庄野靖志,1319,7.2,,6,9,44.1,31.3,,44.20,45.3,0.4,500,,,(127.8),,,,,,
,241005,5京1,4,新馬,メイショウヤマハギ,,牝,2,田口貫太,54☆,16,7,"  ","  ","  ","  ",,10,16,ダ,1400,,稍,0,*,(栗),大橋勇樹,1326,7.9,,16,16,40.7,45.6,,44.20,45.3,4.5,506,,,(66.7),,,,,,
,241005,5京1,3,未勝利*,ミュージアムマイル,,牡,2,幸英明, 56 ,8,4,"  ","  ","  ","  ",,1,１,芝,1800,A,良,550,,(栗),高柳大輔,1468,-0.2,,3,3,34.2,56.1,*,54.70,54.3,0.4,496,-4,,190,110,,430,750,700,2460
,241005,5京1,3,未勝利*,ショウナンカゼルタ,,牝,2,西村淳也, 55 ,8,7,"  ","  ","  ","  ",,2,２,芝,1800,A,良,220,,(栗),新谷功一,1470,0.2,,1,1,34.8,53.7,*,54.70,54.3,0.0,464,-4,,(4.1),120,,430,750,700,2460
,241005,5京1,3,未勝利*,シュパネントダイヤ,,牝,2,シュタル, 55 ,8,3,"  ","  ","  ","  ",,4,３,芝,1800,A,良,140,,(栗),吉村圭司,1477,0.9,,6,6,34.9,54.3,*,54.70,54.3,0.6,474,0,,(6.5),130,,,,700,2460
,241005,5京1,3,未勝利*,セイキュート,,牝,2,田口貫太,54☆,8,5,"  ","  ","  ","  ",,5,４,芝,1800,A,良,83,,(栗),四位洋文,1479,1.1,,6,6,35.1,53.7,,54.70,54.3,0.6,466,+12,,(9.6),,,,,,
,241005,5京1,3,未勝利*,ラージギャラリー,,牝,2,鮫島克駿, 55 ,8,8,"  ","  ","  ","  ",,3,５,芝,1800,A,良,55,,(栗),高橋亮,1480,1.2,,3,3,35.5,52.1,,54.70,54.3,0.3,468,0,,(5.3),,,,,,
,241005,5京1,3,未勝利*,アスクコモンタレヴ,,牡,2,岩田望来, 56 ,8,6,"  ","  ","  ","  ",,7,６,芝,1800,A,良,0,,(栗),梅田智之,1481,1.3,,2,2,35.8,51.0,,54.70,54.3,0.1,446,-8,,(37.3),,,,,,
,241005,5京1,3,未勝利*,ジャスタパーティー,,牡,2,団野大成, 56 ,8,1,"  ","  ","  ","  ",,6,７,芝,1800,A,良,0,,(栗),杉山晴紀,1486,1.8,,3,3,36.1,50.4,,54.70,54.3,0.3,460,0,,(30.6),,,,,,
,241005,5京1,3,未勝利*,ラヴリーチェリー,,牝,2,吉村誠之,52▲,8,2,"  ","  ","  ","  ",,8,８,芝,1800,A,良,0,,(栗),藤沢則雄,1497,2.9,,8,8,36.4,50.7,,54.70,54.3,1.1,390,+6,,(293.9),,,,,,
,241005,5京1,2,未勝利*,シュラザック,,牡,2,幸英明, 56 ,10,6,"  ","  ","  ","  ",,4,１,ダ,1800,,稍,550,,(栗),大根田裕,1555,-0.2,6,4,3,38.6,49.6,*,48.50,48.1,0.4,470,+2,,510,170,800,910,1740,930,5280
,241005,5京1,2,未勝利*,アートレスマインド,,牡,2,吉村誠之,53▲,10,9,"  ","  ","  ","  ",,3,２,ダ,1800,,稍,220,,(栗),坂口智康,1557,0.2,2,1,1,39.2,47.6,*,48.50,48.1,0.0,454,-2,,(4.5),170,800,910,1740,930,5280
,241005,5京1,2,未勝利*,メレサンク,,牝,2,北村友一, 55 ,10,8,"  ","  ","  ","  ",,1,３,ダ,1800,,稍,140,,(栗),田中克典,1566,1.1,8,7,7,39.3,48.3,*,48.50,48.1,0.8,462,0,,(3.9),150,,,,930,5280
,241005,5京1,2,未勝利*,バルミラクル,,牡,2,田口貫太,55☆,10,1,"  ","  ","  ","  ",,6,４,ダ,1800,,稍,83,,(栗),河嶋宏樹,1574,1.9,2,4,3,40.6,44.6,,48.50,48.1,0.3,426,-2,,(9.2),,,,,,
,241005,5京1,2,未勝利*,カガセブンスター,,牡,2,中井裕二, 56 ,10,5,"  ","  ","  ","  ",,2,５,ダ,1800,,稍,55,,(栗),安達昭夫,1580,2.5,2,2,2,41.3,42.9,,48.50,48.1,0.2,454,+2,,(4.1),,,,,,
,241005,5京1,2,未勝利*,プリスクリプション,,牡,2,永島まな,54◇,10,3,"  ","  ","  ","  ",,9,６,ダ,1800,,稍,0,,(栗),杉山佳明,1592,3.7,9,10,9,41.4,44.0,,48.50,48.1,1.3,378,-4,,(54.6),,,,,,
,241005,5京1,2,未勝利*,シャドーストライク,,牡,2,国分恭介, 56 ,10,10,"  ","  ","  ","  ",,8,７,ダ,1800,,稍,0,,(栗),茶木太樹,1595,4.0,6,6,5,42.5,40.6,,48.50,48.1,0.5,474,+4,,(31.4),,,,,,
,241005,5京1,2,未勝利*,ノーザトゥルース,,牝,2,古川奈穂,51★,10,7,"  ","  ","  ","  ",,7,８,ダ,1800,,稍,0,,(栗),村山明,1596,4.1,9,9,8,42.0,42.4,,48.50,48.1,1.1,452,-4,,(21.2),,,,,,
,241005,5京1,2,未勝利*,ランワールドワン,,牡,2,国分優作, 56 ,10,4,"  ","  ","  ","  ",,10,９,ダ,1800,,稍,0,,(栗),中尾秀正,2017,6.2,2,2,5,45.1,34.9,,48.50,48.1,0.1,474,0,,(59.3),,,,,,
,241005,5京1,1,未勝利*,テーオーエルビス,,牡,2,鮫島克駿, 56 ,12,1,"  ","  ","  ","  ",,1,１,ダ,1200,,稍,550,,(栗),高柳大輔,1116,-1.9,,1,1,36.8,44.6,*,44.63,44.6,0.0,494,+2,,160,110,340,760,1100,1470,4350
,241005,5京1,1,未勝利*,セントールビースト,,牡,2,吉村誠之,53▲,12,6,"  ","  ","  ","  ",,2,２,ダ,1200,,稍,220,,(栗),羽月友彦,1135,1.9,,2,2,38.5,40.9,*,44.63,44.6,0.2,420,0,,(7.0),160,340,760,1100,1470,4350
,241005,5京1,1,未勝利*,テイエムダイタカ,,牡,2,富田暁, 56 ,12,8,"  ","  ","  ","  ",,3,３,ダ,1200,,稍,140,*,(栗),木原一良,1140,2.4,,9,8,37.3,48.4,*,44.63,44.6,1.9,438,-2,,(7.3),150,,,,1470,4350
,241005,5京1,1,未勝利*,ソイジャガー,,牝,2,川須栄彦, 55 ,12,7,"  ","  ","  ","  ",,5,４,ダ,1200,,稍,83,,(栗),中尾秀正,1141,2.5,,5,5,38.2,44.0,*,44.63,44.6,1.1,454,-4,,(14.9),,,,,,
,241005,5京1,1,未勝利*,ストームレーン,,牡,2,団野大成, 56 ,12,11,"  ","  ","  ","  ",,6,５,ダ,1200,,稍,55,,(栗),緒方努,1144,2.8,,8,8,37.9,46.3,*,44.63,44.6,1.7,420,+10,,(19.8),,,,,,
,241005,5京1,1,未勝利*,ゴッドペイズリー,,牡,2,角田大和, 56 ,12,5,"  ","  ","  ","  ",,9,６,ダ,1200,,稍,0,,(栗),飯田祐史,1149,3.3,,3,2,39.8,38.2,,44.63,44.6,0.3,486,-2,,(38.0),,,,,,
,241005,5京1,1,未勝利*,スナークサンダー,,牡,2,和田竜二, 56 ,12,10,"  ","  ","  ","  ",,7,７,ダ,1200,,稍,0,,(栗),庄野靖志,1150,3.4,,6,6,38.9,42.8,,44.63,44.6,1.3,460,0,,(28.9),,,,,,
,241005,5京1,1,未勝利*,ドラマツルギー,,牝,2,国分優作, 55 ,12,4,"  ","  ","  ","  ",,8,８,ダ,1200,,稍,0,,(栗),大根田裕,1155,3.9,,6,6,39.5,41.1,,44.63,44.6,1.2,418,+4,,(33.3),,,,,,
,241005,5京1,1,未勝利*,メイショウマサツラ,,牡,2,田口貫太,55☆,12,2,"  ","  ","  ","  ",,4,９,ダ,1200,,稍,0,,(栗),本田優,1159,4.3,,3,4,40.7,36.5,,44.63,44.6,0.4,508,0,,(7.3),,,,,,
,241005,5京1,1,未勝利*,テイエムパイロット,,牡,2,酒井学, 56 ,12,3,"  ","  ","  ","  ",,10,10,ダ,1200,,稍,0,*,(栗),木原一良,1163,4.7,,9,11,39.6,42.7,,44.63,44.6,1.9,490,+8,,(171.5),,,,,,
,241005,5京1,1,未勝利*,ブラックデザイア,,牝,2,西村淳也, 55 ,12,12,"  ","  ","  ","  ",,12,11,ダ,1200,,稍,0,,(栗),杉山佳明,1169,5.3,,9,10,40.2,41.3,,44.63,44.6,1.9,382,+6,,(192.0),,,,,,
,241005,5京1,1,未勝利*,リケアマキアート,,セ,2,永島まな,54◇,12,9,"  ","  ","  ","  ",,11,12,ダ,1200,,稍,0,,(栗),坂口智康,1179,6.3,,12,12,40.0,44.8,,44.63,44.6,3.1,434,-2,,(175.7),,,,,,
,231029,2京9,12,２勝ｸﾗｽ,ブレーヴジャッカル,,セ,5,浜中俊, 58 ,16,13,"  ","  ","  ","  ",,6,１,ダ,1400,,良,1140,,(栗),長谷川浩,1245,-0.3,,8,5,37.2,45.4,*,43.60,41.8,0.8,456,-6,B,2190,460,6970,28300,52840,32780,345810
,231029,2京9,12,２勝ｸﾗｽ,ビルカール,,牡,3,松若風馬, 56 ,16,11,"  ","  ","  ","  ",,7,２,ダ,1400,,良,460,,(美),水野貴広,1248,0.3,,4,4,37.9,42.8,*,43.60,41.8,0.4,476,+14,,(33.6),720,6970,28300,52840,32780,345810
,231029,2京9,12,２勝ｸﾗｽ,ゼットノヴァ,,牡,4,幸英明, 58 ,16,3,"  ","  ","  ","  ",,2,３,ダ,1400,,良,290,,(栗),吉田直弘,1249,0.4,,4,5,38.0,42.6,*,43.60,41.8,0.4,442,+2,,(3.7),180,,,,32780,345810
,231029,2京9,12,２勝ｸﾗｽ,カセノミオ,,牝,3,角田大河,53☆,16,10,"  ","  ","  ","  ",,4,４,ダ,1400,,良,170,,(栗),中尾秀正,1249,0.4,,2,2,38.2,41.7,*,43.60,41.8,0.2,528,0,,(5.7),,,,,,
,231029,2京9,12,２勝ｸﾗｽ,サヴァイヴ,,牡,6,岩田望来, 58 ,16,14,"  ","  ","  ","  ",,8,５,ダ,1400,,良,114,,(栗),清水久詞,1249,0.4,,11,8,37.5,44.8,*,43.60,41.8,0.9,476,-2,,(35.5),,,,,,
,231029,2京9,12,２勝ｸﾗｽ,ブルーノート,,牡,4,荻野琢真, 58 ,16,2,"  ","  ","  ","  ",,13,６,ダ,1400,,良,0,*,(栗),梅田智之,1250,0.5,,11,12,37.6,44.5,*,43.60,41.8,0.9,496,+3,,(90.7),,,,,,
,231029,2京9,12,２勝ｸﾗｽ,テイエムフェロー,,牡,4,田中健, 58 ,16,4,"  ","  ","  ","  ",,12,７,ダ,1400,,良,0,,(栗),飯田雄三,1252,0.7,,8,8,38.0,43.2,*,43.60,41.8,0.7,486,-2,,(55.7),,,,,,
,231029,2京9,12,２勝ｸﾗｽ,スズカコーズ,,牡,3,田口貫太,54△,16,15,"  ","  ","  ","  ",,3,８,ダ,1400,,良,0,,(美),伊藤圭三,1254,0.9,,13,13,37.7,44.9,*,43.60,41.8,1.2,504,0,B,(5.0),,,,,,
,231029,2京9,12,２勝ｸﾗｽ,テーオーポシブル,,セ,7,団野大成, 58 ,16,7,"  ","  ","  ","  ",,15,９,ダ,1400,,良,0,*,(栗),梅田智之,1254,0.9,,14,13,37.7,44.9,*,43.60,41.8,1.2,478,-2,B,(153.4),,,,,,
,231029,2京9,12,２勝ｸﾗｽ,ジュストコル,,牡,5,和田竜二, 58 ,16,9,"  ","  ","  ","  ",,1,10,ダ,1400,,良,0,,(栗),大久保龍,1255,1.0,,4,5,38.6,41.1,*,43.60,41.8,0.4,508,0,B,(2.8),,,,,,
,231029,2京9,12,２勝ｸﾗｽ,メタモルフォーゼ,,牝,6,坂井瑠星, 56 ,16,1,"  ","  ","  ","  ",,11,11,ダ,1400,,良,0,,(栗),渡辺薫彦,1255,1.0,,14,13,37.8,44.6,*,43.60,41.8,1.2,476,-4,,(54.6),,,,,,
,231029,2京9,12,２勝ｸﾗｽ,ヴィゴラスダンサー,,牝,4,藤岡康太, 56 ,16,6,"  ","  ","  ","  ",,10,12,ダ,1400,,良,0,,(栗),友道康夫,1257,1.2,,1,1,39.2,39.0,,43.60,41.8,0.0,446,0,,(42.4),,,,,,
,231029,2京9,12,２勝ｸﾗｽ,リュクスウォリアー,,牡,6,北村友一, 58 ,16,16,"  ","  ","  ","  ",,5,13,ダ,1400,,良,0,,(栗),平田修,1259,1.4,,7,8,38.8,41.0,,43.60,41.8,0.6,504,0,B,(19.4),,,,,,
,231029,2京9,12,２勝ｸﾗｽ,ドンフクリン,,牡,4,荻野極, 58 ,16,12,"  ","  ","  ","  ",,14,14,ダ,1400,,良,0,,(栗),庄野靖志,1260,1.5,,8,8,38.7,41.7,,43.60,41.8,0.8,468,-2,,(136.5),,,,,,
,231029,2京9,12,２勝ｸﾗｽ,ロープスピニング,,牝,4,鮫島克駿, 56 ,16,8,"  ","  ","  ","  ",,9,15,ダ,1400,,良,0,,(美),武藤善則,1265,2.0,,2,2,39.9,37.6,,43.60,41.8,0.1,434,-4,,(38.8),,,,,,
,231029,2京9,11,カシオペ(L),アルナシーム,,牡,4,鮫島克駿, 57 ,16,11,"  ","  ","  ","  ",,3,１,芝,1800,A,良,2800,,(栗),橋口慎介,1447,-0.1,,5,5,34.4,52.2,*,53.10,47.9,1.0,440,-2,,600,260,1270,2930,5210,10310,49490
,231029,2京9,11,カシオペ(L),ピンハイ,,牝,4,高倉稜, 55 ,16,16,"  ","  ","  ","  ",,2,２,芝,1800,A,良,1100,,(栗),田中克典,1448,0.1,,7,8,34.3,52.8,*,53.10,47.9,1.2,416,+12,,(5.9),250,1270,2930,5210,10310,49490
,231029,2京9,11,カシオペ(L),ヤマニンサンパ,,牡,5,団野大成, 57 ,16,9,"  ","  ","  ","  ",,7,３,芝,1800,A,良,700,,(栗),斉藤崇史,1449,0.2,,13,13,34.0,54.3,*,53.10,47.9,1.6,480,+2,,(11.3),290,,,,10310,49490
,231029,2京9,11,カシオペ(L),マテンロウスカイ,,セ,4,横山典弘, 57 ,16,4,"  ","  ","  ","  ",,1,４,芝,1800,A,良,420,,(栗),松永幹夫,1449,0.2,,5,5,34.6,51.6,*,53.10,47.9,1.0,490,+8,,(3.9),,,,,,
,231029,2京9,11,カシオペ(L),エアファンディタ,,牡,6,池添謙一, 60 ,16,15,"  ","  ","  ","  ",,5,５,芝,1800,A,良,280,,(栗),池添学,1449,0.2,,11,10,34.2,53.4,*,53.10,47.9,1.4,460,+4,B,(10.6),,,,,,
,231029,2京9,11,カシオペ(L),シュヴァリエローズ,,牡,5,幸英明, 57 ,16,12,"  ","  ","  ","  ",,10,６,芝,1800,A,良,0,,(栗),清水久詞,1450,0.3,,13,13,34.1,54.0,*,53.10,47.9,1.6,466,+12,,(20.4),,,,,,
,231029,2京9,11,カシオペ(L),グラティアス,,牡,5,北村友一, 57 ,16,10,"  ","  ","  ","  ",,8,７,芝,1800,A,良,0,,(栗),安田隆行,1451,0.4,,2,2,35.5,48.0,*,53.10,47.9,0.3,498,+2,,(13.2),,,,,,
,231029,2京9,11,カシオペ(L),フライライクバード,,セ,6,藤岡康太, 57 ,16,2,"  ","  ","  ","  ",,4,８,芝,1800,A,良,0,,(栗),友道康夫,1451,0.4,,7,5,34.8,51.0,*,53.10,47.9,1.0,458,0,,(9.7),,,,,,
,231029,2京9,11,カシオペ(L),ヴァリアメンテ,,牡,5,坂井瑠星, 57 ,16,13,"  ","  ","  ","  ",,6,９,芝,1800,A,良,0,,(栗),中内田充,1451,0.4,,16,16,33.9,55.0,*,53.10,47.9,1.9,472,-4,,(10.7),,,,,,
,231029,2京9,11,カシオペ(L),ビーアストニッシド,,牡,4,田中健, 58 ,16,3,"  ","  ","  ","  ",,9,10,芝,1800,A,良,0,,(栗),飯田雄三,1452,0.5,,3,3,35.1,49.9,*,53.10,47.9,0.8,488,+2,,(15.0),,,,,,
,231029,2京9,11,カシオペ(L),ショウナンマグマ,,牡,4,角田大河, 58 ,16,8,"  ","  ","  ","  ",,12,11,芝,1800,A,良,0,,(美),尾関知人,1453,0.6,,1,1,36.0,46.3,*,53.10,47.9,0.0,512,-2,,(44.7),,,,,,
,231029,2京9,11,カシオペ(L),ヴァンケドミンゴ,,牡,7,酒井学, 58 ,16,6,"  ","  ","  ","  ",,14,12,芝,1800,A,良,0,*,(栗),藤岡健一,1454,0.7,,11,10,34.7,51.9,*,53.10,47.9,1.4,476,+8,,(114.8),,,,,,
,231029,2京9,11,カシオペ(L),スパイラルノヴァ,,牡,5,浜中俊, 57 ,16,1,"  ","  ","  ","  ",,11,13,芝,1800,A,良,0,*,(栗),藤岡健一,1459,1.2,,3,3,35.8,47.9,,53.10,47.9,0.8,484,+2,,(22.1),,,,,,
,231029,2京9,11,カシオペ(L),シフルマン,,牡,7,国分恭介, 58 ,16,5,"  ","  ","  ","  ",,15,14,芝,1800,A,良,0,,(栗),中尾秀正,1459,1.2,,9,8,35.3,50.0,,53.10,47.9,1.3,512,+14,,(143.0),,,,,,
,231029,2京9,11,カシオペ(L),ラセット,,牡,8,荻野極, 58 ,16,14,"  ","  ","  ","  ",,16,15,芝,1800,A,良,0,,(栗),庄野靖志,1460,1.3,,13,13,35.1,51.0,,53.10,47.9,1.6,476,+4,,(203.1),,,,,,
,231029,2京9,11,カシオペ(L),ビターエンダー,,牡,6,松若風馬, 57 ,16,7,"  ","  ","  ","  ",,13,16,芝,1800,A,良,0,,(美),相沢郁,1489,4.2,,9,10,38.3,42.2,,53.10,47.9,1.3,490,0,,(88.5),,,,,,
,231029,2京9,10,古都ＳＨ･3勝,ワープスピード,,牡,4,荻野極, 56 ,17,8,"  ","  ","  ","  ",,3,１,芝,3000,A,良,1840,,(美),高木登,3037,-0.2,7,7,5,35.3,55.1,*,55.37,53.3,0.5,500,-2,B,660,220,2940,6090,9800,6350,46160
,231029,2京9,10,古都ＳＨ･3勝,メイショウブレゲ,,牡,4,酒井学, 56 ,17,15,"  ","  ","  ","  ",,7,２,芝,3000,A,良,740,,(栗),本田優,3039,0.2,15,14,14,35.0,56.4,*,55.37,53.3,1.0,466,-6,,(14.7),370,2940,6090,9800,6350,46160
,231029,2京9,10,古都ＳＨ･3勝,エンドウノハナ,,牡,4,岩田望来, 57 ,17,2,"  ","  ","  ","  ",,1,３,芝,3000,A,良,460,*,(栗),四位洋文,3041,0.4,12,11,9,35.5,54.6,*,55.37,53.3,0.7,472,-4,,(3.7),170,,,,6350,46160
,231029,2京9,10,古都ＳＨ･3勝,アップデート,,牡,4,和田竜二, 55 ,17,6,"  ","  ","  ","  ",,10,４,芝,3000,A,良,280,,(栗),杉山晴紀,3044,0.7,9,7,9,35.9,53.4,*,55.37,53.3,0.6,506,+2,,(23.9),,,,,,
,231029,2京9,10,古都ＳＨ･3勝,ウインエアフォルク,,牡,6,幸英明, 55 ,17,17,"  ","  ","  ","  ",,14,５,芝,3000,A,良,184,,(美),根本康広,3044,0.7,17,15,14,35.5,54.9,*,55.37,53.3,1.0,470,-6,,(51.6),,,,,,
,231029,2京9,10,古都ＳＨ･3勝,タイムオブフライト,,牡,4,鮫島克駿, 56 ,17,3,"  ","  ","  ","  ",,8,６,芝,3000,A,良,0,,(栗),辻野泰之,3044,0.7,7,7,5,36.0,53.1,*,55.37,53.3,0.5,440,-2,,(15.4),,,,,,
,231029,2京9,10,古都ＳＨ･3勝,サンセットクラウド,,牡,4,坂井瑠星, 56 ,17,14,"  ","  ","  ","  ",,4,７,芝,3000,A,良,0,,(栗),矢作芳人,3045,0.8,5,3,2,36.3,52.1,*,55.37,53.3,0.3,458,+2,,(8.5),,,,,,
,231029,2京9,10,古都ＳＨ･3勝,ダノンレガーロ,,牡,6,北村友一, 56 ,17,10,"  ","  ","  ","  ",,13,８,芝,3000,A,良,0,,(美),西田雄一,3045,0.8,14,15,16,35.3,55.7,*,55.37,53.3,1.3,458,-10,,(37.2),,,,,,
,231029,2京9,10,古都ＳＨ･3勝,マテンロウマジック,,牡,4,太宰啓介, 55 ,17,12,"  ","  ","  ","  ",,12,９,芝,3000,A,良,0,,(栗),高橋亮,3046,0.9,9,12,9,35.9,53.6,*,55.37,53.3,0.8,490,+4,,(36.7),,,,,,
,231029,2京9,10,古都ＳＨ･3勝,マイネルコロンブス,,牡,6,団野大成, 54 ,17,9,"  ","  ","  ","  ",,15,10,芝,3000,A,良,0,,(美),清水英克,3048,1.1,12,12,13,36.1,53.0,,55.37,53.3,0.8,470,0,B,(90.6),,,,,,
,231029,2京9,10,古都ＳＨ･3勝,シホノスペランツァ,,牡,4,浜中俊, 56 ,17,1,"  ","  ","  ","  ",,2,11,芝,3000,A,良,0,,(栗),寺島良,3050,1.3,9,3,2,36.9,50.3,,55.37,53.3,0.2,490,+4,,(5.6),,,,,,
,231029,2京9,10,古都ＳＨ･3勝,アスティ,,セ,7,国分恭介, 54 ,17,7,"  ","  ","  ","  ",,16,12,芝,3000,A,良,0,,(美),堀内岳志,3050,1.3,5,7,8,36.6,51.4,,55.37,53.3,0.5,420,-4,,(147.3),,,,,,
,231029,2京9,10,古都ＳＨ･3勝,ホウオウエクレール,,牡,6,藤岡康太, 57 ,17,5,"  ","  ","  ","  ",,6,13,芝,3000,A,良,0,,(栗),宮徹,3052,1.5,1,1,1,37.3,49.1,,55.37,53.3,0.0,508,+2,,(13.2),,,,,,
,231029,2京9,10,古都ＳＨ･3勝,モンテディオ,,牡,5,横山典弘, 55 ,17,16,"  ","  ","  ","  ",,9,14,芝,3000,A,良,0,*,(栗),四位洋文,3053,1.6,3,3,2,37.1,49.9,,55.37,53.3,0.3,486,+6,,(21.0),,,,,,
,231029,2京9,10,古都ＳＨ･3勝,ミステリーウェイ,,セ,5,池添謙一, 56 ,17,4,"  ","  ","  ","  ",,5,15,芝,3000,A,良,0,,(栗),小林真也,3054,1.7,3,3,9,37.1,49.9,,55.37,53.3,0.4,500,+10,B,(8.7),,,,,,
,231029,2京9,10,古都ＳＨ･3勝,スズカノロッソ,,セ,8,荻野琢真, 55 ,17,11,"  ","  ","  ","  ",,17,16,芝,3000,A,良,0,,(美),小島茂之,3054,1.7,16,17,16,36.2,53.0,,55.37,53.3,1.3,480,-8,,(179.5),,,,,,
,231029,2京9,10,古都ＳＨ･3勝,タイセイシリウス,,セ,6,松若風馬, 52 ,17,13,"  ","  ","  ","  ",,11,17,芝,3000,A,良,0,,(栗),小栗実,3067,3.0,2,2,5,38.6,45.9,,55.37,53.3,0.2,492,+14,,(32.7),,,,,,
,231029,2京9,9,堀川特別･2勝,アイスグリーン,,牡,3,鮫島克駿, 56 ,9,7,"  ","  ","  ","  ",,2,１,芝,1800,A,良,1550,,(栗),池添学,1479,-0.2,,3,3,33.1,63.0,*,63.30,61.5,0.3,480,+6,,470,160,1800,1750,3210,1390,10420
,231029,2京9,9,堀川特別･2勝,プッシュオン,,牡,3,坂井瑠星, 56 ,9,5,"  ","  ","  ","  ",,5,２,芝,1800,A,良,620,,(栗),西村真幸,1481,0.2,,5,5,33.0,63.8,*,63.30,61.5,0.6,452,-4,,(7.6),180,1800,1750,3210,1390,10420
,231029,2京9,9,堀川特別･2勝,ドクタードリトル,,牡,3,松若風馬, 56 ,9,8,"  ","  ","  ","  ",,1,３,芝,1800,A,良,390,,(栗),今野貞一,1483,0.4,,5,5,33.2,63.1,*,63.30,61.5,0.6,468,+10,,(2.6),130,,,,1390,10420
,231029,2京9,9,堀川特別･2勝,ショウナンアデイブ,,牡,4,池添謙一, 58 ,9,3,"  ","  ","  ","  ",,6,４,芝,1800,A,良,230,,(栗),高野友和,1483,0.4,,1,1,33.8,60.2,*,63.30,61.5,0.0,508,+4,,(15.9),,,,,,
,231029,2京9,9,堀川特別･2勝,クリオミニーズ,,牡,4,荻野極, 58 ,9,6,"  ","  ","  ","  ",,7,５,芝,1800,A,良,155,,(栗),西園翔太,1483,0.4,,2,2,33.8,60.2,*,63.30,61.5,0.0,494,+6,,(26.5),,,,,,
,231029,2京9,9,堀川特別･2勝,メタルスピード,,牡,3,岩田望来, 56 ,9,1,"  ","  ","  ","  ",,3,６,芝,1800,A,良,0,,(美),斎藤誠,1484,0.5,,3,3,33.7,60.8,*,63.30,61.5,0.2,514,-2,,(4.8),,,,,,
,231029,2京9,9,堀川特別･2勝,マイネルメモリー,,牡,3,和田竜二, 56 ,9,9,"  ","  ","  ","  ",,4,７,芝,1800,A,良,0,,(栗),宮徹,1489,1.0,,7,7,33.6,62.1,*,63.30,61.5,0.8,472,+14,,(4.9),,,,,,
,231029,2京9,9,堀川特別･2勝,レアシャンパーニュ,,牝,5,藤岡康太, 56 ,9,4,"  ","  ","  ","  ",,8,８,芝,1800,A,良,0,,(栗),上村洋行,1491,1.2,,9,9,33.5,62.8,,63.30,61.5,1.1,472,+8,,(54.0),,,,,,
,231029,2京9,9,堀川特別･2勝,シベリアンタイガー,,セ,12,田口貫太, 58 ,9,2,"  ","  ","  ","  ",,9,９,芝,1800,A,良,0,,(美),加藤和宏,1502,2.3,,7,7,34.9,57.9,,63.30,61.5,0.8,478,0,,(222.4),,,,,,
,231029,2京9,8,１勝ｸﾗｽ,カマチョクイン,,牝,3,鮫島克駿, 54 ,16,14,"  ","  ","  ","  ",,3,１,ダ,1400,,良,800,,(栗),橋口慎介,1248,-0.1,,5,4,37.9,42.8,*,44.90,41.1,0.4,466,+6,,1210,270,14450,18720,48780,5680,90190
,231029,2京9,8,１勝ｸﾗｽ,メイショウタイゲイ,,牡,4,小沢大仁,57☆,16,13,"  ","  ","  ","  ",,8,２,ダ,1400,,良,320,*,(栗),荒川義之,1249,0.1,,14,14,36.7,48.5,*,44.90,41.1,1.7,460,0,,(33.6),430,14450,18720,48780,5680,90190
,231029,2京9,8,１勝ｸﾗｽ,エメラルドビーチ,,牡,3,岩田望来, 56 ,16,8,"  ","  ","  ","  ",,1,３,ダ,1400,,良,200,,(栗),大久保龍,1251,0.3,,7,6,37.9,43.4,*,44.90,41.1,0.7,532,-2,,(1.5),110,,,,5680,90190
,231029,2京9,8,１勝ｸﾗｽ,オースミリン,,牝,4,団野大成, 56 ,16,16,"  ","  ","  ","  ",,6,４,ダ,1400,,良,120,*,(栗),荒川義之,1255,0.7,,13,11,37.5,46.0,*,44.90,41.1,1.5,466,+2,,(21.9),,,,,,
,231029,2京9,8,１勝ｸﾗｽ,ジャーヴィス,,牡,3,酒井学, 56 ,16,5,"  ","  ","  ","  ",,7,５,ダ,1400,,良,80,,(栗),千田輝彦,1256,0.8,,2,2,38.9,40.0,*,44.90,41.1,0.2,486,0,,(26.0),,,,,,
,231029,2京9,8,１勝ｸﾗｽ,ストロンゲスト,,牡,4,城戸義政, 58 ,16,6,"  ","  ","  ","  ",,14,６,ダ,1400,,良,0,,(栗),羽月友彦,1257,0.9,,9,9,38.2,43.3,*,44.90,41.1,1.0,482,-6,,(199.3),,,,,,
,231029,2京9,8,１勝ｸﾗｽ,ルショコラ,,牝,4,坂井瑠星, 56 ,16,2,"  ","  ","  ","  ",,4,７,ダ,1400,,良,0,,(栗),吉田直弘,1258,1.0,,5,6,38.9,40.4,*,44.90,41.1,0.4,480,-4,,(14.4),,,,,,
,231029,2京9,8,１勝ｸﾗｽ,トーホウデュラン,,牡,4,松若風馬, 58 ,16,1,"  ","  ","  ","  ",,5,８,ダ,1400,,良,0,,(栗),石坂公一,1258,1.0,,3,4,39.0,40.0,*,44.90,41.1,0.3,482,-10,,(18.6),,,,,,
,231029,2京9,8,１勝ｸﾗｽ,コマンダンテ,,セ,5,角田大河,57☆,16,10,"  ","  ","  ","  ",,13,９,ダ,1400,,良,0,,(栗),吉村圭司,1258,1.0,,3,2,39.1,39.6,*,44.90,41.1,0.2,484,+6,,(198.2),,,,,,
,231029,2京9,8,１勝ｸﾗｽ,ゴットゴーゴー,,牝,5,高倉稜, 56 ,16,11,"  ","  ","  ","  ",,11,10,ダ,1400,,良,0,,(栗),木原一良,1258,1.0,,14,14,37.7,45.7,*,44.90,41.1,1.6,480,-4,,(123.8),,,,,,
,231029,2京9,8,１勝ｸﾗｽ,ライズンシャイン,,牝,5,国分優作, 56 ,16,3,"  ","  ","  ","  ",,10,11,ダ,1400,,良,0,,(栗),岡田稲男,1259,1.1,,10,9,38.1,44.1,,44.90,41.1,1.3,504,-2,B,(51.5),,,,,,
,231029,2京9,8,１勝ｸﾗｽ,ファムスパーブ,,牝,4,川須栄彦, 56 ,16,7,"  ","  ","  ","  ",,12,12,ダ,1400,,良,0,,(栗),小林真也,1261,1.3,,8,8,38.7,41.9,,44.90,41.1,0.9,454,0,,(168.8),,,,,,
,231029,2京9,8,１勝ｸﾗｽ,ベルドラゴ,,牡,4,荻野極, 58 ,16,15,"  ","  ","  ","  ",,15,13,ダ,1400,,良,0,,(栗),庄野靖志,1265,1.7,,10,11,38.7,42.6,,44.90,41.1,1.3,490,+4,,(208.8),,,,,,
,231029,2京9,8,１勝ｸﾗｽ,ガンウルフ,,牡,3,藤岡康太, 56 ,16,4,"  ","  ","  ","  ",,2,14,ダ,1400,,良,0,,(栗),藤岡健一,1268,2.0,,1,1,40.3,36.5,,44.90,41.1,0.0,488,0,,(4.5),,,,,,
,231029,2京9,8,１勝ｸﾗｽ,キングダイヤモンド,,牡,3,田口貫太,54△,16,12,"  ","  ","  ","  ",,16,15,ダ,1400,,良,0,,(栗),大橋勇樹,1270,2.2,,10,11,39.2,41.5,,44.90,41.1,1.3,510,+4,,(216.9),,,,,,
,231029,2京9,8,１勝ｸﾗｽ,ルールシェーバー,,牡,6,和田竜二, 58 ,16,9,"  ","  ","  ","  ",,9,16,ダ,1400,,良,0,,(栗),北出成人,1270,2.2,,16,16,38.5,44.5,,44.90,41.1,2.0,474,-1,B,(45.7),,,,,,
,231029,2京9,7,１勝ｸﾗｽ,ササヤキ,,牡,3,池添謙一, 56 ,11,2,"  ","  ","  ","  ",,1,１,ダ,1800,,良,800,,(栗),畑端省吾,1534,-0.8,1,1,1,39.5,43.5,*,43.60,43.5,0.0,540,+8,,240,120,400,360,640,1290,4170
,231029,2京9,7,１勝ｸﾗｽ,ケイエイト,,牡,3,和田竜二, 56 ,11,7,"  ","  ","  ","  ",,3,２,ダ,1800,,良,320,,(栗),羽月友彦,1542,0.8,10,7,5,39.4,44.9,*,43.60,43.5,0.9,474,+4,,(4.1),150,400,360,640,1290,4170
,231029,2京9,7,１勝ｸﾗｽ,ティエラサンタ,,牡,3,団野大成, 56 ,11,4,"  ","  ","  ","  ",,5,３,ダ,1800,,良,200,,(栗),西村真幸,1548,1.4,7,5,3,40.3,42.4,*,43.60,43.5,0.6,506,+4,,(14.0),220,,,,1290,4170
,231029,2京9,7,１勝ｸﾗｽ,ニホンピロペリー,,牡,4,田口貫太,56△,11,8,"  ","  ","  ","  ",,11,４,ダ,1800,,良,120,,(栗),大橋勇樹,1549,1.5,7,5,5,40.4,42.2,,43.60,43.5,0.6,506,+10,,(110.7),,,,,,
,231029,2京9,7,１勝ｸﾗｽ,ヒロシクン,,セ,4,河原田菜,54★,11,10,"  ","  ","  ","  ",,4,５,ダ,1800,,良,80,,(栗),宮本博,1552,1.8,5,2,2,41.1,40.1,,43.60,43.5,0.2,544,-4,,(8.3),,,,,,
,231029,2京9,7,１勝ｸﾗｽ,タロントゥーズ,,牡,3,坂井瑠星, 56 ,11,9,"  ","  ","  ","  ",,2,６,ダ,1800,,良,0,,(栗),大久保龍,1558,2.4,3,3,3,41.5,39.5,,43.60,43.5,0.4,472,+6,,(3.2),,,,,,
,231029,2京9,7,１勝ｸﾗｽ,ツクヨミ,,牡,3,藤岡康太, 56 ,11,11,"  ","  ","  ","  ",,9,７,ダ,1800,,良,0,,(栗),坂口智康,1566,3.2,11,10,9,40.9,42.5,,43.60,43.5,1.8,464,-2,,(76.0),,,,,,
,231029,2京9,7,１勝ｸﾗｽ,カズピレウス,,牡,3,鮫島克駿, 56 ,11,1,"  ","  ","  ","  ",,7,８,ダ,1800,,良,0,,(栗),小栗実,1568,3.4,7,10,10,41.0,42.4,,43.60,43.5,1.9,446,0,,(52.3),,,,,,
,231029,2京9,7,１勝ｸﾗｽ,クープラン,,牡,5,森裕太朗, 58 ,11,6,"  ","  ","  ","  ",,6,９,ダ,1800,,良,0,,(栗),藤沢則雄,1586,5.2,6,7,8,43.6,36.0,,43.60,43.5,1.1,552,+22,,(32.8),,,,,,
,231029,2京9,7,１勝ｸﾗｽ,シゲルツキミザケ,,牡,4,幸英明, 58 ,11,3,"  ","  ","  ","  ",,10,10,ダ,1800,,良,0,,(栗),谷潔,1598,6.4,3,3,7,45.5,31.6,,43.60,43.5,0.4,466,-2,B,(81.9),,,,,,
,231029,2京9,7,１勝ｸﾗｽ,タマモマスラオ,,牡,3,小沢大仁,55☆,11,5,"  ","  ","  ","  ",,8,11,ダ,1800,,良,0,,(栗),緒方努,2099,16.5,2,7,11,54.8,18.5,,43.60,43.5,1.2,500,+2,,(65.1),,,,,,
,231029,2京9,6,新馬,ビップジーニー,,牡,2,和田竜二, 56 ,10,5,"  ","  ","  ","  ",,2,１,芝,1400,A,良,720,,(栗),松下武士,1224,-0.0,,4,4,34.6,53.6,*,53.23,51.1,0.5,476,,,380,160,1640,1430,2520,3380,14310
,231029,2京9,6,新馬,リューデスハイム,,牡,2,松若風馬, 56 ,10,4,"  ","  ","  ","  ",,6,２,芝,1400,A,良,290,,(栗),牧田和弥,1224,0.0,,2,2,34.9,52.1,*,53.23,51.1,0.2,498,,,(10.3),240,1640,1430,2520,3380,14310
,231029,2京9,6,新馬,メイショウソニック,,牡,2,角田大河,55☆,10,9,"  ","  ","  ","  ",,5,３,芝,1400,A,良,180,,(栗),石橋守,1228,0.4,,8,5,34.7,54.0,*,53.23,51.1,0.8,458,,,(8.2),230,,,,3380,14310
,231029,2京9,6,新馬,レディーヴァリュー,,牝,2,藤岡康太, 55 ,10,3,"  ","  ","  ","  ",,3,４,芝,1400,A,良,110,,(栗),小林真也,1228,0.4,,4,5,34.9,52.9,*,53.23,51.1,0.6,442,,,(5.5),,,,,,
,231029,2京9,6,新馬,ブリッジワン,,牝,2,岩田望来, 55 ,10,10,"  ","  ","  ","  ",,4,５,芝,1400,A,良,72,,(栗),武英智,1234,1.0,,6,5,35.4,51.7,*,53.23,51.1,0.7,448,,,(6.8),,,,,,
,231029,2京9,6,新馬,レアンダー,,牡,2,幸英明, 56 ,10,7,"  ","  ","  ","  ",,7,６,芝,1400,A,良,0,,(栗),大根田裕,1236,1.2,,1,1,36.3,47.7,,53.23,51.1,0.0,462,,,(17.9),,,,,,
,231029,2京9,6,新馬,クイーンカナロア,,牝,2,鮫島克駿, 55 ,10,1,"  ","  ","  ","  ",,1,７,芝,1400,A,良,0,,(栗),藤岡健一,1240,1.6,,2,2,36.5,47.6,,53.23,51.1,0.2,450,,,(3.6),,,,,,
,231029,2京9,6,新馬,ハイディージェン,,牡,2,田口貫太,54△,10,2,"  ","  ","  ","  ",,10,８,芝,1400,A,良,0,,(栗),森田直行,1243,1.9,,7,8,36.2,49.7,,53.23,51.1,0.8,478,,,(127.6),,,,,,
,231029,2京9,6,新馬,ジェネレート,,牝,2,河原田菜,51★,10,8,"  ","  ","  ","  ",,8,９,芝,1400,A,良,0,,(栗),新谷功一,1246,2.2,,10,8,36.2,50.3,,53.23,51.1,1.1,416,,,(35.5),,,,,,
,231029,2京9,6,新馬,テイエムドルオー,,牡,2,小沢大仁,55☆,10,6,"  ","  ","  ","  ",,9,10,芝,1400,A,良,0,,(栗),木原一良,1248,2.4,,8,10,36.4,49.7,,53.23,51.1,1.1,432,,,(101.5),,,,,,
,231029,2京9,5,新馬,カーメルタザイト,,牡,2,北村友一, 56 ,11,11,"  ","  ","  ","  ",,1,１,芝,1800,A,良,720,,(栗),安田翔伍,1476,-0.2,,3,3,35.4,52.0,*,52.17,50.3,0.4,462,,,300,140,630,920,1720,1530,7410
,231029,2京9,5,新馬,ネロコルヴィーノ,,牡,2,池添謙一, 56 ,11,6,"  ","  ","  ","  ",,3,２,芝,1800,A,良,290,,(栗),辻野泰之,1478,0.2,,7,5,35.2,53.1,*,52.17,50.3,0.8,522,,,(5.1),150,630,920,1720,1530,7410
,231029,2京9,5,新馬,ローマンレイク,,牝,2,藤岡康太, 55 ,11,8,"  ","  ","  ","  ",,4,３,芝,1800,A,良,180,,(栗),松永幹夫,1481,0.5,,5,5,35.7,51.4,*,52.17,50.3,0.6,432,,,(7.3),180,,,,1530,7410
,231029,2京9,5,新馬,モルツシャン,,牝,2,岩田望来, 55 ,11,3,"  ","  ","  ","  ",,5,４,芝,1800,A,良,110,*,(栗),四位洋文,1487,1.1,,3,3,36.5,48.9,,52.17,50.3,0.4,440,,,(9.3),,,,,,
,231029,2京9,5,新馬,ガロンヌ,,牡,2,松若風馬, 56 ,11,1,"  ","  ","  ","  ",,2,５,芝,1800,A,良,72,,(栗),上村洋行,1490,1.4,,1,1,37.2,46.5,,52.17,50.3,0.0,490,,,(4.8),,,,,,
,231029,2京9,5,新馬,トーマスフレア,,牡,2,角田大河,55☆,11,5,"  ","  ","  ","  ",,8,６,芝,1800,A,良,0,*,(栗),四位洋文,1498,2.2,,9,9,36.9,48.8,,52.17,50.3,1.1,502,,,(26.8),,,,,,
,231029,2京9,5,新馬,アンビシュー,,牝,2,小沢大仁,54☆,11,10,"  ","  ","  ","  ",,9,７,芝,1800,A,良,0,,(栗),池江泰寿,1499,2.3,,7,7,37.2,47.7,,52.17,50.3,0.9,456,,,(36.3),,,,,,
,231029,2京9,5,新馬,アルレジャン,,牡,2,幸英明, 56 ,11,9,"  ","  ","  ","  ",,6,８,芝,1800,A,良,0,,(栗),藤原英昭,1499,2.3,,9,9,37.0,48.5,,52.17,50.3,1.1,506,,,(10.5),,,,,,
,231029,2京9,5,新馬,アルヒジュル,,牡,2,団野大成, 56 ,11,7,"  ","  ","  ","  ",,7,９,芝,1800,A,良,0,,(栗),斉藤崇史,1507,3.1,,2,2,38.8,42.7,,52.17,50.3,0.1,488,,,(24.1),,,,,,
,231029,2京9,5,新馬,クリノエタニティ,,牝,2,田口貫太,53△,11,4,"  ","  ","  ","  ",,11,10,芝,1800,A,良,0,,(栗),安達昭夫,1513,3.7,,6,7,38.7,43.8,,52.17,50.3,0.8,472,,,(111.9),,,,,,
,231029,2京9,5,新馬,プラティア,,牝,2,国分恭介, 55 ,11,2,"  ","  ","  ","  ",,10,11,芝,1800,A,良,0,,(栗),加用正,1525,4.9,,11,11,38.0,48.0,,52.17,50.3,2.7,406,,,(70.6),,,,,,
,231029,2京9,4,新馬,パシアンジャン,,牡,2,和田竜二, 56 ,10,6,"  ","  ","  ","  ",,5,１,ダ,1800,,良,720,,(栗),鈴木孝志,1545,-0.6,3,3,2,37.3,53.5,*,51.80,52.3,0.3,444,,,960,250,4390,2760,5980,5480,38210
,231029,2京9,4,新馬,ヴィアダクト,,牡,2,鮫島克駿, 56 ,10,1,"  ","  ","  ","  ",,4,２,ダ,1800,,良,290,,(栗),吉村圭司,1551,0.6,1,1,1,38.2,50.7,*,51.80,52.3,0.0,536,,,(8.0),210,4390,2760,5980,5480,38210
,231029,2京9,4,新馬,ハイウェイスター,,牝,2,藤岡康太, 55 ,10,9,"  ","  ","  ","  ",,3,３,ダ,1800,,良,180,,(栗),宮本博,1558,1.3,8,6,6,38.3,51.2,*,51.80,52.3,0.6,490,,,(5.6),170,,,,5480,38210
,231029,2京9,4,新馬,アスクヒロイズガイ,,牡,2,坂井瑠星, 56 ,10,4,"  ","  ","  ","  ",,1,４,ダ,1800,,良,110,,(栗),野中賢二,1561,1.6,3,4,4,38.8,49.6,,51.80,52.3,0.4,496,,,(3.0),,,,,,
,231029,2京9,4,新馬,ベルメサイア,,牝,2,岩田望来, 55 ,10,3,"  ","  ","  ","  ",,2,５,ダ,1800,,良,72,,(栗),西村真幸,1563,1.8,2,2,2,39.3,48.0,,51.80,52.3,0.1,486,,,(3.4),,,,,,
,231029,2京9,4,新馬,アキミューミュー,,牝,2,団野大成, 55 ,10,7,"  ","  ","  ","  ",,6,６,ダ,1800,,良,0,,(栗),安田隆行,1566,2.1,10,8,7,38.8,50.3,,51.80,52.3,0.9,468,,,(14.4),,,,,,
,231029,2京9,4,新馬,マルカビクトリー,,牡,2,小沢大仁,55☆,10,2,"  ","  ","  ","  ",,9,７,ダ,1800,,良,0,,(栗),松永昌博,1587,4.2,7,4,4,41.5,43.0,,51.80,52.3,0.3,458,,,(65.0),,,,,,
,231029,2京9,4,新馬,サンライズダマシイ,,牡,2,幸英明, 56 ,10,8,"  ","  ","  ","  ",,7,８,ダ,1800,,良,0,,(栗),羽月友彦,2001,5.6,5,6,8,42.4,41.6,,51.80,52.3,0.8,506,,,(21.8),,,,,,
,231029,2京9,4,新馬,ビーチピーチピール,,牝,2,国分優作, 55 ,10,5,"  ","  ","  ","  ",,10,９,ダ,1800,,良,0,,(栗),大根田裕,2018,7.3,9,10,9,43.9,38.7,,51.80,52.3,1.0,468,,,(150.6),,,,,,
,231029,2京9,4,新馬,メッツガー,,牝,2,角田大河,54☆,10,10,"  ","  ","  ","  ",,8,10,ダ,1800,,良,0,,(栗),茶木太樹,2030,8.5,5,8,10,44.9,37.0,,51.80,52.3,1.2,522,,,(35.2),,,,,,
,231029,2京9,3,未勝利*,ルージュプレジール,,牝,2,浜中俊, 55 ,13,13,"  ","  ","  ","  ",,6,１,芝,1600,A,良,550,,(栗),田中克典,1345,-0.0,,6,6,35.6,49.3,*,48.90,44.1,1.2,456,-2,,1490,310,430,1130,3650,2820,24410
,231029,2京9,3,未勝利*,ニックオブタイム,,牡,2,坂井瑠星, 56 ,13,7,"  ","  ","  ","  ",,1,２,芝,1600,A,良,220,,(栗),中内田充,1345,0.0,,8,8,35.2,51.1,*,48.90,44.1,1.6,472,+10,,(1.8),110,430,1130,3650,2820,24410
,231029,2京9,3,未勝利*,ダイシンアレス,,牡,2,北村友一, 56 ,13,5,"  ","  ","  ","  ",,5,３,芝,1600,A,良,140,,(栗),庄野靖志,1351,0.6,,4,4,36.5,46.3,*,48.90,44.1,0.9,464,-6,,(13.9),290,,,,2820,24410
,231029,2京9,3,未勝利*,ウィズユアハート,,牝,2,横山典弘, 55 ,13,1,"  ","  ","  ","  ",,3,４,芝,1600,A,良,83,,(栗),四位洋文,1352,0.7,,6,6,36.3,47.4,*,48.90,44.1,1.2,426,+4,,(6.1),,,,,,
,231029,2京9,3,未勝利*,メイショウカンムリ,,牡,2,幸英明, 56 ,13,3,"  ","  ","  ","  ",,7,５,芝,1600,A,良,55,,(栗),木原一良,1355,1.0,,8,8,36.3,47.9,*,48.90,44.1,1.5,462,+2,,(32.1),,,,,,
,231029,2京9,3,未勝利*,タイセイタリスマン,,牡,2,松若風馬, 56 ,13,2,"  ","  ","  ","  ",,8,６,芝,1600,A,良,0,*,(栗),小栗実,1359,1.4,,1,1,38.2,40.6,,48.90,44.1,0.0,454,-6,B,(94.2),,,,,,
,231029,2京9,3,未勝利*,ウッドバイン,,牝,2,池添謙一, 55 ,13,10,"  ","  ","  ","  ",,2,７,芝,1600,A,良,0,,(栗),河内洋,1361,1.6,,11,10,36.4,48.4,,48.90,44.1,2.0,442,+4,,(6.0),,,,,,
,231029,2京9,3,未勝利*,ウインオーブ,,牡,2,田口貫太,54△,13,4,"  ","  ","  ","  ",,11,８,芝,1600,A,良,0,,(栗),宮本博,1363,1.8,,12,12,36.4,48.7,,48.90,44.1,2.2,436,0,,(138.6),,,,,,
,231029,2京9,3,未勝利*,ツーエムピシュー,,牡,2,角田大河,55☆,13,12,"  ","  ","  ","  ",,4,９,芝,1600,A,良,0,,(栗),本田優,1364,1.9,,4,4,37.7,43.4,,48.90,44.1,1.0,470,0,,(10.9),,,,,,
,231029,2京9,3,未勝利*,ジョウエン,,牝,2,鮫島克駿, 55 ,13,9,"  ","  ","  ","  ",,10,10,芝,1600,A,良,0,*,(栗),小栗実,1369,2.4,,8,10,37.5,45.0,,48.90,44.1,1.7,418,+6,,(120.1),,,,,,
,231029,2京9,3,未勝利*,ジャコムスビ,,牡,2,川島信二, 56 ,13,11,"  ","  ","  ","  ",,12,11,芝,1600,A,良,0,,(栗),荒川義之,1373,2.8,,3,2,39.0,39.7,,48.90,44.1,0.6,464,-10,,(247.7),,,,,,
,231029,2京9,3,未勝利*,ソリューション,,牡,2,河原田菜,52★,13,6,"  ","  ","  ","  ",,13,12,芝,1600,A,良,0,,(栗),加用正,1376,3.1,,13,13,37.2,47.4,,48.90,44.1,2.7,442,0,,(371.4),,,,,,
,231029,2京9,3,未勝利*,グローリーロード,,牡,2,国分恭介, 56 ,13,8,"  ","  ","  ","  ",,9,13,芝,1600,A,良,0,,(栗),西園翔太,1387,4.2,,2,2,40.6,35.9,,48.90,44.1,0.4,450,-4,,(108.1),,,,,,
,231029,2京9,2,未勝利*,バロンドール,,牡,2,横山典弘, 56 ,12,7,"  ","  ","  ","  ",,1,１,ダ,1800,,良,550,,(栗),松永幹夫,1548,-1.0,6,4,4,39.3,46.1,*,44.70,43.5,0.7,524,+2,,240,110,310,330,620,5300,14660
,231029,2京9,2,未勝利*,ルディック,,牡,2,鮫島克駿, 56 ,12,9,"  ","  ","  ","  ",,2,２,ダ,1800,,良,220,,(栗),高野友和,1558,1.0,3,3,2,40.6,42.6,*,44.70,43.5,0.4,506,+4,,(3.1),120,310,330,620,5300,14660
,231029,2京9,2,未勝利*,オルデラン,,牡,2,池添謙一, 56 ,12,3,"  ","  ","  ","  ",,10,３,ダ,1800,,良,140,,(栗),寺島良,1560,1.2,10,6,5,39.9,45.4,*,44.70,43.5,1.3,478,-4,,(88.1),710,,,,5300,14660
,231029,2京9,2,未勝利*,ソウルプラウド,,牡,2,北村友一, 56 ,12,11,"  ","  ","  ","  ",,3,４,ダ,1800,,良,83,,(栗),高橋亮,1567,1.9,12,10,6,40.1,45.5,*,44.70,43.5,1.8,478,+6,,(6.8),,,,,,
,231029,2京9,2,未勝利*,カレンデリスモンド,,牡,2,和田竜二, 56 ,12,4,"  ","  ","  ","  ",,9,５,ダ,1800,,良,55,,(栗),平田修,1570,2.2,11,11,9,40.2,45.5,*,44.70,43.5,2.0,484,-6,,(50.0),,,,,,
,231029,2京9,2,未勝利*,リンゴ,,牡,2,幸英明, 56 ,12,6,"  ","  ","  ","  ",,4,６,ダ,1800,,良,0,,(栗),梅田智之,1570,2.2,2,2,1,42.0,39.3,,44.70,43.5,0.2,526,+2,,(9.9),,,,,,
,231029,2京9,2,未勝利*,ピースラピッド,,牡,2,田口貫太,54△,12,10,"  ","  ","  ","  ",,5,７,ダ,1800,,良,0,,(栗),羽月友彦,1580,3.2,8,7,9,41.6,41.8,,44.70,43.5,1.6,478,+4,,(18.9),,,,,,
,231029,2京9,2,未勝利*,エクステンシヴリー,,牡,2,藤岡康太, 56 ,12,12,"  ","  ","  ","  ",,6,８,ダ,1800,,良,0,,(栗),小栗実,1580,3.2,1,1,2,43.2,36.6,,44.70,43.5,0.0,510,-4,B,(20.0),,,,,,
,231029,2京9,2,未勝利*,ダンツハマー,,牝,2,和田翼, 55 ,12,2,"  ","  ","  ","  ",,11,９,ダ,1800,,良,0,,(栗),谷潔,1581,3.3,7,7,8,41.9,40.9,,44.70,43.5,1.4,460,-16,,(228.5),,,,,,
,231029,2京9,2,未勝利*,スマッシュスルー,,牡,2,坂井瑠星, 56 ,12,1,"  ","  ","  ","  ",,7,10,ダ,1800,,良,0,,(栗),清水久詞,1583,3.5,5,5,6,42.6,38.8,,44.70,43.5,0.9,544,+4,,(23.2),,,,,,
,231029,2京9,2,未勝利*,メイショウトム,,牡,2,河原田菜,52★,12,5,"  ","  ","  ","  ",,8,11,ダ,1800,,良,0,,(栗),河内洋,1584,3.6,3,7,11,42.1,40.6,,44.70,43.5,1.5,470,+14,,(26.8),,,,,,
,231029,2京9,2,未勝利*,ユウトザアシゲ,,牡,2,小沢大仁,55☆,12,8,"  ","  ","  ","  ",,12,12,ダ,1800,,良,0,,(栗),藤沢則雄,1593,4.5,8,12,12,42.0,42.0,,44.70,43.5,2.5,500,-2,,(283.5),,,,,,
,231029,2京9,1,未勝利・牝*,ディーノサンライズ,,牝,2,坂井瑠星, 55 ,12,5,"  ","  ","  ","  ",,7,１,ダ,1400,,良,550,,(栗),高橋康之,1264,-0.5,,5,5,39.2,40.3,*,38.63,38.6,0.4,442,+6,,2330,340,710,3110,7920,3200,34580
,231029,2京9,1,未勝利・牝*,クリノオリーブ,,牝,2,森裕太朗, 55 ,12,2,"  ","  ","  ","  ",,5,２,ダ,1400,,良,220,,(栗),谷潔,1269,0.5,,3,3,39.9,38.3,*,38.63,38.6,0.2,462,+2,,(7.4),230,710,3110,7920,3200,34580
,231029,2京9,1,未勝利・牝*,マックスセレナーデ,,牝,2,鮫島克駿, 55 ,12,1,"  ","  ","  ","  ",,2,３,ダ,1400,,良,140,,(栗),橋口慎介,1270,0.6,,1,1,40.2,37.3,*,38.63,38.6,0.0,508,0,,(3.9),170,,,,3200,34580
,231029,2京9,1,未勝利・牝*,リリーズブルーム,,牝,2,鮫島良太, 55 ,12,8,"  ","  ","  ","  ",,8,４,ダ,1400,,良,83,,(栗),牧浦充徳,1272,0.8,,12,11,39.2,41.8,*,38.63,38.6,1.2,458,+14,,(28.0),,,,,,
,231029,2京9,1,未勝利・牝*,ジーティースピカ,,牝,2,岩田望来, 55 ,12,9,"  ","  ","  ","  ",,4,５,ダ,1400,,良,55,,(栗),上村洋行,1283,1.9,,6,6,40.9,36.9,,38.63,38.6,0.6,472,-4,,(6.5),,,,,,
,231029,2京9,1,未勝利・牝*,ラピダニーニャ,,牝,2,小崎綾也, 55 ,12,3,"  ","  ","  ","  ",,12,６,ダ,1400,,良,0,,(栗),小崎憲,1283,1.9,,7,7,40.9,36.9,,38.63,38.6,0.6,434,+6,,(139.7),,,,,,
,231029,2京9,1,未勝利・牝*,セブンスリーローズ,,牝,2,小沢大仁,54☆,12,4,"  ","  ","  ","  ",,6,７,ダ,1400,,良,0,,(栗),飯田祐史,1284,2.0,,9,11,40.7,37.9,,38.63,38.6,0.9,426,+2,,(14.1),,,,,,
,231029,2京9,1,未勝利・牝*,クリノトパーズ,,牝,2,田口貫太,53△,12,10,"  ","  ","  ","  ",,10,８,ダ,1400,,良,0,,(栗),大橋勇樹,1285,2.1,,7,7,41.0,36.9,,38.63,38.6,0.7,424,-2,,(106.9),,,,,,
,231029,2京9,1,未勝利・牝*,オレンジダンサー,,牝,2,北村友一, 55 ,12,12,"  ","  ","  ","  ",,3,９,ダ,1400,,良,0,,(栗),高野友和,1287,2.3,,3,3,41.6,34.9,,38.63,38.6,0.3,436,+14,,(6.1),,,,,,
,231029,2京9,1,未勝利・牝*,ジョウショータイプ,,牝,2,角田大河,54☆,12,7,"  ","  ","  ","  ",,9,10,ダ,1400,,良,0,,(栗),中尾秀正,1289,2.5,,9,9,41.2,36.8,,38.63,38.6,0.9,482,+10,,(30.9),,,,,,
,231029,2京9,1,未勝利・牝*,ファミリー,,牝,2,河原田菜,51★,12,11,"  ","  ","  ","  ",,11,11,ダ,1400,,良,0,,(栗),渡辺薫彦,1302,3.8,,9,9,42.5,34.2,,38.63,38.6,0.9,434,-2,,(113.3),,,,,,
,231029,2京9,1,未勝利・牝*,ホウオウドルーリー,,牝,2,藤岡康太, 55 ,12,6,"  ","  ","  ","  ",,1,12,ダ,1400,,良,0,,(栗),宮徹,1303,3.9,,2,2,43.4,31.0,,38.63,38.6,0.1,456,+2,,(3.6),,,,,,
,231028,2京8,12,２勝ｸﾗｽ,ブライアンセンス,,牡,3,モレイラ, 56 ,14,4,"  ","  ","  ","  ",,1,１,ダ,1800,,良,1140,,(美),斎藤誠,1522,-0.5,6,7,7,37.4,50.0,*,46.70,45.7,1.1,512,+4,,130,110,3360,3720,4610,18790,48400
,231028,2京8,12,２勝ｸﾗｽ,メイショウコジョウ,,牡,6,西村淳也, 58 ,14,13,"  ","  ","  ","  ",,10,２,ダ,1800,,良,460,,(栗),石橋守,1527,0.5,4,4,3,38.7,45.6,*,46.70,45.7,0.3,476,-2,,(85.6),750,3360,3720,4610,18790,48400
,231028,2京8,12,２勝ｸﾗｽ,バライロノキセキ,,牝,5,池添謙一, 56 ,14,8,"  ","  ","  ","  ",,8,３,ダ,1800,,良,290,*,(栗),中竹和也,1533,1.1,3,4,3,39.2,44.5,*,46.70,45.7,0.4,502,-2,,(54.5),550,,,,18790,48400
,231028,2京8,12,２勝ｸﾗｽ,ウインメイフラワー,,牝,4,松若風馬, 56 ,14,1,"  ","  ","  ","  ",,12,４,ダ,1800,,良,170,,(栗),梅田智之,1533,1.1,9,10,8,38.2,48.3,*,46.70,45.7,1.4,486,-2,,(142.4),,,,,,
,231028,2京8,12,２勝ｸﾗｽ,テイエムシニスター,,牡,4,和田竜二, 58 ,14,6,"  ","  ","  ","  ",,6,５,ダ,1800,,良,114,,(栗),木原一良,1534,1.2,2,2,2,39.6,43.2,*,46.70,45.7,0.1,506,+8,,(33.8),,,,,,
,231028,2京8,12,２勝ｸﾗｽ,テーオーレガシー,,牡,3,田口貫太,54△,14,7,"  ","  ","  ","  ",,3,６,ダ,1800,,良,0,,(栗),宮徹,1539,1.7,1,1,1,40.2,41.7,,46.70,45.7,0.0,518,-4,,(12.6),,,,,,
,231028,2京8,12,２勝ｸﾗｽ,シンヨモギネス,,牡,5,鮫島克駿, 58 ,14,12,"  ","  ","  ","  ",,7,７,ダ,1800,,良,0,,(美),伊藤圭三,1541,1.9,13,2,3,40.2,41.9,,46.70,45.7,0.2,476,-4,B,(34.9),,,,,,
,231028,2京8,12,２勝ｸﾗｽ,テンダンス,,セ,4,角田大河,57☆,14,3,"  ","  ","  ","  ",,9,８,ダ,1800,,良,0,*,(栗),中竹和也,1545,2.3,5,6,6,40.2,42.4,,46.70,45.7,0.6,494,-8,,(57.0),,,,,,
,231028,2京8,12,２勝ｸﾗｽ,ハイラブハンター,,牡,5,和田翼, 58 ,14,9,"  ","  ","  ","  ",,13,９,ダ,1800,,良,0,,(栗),谷潔,1546,2.4,11,12,10,39.3,45.8,*,46.70,45.7,1.6,494,+2,,(207.4),,,,,,
,231028,2京8,12,２勝ｸﾗｽ,ワンダースティング,,牡,5,河原田菜,54★,14,11,"  ","  ","  ","  ",,5,10,ダ,1800,,良,0,*,(栗),渡辺薫彦,1550,2.8,9,13,12,39.4,45.9,,46.70,45.7,1.9,526,0,,(27.2),,,,,,
,231028,2京8,12,２勝ｸﾗｽ,シゲルローズマリー,,セ,4,高倉稜, 58 ,14,14,"  ","  ","  ","  ",,11,11,ダ,1800,,良,0,*,(栗),渡辺薫彦,1553,3.1,11,10,11,40.1,43.8,,46.70,45.7,1.5,462,-4,,(133.7),,,,,,
,231028,2京8,12,２勝ｸﾗｽ,ドットクルー,,牡,3,岩田望来, 56 ,14,5,"  ","  ","  ","  ",,4,12,ダ,1800,,良,0,,(栗),笹田和秀,1553,3.1,8,7,8,40.3,43.1,,46.70,45.7,1.3,464,-4,,(13.9),,,,,,
,231028,2京8,11,スワンＳG2,ウイングレイテスト,,牡,6,松岡正海, 57 ,18,3,"  ","  ","  ","  ",,10,１,芝,1400,A,良,5900,,(美),畠山吉宏,1199,-0.1,,2,2,34.4,49.2,*,51.30,48.7,0.1,500,+4,B,2160,520,2190,9410,23030,82160,514740
,231028,2京8,11,スワンＳG2,ララクリスティーヌ,,牝,5,菅原明良, 55 ,18,15,"  ","  ","  ","  ",,6,２,芝,1400,A,良,2400,,(栗),斉藤崇史,1200,0.1,,4,4,34.2,50.4,*,51.30,48.7,0.4,456,0,,(10.9),330,2190,9410,23030,82160,514740
,231028,2京8,11,スワンＳG2,ロータスランド,,牝,6,岩田康誠, 55 ,18,18,"  ","  ","  ","  ",,11,３,芝,1400,A,良,1500,,(栗),辻野泰之,1201,0.2,,17,13,33.5,54.3,*,51.30,48.7,1.2,488,+16,,(33.7),910,,,,82160,514740
,231028,2京8,11,スワンＳG2,ルガル,,牡,3,武豊, 55 ,18,2,"  ","  ","  ","  ",,3,４,芝,1400,A,良,890,,(栗),杉山晴紀,1201,0.2,,14,11,33.8,52.7,*,51.30,48.7,0.9,516,-6,,(6.3),,,,,,
,231028,2京8,11,スワンＳG2,ウインマーベル,,牡,4,西村淳也, 57 ,18,16,"  ","  ","  ","  ",,7,５,芝,1400,A,良,590,,(美),深山雅史,1203,0.4,,6,6,34.4,50.1,*,51.30,48.7,0.5,474,+2,B,(14.0),,,,,,
,231028,2京8,11,スワンＳG2,グレナディアガーズ,,牡,5,岩田望来, 57 ,18,8,"  ","  ","  ","  ",,2,６,芝,1400,A,良,0,,(栗),中内田充,1203,0.4,,16,16,33.6,54.2,*,51.30,48.7,1.3,468,0,,(5.6),,,,,,
,231028,2京8,11,スワンＳG2,アヴェラーレ,,牝,5,川田将雅, 55 ,18,9,"  ","  ","  ","  ",,1,７,芝,1400,A,良,0,,(美),木村哲也,1204,0.5,,8,10,34.3,50.8,*,51.30,48.7,0.7,446,+4,,(3.9),,,,,,
,231028,2京8,11,スワンＳG2,インダストリア,,牡,4,丸山元気, 57 ,18,14,"  ","  ","  ","  ",,9,８,芝,1400,A,良,0,,(美),宮田敬介,1204,0.5,,11,11,34.1,51.8,*,51.30,48.7,0.9,492,-2,,(18.5),,,,,,
,231028,2京8,11,スワンＳG2,トウシンマカオ,,牡,4,横山和生, 57 ,18,4,"  ","  ","  ","  ",,4,９,芝,1400,A,良,0,,(美),高柳瑞樹,1206,0.7,,1,1,35.2,46.7,*,51.30,48.7,0.0,464,-8,,(8.4),,,,,,
,231028,2京8,11,スワンＳG2,デュガ,,牡,4,松若風馬, 57 ,18,7,"  ","  ","  ","  ",,17,10,芝,1400,A,良,0,,(栗),森秀行,1207,0.8,,6,8,34.7,49.4,*,51.30,48.7,0.6,512,+6,,(215.7),,,,,,
,231028,2京8,11,スワンＳG2,エクセトラ,,牡,4,モレイラ, 57 ,18,1,"  ","  ","  ","  ",,5,11,芝,1400,A,良,0,,(栗),吉村圭司,1207,0.8,,8,6,34.8,48.9,*,51.30,48.7,0.5,530,+4,,(9.3),,,,,,
,231028,2京8,11,スワンＳG2,タマモブラックタイ,,牡,3,角田大和, 55 ,18,5,"  ","  ","  ","  ",,15,12,芝,1400,A,良,0,,(栗),角田晃一,1207,0.8,,4,4,34.9,48.4,*,51.30,48.7,0.4,512,0,,(84.5),,,,,,
,231028,2京8,11,スワンＳG2,ルージュスティリア,,牝,4,坂井瑠星, 55 ,18,12,"  ","  ","  ","  ",,8,13,芝,1400,A,良,0,*,(栗),藤原英昭,1207,0.8,,11,13,34.4,50.9,*,51.30,48.7,0.9,498,+8,,(17.1),,,,,,
,231028,2京8,11,スワンＳG2,メイショウソラフネ,,牡,4,角田大河, 57 ,18,10,"  ","  ","  ","  ",,14,14,芝,1400,A,良,0,*,(栗),石橋守,1208,0.9,,2,2,35.3,46.7,*,51.30,48.7,0.1,448,0,,(63.3),,,,,,
,231028,2京8,11,スワンＳG2,スマートリアン,,牝,6,柴田善臣, 55 ,18,6,"  ","  ","  ","  ",,13,15,芝,1400,A,良,0,*,(栗),石橋守,1209,1.0,,14,16,34.3,51.9,*,51.30,48.7,1.2,482,+6,,(44.7),,,,,,
,231028,2京8,11,スワンＳG2,カイザーミノル,,牡,7,藤岡康太, 57 ,18,11,"  ","  ","  ","  ",,18,16,芝,1400,A,良,0,,(栗),北出成人,1210,1.1,,17,18,34.0,53.7,*,51.30,48.7,1.6,468,+10,B,(349.7),,,,,,
,231028,2京8,11,スワンＳG2,サブライムアンセム,,牝,4,池添謙一, 55 ,18,17,"  ","  ","  ","  ",,12,17,芝,1400,A,良,0,*,(栗),藤原英昭,1210,1.1,,10,8,34.9,49.1,,51.30,48.7,0.7,488,0,,(39.9),,,,,,
,231028,2京8,11,スワンＳG2,ミッキーブリランテ,,牡,7,和田竜二, 57 ,18,13,"  ","  ","  ","  ",,16,18,芝,1400,A,良,0,,(栗),矢作芳人,1211,1.2,,11,15,34.6,50.8,,51.30,48.7,1.1,470,+6,,(136.0),,,,,,
,231028,2京8,10,御陵Ｓ･3勝,ミッキーヌチバナ,,牡,5,Ｍ．デム, 58 ,16,11,"  ","  ","  ","  ",,4,１,ダ,1800,,良,1840,,(栗),高橋亮,1516,-0.0,11,8,7,37.2,50.0,*,48.50,46.8,0.8,524,+12,,1080,270,1830,2430,5780,9170,63080
,231028,2京8,10,御陵Ｓ･3勝,ミラクルティアラ,,牝,3,坂井瑠星, 54 ,16,6,"  ","  ","  ","  ",,2,２,ダ,1800,,良,740,*,(栗),加用正,1516,0.0,1,1,1,38.0,46.8,*,48.50,46.8,0.0,442,0,,(3.8),180,1830,2430,5780,9170,63080
,231028,2京8,10,御陵Ｓ･3勝,バハルダール,,牡,4,モレイラ, 58 ,16,13,"  ","  ","  ","  ",,5,３,ダ,1800,,良,460,,(栗),池江泰寿,1518,0.2,9,6,3,37.6,48.7,*,48.50,46.8,0.6,502,+6,B,(14.3),340,,,,9170,63080
,231028,2京8,10,御陵Ｓ･3勝,キュールエフウジン,,牡,4,藤岡佑介, 58 ,16,8,"  ","  ","  ","  ",,6,４,ダ,1800,,良,280,,(栗),中尾秀正,1522,0.6,11,14,14,37.0,51.6,*,48.50,46.8,1.6,490,-4,,(14.4),,,,,,
,231028,2京8,10,御陵Ｓ･3勝,グーデンドラーク,,牡,4,池添謙一, 58 ,16,1,"  ","  ","  ","  ",,7,５,ダ,1800,,良,184,,(栗),池添学,1522,0.6,13,11,10,37.4,50.0,*,48.50,46.8,1.2,526,+2,,(23.3),,,,,,
,231028,2京8,10,御陵Ｓ･3勝,マルブツプライド,,牡,4,川須栄彦, 58 ,16,3,"  ","  ","  ","  ",,8,６,ダ,1800,,良,0,*,(栗),加用正,1523,0.7,3,3,3,38.4,46.2,*,48.50,46.8,0.3,534,+2,,(23.6),,,,,,
,231028,2京8,10,御陵Ｓ･3勝,ジュタロウ,,牡,4,武豊, 58 ,16,2,"  ","  ","  ","  ",,3,７,ダ,1800,,良,0,,(栗),河内洋,1525,0.9,10,8,7,38.0,48.0,*,48.50,46.8,0.9,500,+8,,(4.7),,,,,,
,231028,2京8,10,御陵Ｓ･3勝,ドライゼ,,牝,4,団野大成, 56 ,16,16,"  ","  ","  ","  ",,11,８,ダ,1800,,良,0,,(栗),須貝尚介,1525,0.9,5,5,3,38.4,46.5,*,48.50,46.8,0.5,492,-2,,(44.0),,,,,,
,231028,2京8,10,御陵Ｓ･3勝,セイクリッドゲイズ,,セ,5,川田将雅, 58 ,16,14,"  ","  ","  ","  ",,1,９,ダ,1800,,良,0,,(栗),佐々木晶,1527,1.1,5,6,3,38.6,46.0,,48.50,46.8,0.5,496,+2,,(3.0),,,,,,
,231028,2京8,10,御陵Ｓ･3勝,アイブランコ,,牡,6,柴田善臣, 58 ,16,4,"  ","  ","  ","  ",,12,10,ダ,1800,,良,0,,(美),中野栄治,1528,1.2,15,11,11,38.0,48.4,,48.50,46.8,1.2,522,+2,,(63.1),,,,,,
,231028,2京8,10,御陵Ｓ･3勝,ルーカスミノル,,牡,3,横山典弘, 56 ,16,9,"  ","  ","  ","  ",,9,11,ダ,1800,,良,0,,(栗),本田優,1530,1.4,7,11,11,38.3,47.5,,48.50,46.8,1.1,534,+14,,(29.9),,,,,,
,231028,2京8,10,御陵Ｓ･3勝,プリモスペランツァ,,牡,4,鮫島克駿, 58 ,16,12,"  ","  ","  ","  ",,10,12,ダ,1800,,良,0,,(栗),中竹和也,1531,1.5,8,10,11,38.4,47.3,,48.50,46.8,1.1,504,+10,,(41.7),,,,,,
,231028,2京8,10,御陵Ｓ･3勝,ロッキーサンダー,,牡,6,西村淳也, 58 ,16,10,"  ","  ","  ","  ",,13,13,ダ,1800,,良,0,,(栗),石橋守,1533,1.7,13,15,15,37.8,49.9,*,48.50,46.8,1.9,488,+6,B,(64.8),,,,,,
,231028,2京8,10,御陵Ｓ･3勝,レッドエランドール,,セ,6,酒井学, 58 ,16,7,"  ","  ","  ","  ",,14,14,ダ,1800,,良,0,,(栗),田中克典,1533,1.7,2,2,2,39.6,43.1,,48.50,46.8,0.1,496,+4,B,(75.4),,,,,,
,231028,2京8,10,御陵Ｓ･3勝,マルカアトラス,,牡,4,和田竜二, 58 ,16,15,"  ","  ","  ","  ",,15,15,ダ,1800,,良,0,,(栗),松永昌博,1545,2.9,3,3,7,40.5,41.4,,48.50,46.8,0.4,492,+2,,(89.3),,,,,,
,231028,2京8,9,２勝ｸﾗｽ,スズハローム,,牡,3,鮫島克駿, 56 ,13,8,"  ","  ","  ","  ",,3,１,芝,1400,A,良,1140,,(栗),牧田和弥,1204,-0.2,,12,12,33.2,56.6,*,53.53,48.3,1.6,452,-8,,430,150,730,1260,2370,1560,8710
,231028,2京8,9,２勝ｸﾗｽ,マチカゼ,,牡,3,川田将雅, 56 ,13,13,"  ","  ","  ","  ",,4,２,芝,1400,A,良,460,,(栗),杉山晴紀,1206,0.2,,4,4,34.5,50.2,*,53.53,48.3,0.5,486,+4,,(5.4),160,730,1260,2370,1560,8710
,231028,2京8,9,２勝ｸﾗｽ,アルーリングビュー,,牝,3,武豊, 54 ,13,1,"  ","  ","  ","  ",,1,３,芝,1400,A,良,290,,(栗),吉村圭司,1208,0.4,,11,9,33.9,53.8,*,53.53,48.3,1.3,466,-10,,(3.3),150,,,,1560,8710
,231028,2京8,9,２勝ｸﾗｽ,トラベログ,,牝,3,藤岡佑介, 54 ,13,3,"  ","  ","  ","  ",,6,４,芝,1400,A,良,170,,(美),岩戸孝樹,1208,0.4,,1,1,35.2,47.2,*,53.53,48.3,0.0,460,-2,,(15.9),,,,,,
,231028,2京8,9,２勝ｸﾗｽ,ラケマーダ,,牡,3,Ｍ．デム, 56 ,13,10,"  ","  ","  ","  ",,2,５,芝,1400,A,良,114,,(栗),千田輝彦,1210,0.6,,2,2,35.3,47.1,*,53.53,48.3,0.1,504,+2,,(4.1),,,,,,
,231028,2京8,9,２勝ｸﾗｽ,ケルンキングダム,,セ,7,松若風馬, 58 ,13,7,"  ","  ","  ","  ",,13,６,芝,1400,A,良,0,,(栗),小崎憲,1210,0.6,,8,6,34.5,51.1,*,53.53,48.3,0.9,460,0,,(340.6),,,,,,
,231028,2京8,9,２勝ｸﾗｽ,ウルトラソニック,,牡,5,川須栄彦, 58 ,13,5,"  ","  ","  ","  ",,9,７,芝,1400,A,良,0,,(栗),中尾秀正,1212,0.8,,6,6,34.8,50.0,*,53.53,48.3,0.8,488,+8,,(38.3),,,,,,
,231028,2京8,9,２勝ｸﾗｽ,チャーミングアクト,,牝,6,鮫島良太, 56 ,13,11,"  ","  ","  ","  ",,12,８,芝,1400,A,良,0,,(栗),飯田雄三,1212,0.8,,8,9,34.4,52.0,*,53.53,48.3,1.2,474,-4,,(228.1),,,,,,
,231028,2京8,9,２勝ｸﾗｽ,アスクキングコング,,セ,5,横山典弘, 58 ,13,6,"  ","  ","  ","  ",,7,９,芝,1400,A,良,0,,(栗),梅田智之,1215,1.1,,4,4,35.4,47.7,,53.53,48.3,0.5,470,-2,,(25.5),,,,,,
,231028,2京8,9,２勝ｸﾗｽ,ピンクマクフィー,,牝,4,団野大成, 56 ,13,12,"  ","  ","  ","  ",,5,10,芝,1400,A,良,0,,(栗),四位洋文,1216,1.2,,2,3,35.8,45.9,,53.53,48.3,0.2,434,-10,,(8.8),,,,,,
,231028,2京8,9,２勝ｸﾗｽ,スカイロケット,,牡,3,岩田望来, 56 ,13,2,"  ","  ","  ","  ",,8,11,芝,1400,A,良,0,,(栗),須貝尚介,1219,1.5,,8,9,35.2,49.5,,53.53,48.3,1.1,440,+12,,(33.0),,,,,,
,231028,2京8,9,２勝ｸﾗｽ,ディヴァージオン,,牝,3,藤岡康太, 54 ,13,4,"  ","  ","  ","  ",,10,12,芝,1400,A,良,0,,(栗),藤岡健一,1223,1.9,,6,6,35.9,46.9,,53.53,48.3,0.8,436,-4,,(86.6),,,,,,
,231028,2京8,9,２勝ｸﾗｽ,ヤマニンプレシオサ,,牝,6,岩田康誠, 56 ,13,9,"  ","  ","  ","  ",,11,13,芝,1400,A,良,0,,(美),辻哲英,1230,2.6,,12,13,35.7,49.4,,53.53,48.3,1.7,476,-10,,(155.2),,,,,,
,231028,2京8,8,萩Ｓ(L),ルシフェル,,牝,2,川田将雅, 55 ,7,5,"  ","  ","  ","  ",,1,１,芝,1800,A,良,1700,,(栗),斉藤崇史,1479,-0.2,,5,3,34.0,58.7,*,58.17,57.3,0.3,488,+6,,180,120,,290,480,1470,3360
,231028,2京8,8,萩Ｓ(L),ビーグラッド,,牝,2,武豊, 55 ,7,2,"  ","  ","  ","  ",,2,２,芝,1800,A,良,680,,(栗),岡田稲男,1481,0.2,,1,1,34.5,56.7,*,58.17,57.3,0.0,444,0,,(3.1),140,,290,480,1470,3360
,231028,2京8,8,萩Ｓ(L),ギヴイットアゴー,,牝,2,横山典弘, 55 ,7,4,"  ","  ","  ","  ",,5,３,芝,1800,A,良,430,,(栗),昆貢,1482,0.3,,6,6,34.0,59.1,*,58.17,57.3,0.6,460,-2,,(22.7),,,,,1470,3360
,231028,2京8,8,萩Ｓ(L),デルシエロ,,牡,2,坂井瑠星, 56 ,7,1,"  ","  ","  ","  ",,3,４,芝,1800,A,良,260,,(栗),清水久詞,1484,0.5,,3,3,34.5,57.1,*,58.17,57.3,0.3,400,0,,(4.8),,,,,,
,231028,2京8,8,萩Ｓ(L),ホルトバージ,,牡,2,Ｍ．デム, 56 ,7,6,"  ","  ","  ","  ",,6,５,芝,1800,A,良,170,,(栗),寺島良,1484,0.5,,3,3,34.5,57.1,*,58.17,57.3,0.3,466,0,,(28.1),,,,,,
,231028,2京8,8,萩Ｓ(L),アレグロブリランテ,,牡,2,岩田望来, 56 ,7,3,"  ","  ","  ","  ",,4,６,芝,1800,A,良,0,,(美),上原佑紀,1489,1.0,,2,2,35.2,54.7,*,58.17,57.3,0.1,448,+2,,(15.8),,,,,,
,231028,2京8,7,１勝ｸﾗｽ,グランヴィノス,,牡,3,川田将雅, 56 ,10,8,"  ","  ","  ","  ",,2,１,芝,1800,A,良,800,,(栗),友道康夫,1459,-0.3,,7,7,33.5,58.1,*,53.80,48.7,2.1,512,-4,,350,200,1040,990,1810,16990,59910
,231028,2京8,7,１勝ｸﾗｽ,ドナウパール,,牝,3,モレイラ, 54 ,10,7,"  ","  ","  ","  ",,3,２,芝,1800,A,良,320,,(栗),斉藤崇史,1462,0.3,,5,5,34.1,55.7,*,53.80,48.7,1.8,446,0,,(5.5),270,1040,990,1810,16990,59910
,231028,2京8,7,１勝ｸﾗｽ,アランヴェリテ,,セ,4,小沢大仁,57☆,10,3,"  ","  ","  ","  ",,8,３,芝,1800,A,良,200,,(栗),中竹和也,1463,0.4,,1,1,36.0,47.6,*,53.80,48.7,0.0,488,+18,,(127.5),2020,,,,16990,59910
,231028,2京8,7,１勝ｸﾗｽ,キタサンダムール,,牝,3,岩田望来, 54 ,10,6,"  ","  ","  ","  ",,4,４,芝,1800,A,良,120,,(栗),清水久詞,1463,0.4,,5,5,34.2,55.4,*,53.80,48.7,1.8,492,0,,(7.2),,,,,,
,231028,2京8,7,１勝ｸﾗｽ,ゴートゥファースト,,牡,3,角田大河,55☆,10,10,"  ","  ","  ","  ",,5,５,芝,1800,A,良,80,,(栗),新谷功一,1467,0.8,,9,9,34.1,56.5,*,53.80,48.7,2.3,486,-4,,(14.7),,,,,,
,231028,2京8,7,１勝ｸﾗｽ,イングランドアイズ,,牝,3,横山和生, 54 ,10,4,"  ","  ","  ","  ",,1,６,芝,1800,A,良,0,,(栗),安田翔伍,1470,1.1,,9,9,34.3,56.0,,53.80,48.7,2.4,448,+6,,(1.8),,,,,,
,231028,2京8,7,１勝ｸﾗｽ,テイエムエメラルド,,牝,5,田口貫太,54△,10,1,"  ","  ","  ","  ",,7,７,芝,1800,A,良,0,,(栗),飯田雄三,1471,1.2,,2,2,35.7,50.0,,53.80,48.7,1.1,484,+4,,(84.7),,,,,,
,231028,2京8,7,１勝ｸﾗｽ,モノクロームスター,,牡,3,長岡禎仁, 56 ,10,5,"  ","  ","  ","  ",,10,８,芝,1800,A,良,0,,(栗),今野貞一,1475,1.6,,3,3,35.6,51.0,,53.80,48.7,1.6,488,-5,B,(451.7),,,,,,
,231028,2京8,7,１勝ｸﾗｽ,メイショウサンガ,,牡,6,藤岡康太, 58 ,10,2,"  ","  ","  ","  ",,9,９,芝,1800,A,良,0,,(栗),千田輝彦,1477,1.8,,8,8,35.2,53.0,,53.80,48.7,2.2,526,+6,,(182.4),,,,,,
,231028,2京8,7,１勝ｸﾗｽ,パラディ,,牝,3,鮫島克駿, 54 ,10,9,"  ","  ","  ","  ",,6,10,芝,1800,A,良,0,,(栗),四位洋文,1482,2.3,,3,3,36.3,49.0,,53.80,48.7,1.6,474,+4,,(64.7),,,,,,
,231028,2京8,6,１勝ｸﾗｽ・牝,クリノクリスタル,,牝,3,田口貫太,52△,11,6,"  ","  ","  ","  ",,1,１,ダ,1800,,良,800,,(栗),大橋勇樹,1540,-0.1,5,7,7,38.7,47.3,*,46.70,45.4,0.5,466,+2,,210,110,590,540,820,1740,5420
,231028,2京8,6,１勝ｸﾗｽ・牝,ゴーフォマームード,,牝,3,岩田望来, 54 ,11,1,"  ","  ","  ","  ",,3,２,ダ,1800,,良,320,,(栗),長谷川浩,1541,0.1,9,7,4,38.8,47.0,*,46.70,45.4,0.5,444,-4,,(5.2),150,590,540,820,1740,5420
,231028,2京8,6,１勝ｸﾗｽ・牝,セットリスト,,牝,4,団野大成, 56 ,11,4,"  ","  ","  ","  ",,4,３,ダ,1800,,良,200,,(栗),畑端省吾,1543,0.3,3,3,4,39.2,45.8,*,46.70,45.4,0.3,488,-12,,(8.9),270,,,,1740,5420
,231028,2京8,6,１勝ｸﾗｽ・牝,ミヤジレガリア,,牝,3,和田竜二, 54 ,11,11,"  ","  ","  ","  ",,2,４,ダ,1800,,良,120,,(栗),鈴木孝志,1546,0.6,2,1,1,39.7,44.3,*,46.70,45.4,0.1,508,+16,,(5.0),,,,,,
,231028,2京8,6,１勝ｸﾗｽ・牝,ロンシャンクイーン,,牝,3,横山典弘, 54 ,11,5,"  ","  ","  ","  ",,7,５,ダ,1800,,良,80,,(栗),野中賢二,1546,0.6,10,10,10,38.8,47.7,*,46.70,45.4,1.0,426,-8,,(13.9),,,,,,
,231028,2京8,6,１勝ｸﾗｽ・牝,ランスオブサターン,,牝,3,角田大河,53☆,11,8,"  ","  ","  ","  ",,8,６,ダ,1800,,良,0,,(栗),本田優,1547,0.7,5,7,7,39.3,45.9,*,46.70,45.4,0.6,456,-6,,(54.8),,,,,,
,231028,2京8,6,１勝ｸﾗｽ・牝,ドゥライトアルディ,,牝,4,鮫島克駿, 56 ,11,2,"  ","  ","  ","  ",,10,７,ダ,1800,,良,0,,(栗),西村真幸,1554,1.4,8,3,2,40.3,43.2,,46.70,45.4,0.3,498,-4,B,(101.7),,,,,,
,231028,2京8,6,１勝ｸﾗｽ・牝,シゲルオトヒメ,,牝,4,河原田菜,52★,11,9,"  ","  ","  ","  ",,9,８,ダ,1800,,良,0,,(栗),谷潔,1555,1.5,11,11,11,39.0,48.1,,46.70,45.4,1.7,430,+2,,(56.0),,,,,,
,231028,2京8,6,１勝ｸﾗｽ・牝,コンプラセンシア,,牝,3,坂井瑠星, 54 ,11,10,"  ","  ","  ","  ",,5,９,ダ,1800,,良,0,,(栗),田中克典,1569,2.9,3,3,4,41.8,39.8,,46.70,45.4,0.3,478,+6,,(11.2),,,,,,
,231028,2京8,6,１勝ｸﾗｽ・牝,リツィタル,,牝,5,小沢大仁,55☆,11,7,"  ","  ","  ","  ",,11,10,ダ,1800,,良,0,,(栗),牧田和弥,1570,3.0,5,3,9,41.9,39.6,,46.70,45.4,0.3,410,+3,,(176.0),,,,,,
,231028,2京8,6,１勝ｸﾗｽ・牝,オールアイウォント,,牝,3,西村淳也, 54 ,11,3,"  ","  ","  ","  ",,6,11,ダ,1800,,良,0,,(栗),森田直行,1581,4.1,1,2,2,43.3,36.4,,46.70,45.4,0.0,460,+2,,(13.9),,,,,,
,231028,2京8,5,新馬,ブエナオンダ,,牡,2,川田将雅, 56 ,11,5,"  ","  ","  ","  ",,2,１,芝,2000,A,良,720,,(栗),須貝尚介,2014,-0.7,4,3,3,34.4,58.4,*,55.83,56.7,0.4,456,,,280,140,780,1570,2020,11720,35320
,231028,2京8,5,新馬,ガルバナム,,牡,2,鮫島克駿, 56 ,11,9,"  ","  ","  ","  ",,4,２,芝,2000,A,良,290,,(栗),渡辺薫彦,2021,0.7,2,2,2,35.3,55.4,*,55.83,56.7,0.2,470,,,(14.3),300,780,1570,2020,11720,35320
,231028,2京8,5,新馬,クランベリーダンス,,牝,2,田口貫太,53△,11,11,"  ","  ","  ","  ",,8,３,芝,2000,A,良,180,,(栗),庄野靖志,2024,1.0,1,1,1,35.8,53.7,*,55.83,56.7,0.0,386,,,(40.3),630,,,,11720,35320
,231028,2京8,5,新馬,ホウオウリムジン,,牡,2,西村淳也, 56 ,11,10,"  ","  ","  ","  ",,3,４,芝,2000,A,良,110,,(栗),安田翔伍,2024,1.0,9,9,9,34.9,57.4,*,55.83,56.7,0.9,460,,,(7.3),,,,,,
,231028,2京8,5,新馬,ミナデオロ,,牡,2,坂井瑠星, 56 ,11,3,"  ","  ","  ","  ",,1,５,芝,2000,A,良,72,,(栗),藤原英昭,2025,1.1,3,3,4,35.5,55.0,,55.83,56.7,0.4,508,,,(2.3),,,,,,
,231028,2京8,5,新馬,メイショウリリー,,牝,2,Ｍ．デム, 55 ,11,1,"  ","  ","  ","  ",,7,６,芝,2000,A,良,0,,(栗),高橋義忠,2026,1.2,7,6,5,35.4,55.6,,55.83,56.7,0.6,440,,,(29.8),,,,,,
,231028,2京8,5,新馬,コスモモアナ,,牡,2,松岡正海, 56 ,11,6,"  ","  ","  ","  ",,10,７,芝,2000,A,良,0,,(栗),宮徹,2032,1.8,5,5,5,36.0,53.8,,55.83,56.7,0.6,450,,,(84.0),,,,,,
,231028,2京8,5,新馬,シスコ,,牝,2,岩田望来, 55 ,11,7,"  ","  ","  ","  ",,9,８,芝,2000,A,良,0,,(栗),四位洋文,2033,1.9,9,10,10,35.7,55.2,,55.83,56.7,1.0,418,,,(42.7),,,,,,
,231028,2京8,5,新馬,スマートマナリス,,牡,2,角田大河,55☆,11,4,"  ","  ","  ","  ",,11,９,芝,2000,A,良,0,,(栗),石橋守,2038,2.4,7,6,7,36.4,52.9,,55.83,56.7,0.8,470,,,(221.7),,,,,,
,231028,2京8,5,新馬,マテンロウガーデン,,牡,2,横山典弘, 56 ,11,8,"  ","  ","  ","  ",,5,10,芝,2000,A,良,0,,(栗),武英智,2038,2.4,11,11,11,35.7,55.8,,55.83,56.7,1.5,500,,,(15.3),,,,,,
,231028,2京8,5,新馬,ウインサマースノー,,牡,2,和田竜二, 56 ,11,2,"  ","  ","  ","  ",,6,11,芝,2000,A,良,0,,(栗),飯田雄三,2041,2.7,5,6,7,36.9,51.3,,55.83,56.7,0.6,462,,,(20.9),,,,,,
,231028,2京8,4,新馬,メイショウザンゲツ,,牝,2,和田竜二, 55 ,11,2,"  ","  ","  ","  ",,7,１,ダ,1400,,良,720,,(栗),鈴木孝志,1268,-0.5,,1,1,38.6,43.7,*,44.10,43.7,0.0,428,,,4010,510,10320,9640,23910,9920,118500
,231028,2京8,4,新馬,オアシスドール,,牝,2,坂井瑠星, 55 ,11,4,"  ","  ","  ","  ",,4,２,ダ,1400,,良,290,,(栗),高柳大輔,1273,0.5,,7,6,38.3,46.0,*,44.10,43.7,0.8,458,,,(6.9),210,10320,9640,23910,9920,118500
,231028,2京8,4,新馬,アメリカンマーチ,,牡,2,モレイラ, 56 ,11,5,"  ","  ","  ","  ",,2,３,ダ,1400,,良,180,,(栗),池江泰寿,1276,0.8,,2,2,39.2,42.6,*,44.10,43.7,0.2,480,,,(3.7),150,,,,9920,118500
,231028,2京8,4,新馬,トモジャザーン,,牡,2,田口貫太,54△,11,10,"  ","  ","  ","  ",,6,４,ダ,1400,,良,110,,(栗),大根田裕,1276,0.8,,11,10,38.1,47.4,*,44.10,43.7,1.3,486,,,(15.1),,,,,,
,231028,2京8,4,新馬,パリプラージュ,,牝,2,丸山元気, 55 ,11,1,"  ","  ","  ","  ",,3,５,ダ,1400,,良,72,,(美),宮田敬介,1277,0.9,,3,3,39.1,43.2,*,44.10,43.7,0.4,484,,,(5.3),,,,,,
,231028,2京8,4,新馬,テクネチウム,,牡,2,池添謙一, 56 ,11,7,"  ","  ","  ","  ",,8,６,ダ,1400,,良,0,,(栗),木原一良,1278,1.0,,5,3,38.9,44.3,*,44.10,43.7,0.7,476,,,(54.4),,,,,,
,231028,2京8,4,新馬,オテンバムスメ,,牝,2,角田大河,54☆,11,8,"  ","  ","  ","  ",,9,７,ダ,1400,,良,0,,(栗),北出成人,1281,1.3,,7,6,39.0,44.4,,44.10,43.7,0.9,440,,,(97.9),,,,,,
,231028,2京8,4,新馬,エブリモーメント,,牡,2,西村淳也, 56 ,11,9,"  ","  ","  ","  ",,5,８,ダ,1400,,良,0,,(栗),牧田和弥,1287,1.9,,9,9,39.5,43.4,,44.10,43.7,1.0,492,,,(12.8),,,,,,
,231028,2京8,4,新馬,ソングライター,,牡,2,岩田望来, 56 ,11,6,"  ","  ","  ","  ",,1,９,ダ,1400,,良,0,,(栗),野中賢二,1292,2.4,,9,10,40.0,42.2,,44.10,43.7,1.0,494,,,(2.6),,,,,,
,231028,2京8,4,新馬,ジョーインテビット,,牡,2,藤岡康太, 56 ,11,3,"  ","  ","  ","  ",,11,10,ダ,1400,,良,0,,(栗),中竹和也,1296,2.8,,5,6,40.7,40.1,,44.10,43.7,0.7,542,,,(150.5),,,,,,
,231028,2京8,4,新馬,オーシンクラッパー,,牝,2,鮫島克駿, 55 ,11,11,"  ","  ","  ","  ",,10,11,ダ,1400,,良,0,,(栗),高橋義忠,1306,3.8,,3,3,42.0,36.8,,44.10,43.7,0.4,452,,,(107.2),,,,,,
,231028,2京8,3,未勝利*,ダノンデサイル,,牡,2,横山典弘, 56 ,10,6,"  ","  ","  ","  ",,5,１,芝,1800,A,良,550,,(栗),安田翔伍,1479,-0.2,,2,2,35.0,54.1,*,53.87,53.7,0.1,508,+4,,1130,220,1610,1620,4150,2010,18520
,231028,2京8,3,未勝利*,シルヴァリームーン,,牝,2,武豊, 55 ,10,3,"  ","  ","  ","  ",,1,２,芝,1800,A,良,220,,(栗),渡辺薫彦,1481,0.2,,1,1,35.3,53.1,*,53.87,53.7,0.0,510,-4,,(3.4),140,1610,1620,4150,2010,18520
,231028,2京8,3,未勝利*,ロードバルベーラ,,牡,2,西村淳也, 56 ,10,2,"  ","  ","  ","  ",,4,３,芝,1800,A,良,140,,(栗),奥村豊,1481,0.2,,3,3,35.0,54.4,*,53.87,53.7,0.3,460,+8,,(6.1),170,,,,2010,18520
,231028,2京8,3,未勝利*,フローラルセント,,牝,2,藤岡康太, 55 ,10,1,"  ","  ","  ","  ",,6,４,芝,1800,A,良,83,,(栗),松下武士,1481,0.2,,10,10,34.3,57.6,*,53.87,53.7,1.0,460,+2,,(12.7),,,,,,
,231028,2京8,3,未勝利*,メイショウタバル,,牡,2,角田大河,55☆,10,7,"  ","  ","  ","  ",,2,５,芝,1800,A,良,55,,(栗),石橋守,1483,0.4,,5,5,35.1,54.3,*,53.87,53.7,0.4,504,+2,,(3.9),,,,,,
,231028,2京8,3,未勝利*,ベルベストランナー,,牡,2,団野大成, 56 ,10,8,"  ","  ","  ","  ",,9,６,芝,1800,A,良,0,,(栗),西村真幸,1487,0.8,,7,7,35.3,54.0,*,53.87,53.7,0.6,472,+14,,(119.4),,,,,,
,231028,2京8,3,未勝利*,エロース,,牡,2,モレイラ, 56 ,10,10,"  ","  ","  ","  ",,3,７,芝,1800,A,良,0,,(栗),池江泰寿,1487,0.8,,3,3,35.7,52.2,*,53.87,53.7,0.2,500,0,,(4.0),,,,,,
,231028,2京8,3,未勝利*,モアニ,,牝,2,坂井瑠星, 55 ,10,9,"  ","  ","  ","  ",,7,８,芝,1800,A,良,0,,(栗),高橋康之,1490,1.1,,9,7,35.4,54.0,,53.87,53.7,0.8,470,+18,,(23.4),,,,,,
,231028,2京8,3,未勝利*,ダイシンカーリー,,牝,2,岩田康誠, 55 ,10,5,"  ","  ","  ","  ",,10,９,芝,1800,A,良,0,,(栗),吉田直弘,1493,1.4,,5,5,36.1,51.4,,53.87,53.7,0.4,426,-2,,(215.4),,,,,,
,231028,2京8,3,未勝利*,ウインメラナイト,,牡,2,Ｍ．デム, 56 ,10,4,"  ","  ","  ","  ",,8,10,芝,1800,A,良,0,,(栗),寺島良,1502,2.3,,8,7,36.7,50.1,,53.87,53.7,0.7,488,+2,B,(98.7),,,,,,
,231028,2京8,2,未勝利*,トッピゴー,,牡,2,武豊, 56 ,12,7,"  ","  ","  ","  ",,1,１,ダ,1200,,良,550,,(栗),角田晃一,1131,-0.6,,2,2,37.0,47.6,*,46.90,47.0,0.1,514,-10,,290,140,630,2510,3870,3650,15200
,231028,2京8,2,未勝利*,プロミシングスター,,牡,2,川須栄彦, 56 ,12,5,"  ","  ","  ","  ",,5,２,ダ,1200,,良,220,,(栗),加用正,1137,0.6,,7,7,37.2,48.1,*,46.90,47.0,0.5,438,0,,(13.2),280,630,2510,3870,3650,15200
,231028,2京8,2,未勝利*,フタバ,,牝,2,団野大成, 55 ,12,6,"  ","  ","  ","  ",,4,３,ダ,1200,,良,140,,(栗),西村真幸,1139,0.8,,1,1,37.9,45.0,*,46.90,47.0,0.0,398,-4,,(5.9),170,,,,3650,15200
,231028,2京8,2,未勝利*,レグノ,,牡,2,田口貫太,54△,12,3,"  ","  ","  ","  ",,10,４,ダ,1200,,良,83,,(栗),西園正都,1140,0.9,,4,4,37.7,46.3,*,46.90,47.0,0.3,438,+4,,(65.4),,,,,,
,231028,2京8,2,未勝利*,レッドコート,,牡,2,鮫島克駿, 56 ,12,11,"  ","  ","  ","  ",,8,５,ダ,1200,,良,55,,(栗),中村直也,1140,0.9,,7,5,37.4,47.9,*,46.90,47.0,0.6,470,+2,,(34.8),,,,,,
,231028,2京8,2,未勝利*,モズトキキ,,牝,2,岩田望来, 55 ,12,4,"  ","  ","  ","  ",,2,６,ダ,1200,,良,0,*,(栗),村山明,1143,1.2,,3,3,38.1,45.0,,46.90,47.0,0.2,542,-2,,(4.3),,,,,,
,231028,2京8,2,未勝利*,キモンキャリントン,,牡,2,河原田菜,52★,12,10,"  ","  ","  ","  ",,9,７,ダ,1200,,良,0,,(栗),渡辺薫彦,1145,1.4,,9,9,37.8,47.1,,46.90,47.0,0.7,428,+4,,(53.5),,,,,,
,231028,2京8,2,未勝利*,テイエムデンセツ,,牡,2,城戸義政, 56 ,12,1,"  ","  ","  ","  ",,6,８,ダ,1200,,良,0,,(栗),鈴木孝志,1146,1.5,,9,9,37.9,46.8,,46.90,47.0,0.7,482,0,,(13.8),,,,,,
,231028,2京8,2,未勝利*,アルピニスト,,牝,2,長岡禎仁, 55 ,12,12,"  ","  ","  ","  ",,3,９,ダ,1200,,良,0,,(栗),杉山佳明,1146,1.5,,11,9,37.7,47.9,*,46.90,47.0,0.9,460,-8,,(5.1),,,,,,
,231028,2京8,2,未勝利*,ボナール,,牡,2,松田大作, 56 ,12,2,"  ","  ","  ","  ",,7,10,ダ,1200,,良,0,,(栗),武英智,1155,2.4,,4,5,39.2,42.6,,46.90,47.0,0.3,438,-4,,(21.1),,,,,,
,231028,2京8,2,未勝利*,メイショウイチリン,,牝,2,小沢大仁,54☆,12,9,"  ","  ","  ","  ",,11,11,ダ,1200,,良,0,,(栗),荒川義之,1165,3.4,,12,12,39.6,43.2,,46.90,47.0,0.9,420,-4,,(302.6),,,,,,
,231028,2京8,2,未勝利*,サウンドルミネ,,牝,2,大久保友,52▲,12,8,"  ","  ","  ","  ",,12,12,ダ,1200,,良,0,*,(栗),村山明,1167,3.6,,6,7,40.2,40.8,,46.90,47.0,0.5,420,-2,,(467.0),,,,,,
,231028,2京8,1,未勝利*,ブルーサン,,牡,2,和田竜二, 56 ,12,7,"  ","  ","  ","  ",,1,１,ダ,1800,,良,550,,(栗),川村禎彦,1540,-0.2,1,1,1,39.7,43.6,*,45.37,43.6,0.0,508,+2,,270,130,400,10820,13650,10710,75190
,231028,2京8,1,未勝利*,オーシンハーフ,,牡,2,団野大成, 56 ,12,9,"  ","  ","  ","  ",,8,２,ダ,1800,,良,220,,(栗),池添学,1542,0.2,2,2,2,39.5,44.6,*,45.37,43.6,0.4,462,+4,,(64.1),1040,400,10820,13650,10710,75190
,231028,2京8,1,未勝利*,アーマルコライト,,牡,2,Ｍ．デム, 56 ,12,10,"  ","  ","  ","  ",,2,３,ダ,1800,,良,140,,(栗),寺島良,1542,0.2,9,7,6,38.6,47.9,*,45.37,43.6,1.3,508,+8,,(3.5),130,,,,10710,75190
,231028,2京8,1,未勝利*,ツリーフロッグ,,牡,2,国分優作, 56 ,12,5,"  ","  ","  ","  ",,7,４,ダ,1800,,良,83,,(栗),辻野泰之,1547,0.7,8,7,6,39.2,46.3,*,45.37,43.6,1.2,490,0,,(21.1),,,,,,
,231028,2京8,1,未勝利*,カズタンジャー,,牡,2,岩田望来, 56 ,12,8,"  ","  ","  ","  ",,6,５,ダ,1800,,良,55,,(栗),新谷功一,1549,0.9,6,5,3,39.6,45.1,*,45.37,43.6,1.0,488,0,B,(12.6),,,,,,
,231028,2京8,1,未勝利*,アンバードール,,牡,2,西村淳也, 56 ,12,4,"  ","  ","  ","  ",,4,６,ダ,1800,,良,0,,(栗),吉岡辰弥,1550,1.0,4,5,3,39.8,44.5,*,45.37,43.6,0.9,516,-4,,(7.5),,,,,,
,231028,2京8,1,未勝利*,マジックブルー,,牡,2,坂井瑠星, 56 ,12,3,"  ","  ","  ","  ",,9,７,ダ,1800,,良,0,,(栗),矢作芳人,1552,1.2,12,9,9,39.2,46.9,*,45.37,43.6,1.7,462,+8,,(94.3),,,,,,
,231028,2京8,1,未勝利*,イマジンレノン,,牡,2,角田大和,55☆,12,6,"  ","  ","  ","  ",,11,８,ダ,1800,,良,0,,(栗),角田晃一,1552,1.2,11,11,11,38.8,48.5,*,45.37,43.6,2.1,470,-4,,(259.0),,,,,,
,231028,2京8,1,未勝利*,アーロンイメル,,牡,2,川田将雅, 56 ,12,1,"  ","  ","  ","  ",,3,９,ダ,1800,,良,0,,(栗),高橋義忠,1556,1.6,10,9,9,39.6,46.0,,45.37,43.6,1.7,470,0,,(6.0),,,,,,
,231028,2京8,1,未勝利*,タマモプルメリア,,牝,2,田口貫太,53△,12,2,"  ","  ","  ","  ",,10,10,ダ,1800,,良,0,,(栗),大橋勇樹,1565,2.5,2,3,3,41.5,40.4,,45.37,43.6,0.7,444,-4,,(157.0),,,,,,
,231028,2京8,1,未勝利*,ブーヤカ,,牡,2,藤岡康太, 56 ,12,11,"  ","  ","  ","  ",,5,11,ダ,1800,,良,0,,(栗),藤岡健一,1571,3.1,4,3,8,41.9,39.7,,45.37,43.6,0.9,464,0,B,(11.5),,,,,,
,231028,2京8,1,未勝利*,ハードメープル,,牡,2,小沢大仁,55☆,12,12,"  ","  ","  ","  ",,12,12,ダ,1800,,良,0,,(栗),石坂公一,1593,5.3,6,12,12,42.7,39.7,,45.37,43.6,2.3,538,+4,,(556.2),,,,,,
,231022,2京7,12,桂川ＳＨ･3勝,ペースセッティング,,牡,3,団野大成, 56 ,14,2,"  ","  ","  ","  ",,2,１,ダ,1400,,良,1840,,(栗),安田隆行,1233,-0.7,,3,2,35.8,49.5,*,50.23,48.5,0.2,490,-2,,350,160,1500,1490,2210,1870,8610
,231022,2京7,12,桂川ＳＨ･3勝,フォーチュンテラー,,牡,4,鮫島克駿, 56 ,14,10,"  ","  ","  ","  ",,4,２,ダ,1400,,良,740,,(栗),浜田多実,1240,0.7,,5,5,36.2,49.0,*,50.23,48.5,0.5,482,+8,,(6.1),170,1500,1490,2210,1870,8610
,231022,2京7,12,桂川ＳＨ･3勝,ヴアーサ,,牡,5,松若風馬, 56 ,14,13,"  ","  ","  ","  ",,1,３,ダ,1400,,良,460,,(栗),鮫島一歩,1241,0.8,,12,11,35.6,52.2,*,50.23,48.5,1.2,460,+2,,(3.4),130,,,,1870,8610
,231022,2京7,12,桂川ＳＨ･3勝,ビアイ,,牝,6,川須栄彦, 53 ,14,1,"  ","  ","  ","  ",,10,４,ダ,1400,,良,280,*,(栗),畑端省吾,1243,1.0,,1,1,37.0,45.9,*,50.23,48.5,0.0,530,+4,B,(63.9),,,,,,
,231022,2京7,12,桂川ＳＨ･3勝,マイネルプロンプト,,セ,11,田口貫太, 54 ,14,4,"  ","  ","  ","  ",,8,５,ダ,1400,,良,184,,(栗),坂口智康,1243,1.0,,5,5,36.5,48.2,*,50.23,48.5,0.5,480,-2,,(24.9),,,,,,
,231022,2京7,12,桂川ＳＨ･3勝,メイショウオーギシ,,牡,6,武豊, 55 ,14,6,"  ","  ","  ","  ",,6,６,ダ,1400,,良,0,,(栗),飯田祐史,1245,1.2,,8,8,36.5,48.6,,50.23,48.5,0.7,496,+4,,(12.4),,,,,,
,231022,2京7,12,桂川ＳＨ･3勝,グットディール,,セ,4,三浦皇成, 56 ,14,14,"  ","  ","  ","  ",,5,７,ダ,1400,,良,0,,(栗),須貝尚介,1246,1.3,,13,13,36.0,51.2,*,50.23,48.5,1.3,492,0,,(11.4),,,,,,
,231022,2京7,12,桂川ＳＨ･3勝,クレスコジョケツ,,牝,4,藤懸貴志, 53 ,14,5,"  ","  ","  ","  ",,13,８,ダ,1400,,良,0,,(栗),木原一良,1248,1.5,,14,13,36.0,51.7,*,50.23,48.5,1.5,482,-12,,(96.6),,,,,,
,231022,2京7,12,桂川ＳＨ･3勝,イイネイイネイイネ,,牡,4,国分優作, 52 ,14,9,"  ","  ","  ","  ",,14,９,ダ,1400,,良,0,,(栗),小崎憲,1250,1.7,,11,11,36.7,48.7,,50.23,48.5,1.0,450,0,B,(125.8),,,,,,
,231022,2京7,12,桂川ＳＨ･3勝,プライムライン,,セ,6,川田将雅, 56 ,14,11,"  ","  ","  ","  ",,3,10,ダ,1400,,良,0,,(栗),田中克典,1251,1.8,,3,4,37.4,45.7,,50.23,48.5,0.4,456,-22,B,(5.2),,,,,,
,231022,2京7,12,桂川ＳＨ･3勝,スズカマクフィ,,牝,5,角田大河, 52 ,14,8,"  ","  ","  ","  ",,9,11,ダ,1400,,良,0,,(美),伊藤圭三,1253,2.0,,8,8,37.2,47.0,,50.23,48.5,0.8,446,+2,,(46.2),,,,,,
,231022,2京7,12,桂川ＳＨ･3勝,スミ,,牝,4,小沢大仁, 52 ,14,12,"  ","  ","  ","  ",,12,12,ダ,1400,,良,0,,(栗),高橋亮,1254,2.1,,5,5,37.5,45.8,,50.23,48.5,0.6,482,-4,,(91.1),,,,,,
,231022,2京7,12,桂川ＳＨ･3勝,ケイサンフリーゼ,,牝,5,岡田祥嗣, 51 ,14,3,"  ","  ","  ","  ",,11,13,ダ,1400,,良,0,*,(栗),畑端省吾,1256,2.3,,10,8,37.5,46.2,,50.23,48.5,0.8,500,0,,(85.7),,,,,,
,231022,2京7,12,桂川ＳＨ･3勝,タイミングナウ,,セ,7,浜中俊, 55 ,14,7,"  ","  ","  ","  ",,7,14,ダ,1400,,良,0,,(栗),四位洋文,1260,2.7,,2,2,38.6,42.1,,50.23,48.5,0.1,482,-2,,(24.8),,,,,,
,231022,2京7,11,菊花賞G1,ドゥレッツァ,,牡,3,ルメール, 57 ,17,17,"  ","  ","  ","  ",,4,１,芝,3000,A,良,20000,,(美),尾関知人,3031,-0.6,1,3,2,34.6,57.3,*,56.80,56.2,0.3,468,+12,,730,210,1050,1980,4210,1570,12380
,231022,2京7,11,菊花賞G1,タスティエーラ,,牡,3,モレイラ, 57 ,17,7,"  ","  ","  ","  ",,2,２,芝,3000,A,良,8000,,(美),堀宣行,3037,0.6,11,9,8,34.8,57.0,*,56.80,56.2,0.7,480,+2,,(4.7),160,1050,1980,4210,1570,12380
,231022,2京7,11,菊花賞G1,ソールオリエンス,,牡,3,横山武史, 57 ,17,14,"  ","  ","  ","  ",,1,３,芝,3000,A,良,5000,,(美),手塚貴久,3040,0.9,12,12,8,35.1,56.1,*,56.80,56.2,0.7,464,+4,,(2.7),120,,,,1570,12380
,231022,2京7,11,菊花賞G1,リビアングラス,,牡,3,坂井瑠星, 57 ,17,6,"  ","  ","  ","  ",,9,４,芝,3000,A,良,3000,,(栗),矢作芳人,3041,1.0,3,1,1,35.9,53.2,*,56.80,56.2,0.0,498,-2,,(36.2),,,,,,
,231022,2京7,11,菊花賞G1,サヴォーナ,,牡,3,池添謙一, 57 ,17,8,"  ","  ","  ","  ",,7,５,芝,3000,A,良,2000,,(栗),中竹和也,3041,1.0,15,3,2,35.6,54.3,*,56.80,56.2,0.3,536,+8,,(22.3),,,,,,
,231022,2京7,11,菊花賞G1,ハーツコンチェルト,,牡,3,松山弘平, 57 ,17,12,"  ","  ","  ","  ",,5,６,芝,3000,A,良,0,,(美),武井亮,3041,1.0,5,6,8,35.3,55.4,*,56.80,56.2,0.6,498,+6,,(9.3),,,,,,
,231022,2京7,11,菊花賞G1,マイネルラウレア,,牡,3,岩田望来, 57 ,17,10,"  ","  ","  ","  ",,11,７,芝,3000,A,良,0,,(栗),宮徹,3041,1.0,15,12,12,35.1,56.1,*,56.80,56.2,0.8,500,+4,,(71.2),,,,,,
,231022,2京7,11,菊花賞G1,ナイトインロンドン,,牡,3,和田竜二, 57 ,17,13,"  ","  ","  ","  ",,12,８,芝,3000,A,良,0,,(美),大竹正博,3042,1.1,12,12,15,35.1,56.2,*,56.80,56.2,0.9,472,-10,,(88.1),,,,,,
,231022,2京7,11,菊花賞G1,ファントムシーフ,,牡,3,武豊, 57 ,17,15,"  ","  ","  ","  ",,6,９,芝,3000,A,良,0,,(栗),西村真幸,3043,1.2,6,6,5,35.5,54.8,,56.80,56.2,0.6,504,+2,,(20.3),,,,,,
,231022,2京7,11,菊花賞G1,サトノグランツ,,牡,3,川田将雅, 57 ,17,11,"  ","  ","  ","  ",,3,10,芝,3000,A,良,0,,(栗),友道康夫,3043,1.2,12,16,12,35.1,56.3,*,56.80,56.2,1.0,496,+4,,(5.0),,,,,,
,231022,2京7,11,菊花賞G1,ショウナンバシット,,牡,3,Ｍ．デム, 57 ,17,16,"  ","  ","  ","  ",,15,11,芝,3000,A,良,0,,(栗),須貝尚介,3044,1.3,8,9,11,35.5,54.9,,56.80,56.2,0.7,492,+6,,(185.4),,,,,,
,231022,2京7,11,菊花賞G1,シーズンリッチ,,牡,3,角田大河, 57 ,17,3,"  ","  ","  ","  ",,16,12,芝,3000,A,良,0,*,(美),久保田貴,3047,1.6,8,12,15,35.5,55.1,,56.80,56.2,1.0,492,-6,,(277.7),,,,,,
,231022,2京7,11,菊花賞G1,ウインオーディン,,牡,3,三浦皇成, 57 ,17,2,"  ","  ","  ","  ",,13,13,芝,3000,A,良,0,,(美),鹿戸雄一,3050,1.9,15,17,15,35.6,54.9,,56.80,56.2,1.2,474,-8,,(120.4),,,,,,
,231022,2京7,11,菊花賞G1,トップナイフ,,牡,3,横山典弘, 57 ,17,1,"  ","  ","  ","  ",,8,14,芝,3000,A,良,0,,(栗),昆貢,3050,1.9,8,3,5,36.4,52.1,,56.80,56.2,0.4,482,0,,(23.5),,,,,,
,231022,2京7,11,菊花賞G1,ノッキングポイント,,牡,3,北村宏司, 57 ,17,9,"  ","  ","  ","  ",,10,15,芝,3000,A,良,0,,(美),木村哲也,3052,2.1,6,9,12,36.3,52.5,,56.80,56.2,0.7,492,-2,,(41.7),,,,,,
,231022,2京7,11,菊花賞G1,ダノントルネード,,牡,3,西村淳也, 57 ,17,4,"  ","  ","  ","  ",,14,16,芝,3000,A,良,0,,(栗),中内田充,3067,3.6,3,6,5,38.0,47.8,,56.80,56.2,0.5,508,-6,,(177.2),,,,,,
,231022,2京7,11,菊花賞G1,パクスオトマニカ,,牡,3,田辺裕信, 57 ,17,5,"  ","  ","  ","  ",,17,17,芝,3000,A,良,0,*,(美),久保田貴,3078,4.7,2,2,2,39.5,43.9,,56.80,56.2,0.1,472,-6,,(299.2),,,,,,
,231022,2京7,10,三年坂Ｓ･3勝,ソーダズリング,,牝,3,武豊, 54 ,13,13,"  ","  ","  ","  ",,2,１,芝,1600,A,良,1840,,(栗),音無秀孝,1337,-0.0,,6,6,32.8,61.4,*,60.87,58.3,0.6,474,0,,420,150,450,1280,2290,1220,6720
,231022,2京7,10,三年坂Ｓ･3勝,モズゴールドバレル,,牝,4,川田将雅, 56 ,13,8,"  ","  ","  ","  ",,4,２,芝,1600,A,良,740,,(栗),藤岡健一,1337,0.0,,3,3,33.1,59.8,*,60.87,58.3,0.3,462,+2,,(5.1),150,450,1280,2290,1220,6720
,231022,2京7,10,三年坂Ｓ･3勝,ショウナンアレクサ,,牡,3,岩田望来, 56 ,13,12,"  ","  ","  ","  ",,1,３,芝,1600,A,良,460,,(栗),清水久詞,1340,0.3,,8,8,32.9,61.4,*,60.87,58.3,0.8,500,+8,,(3.1),130,,,,1220,6720
,231022,2京7,10,三年坂Ｓ･3勝,ダルエスサラーム,,牝,3,浜中俊, 54 ,13,10,"  ","  ","  ","  ",,11,４,芝,1600,A,良,280,,(栗),高野友和,1342,0.5,,5,3,33.6,58.2,*,60.87,58.3,0.3,454,+10,B,(79.8),,,,,,
,231022,2京7,10,三年坂Ｓ･3勝,ロワンディシー,,牡,5,池添謙一, 58 ,13,11,"  ","  ","  ","  ",,10,５,芝,1600,A,良,184,,(栗),北出成人,1343,0.6,,3,1,34.0,56.4,*,60.87,58.3,0.0,454,0,,(72.1),,,,,,
,231022,2京7,10,三年坂Ｓ･3勝,テーオーグランビル,,牡,3,横山武史, 56 ,13,5,"  ","  ","  ","  ",,3,６,芝,1600,A,良,0,,(栗),上村洋行,1343,0.6,,8,8,33.2,60.4,*,60.87,58.3,0.8,506,+10,,(4.4),,,,,,
,231022,2京7,10,三年坂Ｓ･3勝,タガノディアーナ,,牝,5,和田竜二, 56 ,13,2,"  ","  ","  ","  ",,13,７,芝,1600,A,良,0,,(栗),長谷川浩,1345,0.8,,8,8,33.3,60.3,*,60.87,58.3,0.9,472,+22,,(126.5),,,,,,
,231022,2京7,10,三年坂Ｓ･3勝,リッケンバッカー,,牡,5,幸英明, 58 ,13,3,"  ","  ","  ","  ",,12,８,芝,1600,A,良,0,,(栗),西村真幸,1346,0.9,,11,11,33.2,61.0,*,60.87,58.3,1.1,478,0,,(85.4),,,,,,
,231022,2京7,10,三年坂Ｓ･3勝,ベルクレスタ,,牝,4,モレイラ, 56 ,13,6,"  ","  ","  ","  ",,5,９,芝,1600,A,良,0,,(栗),須貝尚介,1346,0.9,,11,12,33.1,61.5,*,60.87,58.3,1.2,486,+6,B,(7.0),,,,,,
,231022,2京7,10,三年坂Ｓ･3勝,チュウワノキセキ,,セ,6,岩田康誠, 58 ,13,4,"  ","  ","  ","  ",,7,10,芝,1600,A,良,0,,(栗),大久保龍,1346,0.9,,6,6,33.6,58.9,*,60.87,58.3,0.7,482,+6,,(41.6),,,,,,
,231022,2京7,10,三年坂Ｓ･3勝,スーサンアッシャー,,牡,4,横山典弘, 58 ,13,1,"  ","  ","  ","  ",,8,11,芝,1600,A,良,0,,(栗),鈴木孝志,1347,1.0,,13,13,32.9,62.7,*,60.87,58.3,1.5,474,+14,,(45.6),,,,,,
,231022,2京7,10,三年坂Ｓ･3勝,タイセイシェダル,,牡,5,Ｍ．デム, 58 ,13,9,"  ","  ","  ","  ",,6,12,芝,1600,A,良,0,,(栗),高橋義忠,1350,1.3,,2,3,34.5,55.2,,60.87,58.3,0.2,462,-2,,(34.4),,,,,,
,231022,2京7,10,三年坂Ｓ･3勝,ジャスティンエース,,牡,4,鮫島克駿, 58 ,13,7,"  ","  ","  ","  ",,9,13,芝,1600,A,良,0,,(栗),杉山晴紀,1356,1.9,,1,2,35.2,53.0,,60.87,58.3,0.1,472,-6,,(69.2),,,,,,
,231022,2京7,9,壬生特別･2勝,ミルトクレイモー,,牡,3,岩田望来, 57 ,16,6,"  ","  ","  ","  ",,3,１,芝,1200,A,良,1550,,(栗),中村直也,1077,-0.3,,6,4,33.3,53.3,*,55.17,50.3,0.5,508,+2,,610,180,690,730,1960,3210,17380
,231022,2京7,9,壬生特別･2勝,グランテスト,,牝,3,坂井瑠星, 55 ,16,1,"  ","  ","  ","  ",,1,２,芝,1200,A,良,620,,(栗),今野貞一,1080,0.3,,14,13,32.6,58.6,*,55.17,50.3,1.5,472,0,,(2.2),140,690,730,1960,3210,17380
,231022,2京7,9,壬生特別･2勝,イラーレ,,牝,4,幸英明, 56 ,16,4,"  ","  ","  ","  ",,6,３,芝,1200,A,良,390,,(栗),北出成人,1080,0.3,,8,6,33.4,53.6,*,55.17,50.3,0.7,460,-4,,(18.8),300,,,,3210,17380
,231022,2京7,9,壬生特別･2勝,ティニア,,牡,3,モレイラ, 57 ,16,16,"  ","  ","  ","  ",,5,４,芝,1200,A,良,230,,(栗),池江泰寿,1081,0.4,,7,6,33.5,53.3,*,55.17,50.3,0.7,494,+12,,(12.9),,,,,,
,231022,2京7,9,壬生特別･2勝,テーオーダヴィンチ,,牡,5,ルメール, 58 ,16,3,"  ","  ","  ","  ",,2,５,芝,1200,A,良,155,,(栗),岡田稲男,1083,0.6,,12,12,33.2,55.7,*,55.17,50.3,1.2,504,-4,,(4.8),,,,,,
,231022,2京7,9,壬生特別･2勝,ダテボレアス,,牡,4,和田竜二, 58 ,16,2,"  ","  ","  ","  ",,11,６,芝,1200,A,良,0,,(栗),西園正都,1083,0.6,,1,1,34.4,48.5,*,55.17,50.3,0.0,494,+10,,(54.4),,,,,,
,231022,2京7,9,壬生特別･2勝,アンフィニドール,,牝,5,横山典弘, 56 ,16,10,"  ","  ","  ","  ",,4,７,芝,1200,A,良,0,,(栗),千田輝彦,1083,0.6,,16,16,32.6,59.5,*,55.17,50.3,1.8,500,+4,,(10.7),,,,,,
,231022,2京7,9,壬生特別･2勝,サウンドブライアン,,牡,5,浜中俊, 58 ,16,7,"  ","  ","  ","  ",,15,８,芝,1200,A,良,0,,(栗),村山明,1084,0.7,,10,9,33.5,54.2,*,55.17,50.3,1.0,482,-2,,(229.4),,,,,,
,231022,2京7,9,壬生特別･2勝,タウゼントシェーン,,牝,5,松山弘平, 56 ,16,11,"  ","  ","  ","  ",,8,９,芝,1200,A,良,0,,(栗),小林真也,1084,0.7,,10,9,33.5,54.2,*,55.17,50.3,1.0,444,-4,,(20.1),,,,,,
,231022,2京7,9,壬生特別･2勝,タツダイヤモンド,,牡,3,三浦皇成, 57 ,16,12,"  ","  ","  ","  ",,9,10,芝,1200,A,良,0,,(栗),鮫島一歩,1085,0.8,,8,9,33.8,52.7,*,55.17,50.3,0.8,486,+10,,(34.3),,,,,,
,231022,2京7,9,壬生特別･2勝,トーホウラビアン,,牝,4,団野大成, 56 ,16,9,"  ","  ","  ","  ",,14,11,芝,1200,A,良,0,,(栗),川村禎彦,1086,0.9,,2,2,34.6,48.3,*,55.17,50.3,0.1,438,+10,,(172.4),,,,,,
,231022,2京7,9,壬生特別･2勝,ハクサンパイオニア,,牡,3,西村淳也, 57 ,16,8,"  ","  ","  ","  ",,7,12,芝,1200,A,良,0,,(栗),清水久詞,1088,1.1,,2,2,34.8,47.7,,55.17,50.3,0.1,504,+18,,(18.9),,,,,,
,231022,2京7,9,壬生特別･2勝,デルマカンノン,,牝,5,小沢大仁, 56 ,16,14,"  ","  ","  ","  ",,16,13,芝,1200,A,良,0,,(栗),緒方努,1089,1.2,,12,13,33.8,53.8,,55.17,50.3,1.2,462,+2,,(272.0),,,,,,
,231022,2京7,9,壬生特別･2勝,サウンドクレア,,牝,4,鮫島克駿, 56 ,16,5,"  ","  ","  ","  ",,12,14,芝,1200,A,良,0,,(栗),安達昭夫,1090,1.3,,14,15,33.6,55.4,,55.17,50.3,1.5,450,+4,,(57.8),,,,,,
,231022,2京7,9,壬生特別･2勝,ウメムスビ,,牡,3,角田大河, 57 ,16,13,"  ","  ","  ","  ",,10,15,芝,1200,A,良,0,,(栗),新谷功一,1090,1.3,,5,6,34.6,49.4,,55.17,50.3,0.5,460,+6,,(42.5),,,,,,
,231022,2京7,9,壬生特別･2勝,ダレモトメラレナイ,,牝,4,横山武史, 56 ,16,15,"  ","  ","  ","  ",,13,16,芝,1200,A,良,0,,(美),竹内正洋,1099,2.2,,2,5,35.6,46.3,,55.17,50.3,0.4,480,-14,,(60.8),,,,,,
,231022,2京7,8,なでしこ･1勝,ナスティウェザー,,牡,2,岩田望来, 56 ,8,1,"  ","  ","  ","  ",,2,１,ダ,1400,,良,1070,,(美),加藤征弘,1247,-0.1,,7,7,36.9,47.2,*,44.70,43.5,0.8,448,-4,,390,160,,1640,3160,5730,24670
,231022,2京7,8,なでしこ･1勝,アイアムユウシュン,,牡,2,武豊, 56 ,8,4,"  ","  ","  ","  ",,5,２,ダ,1400,,良,430,,(美),奥平雅士,1248,0.1,,1,1,37.8,43.3,*,44.70,43.5,0.0,510,+16,,(7.3),260,,1640,3160,5730,24670
,231022,2京7,8,なでしこ･1勝,オウバイトウリ,,牝,2,ルメール, 55 ,8,2,"  ","  ","  ","  ",,6,３,ダ,1400,,良,270,,(栗),武幸四郎,1254,0.7,,5,4,38.0,43.6,*,44.70,43.5,0.4,472,-4,,(16.3),330,,,,5730,24670
,231022,2京7,8,なでしこ･1勝,エコロガイア,,牡,2,モレイラ, 56 ,8,3,"  ","  ","  ","  ",,3,４,ダ,1400,,良,160,,(栗),森秀行,1257,1.0,,2,4,38.5,41.9,*,44.70,43.5,0.2,464,+2,,(4.5),,,,,,
,231022,2京7,8,なでしこ･1勝,オコタンペ,,牡,2,川田将雅, 56 ,8,6,"  ","  ","  ","  ",,1,５,ダ,1400,,良,107,,(栗),須貝尚介,1258,1.1,,2,2,38.6,41.7,,44.70,43.5,0.2,486,0,,(3.4),,,,,,
,231022,2京7,8,なでしこ･1勝,メイショウホウレン,,牡,2,松山弘平, 56 ,8,5,"  ","  ","  ","  ",,4,６,ダ,1400,,良,0,,(栗),安達昭夫,1269,2.2,,2,2,39.7,39.2,,44.70,43.5,0.2,502,+6,,(6.3),,,,,,
,231022,2京7,8,なでしこ･1勝,オーケーカルメン,,牝,2,角田大河, 55 ,8,8,"  ","  ","  ","  ",,8,７,ダ,1400,,良,0,,(栗),奥村豊,1269,2.2,,8,8,38.5,44.3,,44.70,43.5,1.4,420,+2,,(40.5),,,,,,
,231022,2京7,8,なでしこ･1勝,モズナイスバディー,,牡,2,坂井瑠星, 56 ,8,7,"  ","  ","  ","  ",,7,８,ダ,1400,,良,0,,(栗),飯田祐史,1273,2.6,,5,6,39.8,39.5,,44.70,43.5,0.5,482,-2,,(23.9),,,,,,
,231022,2京7,7,２勝ｸﾗｽ・牝,ガウラ,,牝,3,和田竜二, 54 ,16,1,"  ","  ","  ","  ",,8,１,ダ,1800,,良,1140,,(栗),鈴木孝志,1525,-0.1,4,4,6,36.9,52.4,*,52.07,51.2,0.3,480,+2,,2210,500,1100,3640,9680,74980,377160
,231022,2京7,7,２勝ｸﾗｽ・牝,メテオリート,,牝,3,ルメール, 54 ,16,11,"  ","  ","  ","  ",,1,２,ダ,1800,,良,460,*,(栗),吉岡辰弥,1526,0.1,13,8,7,36.8,53.0,*,52.07,51.2,0.5,496,+8,,(3.3),180,1100,3640,9680,74980,377160
,231022,2京7,7,２勝ｸﾗｽ・牝,ヴァンルーラー,,牝,4,田口貫太,54△,16,7,"  ","  ","  ","  ",,14,３,ダ,1800,,良,290,*,(栗),吉岡辰弥,1528,0.3,2,2,1,37.4,50.8,*,52.07,51.2,0.1,462,-6,B,(67.1),1360,,,,74980,377160
,231022,2京7,7,２勝ｸﾗｽ・牝,サノノエスポ,,牝,3,武豊, 54 ,16,10,"  ","  ","  ","  ",,7,４,ダ,1800,,良,170,,(美),中野栄治,1529,0.4,12,14,15,36.5,54.7,*,52.07,51.2,1.1,450,+4,,(19.9),,,,,,
,231022,2京7,7,２勝ｸﾗｽ・牝,タガノカンデラ,,牝,4,西村淳也, 56 ,16,3,"  ","  ","  ","  ",,16,５,ダ,1800,,良,114,,(栗),奥村豊,1529,0.4,6,8,7,37.1,52.2,*,52.07,51.2,0.5,462,+12,,(103.4),,,,,,
,231022,2京7,7,２勝ｸﾗｽ・牝,フォーランマリア,,牝,4,Ｍ．デム, 56 ,16,9,"  ","  ","  ","  ",,5,６,ダ,1800,,良,0,,(栗),森田直行,1530,0.5,10,11,11,37.1,52.3,*,52.07,51.2,0.6,422,0,,(11.8),,,,,,
,231022,2京7,7,２勝ｸﾗｽ・牝,ラニカイ,,牝,4,河原田菜,52★,16,16,"  ","  ","  ","  ",,15,７,ダ,1800,,良,0,*,(栗),松永幹夫,1531,0.6,8,4,3,37.5,50.8,*,52.07,51.2,0.3,512,+16,,(76.6),,,,,,
,231022,2京7,7,２勝ｸﾗｽ・牝,バライロノキセキ,,牝,5,角田大河,55☆,16,14,"  ","  ","  ","  ",,11,８,ダ,1800,,良,0,,(栗),中竹和也,1532,0.7,6,8,7,37.4,51.3,*,52.07,51.2,0.5,504,+16,,(55.7),,,,,,
,231022,2京7,7,２勝ｸﾗｽ・牝,バレストラ,,牝,4,松山弘平, 56 ,16,15,"  ","  ","  ","  ",,10,９,ダ,1800,,良,0,,(栗),矢作芳人,1535,1.0,11,12,11,37.4,51.7,*,52.07,51.2,0.8,488,0,,(36.1),,,,,,
,231022,2京7,7,２勝ｸﾗｽ・牝,タガノアレハンドラ,,牝,3,国分恭介, 54 ,16,12,"  ","  ","  ","  ",,3,10,ダ,1800,,良,0,,(栗),西園翔太,1536,1.1,13,12,11,37.5,51.5,,52.07,51.2,0.8,494,+4,,(6.7),,,,,,
,231022,2京7,7,２勝ｸﾗｽ・牝,タマモタップダンス,,牝,4,川田将雅, 56 ,16,8,"  ","  ","  ","  ",,2,11,ダ,1800,,良,0,,(美),伊藤圭三,1538,1.3,4,4,3,38.2,49.0,,52.07,51.2,0.3,500,-10,,(3.5),,,,,,
,231022,2京7,7,２勝ｸﾗｽ・牝,クインズミモザ,,牝,5,岩田望来, 56 ,16,6,"  ","  ","  ","  ",,4,12,ダ,1800,,良,0,,(美),池上昌和,1541,1.6,15,14,11,37.8,50.9,,52.07,51.2,1.0,512,-12,,(7.6),,,,,,
,231022,2京7,7,２勝ｸﾗｽ・牝,ジャルジェ,,牝,6,坂井瑠星, 56 ,16,5,"  ","  ","  ","  ",,9,13,ダ,1800,,良,0,,(栗),千田輝彦,1541,1.6,8,7,7,38.4,48.6,,52.07,51.2,0.4,506,+10,,(24.8),,,,,,
,231022,2京7,7,２勝ｸﾗｽ・牝,トレデマンド,,牝,5,池添謙一, 56 ,16,4,"  ","  ","  ","  ",,12,14,ダ,1800,,良,0,*,(栗),松永幹夫,1544,1.9,15,16,16,37.8,51.3,,52.07,51.2,1.3,492,+4,,(58.4),,,,,,
,231022,2京7,7,２勝ｸﾗｽ・牝,エンプレスペイ,,牝,3,鮫島克駿, 54 ,16,2,"  ","  ","  ","  ",,6,15,ダ,1800,,良,0,,(栗),武幸四郎,1552,2.7,1,1,2,39.9,44.4,,52.07,51.2,0.0,440,+10,,(18.3),,,,,,
,231022,2京7,7,２勝ｸﾗｽ・牝,メイショウホマレ,,牝,4,小沢大仁,55☆,16,13,"  ","  ","  ","  ",,13,16,ダ,1800,,良,0,,(栗),松永昌博,1553,2.8,2,2,3,39.8,44.8,,52.07,51.2,0.2,452,-4,,(65.7),,,,,,
,231022,2京7,6,１勝ｸﾗｽ,ビヨンドザヴァレー,,牝,3,松山弘平, 54 ,16,15,"  ","  ","  ","  ",,1,１,芝,1600,A,良,800,,(栗),橋口慎介,1328,-0.1,,5,4,35.2,48.2,*,50.27,46.4,0.4,458,+8,,300,140,1600,1470,2820,7840,31150
,231022,2京7,6,１勝ｸﾗｽ,サトノスカイターフ,,牡,5,横山武史, 58 ,16,1,"  ","  ","  ","  ",,4,２,芝,1600,A,良,320,,(栗),池江泰寿,1329,0.1,,16,16,34.0,53.9,*,50.27,46.4,1.7,496,-10,,(9.4),220,1600,1470,2820,7840,31150
,231022,2京7,6,１勝ｸﾗｽ,トレチーメ,,牡,3,西村淳也, 56 ,16,5,"  ","  ","  ","  ",,6,３,芝,1600,A,良,200,,(栗),中内田充,1331,0.3,,9,8,35.2,48.7,*,50.27,46.4,0.7,514,0,,(17.7),370,,,,7840,31150
,231022,2京7,6,１勝ｸﾗｽ,スウィートスカー,,牝,4,田辺裕信, 56 ,16,6,"  ","  ","  ","  ",,5,４,芝,1600,A,良,120,,(栗),鮫島一歩,1332,0.4,,14,13,34.7,51.2,*,50.27,46.4,1.3,470,-2,,(13.5),,,,,,
,231022,2京7,6,１勝ｸﾗｽ,ゴールドローズ,,牝,4,武豊, 56 ,16,12,"  ","  ","  ","  ",,8,５,芝,1600,A,良,80,,(栗),飯田祐史,1332,0.4,,15,13,34.5,52.1,*,50.27,46.4,1.5,448,0,,(31.8),,,,,,
,231022,2京7,6,１勝ｸﾗｽ,エマヌエーレ,,牡,3,モレイラ, 56 ,16,13,"  ","  ","  ","  ",,2,６,芝,1600,A,良,0,,(栗),平田修,1333,0.5,,9,8,35.3,48.6,*,50.27,46.4,0.8,494,-2,,(3.8),,,,,,
,231022,2京7,6,１勝ｸﾗｽ,サファイア,,牝,3,岩田望来, 54 ,16,3,"  ","  ","  ","  ",,7,７,芝,1600,A,良,0,,(栗),辻野泰之,1333,0.5,,13,13,34.9,50.4,*,50.27,46.4,1.2,432,+2,,(19.1),,,,,,
,231022,2京7,6,１勝ｸﾗｽ,アパショナード,,牡,4,団野大成, 58 ,16,10,"  ","  ","  ","  ",,13,８,芝,1600,A,良,0,*,(栗),千田輝彦,1335,0.7,,3,2,36.0,45.8,*,50.27,46.4,0.3,434,+14,,(57.3),,,,,,
,231022,2京7,6,１勝ｸﾗｽ,エレガントギフト,,牝,3,和田竜二, 54 ,16,16,"  ","  ","  ","  ",,11,９,芝,1600,A,良,0,*,(栗),千田輝彦,1335,0.7,,12,11,35.3,48.9,*,50.27,46.4,1.0,430,-4,,(43.3),,,,,,
,231022,2京7,6,１勝ｸﾗｽ,メイショウコギク,,牝,3,角田大河,53☆,16,8,"  ","  ","  ","  ",,9,10,芝,1600,A,良,0,,(栗),石橋守,1336,0.8,,6,6,35.8,46.9,*,50.27,46.4,0.6,448,+10,,(32.8),,,,,,
,231022,2京7,6,１勝ｸﾗｽ,ハレアカラフラ,,牝,3,松若風馬, 54 ,16,9,"  ","  ","  ","  ",,14,11,芝,1600,A,良,0,,(栗),音無秀孝,1340,1.2,,3,4,36.5,44.5,,50.27,46.4,0.3,466,+14,,(59.9),,,,,,
,231022,2京7,6,１勝ｸﾗｽ,スズカダブル,,牡,3,ルメール, 56 ,16,7,"  ","  ","  ","  ",,3,12,芝,1600,A,良,0,,(栗),西村真幸,1341,1.3,,6,6,36.4,45.1,,50.27,46.4,0.5,498,+4,,(5.0),,,,,,
,231022,2京7,6,１勝ｸﾗｽ,ジャパンノウレッジ,,牝,3,藤懸貴志, 54 ,16,14,"  ","  ","  ","  ",,15,13,芝,1600,A,良,0,,(栗),寺島良,1351,2.3,,2,2,37.7,41.4,,50.27,46.4,0.2,454,+8,,(102.8),,,,,,
,231022,2京7,6,１勝ｸﾗｽ,ファルシオン,,牝,3,幸英明, 54 ,16,4,"  ","  ","  ","  ",,10,14,芝,1600,A,良,0,,(栗),羽月友彦,1351,2.3,,9,11,37.0,44.2,,50.27,46.4,0.9,448,+2,B,(34.4),,,,,,
,231022,2京7,6,１勝ｸﾗｽ,ソアラ,,牝,3,河原田菜,50★,16,2,"  ","  ","  ","  ",,16,15,芝,1600,A,良,0,,(栗),高橋康之,1351,2.3,,6,8,37.3,43.0,,50.27,46.4,0.6,482,+4,,(258.8),,,,,,
,231022,2京7,6,１勝ｸﾗｽ,クファシル,,牡,3,池添謙一, 56 ,16,11,"  ","  ","  ","  ",,12,16,芝,1600,A,良,0,,(栗),池添学,1352,2.4,,1,1,38.0,40.3,,50.27,46.4,0.0,492,0,,(52.1),,,,,,
,231022,2京7,5,新馬,サンライズアース,,牡,2,Ｍ．デム, 56 ,8,8,"  ","  ","  ","  ",,7,１,芝,2000,A,良,720,,(栗),石坂公一,2014,-0.1,1,1,1,35.2,55.0,*,55.60,55.0,0.0,538,,,5030,1700,,12420,41150,36380,451110
,231022,2京7,5,新馬,ヴィスマール,,牡,2,西村淳也, 56 ,8,3,"  ","  ","  ","  ",,5,２,芝,2000,A,良,290,,(栗),奥村豊,2015,0.1,6,5,3,34.8,56.8,*,55.60,55.0,0.5,450,,,(12.7),630,,12420,41150,36380,451110
,231022,2京7,5,新馬,ブリオメンテ,,牡,2,岩田望来, 56 ,8,5,"  ","  ","  ","  ",,6,３,芝,2000,A,良,180,,(栗),千田輝彦,2025,1.1,6,8,6,35.5,55.0,*,55.60,55.0,0.8,544,,,(29.6),1160,,,,36380,451110
,231022,2京7,5,新馬,ザブライド,,牝,2,川田将雅, 55 ,8,2,"  ","  ","  ","  ",,1,４,芝,2000,A,良,110,,(栗),西村真幸,2026,1.2,3,3,2,36.0,53.1,,55.60,55.0,0.4,476,,,(1.7),,,,,,
,231022,2京7,5,新馬,プルミエプランタン,,牡,2,松山弘平, 56 ,8,6,"  ","  ","  ","  ",,4,５,芝,2000,A,良,72,,(栗),音無秀孝,2028,1.4,8,5,3,36.0,53.3,,55.60,55.0,0.6,498,,,(8.9),,,,,,
,231022,2京7,5,新馬,ペロ,,牡,2,池添謙一, 56 ,8,1,"  ","  ","  ","  ",,3,６,芝,2000,A,良,0,,(栗),橋口慎介,2029,1.5,3,3,3,36.4,51.8,,55.60,55.0,0.3,486,,,(8.7),,,,,,
,231022,2京7,5,新馬,イナズマシルバー,,牡,2,和田竜二, 56 ,8,7,"  ","  ","  ","  ",,8,７,芝,2000,A,良,0,,(栗),平田修,2083,6.9,3,7,7,41.0,41.3,,55.60,55.0,1.1,482,,,(157.0),,,,,,
,231022,2京7,4,新馬,ミライテーラー,,牝,2,中井裕二, 55 ,12,1,"  ","  ","  ","  ",,6,１,ダ,1200,,良,720,,(栗),飯田雄三,1126,-0.5,,1,1,36.5,48.9,*,49.07,48.9,0.0,470,,,1380,330,2270,2950,6840,35600,203640
,231022,2京7,4,新馬,サムデイ,,牝,2,Ｍ．デム, 55 ,12,11,"  ","  ","  ","  ",,2,２,ダ,1200,,良,290,,(栗),新谷功一,1131,0.5,,2,2,36.8,48.6,*,49.07,48.9,0.2,428,,,(5.2),200,2270,2950,6840,35600,203640
,231022,2京7,4,新馬,ファイヤーウィップ,,牡,2,森裕太朗, 56 ,12,2,"  ","  ","  ","  ",,11,３,ダ,1200,,良,180,*,(栗),吉田直弘,1133,0.7,,5,4,36.7,49.7,*,49.07,48.9,0.5,486,,,(75.4),1100,,,,35600,203640
,231022,2京7,4,新馬,ウィンターガーデン,,牝,2,ルメール, 55 ,12,5,"  ","  ","  ","  ",,1,４,ダ,1200,,良,110,,(栗),武幸四郎,1137,1.1,,6,5,36.8,50.3,*,49.07,48.9,0.8,466,,,(2.8),,,,,,
,231022,2京7,4,新馬,キングツェッペリン,,牡,2,西村淳也, 56 ,12,4,"  ","  ","  ","  ",,10,５,ダ,1200,,良,72,,(栗),牧田和弥,1144,1.8,,8,7,37.3,49.5,,49.07,48.9,1.0,452,,,(37.6),,,,,,
,231022,2京7,4,新馬,スリーウエーブ,,牝,2,田口貫太,53△,12,12,"  ","  ","  ","  ",,9,６,ダ,1200,,良,0,,(栗),木原一良,1145,1.9,,3,2,38.2,45.0,,49.07,48.9,0.2,446,,,(27.6),,,,,,
,231022,2京7,4,新馬,ヴァルタリ,,牡,2,鮫島克駿, 56 ,12,3,"  ","  ","  ","  ",,3,７,ダ,1200,,良,0,,(栗),宮本博,1146,2.0,,8,9,37.5,48.9,,49.07,48.9,1.0,514,,,(6.0),,,,,,
,231022,2京7,4,新馬,ラピダリア,,牝,2,和田竜二, 55 ,12,8,"  ","  ","  ","  ",,7,８,ダ,1200,,良,0,*,(栗),吉田直弘,1147,2.1,,3,5,38.1,46.1,,49.07,48.9,0.5,462,,,(20.1),,,,,,
,231022,2京7,4,新馬,カレンメラメーラ,,牝,2,松山弘平, 55 ,12,7,"  ","  ","  ","  ",,4,９,ダ,1200,,良,0,,(栗),鈴木孝志,1150,2.4,,12,12,37.0,52.7,,49.07,48.9,1.9,436,,,(7.0),,,,,,
,231022,2京7,4,新馬,クリノクレセント,,牡,2,幸英明, 56 ,12,9,"  ","  ","  ","  ",,12,10,ダ,1200,,良,0,,(栗),谷潔,1156,3.0,,11,10,38.1,48.4,,49.07,48.9,1.4,414,,,(79.5),,,,,,
,231022,2京7,4,新馬,ハツワカ,,牡,2,岩田望来, 56 ,12,6,"  ","  ","  ","  ",,5,11,ダ,1200,,良,0,,(美),矢野英一,1159,3.3,,6,7,39.0,44.6,,49.07,48.9,0.8,462,,,(12.4),,,,,,
,231022,2京7,4,新馬,ガンバルフトシ,,牡,2,小牧太, 56 ,12,10,"  ","  ","  ","  ",,8,12,ダ,1200,,良,0,,(栗),笹田和秀,1172,4.6,,10,10,39.9,43.5,,49.07,48.9,1.2,482,,,(22.4),,,,,,
,231022,2京7,3,未勝利*,オールデュスヴラン,,牡,2,モレイラ, 56 ,10,6,"  ","  ","  ","  ",,4,１,芝,2000,A,良,550,,(栗),池江泰寿,2019,-0.0,5,5,5,35.2,55.6,*,56.87,53.5,0.5,470,-2,,800,230,2050,1780,4040,1210,11270
,231022,2京7,3,未勝利*,ヘザルフェン,,牡,2,横山典弘, 56 ,10,8,"  ","  ","  ","  ",,3,２,芝,2000,A,良,220,,(栗),昆貢,2019,0.0,5,5,5,35.2,55.6,*,56.87,53.5,0.5,492,-2,,(5.4),180,2050,1780,4040,1210,11270
,231022,2京7,3,未勝利*,コルレオニス,,牡,2,ルメール, 56 ,10,10,"  ","  ","  ","  ",,2,３,芝,2000,A,良,140,,(栗),友道康夫,2022,0.3,9,10,10,34.4,59.4,*,56.87,53.5,1.6,442,0,,(3.4),170,,,,1210,11270
,231022,2京7,3,未勝利*,ヴァーニャ,,牝,2,Ｍ．デム, 55 ,10,3,"  ","  ","  ","  ",,8,４,芝,2000,A,良,83,,(栗),杉山佳明,2022,0.3,7,7,7,35.2,55.9,*,56.87,53.5,0.8,484,+6,,(100.0),,,,,,
,231022,2京7,3,未勝利*,サウンドノバ,,牡,2,西村淳也, 56 ,10,4,"  ","  ","  ","  ",,6,５,芝,2000,A,良,55,,(栗),安達昭夫,2022,0.3,1,1,1,36.0,52.6,*,56.87,53.5,0.0,464,-4,,(30.8),,,,,,
,231022,2京7,3,未勝利*,クロダブシ,,牡,2,幸英明, 56 ,10,2,"  ","  ","  ","  ",,5,６,芝,2000,A,良,0,,(栗),松永幹夫,2024,0.5,3,3,3,35.9,53.3,*,56.87,53.5,0.3,462,-4,,(18.4),,,,,,
,231022,2京7,3,未勝利*,グラヴィス,,牡,2,坂井瑠星, 56 ,10,5,"  ","  ","  ","  ",,1,７,芝,2000,A,良,0,,(栗),矢作芳人,2024,0.5,3,3,3,35.8,53.7,*,56.87,53.5,0.4,494,-6,,(2.1),,,,,,
,231022,2京7,3,未勝利*,センカラット,,牡,2,河原田菜,52★,10,1,"  ","  ","  ","  ",,9,８,芝,2000,A,良,0,,(栗),渡辺薫彦,2033,1.4,9,9,8,35.8,54.7,,56.87,53.5,1.3,464,0,,(206.3),,,,,,
,231022,2京7,3,未勝利*,プリンスジョイ,,牡,2,和田竜二, 56 ,10,7,"  ","  ","  ","  ",,10,９,芝,2000,A,良,0,,(栗),浜田多実,2036,1.7,7,8,8,36.1,53.9,,56.87,53.5,1.3,502,+6,,(388.3),,,,,,
,231022,2京7,3,未勝利*,ゼンノジーニー,,牡,2,角田大河,55☆,10,9,"  ","  ","  ","  ",,7,10,芝,2000,A,良,0,,(栗),飯田祐史,2041,2.2,2,2,2,37.8,47.8,,56.87,53.5,0.1,470,+4,,(79.9),,,,,,
,231022,2京7,2,未勝利*,ヒルノドゴール,,牡,2,武豊, 56 ,16,2,"  ","  ","  ","  ",,2,１,ダ,1400,,良,550,,(栗),北出成人,1257,-0.3,,5,5,37.7,45.5,*,43.87,43.7,0.4,498,-4,,340,110,180,200,480,800,2960
,231022,2京7,2,未勝利*,キャピタルサックス,,牡,2,松山弘平, 56 ,16,4,"  ","  ","  ","  ",,1,２,ダ,1400,,良,220,,(栗),杉山晴紀,1260,0.3,,2,2,38.2,43.8,*,43.87,43.7,0.2,506,+6,,(1.5),110,180,200,480,800,2960
,231022,2京7,2,未勝利*,レッドリベルタ,,牡,2,浜中俊, 56 ,16,3,"  ","  ","  ","  ",,5,３,ダ,1400,,良,140,,(栗),庄野靖志,1272,1.5,,7,7,39.1,42.3,*,43.87,43.7,0.5,440,-6,,(34.3),230,,,,800,2960
,231022,2京7,2,未勝利*,ラストボーン,,セ,2,田口貫太,54△,16,8,"  ","  ","  ","  ",,6,４,ダ,1400,,良,83,,(栗),加用正,1275,1.8,,1,1,39.9,39.5,*,43.87,43.7,0.0,450,+4,,(36.0),,,,,,
,231022,2京7,2,未勝利*,ルクスアドラー,,牡,2,坂井瑠星, 56 ,16,11,"  ","  ","  ","  ",,3,５,ダ,1400,,良,55,,(栗),須貝尚介,1279,2.2,,2,2,40.1,39.4,*,43.87,43.7,0.2,452,+2,,(8.9),,,,,,
,231022,2京7,2,未勝利*,ドレープサンライズ,,牝,2,河原田菜,51★,16,13,"  ","  ","  ","  ",,8,６,ダ,1400,,良,0,,(栗),河内洋,1280,2.3,,5,7,39.9,40.4,,43.87,43.7,0.5,476,+12,,(62.4),,,,,,
,231022,2京7,2,未勝利*,ベント,,牡,2,池添謙一, 56 ,16,15,"  ","  ","  ","  ",,4,７,ダ,1400,,良,0,,(栗),小崎憲,1281,2.4,,7,11,39.8,41.0,*,43.87,43.7,0.7,432,-2,,(28.7),,,,,,
,231022,2京7,2,未勝利*,タイセイファルクス,,牡,2,北村宏司, 56 ,16,5,"  ","  ","  ","  ",,13,８,ダ,1400,,良,0,,(栗),小林真也,1281,2.4,,10,9,39.8,41.0,*,43.87,43.7,0.7,500,+2,,(384.3),,,,,,
,231022,2京7,2,未勝利*,エスオーライジング,,牡,2,高倉稜, 56 ,16,1,"  ","  ","  ","  ",,11,９,ダ,1400,,良,0,*,(栗),木原一良,1281,2.4,,7,5,40.1,39.8,,43.87,43.7,0.4,468,-2,,(137.5),,,,,,
,231022,2京7,2,未勝利*,テイエムボビーダン,,牡,2,田中健, 56 ,16,10,"  ","  ","  ","  ",,7,10,ダ,1400,,良,0,*,(栗),木原一良,1286,2.9,,10,11,40.2,40.3,,43.87,43.7,0.8,530,-2,,(41.7),,,,,,
,231022,2京7,2,未勝利*,トウコンリュウジン,,牡,2,和田竜二, 56 ,16,6,"  ","  ","  ","  ",,12,11,ダ,1400,,良,0,*,(栗),浜田多実,1289,3.2,,15,14,40.1,41.3,,43.87,43.7,1.2,464,-2,,(164.5),,,,,,
,231022,2京7,2,未勝利*,ウエストチェリー,,牝,2,幸英明, 55 ,16,9,"  ","  ","  ","  ",,10,12,ダ,1400,,良,0,,(栗),松永昌博,1297,4.0,,13,9,41.4,37.5,,43.87,43.7,0.7,460,-2,,(113.4),,,,,,
,231022,2京7,2,未勝利*,パルマノーヴァ,,牝,2,角田大河,54☆,16,7,"  ","  ","  ","  ",,16,13,ダ,1400,,良,0,,(栗),牧田和弥,1298,4.1,,2,2,42.2,34.6,,43.87,43.7,0.0,444,+6,,(550.8),,,,,,
,231022,2京7,2,未勝利*,デルマプルシャ,,牡,2,松若風馬, 56 ,16,16,"  ","  ","  ","  ",,9,14,ダ,1400,,良,0,,(栗),宮本博,1300,4.3,,10,11,41.5,37.7,,43.87,43.7,0.9,472,-2,,(88.2),,,,,,
,231022,2京7,2,未勝利*,テイエムスノーフジ,,牡,2,長岡禎仁, 56 ,16,14,"  ","  ","  ","  ",,15,15,ダ,1400,,良,0,*,(栗),浜田多実,1307,5.0,,14,15,41.9,37.4,,43.87,43.7,1.2,498,-10,,(480.8),,,,,,
,231022,2京7,2,未勝利*,ハッピーワンダー,,牝,2,水口優也, 55 ,16,12,"  ","  ","  ","  ",,14,16,ダ,1400,,良,0,,(栗),藤沢則雄,1324,6.7,,16,16,43.2,35.4,,43.87,43.7,1.6,456,0,,(389.9),,,,,,
,231022,2京7,1,未勝利*,テンエースワン,,牡,2,岩田望来, 56 ,11,4,"  ","  ","  ","  ",,3,１,ダ,1800,,良,550,,(栗),大久保龍,1550,-0.1,4,3,3,37.6,52.9,*,52.67,51.7,0.3,486,+8,,510,120,360,390,1010,260,2170
,231022,2京7,1,未勝利*,ロードフォアエース,,牡,2,川田将雅, 56 ,11,8,"  ","  ","  ","  ",,1,２,ダ,1800,,良,220,,(栗),友道康夫,1551,0.1,2,2,1,37.9,51.8,*,52.67,51.7,0.1,516,+4,,(1.7),110,360,390,1010,260,2170
,231022,2京7,1,未勝利*,クリノフィガロ,,牡,2,団野大成, 56 ,11,7,"  ","  ","  ","  ",,2,３,ダ,1800,,良,140,,(栗),荒川義之,1553,0.3,2,4,4,37.6,53.3,*,52.67,51.7,0.6,486,-8,,(4.4),110,,,,260,2170
,231022,2京7,1,未勝利*,フォージドブリック,,牡,2,Ｍ．デム, 56 ,11,3,"  ","  ","  ","  ",,5,４,ダ,1800,,良,83,,(栗),森田直行,1568,1.8,4,5,5,38.6,51.3,,52.67,51.7,1.1,528,+6,,(28.5),,,,,,
,231022,2京7,1,未勝利*,サンダーバース,,牡,2,横山武史, 56 ,11,5,"  ","  ","  ","  ",,4,５,ダ,1800,,良,55,,(栗),高柳大輔,1569,1.9,1,1,2,39.8,46.9,,52.67,51.7,0.0,484,+6,,(13.1),,,,,,
,231022,2京7,1,未勝利*,シュレディンガー,,牡,2,西村淳也, 56 ,11,11,"  ","  ","  ","  ",,7,６,ダ,1800,,良,0,,(栗),小栗実,1577,2.7,10,10,10,38.5,52.9,,52.67,51.7,2.1,496,-10,,(34.4),,,,,,
,231022,2京7,1,未勝利*,ドナアフロディテ,,牝,2,鮫島克駿, 55 ,11,2,"  ","  ","  ","  ",,6,７,ダ,1800,,良,0,,(栗),庄野靖志,1579,2.9,7,8,6,39.1,50.8,,52.67,51.7,1.7,454,-10,,(34.0),,,,,,
,231022,2京7,1,未勝利*,ダイシンサンディー,,牝,2,幸英明, 55 ,11,1,"  ","  ","  ","  ",,8,８,ダ,1800,,良,0,,(栗),梅田智之,1587,3.7,10,8,9,39.9,48.7,,52.67,51.7,1.7,488,+10,,(129.9),,,,,,
,231022,2京7,1,未勝利*,ベストオブキング,,牡,2,水口優也, 56 ,11,6,"  ","  ","  ","  ",,11,９,ダ,1800,,良,0,,(栗),藤沢則雄,1599,4.9,7,7,6,41.4,44.8,,52.67,51.7,1.4,476,-4,,(348.6),,,,,,
,231022,2京7,1,未勝利*,テクノハッピー,,牡,2,河原田菜,52★,11,9,"  ","  ","  ","  ",,9,10,ダ,1800,,良,0,,(栗),宮本博,1599,4.9,9,5,6,41.5,44.5,,52.67,51.7,1.3,482,+16,,(268.4),,,,,,
,231022,2京7,1,未勝利*,マッチョマン,,牡,2,松若風馬, 56 ,11,10,"  ","  ","  ","  ",,10,11,ダ,1800,,良,0,,(栗),安達昭夫,2091,14.1,6,11,11,48.7,32.5,,52.67,51.7,3.3,364,+4,,(311.6),,,,,,
,231021,2京6,12,２勝ｸﾗｽ,ステラフィオーレ,,牝,4,松山弘平, 56 ,16,15,"  ","  ","  ","  ",,4,１,ダ,1200,,良,1140,,(栗),小栗実,1110,-0.0,,1,1,36.5,44.5,*,45.97,44.5,0.0,482,+16,,920,300,370,1330,3020,7260,37280
,231021,2京6,12,２勝ｸﾗｽ,ボナンザ,,牡,3,川田将雅, 57 ,16,13,"  ","  ","  ","  ",,1,２,ダ,1200,,良,460,,(栗),庄野靖志,1110,0.0,,4,2,36.0,47.2,*,45.97,44.5,0.5,496,-2,,(2.6),150,370,1330,3020,7260,37280
,231021,2京6,12,２勝ｸﾗｽ,ミラクル,,牝,5,松若風馬, 56 ,16,4,"  ","  ","  ","  ",,8,３,ダ,1200,,良,290,,(栗),加用正,1116,0.6,,6,5,36.5,46.2,*,45.97,44.5,0.6,474,-2,,(27.1),450,,,,7260,37280
,231021,2京6,12,２勝ｸﾗｽ,フェズカズマ,,牡,4,田口貫太,56△,16,12,"  ","  ","  ","  ",,5,４,ダ,1200,,良,170,,(栗),安田隆行,1117,0.7,,9,8,36.2,48.1,*,45.97,44.5,1.0,486,+4,,(9.9),,,,,,
,231021,2京6,12,２勝ｸﾗｽ,シゲルファンノユメ,,牡,4,団野大成, 58 ,16,7,"  ","  ","  ","  ",,7,５,ダ,1200,,良,114,,(美),伊藤圭三,1120,1.0,,16,14,35.5,52.8,*,45.97,44.5,2.0,480,-6,,(20.2),,,,,,
,231021,2京6,12,２勝ｸﾗｽ,マイアミュレット,,セ,4,西村淳也, 58 ,16,14,"  ","  ","  ","  ",,6,６,ダ,1200,,良,0,,(美),天間昭一,1125,1.5,,14,15,36.1,50.8,*,45.97,44.5,1.9,478,0,,(10.5),,,,,,
,231021,2京6,12,２勝ｸﾗｽ,フォルティーナ,,牝,3,角田大河,54☆,16,10,"  ","  ","  ","  ",,14,７,ダ,1200,,良,0,,(栗),石橋守,1125,1.5,,7,5,37.2,44.9,,45.97,44.5,0.8,434,0,,(117.0),,,,,,
,231021,2京6,12,２勝ｸﾗｽ,カイタロー,,牡,4,河原田菜,54★,16,5,"  ","  ","  ","  ",,10,８,ダ,1200,,良,0,,(美),和田雄二,1127,1.7,,10,11,37.1,46.0,,45.97,44.5,1.1,470,+6,,(37.5),,,,,,
,231021,2京6,12,２勝ｸﾗｽ,ゴールドフィンガー,,牝,5,水口優也, 56 ,16,2,"  ","  ","  ","  ",,13,９,ダ,1200,,良,0,,(栗),岡田稲男,1128,1.8,,7,8,37.6,43.6,,45.97,44.5,0.7,478,0,B,(111.0),,,,,,
,231021,2京6,12,２勝ｸﾗｽ,ルアル,,牡,4,幸英明, 58 ,16,16,"  ","  ","  ","  ",,2,10,ダ,1200,,良,0,,(栗),安達昭夫,1129,1.9,,2,2,38.1,41.3,,45.97,44.5,0.3,532,-2,,(5.0),,,,,,
,231021,2京6,12,２勝ｸﾗｽ,フチサンメルチャン,,牡,6,小牧太, 58 ,16,3,"  ","  ","  ","  ",,12,11,ダ,1200,,良,0,,(栗),笹田和秀,1129,1.9,,12,10,37.2,46.0,,45.97,44.5,1.2,480,+8,,(59.8),,,,,,
,231021,2京6,12,２勝ｸﾗｽ,ワセダタンク,,牡,4,鮫島克駿, 58 ,16,11,"  ","  ","  ","  ",,9,12,ダ,1200,,良,0,,(栗),橋口慎介,1130,2.0,,10,11,37.3,45.7,,45.97,44.5,1.2,514,+4,,(27.9),,,,,,
,231021,2京6,12,２勝ｸﾗｽ,グッドフェイス,,牡,4,松本大輝,57☆,16,8,"  ","  ","  ","  ",,15,13,ダ,1200,,良,0,,(栗),松下武士,1132,2.2,,14,15,36.8,48.9,,45.97,44.5,1.9,478,-5,,(138.8),,,,,,
,231021,2京6,12,２勝ｸﾗｽ,アタカンテ,,牝,4,浜中俊, 56 ,16,9,"  ","  ","  ","  ",,16,14,ダ,1200,,良,0,,(栗),藤原英昭,1134,2.4,,12,13,37.5,45.7,,45.97,44.5,1.4,490,-4,B,(182.0),,,,,,
,231021,2京6,12,２勝ｸﾗｽ,クリーデンス,,牝,3,武豊, 55 ,16,6,"  ","  ","  ","  ",,3,15,ダ,1200,,良,0,,(栗),吉村圭司,1135,2.5,,4,5,38.6,40.4,,45.97,44.5,0.4,484,-10,,(6.1),,,,,,
,231021,2京6,12,２勝ｸﾗｽ,テキサスフィズ,,牝,4,和田竜二, 56 ,16,1,"  ","  ","  ","  ",,11,16,ダ,1200,,良,0,,(栗),西園正都,1135,2.5,,2,2,38.8,39.4,,45.97,44.5,0.2,478,+6,,(56.6),,,,,,
,231021,2京6,11,オータム,サンライズフレイム,,牡,3,藤岡康太, 56 ,13,13,"  ","  ","  ","  ",,1,１,ダ,1400,,良,2200,,(栗),石坂公一,1237,-0.3,,11,11,35.6,51.3,*,47.30,44.7,1.4,508,+2,,280,130,1670,1820,2840,3560,16030
,231021,2京6,11,オータム,カセノダンサー,,牝,4,藤岡佑介, 56 ,13,11,"  ","  ","  ","  ",,6,２,ダ,1400,,良,880,,(栗),中尾秀正,1240,0.3,,6,4,36.7,46.7,*,47.30,44.7,0.6,490,+2,,(10.3),260,1670,1820,2840,3560,16030
,231021,2京6,11,オータム,ジレトール,,牡,4,幸英明, 58 ,13,2,"  ","  ","  ","  ",,2,３,ダ,1400,,良,550,,(栗),松永幹夫,1240,0.3,,1,1,37.3,43.9,*,47.30,44.7,0.0,482,-10,,(5.4),170,,,,3560,16030
,231021,2京6,11,オータム,ケイアイロベージ,,セ,5,団野大成, 58 ,13,8,"  ","  ","  ","  ",,5,４,ダ,1400,,良,330,,(栗),野中賢二,1242,0.5,,9,7,36.7,47.1,*,47.30,44.7,0.8,490,+8,B,(8.7),,,,,,
,231021,2京6,11,オータム,サトノテンペスト,,牡,5,松山弘平, 58 ,13,3,"  ","  ","  ","  ",,7,５,ダ,1400,,良,220,,(栗),高橋亮,1244,0.7,,2,2,37.5,43.8,*,47.30,44.7,0.2,506,-6,B,(10.8),,,,,,
,231021,2京6,11,オータム,エルバリオ,,牡,4,西村淳也, 58 ,13,7,"  ","  ","  ","  ",,3,６,ダ,1400,,良,0,,(栗),高野友和,1244,0.7,,6,7,37.1,45.6,*,47.30,44.7,0.6,540,+16,B,(6.4),,,,,,
,231021,2京6,11,オータム,イフティファール,,牡,5,川田将雅, 58 ,13,6,"  ","  ","  ","  ",,4,７,ダ,1400,,良,0,,(栗),大久保龍,1245,0.8,,4,4,37.3,44.9,*,47.30,44.7,0.5,488,+8,,(6.6),,,,,,
,231021,2京6,11,オータム,メイショウダジン,,牡,6,岩田康誠, 60 ,13,4,"  ","  ","  ","  ",,9,８,ダ,1400,,良,0,,(栗),松永昌博,1246,0.9,,4,4,37.5,44.2,*,47.30,44.7,0.4,482,+2,,(35.0),,,,,,
,231021,2京6,11,オータム,リプレーザ,,牡,5,藤懸貴志, 58 ,13,5,"  ","  ","  ","  ",,10,９,ダ,1400,,良,0,,(栗),大根田裕,1246,0.9,,13,13,36.3,49.8,*,47.30,44.7,1.6,502,+8,,(35.7),,,,,,
,231021,2京6,11,オータム,メイショウミライ,,牡,8,松若風馬, 58 ,13,1,"  ","  ","  ","  ",,13,10,ダ,1400,,良,0,,(栗),西園翔太,1250,1.3,,10,10,37.3,45.9,,47.30,44.7,1.0,502,+4,,(173.4),,,,,,
,231021,2京6,11,オータム,コパノマーキュリー,,牡,6,鮫島克駿, 58 ,13,12,"  ","  ","  ","  ",,12,11,ダ,1400,,良,0,,(栗),村山明,1253,1.6,,11,12,37.2,47.0,,47.30,44.7,1.4,510,+14,B,(153.4),,,,,,
,231021,2京6,11,オータム,ミステリオーソ,,牡,6,浜中俊, 58 ,13,9,"  ","  ","  ","  ",,11,12,ダ,1400,,良,0,,(栗),武幸四郎,1254,1.7,,2,3,38.4,41.8,,47.30,44.7,0.3,496,0,,(138.3),,,,,,
,231021,2京6,11,オータム,アスコルターレ,,牡,5,和田竜二, 58 ,13,10,"  ","  ","  ","  ",,8,13,ダ,1400,,良,0,,(栗),西村真幸,1267,3.0,,8,7,39.3,40.5,,47.30,44.7,0.7,452,-8,,(33.2),,,,,,
,231021,2京6,10,鳴滝特Ｈ･2勝,ブレイヴロッカー,,牡,3,藤岡康太, 55 ,12,4,"  ","  ","  ","  ",,1,１,芝,2400,A,良,1550,,(栗),本田優,2252,-0.2,10,9,9,34.8,55.7,*,54.10,51.5,1.1,460,+6,,260,140,790,1560,2270,4710,18530
,231021,2京6,10,鳴滝特Ｈ･2勝,プレイリードリーム,,牡,7,和田竜二, 57 ,12,5,"  ","  ","  ","  ",,6,２,芝,2400,A,良,620,,(栗),安達昭夫,2254,0.2,7,7,7,35.2,54.4,*,54.10,51.5,0.9,472,0,,(16.8),340,790,1560,2270,4710,18530
,231021,2京6,10,鳴滝特Ｈ･2勝,メイショウゲキリン,,牡,4,松山弘平, 55 ,12,6,"  ","  ","  ","  ",,3,３,芝,2400,A,良,390,,(栗),笹田和秀,2256,0.4,2,3,3,35.8,52.2,*,54.10,51.5,0.5,518,0,,(7.6),280,,,,4710,18530
,231021,2京6,10,鳴滝特Ｈ･2勝,ダノンピーカブー,,牡,4,幸英明, 54 ,12,2,"  ","  ","  ","  ",,8,４,芝,2400,A,良,230,,(栗),大久保龍,2257,0.5,5,7,5,35.5,53.5,*,54.10,51.5,0.9,476,+2,,(29.7),,,,,,
,231021,2京6,10,鳴滝特Ｈ･2勝,ミタマ,,牝,3,松若風馬, 52 ,12,9,"  ","  ","  ","  ",,2,５,芝,2400,A,良,155,,(栗),上村洋行,2259,0.7,5,4,5,35.9,52.1,*,54.10,51.5,0.7,480,+2,,(2.8),,,,,,
,231021,2京6,10,鳴滝特Ｈ･2勝,レッドエンヴィー,,牡,7,田口貫太, 54 ,12,12,"  ","  ","  ","  ",,11,６,芝,2400,A,良,0,,(栗),坂口智康,2259,0.7,11,12,12,35.1,55.2,*,54.10,51.5,1.5,504,0,,(91.5),,,,,,
,231021,2京6,10,鳴滝特Ｈ･2勝,ビルボードクィーン,,牝,5,小崎綾也, 52 ,12,8,"  ","  ","  ","  ",,10,７,芝,2400,A,良,0,,(栗),小崎憲,2260,0.8,3,4,4,36.1,51.5,*,54.10,51.5,0.6,454,-2,,(50.7),,,,,,
,231021,2京6,10,鳴滝特Ｈ･2勝,ストキャスティーク,,牝,4,西村淳也, 54 ,12,10,"  ","  ","  ","  ",,5,８,芝,2400,A,良,0,,(美),大竹正博,2260,0.8,7,9,9,35.6,53.4,*,54.10,51.5,1.1,450,-6,,(12.0),,,,,,
,231021,2京6,10,鳴滝特Ｈ･2勝,スズカハービン,,牡,3,藤岡佑介, 53 ,12,1,"  ","  ","  ","  ",,7,９,芝,2400,A,良,0,,(栗),高橋義忠,2263,1.1,12,1,2,37.0,48.5,,54.10,51.5,0.0,458,-8,,(18.4),,,,,,
,231021,2京6,10,鳴滝特Ｈ･2勝,マッハモンルード,,牝,5,団野大成, 52 ,12,11,"  ","  ","  ","  ",,4,10,芝,2400,A,良,0,,(栗),斉藤崇史,2264,1.2,1,2,1,37.1,48.2,,54.10,51.5,0.0,508,+2,B,(9.0),,,,,,
,231021,2京6,10,鳴滝特Ｈ･2勝,フランコイメル,,牡,5,松田大作, 55 ,12,7,"  ","  ","  ","  ",,9,11,芝,2400,A,良,0,,(栗),武英智,2267,1.5,9,9,9,36.3,51.4,,54.10,51.5,1.1,518,-2,B,(49.6),,,,,,
,231021,2京6,10,鳴滝特Ｈ･2勝,メイショウシロガネ,,牡,5,小沢大仁, 53 ,12,3,"  ","  ","  ","  ",,12,12,芝,2400,A,良,0,,(栗),松永昌博,2289,3.7,3,4,7,38.8,44.6,,54.10,51.5,0.8,472,0,,(179.7),,,,,,
,231021,2京6,9,北國新聞･2勝,イーサンバーニング,,牡,4,武豊, 58 ,16,16,"  ","  ","  ","  ",,3,１,ダ,1900,,良,1550,,(美),中野栄治,1596,-0.5,12,6,2,38.0,49.1,*,49.00,46.9,0.6,504,+6,,550,210,770,7390,12960,36940,176210
,231021,2京6,9,北國新聞･2勝,サンライズゴラッソ,,牡,5,団野大成, 58 ,16,14,"  ","  ","  ","  ",,7,２,ダ,1900,,良,620,,(栗),河内洋,2001,0.5,6,6,4,38.6,47.4,*,49.00,46.9,0.5,516,0,B,(45.9),560,770,7390,12960,36940,176210
,231021,2京6,9,北國新聞･2勝,エクセスリターン,,牡,4,松田大作, 58 ,16,12,"  ","  ","  ","  ",,8,３,ダ,1900,,良,390,,(栗),野中賢二,2001,0.5,15,14,6,37.8,50.5,*,49.00,46.9,1.3,536,+4,B,(50.0),860,,,,36940,176210
,231021,2京6,9,北國新聞･2勝,ティルドーン,,牡,3,西村淳也, 56 ,16,6,"  ","  ","  ","  ",,4,４,ダ,1900,,良,230,,(栗),森秀行,2002,0.6,1,1,1,39.2,45.4,*,49.00,46.9,0.0,516,+8,,(8.2),,,,,,
,231021,2京6,9,北國新聞･2勝,ツウカイリアル,,牡,3,幸英明, 56 ,16,3,"  ","  ","  ","  ",,5,５,ダ,1900,,良,155,,(栗),庄野靖志,2005,0.9,11,11,9,38.5,48.3,*,49.00,46.9,1.0,500,+4,,(16.5),,,,,,
,231021,2京6,9,北國新聞･2勝,バリアントバイオ,,牡,3,松山弘平, 56 ,16,4,"  ","  ","  ","  ",,1,６,ダ,1900,,良,0,,(栗),今野貞一,2005,0.9,4,4,4,39.2,45.7,*,49.00,46.9,0.3,516,-2,,(2.6),,,,,,
,231021,2京6,9,北國新聞･2勝,イルミネーター,,牡,6,水口優也, 58 ,16,9,"  ","  ","  ","  ",,13,７,ダ,1900,,良,0,,(栗),羽月友彦,2008,1.2,12,14,12,38.6,48.3,*,49.00,46.9,1.2,476,-4,B,(177.3),,,,,,
,231021,2京6,9,北國新聞･2勝,ショウサンキズナ,,牡,4,松本大輝, 58 ,16,10,"  ","  ","  ","  ",,6,８,ダ,1900,,良,0,,(栗),松下武士,2019,2.3,8,8,9,40.0,44.5,,49.00,46.9,0.9,522,+2,,(37.1),,,,,,
,231021,2京6,9,北國新聞･2勝,ホウオウカブキ,,牡,3,川田将雅, 56 ,16,13,"  ","  ","  ","  ",,2,９,ダ,1900,,良,0,,(美),田中博康,2020,2.4,4,4,2,40.5,42.9,,49.00,46.9,0.5,470,-10,B,(2.6),,,,,,
,231021,2京6,9,北國新聞･2勝,ミキノプリンス,,牡,4,小沢大仁, 58 ,16,2,"  ","  ","  ","  ",,16,10,ダ,1900,,良,0,*,(栗),大橋勇樹,2024,2.8,8,11,14,40.3,44.0,,49.00,46.9,1.1,490,-6,,(451.3),,,,,,
,231021,2京6,9,北國新聞･2勝,オステリア,,牡,4,松若風馬, 58 ,16,8,"  ","  ","  ","  ",,12,11,ダ,1900,,良,0,,(栗),宮本博,2025,2.9,12,11,12,40.4,43.8,,49.00,46.9,1.1,500,-4,,(105.7),,,,,,
,231021,2京6,9,北國新聞･2勝,ダンツエスプリ,,牡,4,藤懸貴志, 58 ,16,1,"  ","  ","  ","  ",,14,12,ダ,1900,,良,0,,(栗),本田優,2029,3.3,16,16,14,40.2,44.9,,49.00,46.9,1.7,494,+12,B,(200.4),,,,,,
,231021,2京6,9,北國新聞･2勝,エアアネモイ,,牡,4,酒井学, 58 ,16,11,"  ","  ","  ","  ",,10,13,ダ,1900,,良,0,,(栗),池添学,2031,3.5,2,2,6,41.8,39.8,,49.00,46.9,0.3,522,+4,B,(92.4),,,,,,
,231021,2京6,9,北國新聞･2勝,ニホンピロクリフ,,牡,5,田口貫太, 58 ,16,5,"  ","  ","  ","  ",,15,14,ダ,1900,,良,0,*,(栗),大橋勇樹,2032,3.6,8,8,9,41.4,41.2,,49.00,46.9,0.8,472,0,,(419.6),,,,,,
,231021,2京6,9,北國新聞･2勝,ウインヴェルデ,,牡,4,和田竜二, 58 ,16,15,"  ","  ","  ","  ",,9,15,ダ,1900,,良,0,,(栗),加用正,2037,4.1,3,2,6,42.4,38.5,,49.00,46.9,0.3,482,-8,B,(53.4),,,,,,
,231021,2京6,9,北國新聞･2勝,ニャンチンノン,,牡,4,鮫島克駿, 58 ,16,7,"  ","  ","  ","  ",,11,16,ダ,1900,,良,0,,(栗),中竹和也,2045,4.9,6,8,14,42.7,38.4,,49.00,46.9,0.8,474,+14,,(102.0),,,,,,
,231021,2京6,8,１勝ｸﾗｽ,ロードトラスト,,牡,3,川田将雅, 56 ,8,1,"  ","  ","  ","  ",,1,１,ダ,1800,,良,800,,(栗),長谷川浩,1542,-0.4,1,1,1,37.4,52.7,*,52.20,52.7,0.0,490,0,B,190,110,,290,450,320,1100
,231021,2京6,8,１勝ｸﾗｽ,リュクスドレフォン,,牡,3,藤懸貴志, 56 ,8,6,"  ","  ","  ","  ",,2,２,ダ,1800,,良,320,,(栗),平田修,1546,0.4,2,2,2,37.7,52.0,*,52.20,52.7,0.1,512,0,,(3.6),110,,290,450,320,1100
,231021,2京6,8,１勝ｸﾗｽ,レッツゴーローズ,,牝,3,田口貫太,52△,8,8,"  ","  ","  ","  ",,3,３,ダ,1800,,良,200,,(栗),大橋勇樹,1548,0.6,2,2,3,37.8,51.9,*,52.20,52.7,0.2,498,+26,,(3.6),140,,,,320,1100
,231021,2京6,8,１勝ｸﾗｽ,サーティファイド,,牡,4,幸英明, 58 ,8,2,"  ","  ","  ","  ",,4,４,ダ,1800,,良,120,,(栗),鮫島一歩,1551,0.9,7,7,7,37.6,53.1,*,52.20,52.7,0.7,476,0,,(11.9),,,,,,
,231021,2京6,8,１勝ｸﾗｽ,シュピカ,,牝,5,酒井学, 56 ,8,3,"  ","  ","  ","  ",,6,５,ダ,1800,,良,80,,(栗),千田輝彦,1551,0.9,4,5,4,37.9,51.8,*,52.20,52.7,0.4,504,+14,,(25.4),,,,,,
,231021,2京6,8,１勝ｸﾗｽ,エミサソウツバサ,,牡,4,川又賢治, 58 ,8,7,"  ","  ","  ","  ",,8,６,ダ,1800,,良,0,*,(栗),杉山佳明,1558,1.6,5,5,4,38.5,50.4,,52.20,52.7,0.5,506,+12,,(97.6),,,,,,
,231021,2京6,8,１勝ｸﾗｽ,ビナホイアン,,牡,4,鮫島克駿, 58 ,8,5,"  ","  ","  ","  ",,7,７,ダ,1800,,良,0,*,(栗),杉山佳明,1565,2.3,7,7,7,38.9,49.7,,52.20,52.7,0.8,458,-3,,(62.7),,,,,,
,231021,2京6,8,１勝ｸﾗｽ,シゲルスナイパー,,牡,3,河原田菜,52★,8,4,"  ","  ","  ","  ",,5,８,ダ,1800,,良,0,,(栗),谷潔,1569,2.7,6,4,4,39.7,47.2,,52.20,52.7,0.4,492,-22,,(19.8),,,,,,
,231021,2京6,7,１勝ｸﾗｽ,ハギノアルデバラン,,牡,3,川田将雅, 56 ,7,7,"  ","  ","  ","  ",,1,１,芝,2000,A,良,800,,(栗),鮫島一歩,2008,-0.1,3,3,3,35.1,54.6,*,52.77,51.8,0.7,498,+4,,210,160,,5840,6400,10310,46270
,231021,2京6,7,１勝ｸﾗｽ,ハイランドリンクス,,牝,3,藤岡佑介, 54 ,7,5,"  ","  ","  ","  ",,7,２,芝,2000,A,良,320,,(栗),奥村豊,2009,0.1,1,1,1,35.9,51.5,*,52.77,51.8,0.0,466,+8,,(73.5),1490,,5840,6400,10310,46270
,231021,2京6,7,１勝ｸﾗｽ,トラストエムシー,,牡,3,藤岡康太, 56 ,7,3,"  ","  ","  ","  ",,5,３,芝,2000,A,良,200,,(栗),北出成人,2015,0.7,2,2,2,35.9,52.2,*,52.77,51.8,0.6,434,-2,,(15.9),,,,,10310,46270
,231021,2京6,7,１勝ｸﾗｽ,チュウワダンス,,牝,4,松山弘平, 56 ,7,1,"  ","  ","  ","  ",,2,４,芝,2000,A,良,120,,(栗),大久保龍,2016,0.8,6,4,5,35.6,53.5,*,52.77,51.8,1.0,462,+12,,(2.3),,,,,,
,231021,2京6,7,１勝ｸﾗｽ,ルクスビッグスター,,牡,3,鮫島克駿, 56 ,7,2,"  ","  ","  ","  ",,3,５,芝,2000,A,良,80,,(栗),清水久詞,2017,0.9,4,4,4,35.8,52.8,*,52.77,51.8,0.9,476,0,,(7.3),,,,,,
,231021,2京6,7,１勝ｸﾗｽ,モズバンディット,,牡,3,幸英明, 56 ,7,4,"  ","  ","  ","  ",,6,６,芝,2000,A,良,0,,(栗),中尾秀正,2022,1.4,4,4,6,36.1,52.2,,52.77,51.8,1.1,456,+6,,(21.4),,,,,,
,231021,2京6,7,１勝ｸﾗｽ,サンライズタイソン,,牡,3,藤懸貴志, 56 ,7,6,"  ","  ","  ","  ",,4,７,芝,2000,A,良,0,,(栗),平田修,2027,1.9,7,7,6,36.3,52.0,,52.77,51.8,1.4,416,-6,,(9.1),,,,,,
,231021,2京6,6,１勝ｸﾗｽ,アイファーシアトル,,牝,3,藤懸貴志, 55 ,14,9,"  ","  ","  ","  ",,2,１,ダ,1200,,良,800,,(栗),鮫島一歩,1124,-0.1,,1,1,37.3,44.1,*,47.23,44.1,0.0,472,0,,490,220,3350,4370,7480,14360,67610
,231021,2京6,6,１勝ｸﾗｽ,バトゥーキ,,牡,3,水口優也, 57 ,14,2,"  ","  ","  ","  ",,6,２,ダ,1200,,良,320,*,(栗),浜田多実,1125,0.1,,8,8,36.1,50.8,*,47.23,44.1,1.3,478,-6,,(13.0),320,3350,4370,7480,14360,67610
,231021,2京6,6,１勝ｸﾗｽ,テーオートルネード,,牡,4,河原田菜,54★,14,14,"  ","  ","  ","  ",,5,３,ダ,1200,,良,200,,(栗),岡田稲男,1130,0.6,,6,6,37.1,46.8,*,47.23,44.1,0.8,476,-2,,(10.2),290,,,,14360,67610
,231021,2京6,6,１勝ｸﾗｽ,ナムラジョシュア,,牡,3,長岡禎仁, 57 ,14,3,"  ","  ","  ","  ",,10,４,ダ,1200,,良,120,,(栗),羽月友彦,1130,0.6,,7,7,37.0,47.3,*,47.23,44.1,0.9,470,-18,,(39.7),,,,,,
,231021,2京6,6,１勝ｸﾗｽ,タイセイアーメット,,牡,5,団野大成, 58 ,14,1,"  ","  ","  ","  ",,14,５,ダ,1200,,良,80,*,(栗),浜田多実,1132,0.8,,11,10,36.5,50.5,*,47.23,44.1,1.6,480,0,,(169.9),,,,,,
,231021,2京6,6,１勝ｸﾗｽ,レゾルシオン,,牡,3,武豊, 57 ,14,10,"  ","  ","  ","  ",,7,６,ダ,1200,,良,0,,(栗),鈴木孝志,1134,1.0,,11,13,36.6,50.5,*,47.23,44.1,1.7,468,0,,(13.5),,,,,,
,231021,2京6,6,１勝ｸﾗｽ,マヴォロンテ,,牝,3,幸英明, 55 ,14,11,"  ","  ","  ","  ",,1,７,ダ,1200,,良,0,,(栗),松永幹夫,1135,1.1,,2,2,38.2,42.4,,47.23,44.1,0.2,470,+2,,(3.8),,,,,,
,231021,2京6,6,１勝ｸﾗｽ,ノイアーターク,,セ,3,岩田康誠, 57 ,14,12,"  ","  ","  ","  ",,11,８,ダ,1200,,良,0,,(栗),安田隆行,1135,1.1,,11,11,36.8,49.7,*,47.23,44.1,1.6,450,0,,(39.7),,,,,,
,231021,2京6,6,１勝ｸﾗｽ,スナークシュンソウ,,牡,5,藤岡康太, 58 ,14,4,"  ","  ","  ","  ",,3,９,ダ,1200,,良,0,,(栗),野中賢二,1136,1.2,,14,13,36.5,51.6,*,47.23,44.1,2.0,524,-2,B,(4.9),,,,,,
,231021,2京6,6,１勝ｸﾗｽ,ルクスレガート,,牝,4,田口貫太,54△,14,8,"  ","  ","  ","  ",,9,10,ダ,1200,,良,0,,(栗),松永昌博,1136,1.2,,2,2,38.4,41.7,,47.23,44.1,0.1,446,0,,(23.0),,,,,,
,231021,2京6,6,１勝ｸﾗｽ,サクハル,,牡,4,和田竜二, 58 ,14,7,"  ","  ","  ","  ",,12,11,ダ,1200,,良,0,,(栗),今野貞一,1137,1.3,,8,8,37.3,47.6,,47.23,44.1,1.3,494,0,,(54.8),,,,,,
,231021,2京6,6,１勝ｸﾗｽ,フェリ,,牝,3,田中健, 55 ,14,13,"  ","  ","  ","  ",,8,12,ダ,1200,,良,0,,(栗),佐々木晶,1137,1.3,,5,5,38.0,43.9,,47.23,44.1,0.6,486,-4,B,(20.0),,,,,,
,231021,2京6,6,１勝ｸﾗｽ,ペプチドハドソン,,牡,3,松田大作, 57 ,14,5,"  ","  ","  ","  ",,4,13,ダ,1200,,良,0,,(栗),武英智,1139,1.5,,2,4,38.6,41.5,,47.23,44.1,0.2,488,+6,B,(6.0),,,,,,
,231021,2京6,6,１勝ｸﾗｽ,マーラー,,セ,4,松若風馬, 58 ,14,6,"  ","  ","  ","  ",,13,14,ダ,1200,,良,0,,(栗),安達昭夫,1148,2.4,,10,11,38.2,45.8,,47.23,44.1,1.5,420,-16,,(152.5),,,,,,
,231021,2京6,5,新馬,ブルーアイドガール,,牝,2,松山弘平, 55 ,14,9,"  ","  ","  ","  ",,2,１,芝,1600,A,良,720,,(栗),吉岡辰弥,1364,-0.2,,8,8,34.9,55.7,*,54.53,52.9,0.6,430,,,320,140,500,540,1100,8810,32830
,231021,2京6,5,新馬,オフトレイル,,牡,2,武豊, 56 ,14,5,"  ","  ","  ","  ",,1,２,芝,1600,A,良,290,,(栗),吉村圭司,1366,0.2,,10,10,34.9,56.1,*,54.53,52.9,0.8,430,,,(3.1),150,500,540,1100,8810,32830
,231021,2京6,5,新馬,スターアドミラル,,牡,2,西村淳也, 56 ,14,11,"  ","  ","  ","  ",,9,３,芝,1600,A,良,180,,(栗),池添学,1368,0.4,,1,1,35.9,51.8,*,54.53,52.9,0.0,486,,,(60.5),680,,,,8810,32830
,231021,2京6,5,新馬,ヘニーズネフュー,,牡,2,鮫島克駿, 56 ,14,13,"  ","  ","  ","  ",,6,４,芝,1600,A,良,110,,(栗),橋口慎介,1370,0.6,,2,2,36.0,51.7,*,54.53,52.9,0.1,460,,,(13.9),,,,,,
,231021,2京6,5,新馬,スウィートリワード,,牝,2,浜中俊, 55 ,14,1,"  ","  ","  ","  ",,3,５,芝,1600,A,良,72,,(栗),宮本博,1370,0.6,,8,5,35.6,53.5,*,54.53,52.9,0.5,446,,,(6.5),,,,,,
,231021,2京6,5,新馬,ナムラレイ,,牡,2,団野大成, 56 ,14,14,"  ","  ","  ","  ",,4,６,芝,1600,A,良,0,,(栗),荒川義之,1372,0.8,,2,3,36.1,51.6,*,54.53,52.9,0.2,460,,,(7.4),,,,,,
,231021,2京6,5,新馬,ロードトレイル,,牡,2,田口貫太,54△,14,3,"  ","  ","  ","  ",,5,７,芝,1600,A,良,0,,(栗),藤岡健一,1376,1.2,,6,5,36.3,51.3,,54.53,52.9,0.4,474,,,(12.2),,,,,,
,231021,2京6,5,新馬,プルーフリーダー,,牡,2,小沢大仁,55☆,14,12,"  ","  ","  ","  ",,13,８,芝,1600,A,良,0,,(栗),松永昌博,1376,1.2,,4,5,36.3,51.3,,54.53,52.9,0.4,472,,,(145.1),,,,,,
,231021,2京6,5,新馬,メイショウニコニコ,,牝,2,酒井学, 55 ,14,8,"  ","  ","  ","  ",,7,９,芝,1600,A,良,0,,(栗),高橋亮,1377,1.3,,4,3,36.5,50.6,,54.53,52.9,0.3,450,,,(23.5),,,,,,
,231021,2京6,5,新馬,ルクスチェリー,,牝,2,角田大河,54☆,14,4,"  ","  ","  ","  ",,11,10,芝,1600,A,良,0,,(栗),石橋守,1378,1.4,,10,10,36.2,52.1,,54.53,52.9,0.7,480,,,(89.8),,,,,,
,231021,2京6,5,新馬,モズトップガン,,牡,2,河原田菜,52★,14,7,"  ","  ","  ","  ",,12,11,芝,1600,A,良,0,,(栗),平田修,1378,1.4,,13,12,35.8,53.9,*,54.53,52.9,1.1,454,,,(132.6),,,,,,
,231021,2京6,5,新馬,ヒロイックロイ,,牡,2,和田竜二, 56 ,14,2,"  ","  ","  ","  ",,10,12,芝,1600,A,良,0,,(栗),鈴木孝志,1379,1.5,,6,8,36.5,50.9,,54.53,52.9,0.5,464,,,(84.0),,,,,,
,231021,2京6,5,新馬,ベリーク,,牡,2,藤岡康太, 56 ,14,6,"  ","  ","  ","  ",,8,13,芝,1600,A,良,0,,(栗),西村真幸,1379,1.5,,12,13,35.8,54.1,*,54.53,52.9,1.2,470,,,(33.6),,,,,,
,231021,2京6,5,新馬,ハクサンツキミテイ,,牡,2,小崎綾也, 56 ,14,10,"  ","  ","  ","  ",,14,14,芝,1600,A,良,0,,(栗),小崎憲,1381,1.7,,14,14,35.8,54.4,*,54.53,52.9,1.4,456,,,(195.1),,,,,,
,231021,2京6,4,新馬・牝,ケーブパール,,牝,2,藤岡康太, 55 ,18,5,"  ","  ","  ","  ",,4,１,芝,1400,A,良,720,,(栗),友道康夫,1223,-0.1,,12,11,34.0,56.5,*,50.63,47.4,1.8,430,,,630,200,4960,19840,26610,15920,143870
,231021,2京6,4,新馬・牝,ナムラローズマリー,,牝,2,松若風馬, 55 ,18,14,"  ","  ","  ","  ",,13,２,芝,1400,A,良,290,,(栗),羽月友彦,1224,0.1,,1,1,35.9,47.1,*,50.63,47.4,0.0,448,,,(81.0),1440,4960,19840,26610,15920,143870
,231021,2京6,4,新馬・牝,サロニコス,,牝,2,西村淳也, 55 ,18,8,"  ","  ","  ","  ",,1,３,芝,1400,A,良,180,,(栗),松下武士,1225,0.2,,3,3,35.7,48.3,*,50.63,47.4,0.3,450,,,(3.2),170,,,,15920,143870
,231021,2京6,4,新馬・牝,シャーリーゴールド,,牝,2,川田将雅, 55 ,18,18,"  ","  ","  ","  ",,3,４,芝,1400,A,良,110,*,(栗),須貝尚介,1230,0.7,,2,2,36.4,46.0,*,50.63,47.4,0.1,452,,,(5.9),,,,,,
,231021,2京6,4,新馬・牝,ドントレットゴー,,牝,2,岩田康誠, 55 ,18,17,"  ","  ","  ","  ",,10,５,芝,1400,A,良,72,,(栗),上村洋行,1231,0.8,,7,7,35.6,50.1,*,50.63,47.4,1.0,450,,,(68.2),,,,,,
,231021,2京6,4,新馬・牝,ジョウショーブーケ,,牝,2,松本大輝,54☆,18,16,"  ","  ","  ","  ",,9,６,芝,1400,A,良,0,,(栗),新谷功一,1232,0.9,,7,8,35.5,50.8,*,50.63,47.4,1.2,434,,,(44.6),,,,,,
,231021,2京6,4,新馬・牝,ルフトクス,,牝,2,松山弘平, 55 ,18,1,"  ","  ","  ","  ",,2,７,芝,1400,A,良,0,,(栗),杉山晴紀,1233,1.0,,5,5,36.3,47.1,*,50.63,47.4,0.5,454,,,(5.8),,,,,,
,231021,2京6,4,新馬・牝,リュクスブリランテ,,牝,2,川島信二, 55 ,18,12,"  ","  ","  ","  ",,18,８,芝,1400,A,良,0,,(栗),庄野靖志,1237,1.4,,9,9,35.8,50.3,,50.63,47.4,1.4,422,,,(197.2),,,,,,
,231021,2京6,4,新馬・牝,ムーンセット,,牝,2,和田竜二, 55 ,18,6,"  ","  ","  ","  ",,17,９,芝,1400,A,良,0,,(栗),小栗実,1237,1.4,,17,14,34.9,54.9,*,50.63,47.4,2.3,442,,,(161.2),,,,,,
,231021,2京6,4,新馬・牝,ラインレインボー,,牝,2,小沢大仁,54☆,18,11,"  ","  ","  ","  ",,15,10,芝,1400,A,良,0,,(栗),松永昌博,1237,1.4,,11,10,35.5,51.8,*,50.63,47.4,1.7,498,,,(107.4),,,,,,
,231021,2京6,4,新馬・牝,トウカイレイナ,,牝,2,河原田菜,51★,18,4,"  ","  ","  ","  ",,11,11,芝,1400,A,良,0,,(栗),長谷川浩,1237,1.4,,14,13,35.2,53.3,*,50.63,47.4,2.0,492,,,(75.1),,,,,,
,231021,2京6,4,新馬・牝,ラムテリオス,,牝,2,田口貫太,53△,18,9,"  ","  ","  ","  ",,7,12,芝,1400,A,良,0,,(栗),吉村圭司,1239,1.6,,3,3,37.1,44.6,,50.63,47.4,0.3,444,,,(24.9),,,,,,
,231021,2京6,4,新馬・牝,ホウオウペトリュス,,牝,2,団野大成, 55 ,18,7,"  ","  ","  ","  ",,6,13,芝,1400,A,良,0,*,(栗),須貝尚介,1239,1.6,,14,16,35.2,53.8,*,50.63,47.4,2.2,430,,,(15.1),,,,,,
,231021,2京6,4,新馬・牝,モモンウールー,,牝,2,幸英明, 55 ,18,15,"  ","  ","  ","  ",,12,14,芝,1400,A,良,0,,(栗),池添学,1246,2.3,,9,11,36.6,48.4,,50.63,47.4,1.5,466,,,(78.8),,,,,,
,231021,2京6,4,新馬・牝,エンジェルスノー,,牝,2,酒井学, 55 ,18,13,"  ","  ","  ","  ",,16,15,芝,1400,A,良,0,,(栗),岡田稲男,1249,2.6,,5,6,37.7,43.9,,50.63,47.4,0.7,462,,,(134.4),,,,,,
,231021,2京6,4,新馬・牝,ルージュセレスト,,牝,2,鮫島克駿, 55 ,18,10,"  ","  ","  ","  ",,8,16,芝,1400,A,良,0,,(栗),池江泰寿,1252,2.9,,18,18,35.8,53.5,,50.63,47.4,2.9,484,,,(35.9),,,,,,
,231021,2京6,4,新馬・牝,ウタ,,牝,2,角田大河,54☆,18,2,"  ","  ","  ","  ",,14,17,芝,1400,A,良,0,,(栗),小崎憲,1252,2.9,,14,14,36.7,49.1,,50.63,47.4,2.0,410,,,(88.8),,,,,,
,231021,2京6,4,新馬・牝,ストレイトアスク,,牝,2,藤岡佑介, 55 ,18,3,"  ","  ","  ","  ",,5,18,芝,1400,A,良,0,,(栗),藤原英昭,1265,4.2,,12,16,37.9,46.2,,50.63,47.4,2.1,438,,,(7.0),,,,,,
,231021,2京6,3,新馬,キャストロペペ,,牡,2,国分優作, 56 ,16,16,"  ","  ","  ","  ",,9,１,ダ,1800,,良,720,*,(栗),四位洋文,1558,-0.9,3,1,1,40.1,44.4,*,45.67,44.4,0.0,470,,,3070,620,3830,8840,18270,60300,324000
,231021,2京6,3,新馬,ケイアイエルナト,,牡,2,松山弘平, 56 ,16,8,"  ","  ","  ","  ",,2,２,ダ,1800,,良,290,,(栗),村山明,1567,0.9,2,4,3,40.0,45.9,*,45.67,44.4,1.0,486,,,(5.6),240,3830,8840,18270,60300,324000
,231021,2京6,3,新馬,イズジョーノヒカリ,,牝,2,団野大成, 55 ,16,2,"  ","  ","  ","  ",,6,３,ダ,1800,,良,180,,(栗),中尾秀正,1568,1.0,3,5,4,39.8,46.7,*,45.67,44.4,1.3,476,,,(21.6),550,,,,60300,324000
,231021,2京6,3,新馬,コトホドサヨウニ,,牡,2,城戸義政, 56 ,16,14,"  ","  ","  ","  ",,10,４,ダ,1800,,良,110,,(栗),奥村豊,1571,1.3,8,2,2,41.3,41.8,*,45.67,44.4,0.1,496,,,(50.6),,,,,,
,231021,2京6,3,新馬,アイファーキャップ,,牡,2,松若風馬, 56 ,16,11,"  ","  ","  ","  ",,11,５,ダ,1800,,良,72,,(栗),鮫島一歩,1575,1.7,10,9,6,40.1,46.5,*,45.67,44.4,1.7,454,,,(56.8),,,,,,
,231021,2京6,3,新馬,ハッピーマインド,,牡,2,和田竜二, 56 ,16,6,"  ","  ","  ","  ",,5,６,ダ,1800,,良,0,,(栗),飯田雄三,1576,1.8,7,8,6,40.2,46.3,,45.67,44.4,1.7,510,,,(10.4),,,,,,
,231021,2京6,3,新馬,ピエナオルフェ,,牡,2,川島信二, 56 ,16,4,"  ","  ","  ","  ",,15,７,ダ,1800,,良,0,,(栗),荒川義之,1579,2.1,12,9,10,40.5,45.6,,45.67,44.4,1.7,436,,,(207.4),,,,,,
,231021,2京6,3,新馬,メイショウアンゾフ,,牡,2,藤岡佑介, 56 ,16,9,"  ","  ","  ","  ",,4,８,ダ,1800,,良,0,*,(栗),四位洋文,1586,2.8,13,9,6,41.1,44.3,,45.67,44.4,1.8,456,,,(9.7),,,,,,
,231021,2京6,3,新馬,クレスコウェイ,,牡,2,藤懸貴志, 56 ,16,13,"  ","  ","  ","  ",,14,９,ダ,1800,,良,0,,(栗),羽月友彦,1586,2.8,15,15,13,40.1,47.9,*,45.67,44.4,2.8,500,,,(108.4),,,,,,
,231021,2京6,3,新馬,イルミリオーネ,,牡,2,幸英明, 56 ,16,1,"  ","  ","  ","  ",,13,10,ダ,1800,,良,0,,(栗),谷潔,1591,3.3,14,13,12,41.1,44.9,,45.67,44.4,2.3,494,,,(79.7),,,,,,
,231021,2京6,3,新馬,セレシュ,,牝,2,藤岡康太, 55 ,16,15,"  ","  ","  ","  ",,12,11,ダ,1800,,良,0,,(栗),西村真幸,2003,4.5,9,6,9,43.2,39.2,,45.67,44.4,1.4,448,,,(66.7),,,,,,
,231021,2京6,3,新馬,ピースウォリアー,,牡,2,武豊, 56 ,16,12,"  ","  ","  ","  ",,3,12,ダ,1800,,良,0,,(栗),北出成人,2010,5.2,10,13,15,42.7,41.7,,45.67,44.4,2.6,478,,,(7.6),,,,,,
,231021,2京6,3,新馬,メードス,,牡,2,西村淳也, 56 ,16,10,"  ","  ","  ","  ",,1,13,ダ,1800,,良,0,,(栗),上村洋行,2012,5.4,5,6,11,43.8,38.4,,45.67,44.4,1.7,494,,,(2.2),,,,,,
,231021,2京6,3,新馬,ナリタマフディー,,牝,2,酒井学, 55 ,16,3,"  ","  ","  ","  ",,8,14,ダ,1800,,良,0,,(栗),高橋亮,2015,5.7,5,12,14,43.4,40.0,,45.67,44.4,2.4,482,,,(27.9),,,,,,
,231021,2京6,3,新馬,ワンダーヒヨリ,,牝,2,鮫島克駿, 55 ,16,7,"  ","  ","  ","  ",,7,15,ダ,1800,,良,0,,(栗),高柳大輔,2021,6.3,1,3,5,45.7,33.6,,45.67,44.4,0.7,476,,,(25.9),,,,,,
,231021,2京6,2,未勝利*,インザモーメント,,牡,2,鮫島克駿, 56 ,9,8,"  ","  ","  ","  ",,2,１,芝,1800,A,良,550,,(栗),田中克典,1484,-0.1,,4,5,35.1,54.4,*,53.90,52.2,0.5,480,+4,,310,110,430,470,870,500,2390
,231021,2京6,2,未勝利*,ボイラーメーカー,,牡,2,川田将雅, 56 ,9,1,"  ","  ","  ","  ",,1,２,芝,1800,A,良,220,,(栗),新谷功一,1485,0.1,,4,3,35.4,53.2,*,53.90,52.2,0.3,508,+6,,(2.9),110,430,470,870,500,2390
,231021,2京6,2,未勝利*,エコテーラー,,牝,2,角田大河,54☆,9,5,"  ","  ","  ","  ",,4,３,芝,1800,A,良,140,,(栗),石橋守,1488,0.4,,8,8,35.3,54.1,*,53.90,52.2,0.7,502,+4,,(4.7),120,,,,500,2390
,231021,2京6,2,未勝利*,タガノディオーサ,,牝,2,浜中俊, 55 ,9,2,"  ","  ","  ","  ",,6,４,芝,1800,A,良,83,,(栗),長谷川浩,1491,0.7,,4,6,35.8,52.4,*,53.90,52.2,0.5,444,-2,,(26.2),,,,,,
,231021,2京6,2,未勝利*,エスカルチャ,,牡,2,幸英明, 56 ,9,9,"  ","  ","  ","  ",,7,５,芝,1800,A,良,55,,(栗),岡田稲男,1495,1.1,,9,8,35.9,52.5,,53.90,52.2,0.8,516,+10,,(133.4),,,,,,
,231021,2京6,2,未勝利*,アンモード,,牡,2,松山弘平, 56 ,9,7,"  ","  ","  ","  ",,3,６,芝,1800,A,良,0,,(栗),西村真幸,1498,1.4,,3,3,36.8,49.2,,53.90,52.2,0.2,484,-4,,(4.4),,,,,,
,231021,2京6,2,未勝利*,ロカブルン,,牝,2,藤岡康太, 55 ,9,4,"  ","  ","  ","  ",,5,７,芝,1800,A,良,0,,(栗),吉田直弘,1500,1.6,,1,1,37.2,47.8,,53.90,52.2,0.0,456,+8,,(18.3),,,,,,
,231021,2京6,2,未勝利*,エレガントフルール,,牝,2,水口優也, 55 ,9,3,"  ","  ","  ","  ",,9,８,芝,1800,A,良,0,,(栗),羽月友彦,1502,1.8,,7,6,36.8,49.7,,53.90,52.2,0.6,444,+2,,(301.0),,,,,,
,231021,2京6,2,未勝利*,メイショウミシガン,,牡,2,松若風馬, 56 ,9,6,"  ","  ","  ","  ",,8,９,芝,1800,A,良,0,,(栗),鮫島一歩,1506,2.2,,2,2,37.7,46.7,,53.90,52.2,0.1,450,-2,,(140.9),,,,,,
,231021,2京6,1,未勝利*,タイキヴァンクール,,牡,2,浜中俊, 56 ,11,10,"  ","  ","  ","  ",,1,１,芝,1400,A,良,550,,(栗),中尾秀正,1227,-0.2,,4,4,34.9,52.7,*,52.43,50.7,0.4,510,-2,,240,110,280,530,900,2660,8080
,231021,2京6,1,未勝利*,コーティアスマナー,,牝,2,鮫島克駿, 55 ,11,4,"  ","  ","  ","  ",,3,２,芝,1400,A,良,220,,(栗),高橋義忠,1229,0.2,,4,4,35.2,51.6,*,52.43,50.7,0.3,438,+4,,(4.8),170,280,530,900,2660,8080
,231021,2京6,1,未勝利*,ナムライリス,,牝,2,角田大河,54☆,11,3,"  ","  ","  ","  ",,7,３,芝,1400,A,良,140,,(栗),中竹和也,1233,0.6,,10,9,35.1,53.0,*,52.43,50.7,0.8,438,+8,,(26.4),350,,,,2660,8080
,231021,2京6,1,未勝利*,レディーズナイト,,牝,2,藤岡康太, 55 ,11,1,"  ","  ","  ","  ",,6,４,芝,1400,A,良,83,,(栗),鮫島一歩,1233,0.6,,7,6,35.3,52.0,*,52.43,50.7,0.6,460,+4,,(24.5),,,,,,
,231021,2京6,1,未勝利*,シャドフ,,牝,2,川田将雅, 55 ,11,11,"  ","  ","  ","  ",,2,５,芝,1400,A,良,55,,(栗),庄野靖志,1234,0.7,,2,2,35.8,49.7,*,52.43,50.7,0.2,442,0,,(3.0),,,,,,
,231021,2京6,1,未勝利*,ルクスリーベン,,牝,2,小沢大仁,54☆,11,2,"  ","  ","  ","  ",,8,６,芝,1400,A,良,0,,(栗),松永昌博,1239,1.2,,1,1,36.5,47.4,,52.43,50.7,0.0,450,-2,,(91.9),,,,,,
,231021,2京6,1,未勝利*,アリストロシュ,,牝,2,田口貫太,53△,11,6,"  ","  ","  ","  ",,4,７,芝,1400,A,良,0,,(栗),佐々木晶,1242,1.5,,9,8,36.1,49.9,,52.43,50.7,0.7,438,+10,,(12.0),,,,,,
,231021,2京6,1,未勝利*,シカンスイヨウ,,牝,2,河原田菜,51★,11,7,"  ","  ","  ","  ",,11,８,芝,1400,A,良,0,,(栗),坂口智康,1242,1.5,,7,9,36.2,49.4,,52.43,50.7,0.6,456,+2,,(385.7),,,,,,
,231021,2京6,1,未勝利*,クリノローレライ,,牝,2,団野大成, 55 ,11,8,"  ","  ","  ","  ",,9,９,芝,1400,A,良,0,,(栗),長谷川浩,1247,2.0,,4,6,36.9,47.2,,52.43,50.7,0.4,420,-8,,(291.0),,,,,,
,231021,2京6,1,未勝利*,アオイエクラタン,,牝,2,酒井学, 55 ,11,5,"  ","  ","  ","  ",,10,10,芝,1400,A,良,0,,(栗),高橋康之,1248,2.1,,11,11,36.3,50.2,,52.43,50.7,1.1,406,+2,,(334.4),,,,,,
,231021,2京6,1,未勝利*,ドナミント,,牝,2,西村淳也, 55 ,11,9,"  ","  ","  ","  ",,5,11,芝,1400,A,良,0,,(栗),小栗実,1249,2.2,,2,2,37.4,45.3,,52.43,50.7,0.1,458,+4,,(12.4),,,,,,
,231015,2京5,12,花背ＳＨ･3勝,テーオーリカード,,牡,3,岩田望来, 55 ,14,3,"  ","  ","  ","  ",,1,１,ダ,1800,,重,1840,,(栗),高柳大輔,1509,-1.3,1,1,1,37.4,48.3,*,47.57,48.3,0.0,488,+2,B,260,150,730,2550,3230,6390,22650
,231015,2京5,12,花背ＳＨ･3勝,ロッキーサンダー,,牡,6,西村淳也, 55 ,14,6,"  ","  ","  ","  ",,7,２,ダ,1800,,重,740,,(栗),石橋守,1522,1.3,13,10,8,37.6,49.2,*,47.57,48.3,1.1,482,+2,B,(18.9),350,730,2550,3230,6390,22650
,231015,2京5,12,花背ＳＨ･3勝,ラズルダズル,,牡,6,幸英明, 55 ,14,5,"  ","  ","  ","  ",,3,３,ダ,1800,,重,460,,(栗),茶木太樹,1524,1.5,2,2,2,38.7,45.2,*,47.57,48.3,0.2,472,+4,B,(6.8),190,,,,6390,22650
,231015,2京5,12,花背ＳＨ･3勝,クロニクル,,牡,4,松山弘平, 57 ,14,1,"  ","  ","  ","  ",,4,４,ダ,1800,,重,280,,(栗),田中克典,1528,1.9,3,3,3,38.9,45.0,*,47.57,48.3,0.4,518,-4,,(7.1),,,,,,
,231015,2京5,12,花背ＳＨ･3勝,ムエックス,,牡,5,国分優作, 54 ,14,7,"  ","  ","  ","  ",,11,５,ダ,1800,,重,184,,(栗),大根田裕,1530,2.1,8,7,5,38.7,46.0,*,47.57,48.3,0.8,508,+4,,(69.8),,,,,,
,231015,2京5,12,花背ＳＨ･3勝,ダッチマン,,セ,6,国分恭介, 54 ,14,4,"  ","  ","  ","  ",,10,６,ダ,1800,,重,0,,(栗),音無秀孝,1536,2.7,7,7,8,39.2,44.9,,47.57,48.3,0.9,468,+6,B,(60.5),,,,,,
,231015,2京5,12,花背ＳＨ･3勝,イイネイイネイイネ,,牡,4,松若風馬, 52 ,14,11,"  ","  ","  ","  ",,13,７,ダ,1800,,重,0,,(栗),小崎憲,1537,2.8,5,5,4,39.6,43.6,,47.57,48.3,0.6,450,0,B,(157.5),,,,,,
,231015,2京5,12,花背ＳＨ･3勝,コパノニコルソン,,牡,4,藤岡康太, 57 ,14,13,"  ","  ","  ","  ",,2,８,ダ,1800,,重,0,,(栗),宮徹,1538,2.9,8,7,8,39.2,45.2,,47.57,48.3,1.1,530,0,,(4.3),,,,,,
,231015,2京5,12,花背ＳＨ･3勝,ヴェノム,,牡,5,酒井学, 52 ,14,9,"  ","  ","  ","  ",,14,９,ダ,1800,,重,0,,(美),天間昭一,1546,3.7,14,14,13,39.5,45.1,,47.57,48.3,1.6,540,-8,,(160.7),,,,,,
,231015,2京5,12,花背ＳＨ･3勝,モズマゾク,,牡,5,Ｍ．デム, 55 ,14,2,"  ","  ","  ","  ",,8,10,ダ,1800,,重,0,,(栗),杉山佳明,1546,3.7,11,10,8,40.0,43.2,,47.57,48.3,1.1,502,+6,B,(29.1),,,,,,
,231015,2京5,12,花背ＳＨ･3勝,エメヴィベール,,牡,4,坂井瑠星, 55 ,14,12,"  ","  ","  ","  ",,5,11,ダ,1800,,重,0,,(栗),吉岡辰弥,1546,3.7,5,5,7,40.3,42.2,,47.57,48.3,0.8,574,+6,,(7.8),,,,,,
,231015,2京5,12,花背ＳＨ･3勝,ヒミノフラッシュ,,牡,5,和田竜二, 57 ,14,10,"  ","  ","  ","  ",,6,12,ダ,1800,,重,0,,(栗),川村禎彦,1548,3.9,11,12,12,40.0,43.5,,47.57,48.3,1.3,550,-6,,(14.2),,,,,,
,231015,2京5,12,花背ＳＨ･3勝,サンライズシェリー,,牡,6,角田大河, 54 ,14,8,"  ","  ","  ","  ",,9,13,ダ,1800,,重,0,,(栗),河内洋,1550,4.1,3,3,5,40.9,40.6,,47.57,48.3,0.6,486,+6,,(58.3),,,,,,
,231015,2京5,12,花背ＳＨ･3勝,クリノホノオ,,牡,6,田口貫太, 53 ,14,14,"  ","  ","  ","  ",,12,14,ダ,1800,,重,0,,(栗),谷潔,1550,4.1,8,12,13,40.1,43.4,,47.57,48.3,1.4,486,0,,(101.4),,,,,,
,231015,2京5,11,秋華賞G1,リバティアイランド,,牝,3,川田将雅, 55 ,18,6,"  ","  ","  ","  ",,1,１,芝,2000,A,稍,11000,,(栗),中内田充,2011,-0.1,7,7,3,33.6,61.6,*,60.97,59.8,0.4,476,+10,,110,100,390,560,700,1210,3240
,231015,2京5,11,秋華賞G1,マスクトディーヴァ,,牝,3,岩田望来, 55 ,18,7,"  ","  ","  ","  ",,3,２,芝,2000,A,稍,4400,,(栗),辻野泰之,2012,0.1,13,10,12,33.5,62.2,*,60.97,59.8,0.6,444,0,,(13.0),230,390,560,700,1210,3240
,231015,2京5,11,秋華賞G1,ハーパー,,牝,3,ルメール, 55 ,18,2,"  ","  ","  ","  ",,2,３,芝,2000,A,稍,2800,,(栗),友道康夫,2016,0.5,5,4,5,34.3,59.1,*,60.97,59.8,0.2,482,+14,,(12.9),170,,,,1210,3240
,231015,2京5,11,秋華賞G1,ドゥーラ,,牝,3,斎藤新, 55 ,18,5,"  ","  ","  ","  ",,5,４,芝,2000,A,稍,1700,,(栗),高橋康之,2016,0.5,9,7,7,34.1,60.0,*,60.97,59.8,0.4,478,+20,,(26.5),,,,,,
,231015,2京5,11,秋華賞G1,モリアーナ,,牝,3,横山典弘, 55 ,18,8,"  ","  ","  ","  ",,7,５,芝,2000,A,稍,1100,,(美),武藤善則,2017,0.6,9,13,13,33.9,61.0,*,60.97,59.8,0.7,478,+4,,(29.0),,,,,,
,231015,2京5,11,秋華賞G1,マラキナイア,,牝,3,池添謙一, 55 ,18,3,"  ","  ","  ","  ",,11,６,芝,2000,A,稍,0,,(栗),吉岡辰弥,2018,0.7,7,7,9,34.2,59.8,*,60.97,59.8,0.5,442,0,,(107.3),,,,,,
,231015,2京5,11,秋華賞G1,エミュー,,牝,3,Ｍ．デム, 55 ,18,18,"  ","  ","  ","  ",,15,７,芝,2000,A,稍,0,,(美),和田正一,2018,0.7,18,15,13,33.8,61.6,*,60.97,59.8,0.9,426,0,,(201.8),,,,,,
,231015,2京5,11,秋華賞G1,コナコースト,,牝,3,鮫島克駿, 55 ,18,4,"  ","  ","  ","  ",,4,８,芝,2000,A,稍,0,*,(栗),清水久詞,2021,1.0,1,1,1,35.0,56.7,*,60.97,59.8,0.0,468,+10,,(18.6),,,,,,
,231015,2京5,11,秋華賞G1,ヒップホップソウル,,牝,3,横山武史, 55 ,18,15,"  ","  ","  ","  ",,6,９,芝,2000,A,稍,0,,(美),木村哲也,2021,1.0,16,15,17,34.0,61.1,*,60.97,59.8,1.0,500,+10,,(27.9),,,,,,
,231015,2京5,11,秋華賞G1,ドゥアイズ,,牝,3,西村淳也, 55 ,18,12,"  ","  ","  ","  ",,10,10,芝,2000,A,稍,0,,(栗),庄野靖志,2021,1.0,9,10,9,34.4,59.3,*,60.97,59.8,0.6,458,+2,,(76.6),,,,,,
,231015,2京5,11,秋華賞G1,ラヴェル,,牝,3,坂井瑠星, 55 ,18,13,"  ","  ","  ","  ",,8,11,芝,2000,A,稍,0,,(栗),矢作芳人,2022,1.1,3,3,3,35.0,56.8,,60.97,59.8,0.1,456,-4,,(57.8),,,,,,
,231015,2京5,11,秋華賞G1,キタウイング,,牝,3,江田照男, 55 ,18,11,"  ","  ","  ","  ",,17,12,芝,2000,A,稍,0,,(美),小島茂之,2022,1.1,16,18,17,34.1,60.7,,60.97,59.8,1.0,434,+8,,(216.2),,,,,,
,231015,2京5,11,秋華賞G1,ミシシッピテソーロ,,牝,3,石川裕紀, 55 ,18,9,"  ","  ","  ","  ",,18,13,芝,2000,A,稍,0,,(美),畠山吉宏,2024,1.3,2,2,2,35.3,55.7,,60.97,59.8,0.0,438,0,,(290.2),,,,,,
,231015,2京5,11,秋華賞G1,ピピオラ,,牝,3,藤岡康太, 55 ,18,16,"  ","  ","  ","  ",,12,14,芝,2000,A,稍,0,,(栗),武幸四郎,2024,1.3,9,10,9,34.7,58.3,,60.97,59.8,0.6,472,-12,,(118.3),,,,,,
,231015,2京5,11,秋華賞G1,グランベルナデット,,牝,3,松山弘平, 55 ,18,10,"  ","  ","  ","  ",,9,15,芝,2000,A,稍,0,,(美),大竹正博,2024,1.3,13,15,13,34.4,59.6,,60.97,59.8,0.9,500,0,,(69.6),,,,,,
,231015,2京5,11,秋華賞G1,フェステスバント,,牝,3,酒井学, 55 ,18,1,"  ","  ","  ","  ",,16,16,芝,2000,A,稍,0,,(栗),藤岡健一,2026,1.5,3,4,5,35.3,56.0,,60.97,59.8,0.2,420,+2,,(215.7),,,,,,
,231015,2京5,11,秋華賞G1,ソレイユヴィータ,,牝,3,武豊, 55 ,18,17,"  ","  ","  ","  ",,14,17,芝,2000,A,稍,0,,(栗),杉山晴紀,2028,1.7,5,4,7,35.5,55.4,,60.97,59.8,0.2,458,+2,,(156.0),,,,,,
,231015,2京5,11,秋華賞G1,コンクシェル,,牝,3,幸英明, 55 ,18,14,"  ","  ","  ","  ",,13,18,芝,2000,A,稍,0,*,(栗),清水久詞,2030,1.9,13,13,13,35.0,57.8,,60.97,59.8,0.9,470,0,B,(139.6),,,,,,
,231015,2京5,10,大原Ｓ･3勝,ゴールドエクリプス,,牝,4,岩田望来, 56 ,7,7,"  ","  ","  ","  ",,1,１,芝,1800,A,稍,1840,,(栗),大久保龍,1470,-0.1,,2,2,35.5,50.7,*,50.93,50.3,0.1,498,+2,,160,110,,340,420,590,1420
,231015,2京5,10,大原Ｓ･3勝,コスモサガルマータ,,牡,3,和田竜二, 56 ,7,1,"  ","  ","  ","  ",,2,２,芝,1800,A,稍,740,*,(栗),梅田智之,1471,0.1,,4,4,35.5,50.8,*,50.93,50.3,0.2,506,+12,,(5.0),180,,340,420,590,1420
,231015,2京5,10,大原Ｓ･3勝,トゥルーヴィル,,牡,6,ルメール, 58 ,7,4,"  ","  ","  ","  ",,3,３,芝,1800,A,稍,460,,(栗),小林真也,1471,0.1,,4,4,35.4,51.3,*,50.93,50.3,0.3,466,-2,,(6.3),,,,,590,1420
,231015,2京5,10,大原Ｓ･3勝,ハートオブアシティ,,牡,5,幸英明, 58 ,7,2,"  ","  ","  ","  ",,6,４,芝,1800,A,稍,280,,(栗),森田直行,1473,0.3,,6,7,35.4,51.6,*,50.93,50.3,0.5,448,+8,,(20.3),,,,,,
,231015,2京5,10,大原Ｓ･3勝,ヴェールランス,,牡,4,Ｍ．デム, 58 ,7,3,"  ","  ","  ","  ",,4,５,芝,1800,A,稍,184,,(栗),藤岡健一,1476,0.6,,2,2,36.1,49.0,*,50.93,50.3,0.1,446,+12,,(7.0),,,,,,
,231015,2京5,10,大原Ｓ･3勝,ビキニボーイ,,牡,3,松若風馬, 56 ,7,5,"  ","  ","  ","  ",,5,６,芝,1800,A,稍,0,*,(栗),梅田智之,1478,0.8,,1,1,36.4,48.1,*,50.93,50.3,0.0,498,+4,,(12.9),,,,,,
,231015,2京5,10,大原Ｓ･3勝,ハーランズハーツ,,牡,6,鮫島克駿, 58 ,7,6,"  ","  ","  ","  ",,7,７,芝,1800,A,稍,0,,(栗),橋口慎介,1480,1.0,,6,4,36.3,48.8,*,50.93,50.3,0.3,442,+4,,(64.1),,,,,,
,231015,2京5,9,２勝ｸﾗｽ,サイモンザナドゥ,,牡,3,武豊, 56 ,12,8,"  ","  ","  ","  ",,1,１,ダ,1800,,重,1140,,(栗),小林真也,1514,-1.0,6,5,3,37.6,48.1,*,47.37,45.4,0.7,478,-2,,350,140,580,650,1180,1340,4490
,231015,2京5,9,２勝ｸﾗｽ,パーティーベル,,牡,4,横山和生, 58 ,12,1,"  ","  ","  ","  ",,2,２,ダ,1800,,重,460,,(栗),松永幹夫,1524,1.0,11,9,6,38.0,47.9,*,47.37,45.4,1.3,460,-2,,(4.0),140,580,650,1180,1340,4490
,231015,2京5,9,２勝ｸﾗｽ,サンライズジャスト,,牡,4,岩田望来, 58 ,12,2,"  ","  ","  ","  ",,7,３,ダ,1800,,重,290,,(栗),羽月友彦,1525,1.1,9,6,4,38.5,46.1,*,47.37,45.4,0.9,540,-4,,(12.6),240,,,,1340,4490
,231015,2京5,9,２勝ｸﾗｽ,カネトシブルーム,,牡,4,田口貫太,55▲,12,11,"  ","  ","  ","  ",,5,４,ダ,1800,,重,170,,(栗),大橋勇樹,1529,1.5,3,2,2,39.5,42.9,*,47.37,45.4,0.3,512,+4,,(6.3),,,,,,
,231015,2京5,9,２勝ｸﾗｽ,テーオーサンドニ,,牡,4,坂井瑠星, 58 ,12,6,"  ","  ","  ","  ",,4,５,ダ,1800,,重,114,,(栗),高柳大輔,1534,2.0,1,1,1,40.3,40.7,,47.37,45.4,0.0,470,-6,B,(6.0),,,,,,
,231015,2京5,9,２勝ｸﾗｽ,キングダムウイナー,,牡,6,藤岡康太, 58 ,12,3,"  ","  ","  ","  ",,9,６,ダ,1800,,重,0,,(栗),田中克典,1541,2.7,12,12,12,39.0,46.3,*,47.37,45.4,2.0,506,-4,B,(123.1),,,,,,
,231015,2京5,9,２勝ｸﾗｽ,イエローウィン,,牝,4,江田照男, 56 ,12,7,"  ","  ","  ","  ",,10,７,ダ,1800,,重,0,,(美),菊川正達,1542,2.8,10,9,9,39.8,43.5,,47.37,45.4,1.3,478,-2,B,(154.6),,,,,,
,231015,2京5,9,２勝ｸﾗｽ,イシュタルゲート,,牡,7,西村淳也, 58 ,12,5,"  ","  ","  ","  ",,8,８,ダ,1800,,重,0,,(栗),茶木太樹,1549,3.5,7,6,7,40.8,40.8,,47.37,45.4,1.0,518,0,B,(68.1),,,,,,
,231015,2京5,9,２勝ｸﾗｽ,テイエムフォンテ,,牡,4,酒井学, 58 ,12,12,"  ","  ","  ","  ",,12,９,ダ,1800,,重,0,,(栗),飯田雄三,1559,4.5,5,6,9,41.8,38.6,,47.37,45.4,1.0,500,-10,,(248.5),,,,,,
,231015,2京5,9,２勝ｸﾗｽ,テンダンス,,セ,4,角田大河,57☆,12,4,"  ","  ","  ","  ",,6,10,ダ,1800,,重,0,,(栗),中竹和也,1562,4.8,3,4,4,42.8,35.7,,47.37,45.4,0.3,502,+8,,(11.6),,,,,,
,231015,2京5,9,２勝ｸﾗｽ,レゴリス,,セ,7,河原田菜,54★,12,9,"  ","  ","  ","  ",,11,11,ダ,1800,,重,0,,(美),辻哲英,1572,5.8,7,9,11,42.8,36.9,,47.37,45.4,1.3,490,-6,B,(223.4),,,,,,
,231015,2京5,9,２勝ｸﾗｽ,ヴァモスロード,,牡,4,幸英明, 58 ,12,10,"  ","  ","  ","  ",,3,12,ダ,1800,,重,0,,(栗),西園正都,1590,7.6,2,2,7,45.6,30.5,,47.37,45.4,0.3,524,+2,,(4.9),,,,,,
,231015,2京5,8,もみじＳ,ナナオ,,牝,2,西村淳也, 56 ,6,2,"  ","  ","  ","  ",,2,１,芝,1400,A,重,1600,,(栗),小栗実,1232,-0.2,,1,1,33.8,59.6,*,60.10,59.6,0.0,424,+12,,240,130,,240,520,470,1860
,231015,2京5,8,もみじＳ,フェンダー,,牡,2,ルメール, 56 ,6,6,"  ","  ","  ","  ",,1,２,芝,1400,A,重,640,,(栗),斉藤崇史,1234,0.2,,3,2,33.7,60.6,*,60.10,59.6,0.3,504,-12,B,(2.3),130,,240,520,470,1860
,231015,2京5,8,もみじＳ,タイセイレスポンス,,牡,2,横山和生, 56 ,6,3,"  ","  ","  ","  ",,3,３,芝,1400,A,重,400,,(栗),安田翔伍,1239,0.7,,4,4,34.0,60.1,*,60.10,59.6,0.5,474,-10,,(7.8),,,,,470,1860
,231015,2京5,8,もみじＳ,レガテアドール,,牡,2,斎藤新, 56 ,6,5,"  ","  ","  ","  ",,4,４,芝,1400,A,重,240,,(栗),吉田直弘,1241,0.9,,2,2,34.5,57.8,*,60.10,59.6,0.2,418,-10,,(9.3),,,,,,
,231015,2京5,8,もみじＳ,トレンシャリー,,牡,2,幸英明, 56 ,6,1,"  ","  ","  ","  ",,5,５,芝,1400,A,重,160,,(栗),寺島良,1244,1.2,,6,6,34.2,60.1,,60.10,59.6,0.8,446,+8,,(9.6),,,,,,
,231015,2京5,8,もみじＳ,アガシ,,牡,2,武豊, 56 ,6,4,"  ","  ","  ","  ",,6,６,芝,1400,A,重,0,,(栗),庄野靖志,1244,1.2,,4,4,34.5,58.5,,60.10,59.6,0.5,472,0,,(31.8),,,,,,
,231015,2京5,7,１勝ｸﾗｽ,ペプチドタイガー,,牡,3,川田将雅, 56 ,13,8,"  ","  ","  ","  ",,1,１,ダ,1400,,重,800,,(栗),吉村圭司,1240,-0.8,,2,1,37.9,41.2,*,43.30,40.8,0.1,460,-6,,180,110,570,530,700,4810,13620
,231015,2京5,7,１勝ｸﾗｽ,シンゼンイズモ,,牡,3,和田竜二, 56 ,13,9,"  ","  ","  ","  ",,3,２,ダ,1400,,重,320,*,(栗),荒川義之,1248,0.8,,6,4,37.8,43.3,*,43.30,40.8,1.0,520,+2,,(7.0),170,570,530,700,4810,13620
,231015,2京5,7,１勝ｸﾗｽ,メイショウタイゲイ,,牡,4,小沢大仁,57☆,13,6,"  ","  ","  ","  ",,9,３,ダ,1400,,重,200,*,(栗),荒川義之,1252,1.2,,9,9,37.5,45.4,*,43.30,40.8,1.7,460,-2,,(57.2),680,,,,4810,13620
,231015,2京5,7,１勝ｸﾗｽ,ドンアチェカ,,牡,3,岩田望来, 56 ,13,10,"  ","  ","  ","  ",,5,４,ダ,1400,,重,120,*,(栗),千田輝彦,1255,1.5,,6,7,38.4,42.0,*,43.30,40.8,1.1,492,+6,,(19.3),,,,,,
,231015,2京5,7,１勝ｸﾗｽ,ジャーヴィス,,牡,3,酒井学, 56 ,13,3,"  ","  ","  ","  ",,6,５,ダ,1400,,重,80,*,(栗),千田輝彦,1256,1.6,,8,8,38.3,42.6,,43.30,40.8,1.3,486,+12,,(26.0),,,,,,
,231015,2京5,7,１勝ｸﾗｽ,グランデスフィーダ,,牡,3,松山弘平, 56 ,13,7,"  ","  ","  ","  ",,2,６,ダ,1400,,重,0,,(栗),池江泰寿,1256,1.6,,2,2,39.5,37.5,,43.30,40.8,0.1,530,+8,,(3.8),,,,,,
,231015,2京5,7,１勝ｸﾗｽ,トーホウキザン,,牡,3,国分恭介, 56 ,13,11,"  ","  ","  ","  ",,8,７,ダ,1400,,重,0,,(栗),高橋康之,1263,2.3,,12,11,38.2,44.4,*,43.30,40.8,2.1,464,-4,,(39.4),,,,,,
,231015,2京5,7,１勝ｸﾗｽ,ホープインザダーク,,牡,4,西村淳也, 58 ,13,1,"  ","  ","  ","  ",,12,８,ダ,1400,,重,0,*,(栗),庄野靖志,1264,2.4,,12,12,38.3,44.2,,43.30,40.8,2.1,510,+2,,(103.3),,,,,,
,231015,2京5,7,１勝ｸﾗｽ,スカプラリオ,,牝,3,田中健, 54 ,13,2,"  ","  ","  ","  ",,7,９,ダ,1400,,重,0,,(栗),佐々木晶,1269,2.9,,1,3,40.9,34.4,,43.30,40.8,0.0,462,+2,B,(36.1),,,,,,
,231015,2京5,7,１勝ｸﾗｽ,フリークボンバー,,牡,6,河原田菜,54★,13,13,"  ","  ","  ","  ",,10,10,ダ,1400,,重,0,,(栗),岡田稲男,1274,3.4,,9,9,39.7,40.1,,43.30,40.8,1.7,488,-8,B,(75.9),,,,,,
,231015,2京5,7,１勝ｸﾗｽ,ヴァンダービルト,,牡,4,武豊, 58 ,13,12,"  ","  ","  ","  ",,4,11,ダ,1400,,重,0,*,(栗),庄野靖志,1274,3.4,,5,6,40.5,36.9,,43.30,40.8,0.9,524,-2,,(10.5),,,,,,
,231015,2京5,7,１勝ｸﾗｽ,エトワールジェンヌ,,牝,4,藤岡康太, 56 ,13,4,"  ","  ","  ","  ",,13,12,ダ,1400,,重,0,,(栗),清水久詞,1280,4.0,,4,4,41.5,34.0,,43.30,40.8,0.5,514,-2,,(160.3),,,,,,
,231015,2京5,7,１勝ｸﾗｽ,ホヲユイットウ,,牝,4,田口貫太,53▲,13,5,"  ","  ","  ","  ",,11,13,ダ,1400,,重,0,,(栗),小林真也,1287,4.7,,9,12,40.9,37.7,,43.30,40.8,1.8,412,+22,,(102.2),,,,,,
,231015,2京5,6,１勝ｸﾗｽ,オメガタキシード,,セ,3,坂井瑠星, 56 ,8,1,"  ","  ","  ","  ",,4,１,ダ,1800,,重,800,,(栗),松永幹夫,1524,-0.0,6,7,6,36.6,53.6,*,51.97,50.3,0.8,444,-2,,620,210,,1140,2590,4540,24090
,231015,2京5,6,１勝ｸﾗｽ,ササヤキ,,牡,3,池添謙一, 56 ,8,7,"  ","  ","  ","  ",,3,２,ダ,1800,,重,320,,(栗),畑端省吾,1524,0.0,1,1,1,37.4,50.3,*,51.97,50.3,0.0,532,+6,,(4.9),190,,1140,2590,4540,24090
,231015,2京5,6,１勝ｸﾗｽ,プメハナ,,牝,3,酒井学, 54 ,8,6,"  ","  ","  ","  ",,6,３,ダ,1800,,重,200,,(栗),鮫島一歩,1528,0.4,5,5,4,37.1,52.0,*,51.97,50.3,0.7,458,+2,,(17.5),370,,,,4540,24090
,231015,2京5,6,１勝ｸﾗｽ,シゲルソロソロ,,牝,3,和田翼, 54 ,8,4,"  ","  ","  ","  ",,2,４,ダ,1800,,重,120,,(栗),谷潔,1534,1.0,3,4,4,37.9,49.6,*,51.97,50.3,0.5,472,-2,,(4.3),,,,,,
,231015,2京5,6,１勝ｸﾗｽ,パラディ,,牝,3,横山武史, 54 ,8,2,"  ","  ","  ","  ",,1,５,ダ,1800,,重,80,,(栗),四位洋文,1536,1.2,2,2,2,38.4,47.9,,51.97,50.3,0.2,470,-6,,(2.4),,,,,,
,231015,2京5,6,１勝ｸﾗｽ,ムーンスカイ,,牡,3,松山弘平, 56 ,8,5,"  ","  ","  ","  ",,5,６,ダ,1800,,重,0,,(栗),牧田和弥,1542,1.8,8,2,2,38.8,47.2,,51.97,50.3,0.4,442,0,,(7.3),,,,,,
,231015,2京5,6,１勝ｸﾗｽ,ポジティブガール,,牝,4,田口貫太,53▲,8,3,"  ","  ","  ","  ",,8,７,ダ,1800,,重,0,,(栗),緒方努,1550,2.6,3,5,7,39.3,46.3,,51.97,50.3,0.7,456,0,,(78.8),,,,,,
,231015,2京5,6,１勝ｸﾗｽ,タマモエース,,牡,4,和田竜二, 58 ,8,8,"  ","  ","  ","  ",,7,８,ダ,1800,,重,0,,(栗),川村禎彦,1552,2.8,6,7,8,39.2,46.9,,51.97,50.3,1.0,486,+2,,(25.1),,,,,,
,231015,2京5,5,新馬,エルサビオ,,牡,2,川田将雅, 56 ,15,8,"  ","  ","  ","  ",,2,１,芝,1800,A,重,720,,(栗),中内田充,1499,-0.0,,1,1,34.4,59.7,*,59.87,59.7,0.0,482,,,360,130,390,360,750,1470,6520
,231015,2京5,5,新馬,インファイター,,牡,2,ルメール, 56 ,15,12,"  ","  ","  ","  ",,1,２,芝,1800,A,重,290,,(栗),高野友和,1499,0.0,,5,2,34.3,60.2,*,59.87,59.7,0.1,490,,,(2.4),120,390,360,750,1470,6520
,231015,2京5,5,新馬,イルデポート,,牡,2,松山弘平, 56 ,15,10,"  ","  ","  ","  ",,5,３,芝,1800,A,重,180,,(栗),杉山佳明,1502,0.3,,8,5,34.5,59.7,*,59.87,59.7,0.2,452,,,(21.1),320,,,,1470,6520
,231015,2京5,5,新馬,ダイジェスト,,牡,2,岩田望来, 56 ,15,3,"  ","  ","  ","  ",,4,４,芝,1800,A,重,110,,(栗),坂口智康,1504,0.5,,4,3,34.6,59.5,*,59.87,59.7,0.3,458,,,(8.0),,,,,,
,231015,2京5,5,新馬,カゼノランナー,,牡,2,Ｍ．デム, 56 ,15,7,"  ","  ","  ","  ",,6,５,芝,1800,A,重,72,,(栗),松永幹夫,1507,0.8,,8,7,34.7,59.5,*,59.87,59.7,0.5,504,,,(22.2),,,,,,
,231015,2京5,5,新馬,パッカパッカブー,,牡,2,酒井学, 56 ,15,1,"  ","  ","  ","  ",,7,６,芝,1800,A,重,0,,(栗),須貝尚介,1508,0.9,,7,7,34.8,59.2,*,59.87,59.7,0.5,474,,,(24.3),,,,,,
,231015,2京5,5,新馬,アップステート,,牡,2,小沢大仁,55☆,15,6,"  ","  ","  ","  ",,12,７,芝,1800,A,重,0,,(栗),松永昌博,1509,1.0,,5,7,35.0,58.4,*,59.87,59.7,0.4,530,,,(198.4),,,,,,
,231015,2京5,5,新馬,ラインフォルテ,,牡,2,鮫島克駿, 56 ,15,14,"  ","  ","  ","  ",,9,８,芝,1800,A,重,0,,(栗),長谷川浩,1515,1.6,,2,3,35.9,55.3,,59.87,59.7,0.1,484,,,(35.1),,,,,,
,231015,2京5,5,新馬,キタサンシデン,,牡,2,横山典弘, 56 ,15,5,"  ","  ","  ","  ",,3,９,芝,1800,A,重,0,,(栗),本田優,1515,1.6,,12,12,34.9,59.7,,59.87,59.7,1.1,498,,,(7.3),,,,,,
,231015,2京5,5,新馬,クロスアヴァンセ,,牝,2,西村淳也, 55 ,15,4,"  ","  ","  ","  ",,13,10,芝,1800,A,重,0,,(栗),庄野靖志,1518,1.9,,12,12,35.2,58.8,,59.87,59.7,1.1,438,,,(255.3),,,,,,
,231015,2京5,5,新馬,マグノオンゾウシ,,牡,2,幸英明, 56 ,15,2,"  ","  ","  ","  ",,14,11,芝,1800,A,重,0,,(栗),笹田和秀,1520,2.1,,8,11,35.6,57.3,,59.87,59.7,0.9,442,,,(257.8),,,,,,
,231015,2京5,5,新馬,メイショウガイフウ,,牡,2,角田大河,55☆,15,15,"  ","  ","  ","  ",,10,12,芝,1800,A,重,0,,(栗),角田晃一,1520,2.1,,2,5,36.3,54.3,,59.87,59.7,0.2,444,,,(65.1),,,,,,
,231015,2京5,5,新馬,ユウトザアシゲ,,牡,2,田口貫太,53▲,15,13,"  ","  ","  ","  ",,11,13,芝,1800,A,重,0,,(栗),藤沢則雄,1523,2.4,,8,10,36.3,54.7,,59.87,59.7,0.5,502,,,(129.5),,,,,,
,231015,2京5,5,新馬,スターチョウサン,,牝,2,武豊, 55 ,15,9,"  ","  ","  ","  ",,8,14,芝,1800,A,重,0,,(美),小島茂之,1535,3.6,,14,14,36.6,55.1,,59.87,59.7,1.4,478,,,(31.5),,,,,,
,231015,2京5,5,新馬,バトンインディ,,牡,2,藤岡康太, 56 ,15,11,"  ","  ","  ","  ",,15,15,芝,1800,A,重,0,,(栗),安達昭夫,1546,4.7,,15,15,37.3,53.6,,59.87,59.7,1.8,444,,,(278.1),,,,,,
,231015,2京5,4,新馬,シュークリーム,,牝,2,松山弘平, 55 ,11,8,"  ","  ","  ","  ",,5,１,芝,1200,A,重,720,,(栗),西村真幸,1100,-1.1,,1,1,33.8,57.1,*,56.93,57.1,0.0,422,,,1380,310,1890,1850,4820,8910,64150
,231015,2京5,4,新馬,マーシャルテイル,,牡,2,ルメール, 56 ,11,9,"  ","  ","  ","  ",,1,２,芝,1200,A,重,290,,(栗),池添学,1111,1.1,,5,6,34.3,57.3,*,56.93,57.1,0.6,464,,,(2.5),140,1890,1850,4820,8910,64150
,231015,2京5,4,新馬,レオナルドスター,,牡,2,西村淳也, 56 ,11,1,"  ","  ","  ","  ",,8,３,芝,1200,A,重,180,,(栗),長谷川浩,1112,1.2,,5,5,34.5,56.4,*,56.93,57.1,0.5,464,,,(33.8),530,,,,8910,64150
,231015,2京5,4,新馬,プレイソフトリー,,牡,2,藤岡康太, 56 ,11,2,"  ","  ","  ","  ",,3,４,芝,1200,A,重,110,,(栗),藤岡健一,1114,1.4,,3,3,34.9,54.6,,56.93,57.1,0.3,496,,,(4.7),,,,,,
,231015,2京5,4,新馬,ボナール,,牡,2,松田大作, 56 ,11,5,"  ","  ","  ","  ",,9,５,芝,1200,A,重,72,,(栗),武英智,1115,1.5,,2,2,35.1,53.7,,56.93,57.1,0.2,442,,,(35.5),,,,,,
,231015,2京5,4,新馬,ジュエルドパリ,,牡,2,武豊, 56 ,11,10,"  ","  ","  ","  ",,4,６,芝,1200,A,重,0,,(栗),笹田和秀,1118,1.8,,8,9,34.8,56.3,,56.93,57.1,0.8,440,,,(9.3),,,,,,
,231015,2京5,4,新馬,ジョウエン,,牝,2,小沢大仁,54☆,11,6,"  ","  ","  ","  ",,6,７,芝,1200,A,重,0,,(栗),小栗実,1120,2.0,,5,6,35.2,54.5,,56.93,57.1,0.6,412,,,(21.3),,,,,,
,231015,2京5,4,新馬,プレザントウインド,,牝,2,田口貫太,52▲,11,7,"  ","  ","  ","  ",,10,８,芝,1200,A,重,0,,(栗),小崎憲,1120,2.0,,8,8,35.1,55.1,,56.93,57.1,0.7,386,,,(62.9),,,,,,
,231015,2京5,4,新馬,キンコンテーラー,,牝,2,鮫島克駿, 55 ,11,4,"  ","  ","  ","  ",,11,９,芝,1200,A,重,0,,(栗),緒方努,1125,2.5,,8,9,35.5,54.2,,56.93,57.1,0.8,424,,,(84.0),,,,,,
,231015,2京5,4,新馬,オレンジサファイア,,牝,2,岩田望来, 55 ,11,11,"  ","  ","  ","  ",,2,10,芝,1200,A,重,0,,(栗),岡田稲男,1129,2.9,,3,3,36.4,50.3,,56.93,57.1,0.3,476,,,(4.1),,,,,,
,231015,2京5,4,新馬,オメガモーニング,,牡,2,横山和生, 56 ,11,3,"  ","  ","  ","  ",,7,11,芝,1200,A,重,0,,(栗),松永幹夫,1131,3.1,,11,11,34.8,60.1,,56.93,57.1,2.1,442,,,(25.7),,,,,,
,231015,2京5,3,未勝利*,サトノシュトラーセ,,牡,2,川田将雅, 56 ,5,2,"  ","  ","  ","  ",,1,１,芝,2000,A,重,550,,(栗),友道康夫,2027,-0.8,2,2,2,34.9,57.8,*,57.17,57.0,0.2,510,-4,,170,100,,120,190,680,1590
,231015,2京5,3,未勝利*,ワーキングアセット,,牡,2,ルメール, 56 ,5,3,"  ","  ","  ","  ",,2,２,芝,2000,A,重,220,,(栗),吉村圭司,2035,0.8,3,3,3,35.4,56.7,*,57.17,57.0,0.5,476,-4,,(2.1),100,,120,190,680,1590
,231015,2京5,3,未勝利*,エイシンローテイト,,牡,2,田口貫太,53▲,5,4,"  ","  ","  ","  ",,4,３,芝,2000,A,重,140,,(栗),高橋康之,2041,1.4,3,4,4,35.5,57.0,*,57.17,57.0,1.0,496,-4,,(51.8),,,,,680,1590
,231015,2京5,3,未勝利*,エンムスビ,,牝,2,幸英明, 55 ,5,1,"  ","  ","  ","  ",,3,４,芝,2000,A,重,83,,(栗),角田晃一,2051,2.4,1,1,1,37.5,50.1,,57.17,57.0,0.0,444,+4,,(9.6),,,,,,
,231015,2京5,3,未勝利*,コパノアマンダ,,牝,2,河原田菜,51★,5,5,"  ","  ","  ","  ",,5,５,芝,2000,A,重,55,,(栗),村山明,2095,6.8,5,5,5,40.6,43.8,,57.17,57.0,1.3,446,-2,,(78.5),,,,,,
,231015,2京5,2,未勝利*,アンモシエラ,,牝,2,松山弘平, 55 ,9,5,"  ","  ","  ","  ",,3,１,ダ,1800,,重,550,,(栗),松永幹夫,1554,-1.2,2,3,2,38.2,51.0,*,49.30,50.3,0.2,488,-8,,540,120,700,740,1640,290,3150
,231015,2京5,2,未勝利*,ルディック,,牡,2,幸英明, 56 ,9,9,"  ","  ","  ","  ",,2,２,ダ,1800,,重,220,,(栗),高野友和,1566,1.2,4,3,4,39.3,48.3,*,49.30,50.3,0.3,502,0,,(2.7),110,700,740,1640,290,3150
,231015,2京5,2,未勝利*,ノイヤーヘルト,,牡,2,川田将雅, 56 ,9,6,"  ","  ","  ","  ",,1,３,ダ,1800,,重,140,,(栗),中竹和也,1568,1.4,4,5,5,39.3,48.6,*,49.30,50.3,0.5,514,+6,,(2.5),110,,,,290,3150
,231015,2京5,2,未勝利*,ドルチアーリア,,牝,2,坂井瑠星, 55 ,9,7,"  ","  ","  ","  ",,6,４,ダ,1800,,重,83,,(栗),新谷功一,1571,1.7,7,7,7,39.4,48.6,,49.30,50.3,0.7,486,-2,,(15.4),,,,,,
,231015,2京5,2,未勝利*,バガリーロータス,,牝,2,田口貫太,52▲,9,1,"  ","  ","  ","  ",,7,５,ダ,1800,,重,55,,(栗),石坂公一,1576,2.2,1,1,1,40.6,44.8,,49.30,50.3,0.0,460,-2,,(86.0),,,,,,
,231015,2京5,2,未勝利*,ウインメラナイト,,牡,2,Ｍ．デム, 56 ,9,3,"  ","  ","  ","  ",,5,６,ダ,1800,,重,0,,(栗),寺島良,1581,2.7,8,7,6,40.4,46.2,,49.30,50.3,0.7,486,+2,B,(14.4),,,,,,
,231015,2京5,2,未勝利*,オベイユアマスター,,牡,2,古川吉洋, 56 ,9,2,"  ","  ","  ","  ",,4,７,ダ,1800,,重,0,,(栗),昆貢,1586,3.2,2,2,2,41.5,42.9,,49.30,50.3,0.1,438,+14,,(10.0),,,,,,
,231015,2京5,2,未勝利*,ブラーヴミノル,,牡,2,酒井学, 56 ,9,4,"  ","  ","  ","  ",,8,８,ダ,1800,,重,0,,(栗),本田優,1591,3.7,4,5,7,41.7,42.8,,49.30,50.3,0.4,550,0,,(117.9),,,,,,
,231015,2京5,2,未勝利*,クリノブルームーン,,牡,2,小沢大仁,55☆,9,8,"  ","  ","  ","  ",,9,９,ダ,1800,,重,0,,(栗),川村禎彦,2019,6.5,8,9,9,43.9,38.8,,49.30,50.3,1.0,474,0,,(392.4),,,,,,
,231015,2京5,1,未勝利*,ダノンスウィッチ,,牡,2,ルメール, 56 ,9,6,"  ","  ","  ","  ",,1,１,ダ,1400,,重,550,,(栗),音無秀孝,1264,-0.2,,5,5,37.6,47.3,*,43.40,41.2,1.4,474,+2,,180,110,680,750,990,6370,16080
,231015,2京5,1,未勝利*,プレヴィスト,,牝,2,松山弘平, 55 ,9,4,"  ","  ","  ","  ",,5,２,ダ,1400,,重,220,,(栗),池添学,1266,0.2,,1,1,39.2,40.7,*,43.40,41.2,0.0,464,0,,(13.3),230,680,750,990,6370,16080
,231015,2京5,1,未勝利*,ラストボーン,,セ,2,田口貫太,53▲,9,3,"  ","  ","  ","  ",,6,３,ダ,1400,,重,140,,(栗),加用正,1274,1.0,,3,3,39.2,42.2,*,43.40,41.2,0.8,446,-4,,(65.8),700,,,,6370,16080
,231015,2京5,1,未勝利*,ナムラルッコラ,,牝,2,幸英明, 55 ,9,7,"  ","  ","  ","  ",,7,４,ダ,1400,,重,83,,(栗),大橋勇樹,1282,1.8,,2,2,40.5,38.3,,43.40,41.2,0.3,476,0,,(91.2),,,,,,
,231015,2京5,1,未勝利*,ヤマニンアラクリア,,牡,2,田中健, 56 ,9,9,"  ","  ","  ","  ",,4,５,ダ,1400,,重,55,,(栗),中村直也,1284,2.0,,5,6,39.4,43.3,,43.40,41.2,1.6,474,+10,,(11.1),,,,,,
,231015,2京5,1,未勝利*,ブリックバーン,,牡,2,岩田望来, 56 ,9,8,"  ","  ","  ","  ",,3,６,ダ,1400,,重,0,,(栗),清水久詞,1285,2.1,,7,7,39.4,43.5,,43.40,41.2,1.7,476,+2,,(6.0),,,,,,
,231015,2京5,1,未勝利*,ゴールドサーベル,,牡,2,和田竜二, 56 ,9,5,"  ","  ","  ","  ",,2,７,ダ,1400,,重,0,,(栗),大久保龍,1293,2.9,,3,4,40.9,38.8,,43.40,41.2,1.0,468,-2,,(3.6),,,,,,
,231015,2京5,1,未勝利*,ゲッワイエンタン,,牡,2,斎藤新, 56 ,9,1,"  ","  ","  ","  ",,9,８,ダ,1400,,重,0,,(栗),高橋康之,1294,3.0,,7,7,40.3,41.4,,43.40,41.2,1.7,440,-4,,(179.1),,,,,,
,231015,2京5,1,未勝利*,ビップライアン,,牡,2,河原田菜,52★,9,2,"  ","  ","  ","  ",,8,９,ダ,1400,,重,0,,(栗),松下武士,1298,3.4,,9,9,40.4,41.7,,43.40,41.2,2.0,496,0,,(124.2),,,,,,
,231014,2京4,12,２勝ｸﾗｽ,タマモダイジョッキ,,牡,5,武豊, 58 ,14,10,"  ","  ","  ","  ",,2,１,ダ,1400,,良,1140,,(栗),緒方努,1240,-0.1,,12,11,36.2,49.0,*,45.67,42.1,1.5,490,+2,,320,160,1910,3190,5300,11390,46700
,231014,2京4,12,２勝ｸﾗｽ,ジュストコル,,牡,5,和田竜二, 58 ,14,6,"  ","  ","  ","  ",,5,２,ダ,1400,,良,460,*,(栗),大久保龍,1241,0.1,,4,4,37.5,43.2,*,45.67,42.1,0.3,508,+2,,(14.8),410,1910,3190,5300,11390,46700
,231014,2京4,12,２勝ｸﾗｽ,スペクトログラム,,牡,4,坂井瑠星, 58 ,14,7,"  ","  ","  ","  ",,4,３,ダ,1400,,良,290,,(栗),池江泰寿,1242,0.2,,8,7,37.2,44.8,*,45.67,42.1,0.7,498,0,B,(12.3),330,,,,11390,46700
,231014,2京4,12,２勝ｸﾗｽ,メイショウキッド,,牡,4,横山典弘, 58 ,14,9,"  ","  ","  ","  ",,6,４,ダ,1400,,良,170,,(栗),本田優,1243,0.3,,10,9,36.8,46.8,*,45.67,42.1,1.2,514,-4,,(15.1),,,,,,
,231014,2京4,12,２勝ｸﾗｽ,グッドグロウス,,牡,4,国分恭介, 58 ,14,13,"  ","  ","  ","  ",,11,５,ダ,1400,,良,114,,(栗),加用正,1243,0.3,,4,4,37.6,43.2,*,45.67,42.1,0.4,466,-2,,(61.8),,,,,,
,231014,2京4,12,２勝ｸﾗｽ,ハンベルジャイト,,牝,3,西村淳也, 54 ,14,1,"  ","  ","  ","  ",,8,６,ダ,1400,,良,0,*,(栗),大久保龍,1245,0.5,,1,1,38.2,40.9,*,45.67,42.1,0.0,488,-2,B,(17.1),,,,,,
,231014,2京4,12,２勝ｸﾗｽ,ブレーヴジャッカル,,セ,5,浜中俊, 58 ,14,4,"  ","  ","  ","  ",,7,７,ダ,1400,,良,0,,(栗),長谷川浩,1246,0.6,,3,2,38.1,41.5,*,45.67,42.1,0.2,462,-14,B,(16.0),,,,,,
,231014,2京4,12,２勝ｸﾗｽ,ゼットノヴァ,,牡,4,幸英明, 58 ,14,12,"  ","  ","  ","  ",,1,８,ダ,1400,,良,0,,(栗),吉田直弘,1247,0.7,,8,7,37.7,43.5,*,45.67,42.1,0.7,440,0,,(2.9),,,,,,
,231014,2京4,12,２勝ｸﾗｽ,メタモルフォーゼ,,牝,6,藤岡佑介, 56 ,14,5,"  ","  ","  ","  ",,12,９,ダ,1400,,良,0,,(栗),渡辺薫彦,1247,0.7,,13,13,36.6,48.6,*,45.67,42.1,1.8,480,+14,,(73.6),,,,,,
,231014,2京4,12,２勝ｸﾗｽ,エルパソ,,牡,4,松田大作, 58 ,14,8,"  ","  ","  ","  ",,9,10,ダ,1400,,良,0,,(美),武井亮,1248,0.8,,7,6,38.0,42.4,*,45.67,42.1,0.5,460,0,B,(18.9),,,,,,
,231014,2京4,12,２勝ｸﾗｽ,シュルレアリスト,,牡,5,松若風馬, 58 ,14,14,"  ","  ","  ","  ",,10,11,ダ,1400,,良,0,,(栗),中村直也,1253,1.3,,13,13,37.1,47.4,*,45.67,42.1,1.9,448,+4,,(50.3),,,,,,
,231014,2京4,12,２勝ｸﾗｽ,カッコヨカ,,牡,4,河原田菜,54★,14,11,"  ","  ","  ","  ",,14,12,ダ,1400,,良,0,,(栗),笹田和秀,1256,1.6,,10,9,38.0,43.9,,45.67,42.1,1.3,476,+8,,(246.4),,,,,,
,231014,2京4,12,２勝ｸﾗｽ,リュクスウォリアー,,牡,6,藤懸貴志, 58 ,14,3,"  ","  ","  ","  ",,3,13,ダ,1400,,良,0,,(栗),平田修,1258,1.8,,2,2,39.4,38.3,,45.67,42.1,0.1,504,-6,B,(6.4),,,,,,
,231014,2京4,11,太秦Ｓ,ヴィクティファルス,,セ,5,池添謙一, 58 ,12,3,"  ","  ","  ","  ",,7,１,ダ,1800,,良,2200,,(栗),池添学,1513,-0.2,7,6,2,37.8,47.2,*,46.90,45.3,0.5,480,+10,,2890,720,4910,7850,20100,96730,579090
,231014,2京4,11,太秦Ｓ,タイセイドレフォン,,牡,4,団野大成, 58 ,12,4,"  ","  ","  ","  ",,2,２,ダ,1800,,良,880,,(栗),西村真幸,1515,0.2,4,3,2,38.3,45.6,*,46.90,45.3,0.2,504,+6,,(3.6),210,4910,7850,20100,96730,579090
,231014,2京4,11,太秦Ｓ,キタノリューオー,,牡,5,松若風馬, 57 ,12,12,"  ","  ","  ","  ",,10,３,ダ,1800,,良,550,,(美),萱野浩二,1515,0.2,12,10,10,37.7,47.9,*,46.90,45.3,0.8,470,+4,,(54.1),1030,,,,96730,579090
,231014,2京4,11,太秦Ｓ,マリオロード,,牡,4,武豊, 57 ,12,7,"  ","  ","  ","  ",,5,４,ダ,1800,,良,330,,(栗),安達昭夫,1515,0.2,10,10,10,37.7,47.9,*,46.90,45.3,0.8,502,+18,B,(17.0),,,,,,
,231014,2京4,11,太秦Ｓ,メイクアリープ,,牡,4,幸英明, 57 ,12,1,"  ","  ","  ","  ",,1,５,ダ,1800,,良,220,,(栗),大根田裕,1516,0.3,1,1,1,38.6,44.6,*,46.90,45.3,0.0,478,-2,,(2.3),,,,,,
,231014,2京4,11,太秦Ｓ,カフジオクタゴン,,牡,4,坂井瑠星, 58 ,12,5,"  ","  ","  ","  ",,3,６,ダ,1800,,良,0,,(栗),矢作芳人,1516,0.3,9,7,7,38.1,46.5,*,46.90,45.3,0.5,544,-6,B,(5.7),,,,,,
,231014,2京4,11,太秦Ｓ,ガンダルフ,,牡,5,西村淳也, 57 ,12,6,"  ","  ","  ","  ",,4,７,ダ,1800,,良,0,,(美),国枝栄,1518,0.5,8,7,7,38.1,46.7,*,46.90,45.3,0.7,482,-2,,(6.6),,,,,,
,231014,2京4,11,太秦Ｓ,エナハツホ,,牝,4,藤懸貴志, 55 ,12,10,"  ","  ","  ","  ",,9,８,ダ,1800,,良,0,,(栗),吉田直弘,1520,0.7,11,10,12,38.0,47.4,*,46.90,45.3,1.0,454,+2,,(40.4),,,,,,
,231014,2京4,11,太秦Ｓ,ディアセオリー,,牡,6,藤岡佑介, 57 ,12,11,"  ","  ","  ","  ",,12,９,ダ,1800,,良,0,,(美),高木登,1522,0.9,5,5,5,38.9,44.2,*,46.90,45.3,0.3,498,+2,B,(105.6),,,,,,
,231014,2京4,11,太秦Ｓ,リリーミニスター,,セ,6,岩田望来, 57 ,12,2,"  ","  ","  ","  ",,8,10,ダ,1800,,良,0,,(栗),緒方努,1536,2.3,2,2,2,40.5,40.2,,46.90,45.3,0.1,482,+2,,(35.1),,,,,,
,231014,2京4,11,太秦Ｓ,ジャズブルース,,牡,4,角田大河, 57 ,12,8,"  ","  ","  ","  ",,11,11,ダ,1800,,良,0,,(栗),吉村圭司,1537,2.4,5,7,7,40.1,41.8,,46.90,45.3,0.6,472,+10,,(68.8),,,,,,
,231014,2京4,11,太秦Ｓ,ロードエクレール,,牡,5,和田竜二, 57 ,12,9,"  ","  ","  ","  ",,6,12,ダ,1800,,良,0,,(美),斎藤誠,1542,2.9,3,3,5,41.0,39.3,,46.90,45.3,0.2,474,+4,,(27.1),,,,,,
,231014,2京4,10,北野特別･2勝,ヘネラルカレーラ,,牝,5,坂井瑠星, 56 ,8,5,"  ","  ","  ","  ",,2,１,芝,2000,A,良,1550,,(栗),角田晃一,2009,-0.6,1,1,1,33.4,62.3,*,63.60,62.3,0.0,470,-6,,220,110,,220,500,1570,5510
,231014,2京4,10,北野特別･2勝,キミノナハマリア,,牝,3,武豊, 54 ,8,8,"  ","  ","  ","  ",,1,２,芝,2000,A,良,620,,(栗),千田輝彦,2015,0.6,4,4,3,33.4,63.0,*,63.60,62.3,0.6,506,+12,,(2.1),110,,220,500,1570,5510
,231014,2京4,10,北野特別･2勝,テーオーソロス,,牡,5,幸英明, 58 ,8,7,"  ","  ","  ","  ",,8,３,芝,2000,A,良,390,*,(栗),宮徹,2016,0.7,8,8,8,32.9,65.5,*,63.60,62.3,1.2,468,+6,,(47.7),350,,,,1570,5510
,231014,2京4,10,北野特別･2勝,ヴィヴァン,,牡,5,西村淳也, 58 ,8,6,"  ","  ","  ","  ",,3,４,芝,2000,A,良,230,,(栗),池江泰寿,2017,0.8,2,2,2,33.8,61.5,*,63.60,62.3,0.4,492,0,,(7.5),,,,,,
,231014,2京4,10,北野特別･2勝,エルディアブロ,,牡,5,藤岡佑介, 58 ,8,3,"  ","  ","  ","  ",,4,５,芝,2000,A,良,155,,(栗),佐々木晶,2017,0.8,5,5,5,33.3,63.8,*,63.60,62.3,0.9,458,-2,B,(13.3),,,,,,
,231014,2京4,10,北野特別･2勝,タガノカイ,,牡,5,古川吉洋, 58 ,8,2,"  ","  ","  ","  ",,6,６,芝,2000,A,良,0,*,(栗),宮徹,2018,0.9,2,2,3,33.9,61.1,*,63.60,62.3,0.4,508,-6,,(31.5),,,,,,
,231014,2京4,10,北野特別･2勝,ヒューマンコメディ,,牝,6,柴田善臣, 56 ,8,1,"  ","  ","  ","  ",,7,７,芝,2000,A,良,0,,(美),水野貴広,2019,1.0,5,5,5,33.5,63.1,*,63.60,62.3,0.9,486,0,B,(42.9),,,,,,
,231014,2京4,10,北野特別･2勝,ナリタザクラ,,牡,6,松若風馬, 58 ,8,4,"  ","  ","  ","  ",,5,８,芝,2000,A,良,0,,(栗),高橋亮,2021,1.2,7,5,5,33.7,62.4,,63.60,62.3,0.9,502,-2,B,(19.4),,,,,,
,231014,2京4,9,２勝ｸﾗｽ,ブリュットミレジメ,,牡,4,団野大成, 58 ,11,9,"  ","  ","  ","  ",,4,１,芝,1400,A,良,1140,,(栗),荒川義之,1206,-0.1,,10,10,33.8,53.8,*,52.23,47.7,1.2,508,0,,680,210,3390,4110,6980,15000,85590
,231014,2京4,9,２勝ｸﾗｽ,ワンダーカタリナ,,牡,6,角田大河,57☆,11,3,"  ","  ","  ","  ",,6,２,芝,1400,A,良,460,,(栗),河内洋,1207,0.1,,6,6,34.2,52.0,*,52.23,47.7,0.9,530,+2,,(15.3),360,3390,4110,6980,15000,85590
,231014,2京4,9,２勝ｸﾗｽ,アスクキングコング,,セ,5,岩田望来, 58 ,11,6,"  ","  ","  ","  ",,5,３,芝,1400,A,良,290,,(栗),梅田智之,1207,0.1,,5,5,34.4,50.9,*,52.23,47.7,0.7,472,+4,,(11.3),260,,,,15000,85590
,231014,2京4,9,２勝ｸﾗｽ,ルクスドヌーヴ,,牝,3,武豊, 54 ,11,8,"  ","  ","  ","  ",,7,４,芝,1400,A,良,170,,(栗),須貝尚介,1209,0.3,,6,7,34.4,51.4,*,52.23,47.7,0.9,452,+8,,(15.6),,,,,,
,231014,2京4,9,２勝ｸﾗｽ,マチカゼ,,牡,3,西村淳也, 56 ,11,1,"  ","  ","  ","  ",,2,５,芝,1400,A,良,114,,(栗),杉山晴紀,1209,0.3,,2,2,35.2,47.4,*,52.23,47.7,0.1,482,-4,,(3.8),,,,,,
,231014,2京4,9,２勝ｸﾗｽ,サヴァイヴ,,牡,6,田口貫太,55▲,11,4,"  ","  ","  ","  ",,11,６,芝,1400,A,良,0,,(栗),清水久詞,1209,0.3,,8,8,34.3,51.9,*,52.23,47.7,1.0,478,+2,,(62.4),,,,,,
,231014,2京4,9,２勝ｸﾗｽ,アルムファーツリー,,牝,5,和田竜二, 56 ,11,7,"  ","  ","  ","  ",,10,７,芝,1400,A,良,0,,(栗),川村禎彦,1211,0.5,,8,8,34.4,51.8,*,52.23,47.7,1.1,476,+2,,(50.4),,,,,,
,231014,2京4,9,２勝ｸﾗｽ,メイショウツワブキ,,牝,5,河原田菜,52★,11,2,"  ","  ","  ","  ",,9,８,芝,1400,A,良,0,,(栗),松永昌博,1213,0.7,,2,2,35.5,46.8,*,52.23,47.7,0.2,506,+10,,(42.1),,,,,,
,231014,2京4,9,２勝ｸﾗｽ,ペイシャフラワー,,牝,3,幸英明, 54 ,11,5,"  ","  ","  ","  ",,3,９,芝,1400,A,良,0,,(栗),高橋康之,1214,0.8,,4,4,35.4,47.5,*,52.23,47.7,0.4,476,+4,,(5.1),,,,,,
,231014,2京4,9,２勝ｸﾗｽ,シゲルローズマリー,,セ,4,高倉稜, 58 ,11,10,"  ","  ","  ","  ",,8,10,芝,1400,A,良,0,,(栗),渡辺薫彦,1214,0.8,,10,11,34.5,52.0,*,52.23,47.7,1.3,466,0,,(40.3),,,,,,
,231014,2京4,9,２勝ｸﾗｽ,ルカン,,牝,3,横山典弘, 54 ,11,11,"  ","  ","  ","  ",,1,11,芝,1400,A,良,0,,(栗),安田翔伍,1225,1.9,,1,1,36.9,42.7,,52.23,47.7,0.0,418,-4,B,(2.8),,,,,,
,231014,2京4,8,紫菊賞･1勝*,ジュンゴールド,,牡,2,坂井瑠星, 56 ,5,3,"  ","  ","  ","  ",,1,１,芝,1800,A,良,1070,,(栗),友道康夫,1472,-0.6,,1,1,34.0,57.6,*,57.63,57.6,0.0,484,-6,,150,110,,400,520,260,1000
,231014,2京4,8,紫菊賞･1勝*,フナデ,,牡,2,和田竜二, 56 ,5,4,"  ","  ","  ","  ",,3,２,芝,1800,A,良,430,,(栗),飯田雄三,1478,0.6,,5,5,34.0,58.5,*,57.63,57.6,0.6,436,+6,,(7.7),160,,400,520,260,1000
,231014,2京4,8,紫菊賞･1勝*,ナムラフッカー,,牡,2,藤岡康太, 56 ,5,5,"  ","  ","  ","  ",,2,３,芝,1800,A,良,270,,(栗),村山明,1479,0.7,,3,3,34.4,56.8,*,57.63,57.6,0.3,470,0,,(3.7),,,,,260,1000
,231014,2京4,8,紫菊賞･1勝*,ホルトバージ,,牡,2,岩田望来, 56 ,5,1,"  ","  ","  ","  ",,5,４,芝,1800,A,良,160,,(栗),寺島良,1479,0.7,,3,3,34.4,56.8,*,57.63,57.6,0.3,466,-6,,(14.1),,,,,,
,231014,2京4,8,紫菊賞･1勝*,モアリジット,,牡,2,団野大成, 56 ,5,2,"  ","  ","  ","  ",,4,５,芝,1800,A,良,107,,(栗),西村真幸,1480,0.8,,2,2,34.7,55.6,*,57.63,57.6,0.1,478,0,B,(10.7),,,,,,
,231014,2京4,7,１勝ｸﾗｽ,サンデーファンデー,,牡,3,松若風馬, 56 ,9,2,"  ","  ","  ","  ",,1,１,ダ,1800,,良,800,,(栗),音無秀孝,1541,-0.0,2,2,2,37.7,51.3,*,51.23,50.5,0.2,498,-8,B,340,180,700,650,1170,4600,21540
,231014,2京4,7,１勝ｸﾗｽ,シュプリンガー,,セ,4,長岡禎仁, 58 ,9,3,"  ","  ","  ","  ",,2,２,ダ,1800,,良,320,,(栗),小栗実,1541,0.0,3,4,3,37.5,52.1,*,51.23,50.5,0.4,492,0,B,(4.5),180,700,650,1170,4600,21540
,231014,2京4,7,１勝ｸﾗｽ,ヒロシクン,,セ,4,松田大作, 58 ,9,8,"  ","  ","  ","  ",,9,３,ダ,1800,,良,200,,(栗),宮本博,1542,0.1,1,1,1,38.0,50.3,*,51.23,50.5,0.0,548,+10,,(29.6),740,,,,4600,21540
,231014,2京4,7,１勝ｸﾗｽ,メイショウホタルビ,,牝,5,田口貫太,53▲,9,1,"  ","  ","  ","  ",,6,４,ダ,1800,,良,120,,(栗),大橋勇樹,1543,0.2,8,7,9,37.3,53.2,*,51.23,50.5,0.8,432,0,,(9.3),,,,,,
,231014,2京4,7,１勝ｸﾗｽ,ピエナパイロ,,牝,3,河原田菜,50★,9,5,"  ","  ","  ","  ",,3,５,ダ,1800,,良,80,,(栗),渡辺薫彦,1548,0.7,5,6,6,38.0,51.1,*,51.23,50.5,0.6,482,+10,B,(4.9),,,,,,
,231014,2京4,7,１勝ｸﾗｽ,アンクルブラック,,牡,3,角田大河,55☆,9,7,"  ","  ","  ","  ",,4,６,ダ,1800,,良,0,,(栗),高橋亮,1548,0.7,7,7,6,37.9,51.5,*,51.23,50.5,0.7,474,+6,,(6.9),,,,,,
,231014,2京4,7,１勝ｸﾗｽ,メイショウジェンマ,,牡,3,幸英明, 56 ,9,4,"  ","  ","  ","  ",,7,７,ダ,1800,,良,0,,(栗),飯田祐史,1549,0.8,9,7,6,38.1,50.8,*,51.23,50.5,0.6,466,-6,,(10.7),,,,,,
,231014,2京4,7,１勝ｸﾗｽ,ツクヨミ,,牡,3,藤岡康太, 56 ,9,9,"  ","  ","  ","  ",,8,８,ダ,1800,,良,0,,(栗),坂口智康,1555,1.4,5,4,3,39.0,48.1,,51.23,50.5,0.3,466,+10,,(21.0),,,,,,
,231014,2京4,7,１勝ｸﾗｽ,ゼットスティール,,牡,3,和田竜二, 56 ,9,6,"  ","  ","  ","  ",,5,９,ダ,1800,,良,0,,(栗),川村禎彦,1571,3.0,3,2,3,40.6,44.2,,51.23,50.5,0.3,516,-6,,(8.9),,,,,,
,231014,2京4,6,１勝ｸﾗｽ,ケイアイサンデラ,,牡,3,藤懸貴志, 55 ,10,10,"  ","  ","  ","  ",,4,１,芝,2400,A,良,800,,(栗),小林真也,2248,-0.4,1,1,1,33.9,59.0,*,59.47,59.0,0.0,436,+8,B,930,250,990,1600,3660,4520,25380
,231014,2京4,6,１勝ｸﾗｽ,マイネルエンペラー,,牡,3,岩田望来, 55 ,10,2,"  ","  ","  ","  ",,2,２,芝,2400,A,良,320,,(栗),清水久詞,2252,0.4,4,4,4,33.9,59.4,*,59.47,59.0,0.4,464,+4,,(3.2),150,990,1600,3660,4520,25380
,231014,2京4,6,１勝ｸﾗｽ,ジューンアヲニヨシ,,牡,3,藤岡康太, 55 ,10,3,"  ","  ","  ","  ",,3,３,芝,2400,A,良,200,*,(栗),松下武士,2253,0.5,7,7,7,33.8,60.0,*,59.47,59.0,0.6,486,+12,,(8.6),200,,,,4520,25380
,231014,2京4,6,１勝ｸﾗｽ,ヴェルテンベルク,,牡,3,西村淳也, 55 ,10,6,"  ","  ","  ","  ",,1,４,芝,2400,A,良,120,,(栗),宮本博,2255,0.7,7,7,7,34.1,58.9,*,59.47,59.0,0.5,482,+8,,(2.1),,,,,,
,231014,2京4,6,１勝ｸﾗｽ,アレナリア,,牝,4,団野大成, 56 ,10,8,"  ","  ","  ","  ",,7,５,芝,2400,A,良,80,,(栗),西園翔太,2256,0.8,3,2,2,34.5,57.3,*,59.47,59.0,0.2,428,+4,,(20.5),,,,,,
,231014,2京4,6,１勝ｸﾗｽ,サトノマジェスタ,,牡,5,和田竜二, 58 ,10,5,"  ","  ","  ","  ",,8,６,芝,2400,A,良,0,,(栗),音無秀孝,2258,1.0,4,4,5,34.5,57.5,*,59.47,59.0,0.4,492,+6,B,(52.0),,,,,,
,231014,2京4,6,１勝ｸﾗｽ,シャドウソニック,,牡,3,坂井瑠星, 55 ,10,4,"  ","  ","  ","  ",,5,７,芝,2400,A,良,0,,(栗),辻野泰之,2258,1.0,2,2,2,34.7,56.7,*,59.47,59.0,0.2,504,+16,,(10.2),,,,,,
,231014,2京4,6,１勝ｸﾗｽ,グルーヴビート,,牡,5,松若風馬, 58 ,10,1,"  ","  ","  ","  ",,10,８,芝,2400,A,良,0,,(栗),中村直也,2261,1.3,9,7,9,34.5,57.8,,59.47,59.0,0.7,492,+2,,(86.9),,,,,,
,231014,2京4,6,１勝ｸﾗｽ,ファームツエンティ,,牡,3,幸英明, 55 ,10,9,"  ","  ","  ","  ",,6,９,芝,2400,A,良,0,,(栗),北出成人,2262,1.4,4,4,5,35.0,55.9,,59.47,59.0,0.3,460,+4,,(14.0),,,,,,
,231014,2京4,6,１勝ｸﾗｽ,ディアマイサン,,牡,3,角田大河,54☆,10,7,"  ","  ","  ","  ",,9,10,芝,2400,A,良,0,*,(栗),松下武士,2263,1.5,9,10,10,34.7,57.2,,59.47,59.0,0.7,522,-12,,(54.3),,,,,,
,231014,2京4,5,新馬,タガノエルピーダ,,牝,2,団野大成, 55 ,13,2,"  ","  ","  ","  ",,2,１,芝,1600,A,良,720,,(栗),斉藤崇史,1343,-0.1,,3,2,33.5,58.9,*,58.37,57.9,0.2,440,,,340,110,450,860,1550,700,4860
,231014,2京4,5,新馬,クランフォード,,牝,2,西村淳也, 55 ,13,10,"  ","  ","  ","  ",,3,２,芝,1600,A,良,290,,(栗),杉山晴紀,1344,0.1,,1,1,33.8,57.6,*,58.37,57.9,0.0,466,,,(4.9),130,450,860,1550,700,4860
,231014,2京4,5,新馬,アドマイヤアストラ,,牡,2,武豊, 56 ,13,7,"  ","  ","  ","  ",,1,３,芝,1600,A,良,180,,(栗),友道康夫,1350,0.7,,6,7,33.8,58.6,*,58.37,57.9,0.6,434,,,(2.7),120,,,,700,4860
,231014,2京4,5,新馬,ルージュレイナス,,牝,2,坂井瑠星, 55 ,13,11,"  ","  ","  ","  ",,4,４,芝,1600,A,良,110,,(栗),橋口慎介,1350,0.7,,4,4,34.0,57.6,*,58.37,57.9,0.4,476,,,(5.8),,,,,,
,231014,2京4,5,新馬,メイショウカンムリ,,牡,2,幸英明, 56 ,13,3,"  ","  ","  ","  ",,12,５,芝,1600,A,良,72,,(栗),木原一良,1360,1.7,,6,7,34.8,55.5,,58.37,57.9,0.6,460,,,(107.8),,,,,,
,231014,2京4,5,新馬,カレンデリスモンド,,牡,2,和田竜二, 56 ,13,1,"  ","  ","  ","  ",,10,６,芝,1600,A,良,0,,(栗),平田修,1360,1.7,,6,6,34.8,55.5,,58.37,57.9,0.6,490,,,(86.0),,,,,,
,231014,2京4,5,新馬,アマミツツキ,,牝,2,古川吉洋, 55 ,13,4,"  ","  ","  ","  ",,8,７,芝,1600,A,良,0,*,(栗),宮本博,1361,1.8,,9,9,34.5,57.1,,58.37,57.9,1.0,472,,,(61.6),,,,,,
,231014,2京4,5,新馬,バッジオブオナー,,牡,2,藤岡佑介, 56 ,13,6,"  ","  ","  ","  ",,5,８,芝,1600,A,良,0,,(栗),松永幹夫,1365,2.2,,11,11,34.7,56.9,,58.37,57.9,1.2,454,,,(23.4),,,,,,
,231014,2京4,5,新馬,ルパンモージュ,,牡,2,岩田望来, 56 ,13,13,"  ","  ","  ","  ",,7,９,芝,1600,A,良,0,,(栗),中竹和也,1367,2.4,,4,4,35.7,52.5,,58.37,57.9,0.4,490,,,(41.5),,,,,,
,231014,2京4,5,新馬,センカラット,,牡,2,河原田菜,52★,13,9,"  ","  ","  ","  ",,6,10,芝,1600,A,良,0,,(栗),渡辺薫彦,1367,2.4,,13,13,34.6,57.7,,58.37,57.9,1.5,464,,,(38.5),,,,,,
,231014,2京4,5,新馬,ウインオーブ,,牡,2,加藤祥太, 56 ,13,8,"  ","  ","  ","  ",,13,11,芝,1600,A,良,0,*,(栗),宮本博,1368,2.5,,11,11,35.0,55.9,,58.37,57.9,1.2,436,,,(172.3),,,,,,
,231014,2京4,5,新馬,ジェントルレイン,,牝,2,田口貫太,52▲,13,5,"  ","  ","  ","  ",,11,12,芝,1600,A,良,0,,(栗),高橋義忠,1369,2.6,,9,9,35.4,54.2,,58.37,57.9,0.9,386,,,(100.3),,,,,,
,231014,2京4,5,新馬,ヨシミツ,,牡,2,池添謙一, 56 ,13,12,"  ","  ","  ","  ",,9,13,芝,1600,A,良,0,,(栗),飯田祐史,1372,2.9,,2,2,36.5,49.8,,58.37,57.9,0.1,456,,,(80.5),,,,,,
,231014,2京4,4,新馬,フォーエバーヤング,,牡,2,坂井瑠星, 56 ,14,2,"  ","  ","  ","  ",,2,１,ダ,1800,,良,720,,(栗),矢作芳人,1548,-0.7,4,5,4,37.7,52.3,*,51.73,50.7,0.4,526,,,420,180,4260,7470,13870,13540,82540
,231014,2京4,4,新馬,シーリュウシー,,牡,2,幸英明, 56 ,14,7,"  ","  ","  ","  ",,10,２,ダ,1800,,良,290,,(栗),岡田稲男,1555,0.7,10,10,7,37.9,52.4,*,51.73,50.7,0.9,490,,,(40.4),580,4260,7470,13870,13540,82540
,231014,2京4,4,新馬,バロンドール,,牡,2,横山典弘, 56 ,14,6,"  ","  ","  ","  ",,3,３,ダ,1800,,良,180,,(栗),松永幹夫,1556,0.8,7,5,4,38.4,50.5,*,51.73,50.7,0.5,522,,,(5.8),190,,,,13540,82540
,231014,2京4,4,新馬,アンバードール,,牡,2,西村淳也, 56 ,14,4,"  ","  ","  ","  ",,5,４,ダ,1800,,良,110,,(栗),吉岡辰弥,1558,1.0,7,7,7,38.4,50.8,*,51.73,50.7,0.7,520,,,(9.7),,,,,,
,231014,2京4,4,新馬,ベラジオラオウ,,牡,2,岩田望来, 56 ,14,12,"  ","  ","  ","  ",,1,５,ダ,1800,,良,72,,(栗),上村洋行,1559,1.1,4,2,2,39.1,48.2,*,51.73,50.7,0.1,474,,,(4.0),,,,,,
,231014,2京4,4,新馬,シトロンヴェール,,牡,2,池添謙一, 56 ,14,5,"  ","  ","  ","  ",,6,６,ダ,1800,,良,0,,(栗),吉田直弘,1572,2.4,2,2,2,40.5,44.7,,51.73,50.7,0.0,528,,,(12.6),,,,,,
,231014,2京4,4,新馬,ケイアイアンタレス,,牡,2,藤懸貴志, 56 ,14,9,"  ","  ","  ","  ",,7,７,ダ,1800,,良,0,,(栗),平田修,1578,3.0,2,1,1,41.1,43.3,,51.73,50.7,0.0,446,,,(17.7),,,,,,
,231014,2京4,4,新馬,スマッシュスルー,,牡,2,武豊, 56 ,14,10,"  ","  ","  ","  ",,4,８,ダ,1800,,良,0,,(栗),清水久詞,1579,3.1,7,2,4,40.9,44.1,,51.73,50.7,0.3,540,,,(7.4),,,,,,
,231014,2京4,4,新馬,グランレザンドール,,牡,2,和田竜二, 56 ,14,14,"  ","  ","  ","  ",,12,９,ダ,1800,,良,0,,(栗),高橋義忠,1579,3.1,13,12,10,40.1,47.0,,51.73,50.7,1.1,510,,,(69.1),,,,,,
,231014,2京4,4,新馬,エピックナイト,,牡,2,角田大河,55☆,14,8,"  ","  ","  ","  ",,11,10,ダ,1800,,良,0,,(栗),笹田和秀,1588,4.0,14,14,10,40.9,45.2,,51.73,50.7,1.2,436,,,(54.5),,,,,,
,231014,2京4,4,新馬,クアトロジャック,,牡,2,加藤祥太, 56 ,14,1,"  ","  ","  ","  ",,9,11,ダ,1800,,良,0,,(栗),庄野靖志,1590,4.2,4,7,9,41.6,43.0,,51.73,50.7,0.7,460,,,(28.5),,,,,,
,231014,2京4,4,新馬,ハードメープル,,牡,2,田口貫太,53▲,14,13,"  ","  ","  ","  ",,14,12,ダ,1800,,良,0,,(栗),石坂公一,1592,4.4,12,12,13,41.4,44.0,,51.73,50.7,1.1,534,,,(176.8),,,,,,
,231014,2京4,4,新馬,アマノメルシー,,牝,2,河原田菜,51★,14,11,"  ","  ","  ","  ",,13,13,ダ,1800,,良,0,,(栗),藤沢則雄,1593,4.5,10,10,10,41.7,43.0,,51.73,50.7,0.9,420,,,(139.9),,,,,,
,231014,2京4,4,新馬,カネコメファミリー,,牝,2,団野大成, 55 ,14,3,"  ","  ","  ","  ",,8,14,ダ,1800,,良,0,,(栗),中尾秀正,2077,12.9,1,7,14,50.0,27.7,,51.73,50.7,1.0,486,,,(18.9),,,,,,
,231014,2京4,3,未勝利*,バレルターン,,牡,2,西村淳也, 56 ,11,9,"  ","  ","  ","  ",,1,１,芝,1600,A,良,550,,(栗),茶木太樹,1345,-0.1,,5,4,34.7,53.4,*,53.20,51.5,0.4,464,-6,,180,110,300,490,660,590,1700
,231014,2京4,3,未勝利*,リチャードバローズ,,牡,2,岩田望来, 56 ,11,11,"  ","  ","  ","  ",,3,２,芝,1600,A,良,220,,(栗),上村洋行,1346,0.1,,8,7,34.6,54.0,*,53.20,51.5,0.6,506,-6,,(5.2),130,300,490,660,590,1700
,231014,2京4,3,未勝利*,インユアパレス,,牡,2,坂井瑠星, 56 ,11,7,"  ","  ","  ","  ",,2,３,芝,1600,A,良,140,,(栗),須貝尚介,1349,0.4,,5,4,35.1,52.2,*,53.20,51.5,0.4,484,+4,,(4.7),110,,,,590,1700
,231014,2京4,3,未勝利*,ウィズユアハート,,牝,2,横山典弘, 55 ,11,6,"  ","  ","  ","  ",,7,４,芝,1600,A,良,83,,(栗),四位洋文,1349,0.4,,10,9,34.5,55.0,*,53.20,51.5,1.0,422,+12,,(80.4),,,,,,
,231014,2京4,3,未勝利*,ウォータープイプイ,,牝,2,幸英明, 55 ,11,2,"  ","  ","  ","  ",,9,５,芝,1600,A,良,55,,(栗),岡田稲男,1353,0.8,,11,11,34.7,54.8,*,53.20,51.5,1.2,474,-2,,(180.0),,,,,,
,231014,2京4,3,未勝利*,スターターン,,牡,2,武豊, 56 ,11,8,"  ","  ","  ","  ",,4,６,芝,1600,A,良,0,,(栗),坂口智康,1353,0.8,,3,2,35.7,50.2,*,53.20,51.5,0.2,478,+10,,(8.5),,,,,,
,231014,2京4,3,未勝利*,メイショウブルー,,牡,2,河原田菜,52★,11,3,"  ","  ","  ","  ",,5,７,芝,1600,A,良,0,,(栗),河内洋,1353,0.8,,1,1,35.9,49.3,*,53.20,51.5,0.0,470,0,,(13.3),,,,,,
,231014,2京4,3,未勝利*,ヴェッターホルン,,牡,2,和田竜二, 56 ,11,5,"  ","  ","  ","  ",,6,８,芝,1600,A,良,0,,(栗),吉田直弘,1355,1.0,,3,4,35.9,49.6,*,53.20,51.5,0.2,466,-8,,(58.9),,,,,,
,231014,2京4,3,未勝利*,ヤシマ,,牡,2,加藤祥太, 56 ,11,1,"  ","  ","  ","  ",,11,９,芝,1600,A,良,0,,(栗),加用正,1359,1.4,,9,9,35.8,50.7,,53.20,51.5,0.7,498,0,,(321.6),,,,,,
,231014,2京4,3,未勝利*,シュヴァイゲン,,牡,2,団野大成, 56 ,11,10,"  ","  ","  ","  ",,8,10,芝,1600,A,良,0,,(栗),斉藤崇史,1359,1.4,,7,7,36.0,49.8,,53.20,51.5,0.5,480,0,,(122.5),,,,,,
,231014,2京4,3,未勝利*,クリノトパーズ,,牝,2,田口貫太,52▲,11,4,"  ","  ","  ","  ",,10,11,芝,1600,A,良,0,,(栗),大橋勇樹,1368,2.3,,2,2,37.3,45.7,,53.20,51.5,0.1,426,-4,,(270.4),,,,,,
,231014,2京4,2,未勝利*,ヒロノラメール,,牡,2,和田竜二, 56 ,8,1,"  ","  ","  ","  ",,1,１,ダ,1800,,良,550,*,(栗),川村禎彦,1553,-0.1,3,2,2,39.5,45.9,*,44.20,44.8,0.3,474,+4,,200,110,,550,840,1280,4480
,231014,2京4,2,未勝利*,ブーヤカ,,牡,2,藤岡康太, 56 ,8,6,"  ","  ","  ","  ",,3,２,ダ,1800,,良,220,,(栗),藤岡健一,1554,0.1,1,1,1,39.9,44.6,*,44.20,44.8,0.0,464,0,B,(6.5),180,,550,840,1280,4480
,231014,2京4,2,未勝利*,ダイシンバースディ,,牡,2,西村淳也, 56 ,8,2,"  ","  ","  ","  ",,4,３,ダ,1800,,良,140,,(栗),庄野靖志,1571,1.8,4,4,4,41.2,42.1,*,44.20,44.8,0.4,478,+2,,(11.5),200,,,,1280,4480
,231014,2京4,2,未勝利*,カフジテルビウム,,牡,2,長岡禎仁, 56 ,8,3,"  ","  ","  ","  ",,6,４,ダ,1800,,良,83,,(栗),杉山佳明,1581,2.8,5,4,5,41.8,41.3,,44.20,44.8,0.8,450,-2,,(15.4),,,,,,
,231014,2京4,2,未勝利*,パシュミナ,,牝,2,田口貫太,52▲,8,4,"  ","  ","  ","  ",,5,５,ダ,1800,,良,55,,(栗),中竹和也,1583,3.0,6,7,7,41.3,43.2,,44.20,44.8,1.5,444,+10,,(14.5),,,,,,
,231014,2京4,2,未勝利*,ブリザードベアー,,牡,2,古川吉洋, 56 ,8,7,"  ","  ","  ","  ",,7,６,ダ,1800,,良,0,*,(栗),川村禎彦,1588,3.5,8,6,6,42.2,40.8,,44.20,44.8,1.1,492,+4,B,(75.4),,,,,,
,231014,2京4,2,未勝利*,スカイハイ,,牡,2,岩田望来, 56 ,8,8,"  ","  ","  ","  ",,2,７,ダ,1800,,良,0,,(栗),清水久詞,2013,6.0,2,2,3,45.6,33.0,,44.20,44.8,0.2,520,+4,,(3.2),,,,,,
,231014,2京4,2,未勝利*,ナンヨーノーマル,,牝,2,小沢大仁,54☆,8,5,"  ","  ","  ","  ",,8,８,ダ,1800,,良,0,,(栗),緒方努,2022,6.9,6,8,8,44.8,36.4,,44.20,44.8,1.9,450,-6,,(311.7),,,,,,
,231014,2京4,1,未勝利・牝*,ドレシャス,,牝,2,田口貫太,52▲,12,7,"  ","  ","  ","  ",,1,１,ダ,1200,,良,550,,(栗),西園正都,1136,-0.6,,2,1,37.1,48.4,*,48.40,47.8,0.1,480,+4,,190,110,570,610,1120,1490,5170
,231014,2京4,1,未勝利・牝*,ハッピーダンス,,牝,2,西村淳也, 55 ,12,11,"  ","  ","  ","  ",,2,２,ダ,1200,,良,220,,(栗),茶木太樹,1142,0.6,,4,2,37.5,47.9,*,48.40,47.8,0.3,460,0,,(5.6),180,570,610,1120,1490,5170
,231014,2京4,1,未勝利・牝*,アルピニスト,,牝,2,長岡禎仁, 55 ,12,1,"  ","  ","  ","  ",,5,３,ダ,1200,,良,140,,(栗),杉山佳明,1146,1.0,,9,7,37.5,48.9,*,48.40,47.8,0.7,468,0,,(14.4),220,,,,1490,5170
,231014,2京4,1,未勝利・牝*,ディディット,,牝,2,酒井学, 55 ,12,12,"  ","  ","  ","  ",,9,４,ダ,1200,,良,83,,(栗),木原一良,1149,1.3,,5,5,38.1,46.6,*,48.40,47.8,0.4,442,+4,,(74.8),,,,,,
,231014,2京4,1,未勝利・牝*,プエルタセクレタ,,牝,2,岩田望来, 55 ,12,4,"  ","  ","  ","  ",,3,５,ダ,1200,,良,55,,(栗),野中賢二,1158,2.2,,5,5,39.0,44.4,,48.40,47.8,0.4,418,-2,,(6.4),,,,,,
,231014,2京4,1,未勝利・牝*,ラヴィンローゼス,,牝,2,幸英明, 55 ,12,10,"  ","  ","  ","  ",,7,６,ダ,1200,,良,0,,(栗),西村真幸,1158,2.2,,2,2,39.2,43.4,,48.40,47.8,0.2,376,+2,,(26.5),,,,,,
,231014,2京4,1,未勝利・牝*,クリノスピネル,,牝,2,和田竜二, 55 ,12,3,"  ","  ","  ","  ",,10,７,ダ,1200,,良,0,,(栗),川村禎彦,1159,2.3,,9,7,39.0,44.6,,48.40,47.8,0.5,446,+6,,(101.3),,,,,,
,231014,2京4,1,未勝利・牝*,アジアノハナ,,牝,2,浜中俊, 55 ,12,9,"  ","  ","  ","  ",,4,８,ダ,1200,,良,0,,(栗),牧田和弥,1164,2.8,,11,9,39.1,45.4,,48.40,47.8,0.9,476,-16,,(7.9),,,,,,
,231014,2京4,1,未勝利・牝*,ダイメイイチョウ,,牝,2,河原田菜,51★,12,5,"  ","  ","  ","  ",,6,９,ダ,1200,,良,0,,(栗),本田優,1166,3.0,,5,9,39.8,42.5,,48.40,47.8,0.4,448,+2,,(24.4),,,,,,
,231014,2京4,1,未勝利・牝*,クリノカグヤ,,牝,2,国分優作, 55 ,12,8,"  ","  ","  ","  ",,12,10,ダ,1200,,良,0,,(栗),坂口智康,1168,3.2,,5,11,39.8,43.0,,48.40,47.8,0.6,436,-4,,(180.2),,,,,,
,231014,2京4,1,未勝利・牝*,スイートウィル,,牝,2,大久保友,52▲,12,6,"  ","  ","  ","  ",,11,11,ダ,1200,,良,0,,(栗),村山明,1172,3.6,,12,12,39.8,44.0,,48.40,47.8,1.0,412,-2,,(159.3),,,,,,
,231014,2京4,1,未勝利・牝*,ジンチョウゲ,,牝,2,松田大作, 55 ,12,2,"  ","  ","  ","  ",,8,12,ダ,1200,,良,0,,(栗),石坂公一,1177,4.1,,1,2,41.3,38.1,,48.40,47.8,0.0,420,+6,,(29.3),,,,,,
,231009,2京3,12,２勝ｸﾗｽ・牝,レディフォース,,牝,3,長岡禎仁, 54 ,13,5,"  ","  ","  ","  ",,1,１,ダ,1400,,重,1140,,(栗),杉山佳明,1247,-0.1,,1,1,38.5,40.0,*,40.03,39.6,0.1,514,-2,,270,150,560,570,990,10400,27090
,231009,2京3,12,２勝ｸﾗｽ・牝,スマートアイ,,牝,3,今村聖奈,51▲,13,13,"  ","  ","  ","  ",,3,２,ダ,1400,,重,460,,(栗),寺島良,1248,0.1,,3,2,38.4,40.6,*,40.03,39.6,0.3,508,-2,,(4.2),170,560,570,990,10400,27090
,231009,2京3,12,２勝ｸﾗｽ・牝,ロープスピニング,,牝,4,吉村智洋, 56 ,13,4,"  ","  ","  ","  ",,11,３,ダ,1400,,重,290,,(美),武藤善則,1251,0.4,,3,4,38.8,39.5,*,40.03,39.6,0.2,438,+8,,(119.5),1200,,,,10400,27090
,231009,2京3,12,２勝ｸﾗｽ・牝,ヴィゴラスダンサー,,牝,4,藤岡康太, 56 ,13,6,"  ","  ","  ","  ",,5,４,ダ,1400,,重,170,,(栗),友道康夫,1256,0.9,,6,6,39.0,39.6,*,40.03,39.6,0.5,446,-4,,(10.9),,,,,,
,231009,2京3,12,２勝ｸﾗｽ・牝,ミセスバローズ,,牝,5,松若風馬, 56 ,13,11,"  ","  ","  ","  ",,4,５,ダ,1400,,重,114,,(栗),上村洋行,1258,1.1,,11,12,38.5,42.1,*,40.03,39.6,1.2,430,-4,,(7.6),,,,,,
,231009,2京3,12,２勝ｸﾗｽ・牝,ニシノラーナ,,牝,4,河原田菜,52★,13,12,"  ","  ","  ","  ",,9,６,ダ,1400,,重,0,,(美),加藤和宏,1258,1.1,,6,6,39.1,39.6,,40.03,39.6,0.6,496,-4,B,(83.0),,,,,,
,231009,2京3,12,２勝ｸﾗｽ・牝,ハンベルジャイト,,牝,3,西村淳也, 54 ,13,7,"  ","  ","  ","  ",,6,７,ダ,1400,,重,0,,(栗),大久保龍,1259,1.2,,3,5,39.5,38.1,,40.03,39.6,0.3,490,+24,,(13.9),,,,,,
,231009,2京3,12,２勝ｸﾗｽ・牝,アレマーナ,,牝,4,角田大和,55☆,13,8,"  ","  ","  ","  ",,8,８,ダ,1400,,重,0,,(栗),松下武士,1262,1.5,,8,9,39.4,39.1,,40.03,39.6,0.7,500,+10,B,(58.5),,,,,,
,231009,2京3,12,２勝ｸﾗｽ・牝,マヤローザ,,牝,5,田口貫太,53▲,13,2,"  ","  ","  ","  ",,13,９,ダ,1400,,重,0,,(栗),大橋勇樹,1262,1.5,,13,13,38.7,42.1,*,40.03,39.6,1.4,438,+4,,(141.2),,,,,,
,231009,2京3,12,２勝ｸﾗｽ・牝,ナサ,,牝,5,永島まな,53▲,13,9,"  ","  ","  ","  ",,12,10,ダ,1400,,重,0,,(栗),藤沢則雄,1263,1.6,,11,9,39.1,40.5,,40.03,39.6,1.1,478,+12,,(126.1),,,,,,
,231009,2京3,12,２勝ｸﾗｽ・牝,パンドレア,,牝,4,団野大成, 56 ,13,10,"  ","  ","  ","  ",,7,11,ダ,1400,,重,0,,(栗),斉藤崇史,1263,1.6,,9,9,39.3,39.7,,40.03,39.6,0.9,454,+4,B,(20.3),,,,,,
,231009,2京3,12,２勝ｸﾗｽ・牝,シモズル,,牝,3,角田大河,53☆,13,3,"  ","  ","  ","  ",,2,12,ダ,1400,,重,0,,(栗),石橋守,1263,1.6,,9,8,39.5,38.9,,40.03,39.6,0.7,502,0,,(4.1),,,,,,
,231009,2京3,12,２勝ｸﾗｽ・牝,アタカンテ,,牝,4,西塚洸二,53▲,13,1,"  ","  ","  ","  ",,10,13,ダ,1400,,重,0,,(栗),藤原英昭,1275,2.8,,2,2,41.4,33.5,,40.03,39.6,0.0,494,+2,B,(99.9),,,,,,
,231009,2京3,11,京都大賞G2,プラダリア,,牡,4,池添謙一, 57 ,14,7,"  ","  ","  ","  ",,5,１,芝,2400,A,重,6700,,(栗),池添学,2253,-0.0,3,3,2,35.6,52.7,*,53.77,51.6,0.3,470,+6,,760,200,1740,1840,4170,2030,14210
,231009,2京3,11,京都大賞G2,ボッケリーニ,,牡,7,浜中俊, 57 ,14,6,"  ","  ","  ","  ",,3,２,芝,2400,A,重,2700,,(栗),池江泰寿,2253,0.0,5,5,4,35.3,53.9,*,53.77,51.6,0.6,470,+4,,(5.3),160,1740,1840,4170,2030,14210
,231009,2京3,11,京都大賞G2,ディープボンド,,牡,6,和田竜二, 57 ,14,4,"  ","  ","  ","  ",,1,３,芝,2400,A,重,1700,,(栗),大久保龍,2254,0.1,8,9,9,35.1,54.7,*,53.77,51.6,0.9,508,+6,,(4.0),150,,,,2030,14210
,231009,2京3,11,京都大賞G2,ヒンドゥタイムズ,,セ,7,団野大成, 57 ,14,8,"  ","  ","  ","  ",,9,４,芝,2400,A,重,1000,,(栗),斉藤崇史,2255,0.2,8,9,6,35.3,54.1,*,53.77,51.6,0.8,472,+16,,(51.7),,,,,,
,231009,2京3,11,京都大賞G2,アフリカンゴールド,,セ,8,国分恭介, 57 ,14,12,"  ","  ","  ","  ",,10,５,芝,2400,A,重,670,*,(栗),西園正都,2255,0.2,1,1,1,36.1,51.0,*,53.77,51.6,0.0,476,+4,,(58.3),,,,,,
,231009,2京3,11,京都大賞G2,マイネルウィルトス,,牡,7,Ｍ．デム, 57 ,14,3,"  ","  ","  ","  ",,8,６,芝,2400,A,重,0,,(栗),宮徹,2257,0.4,13,12,12,34.9,55.8,*,53.77,51.6,1.4,480,+4,,(19.4),,,,,,
,231009,2京3,11,京都大賞G2,ヴェラアズール,,牡,6,松山弘平, 59 ,14,2,"  ","  ","  ","  ",,6,７,芝,2400,A,重,0,,(栗),渡辺薫彦,2257,0.4,12,11,11,35.0,55.4,*,53.77,51.6,1.3,526,+6,,(8.2),,,,,,
,231009,2京3,11,京都大賞G2,ビッグリボン,,牝,5,西村淳也, 55 ,14,9,"  ","  ","  ","  ",,7,８,芝,2400,A,重,0,,(栗),中内田充,2262,0.9,5,5,6,36.1,51.7,*,53.77,51.6,0.7,504,+4,,(15.6),,,,,,
,231009,2京3,11,京都大賞G2,ヒートオンビート,,牡,6,川田将雅, 58 ,14,10,"  ","  ","  ","  ",,4,９,芝,2400,A,重,0,,(栗),友道康夫,2263,1.0,7,5,6,36.2,51.4,*,53.77,51.6,0.7,484,+6,,(5.7),,,,,,
,231009,2京3,11,京都大賞G2,ウインマイティー,,牝,6,松若風馬, 55 ,14,11,"  ","  ","  ","  ",,12,10,芝,2400,A,重,0,*,(栗),西園正都,2264,1.1,4,3,4,36.5,50.4,,53.77,51.6,0.5,490,0,B,(92.4),,,,,,
,231009,2京3,11,京都大賞G2,アイアンバローズ,,牡,6,北村友一, 57 ,14,14,"  ","  ","  ","  ",,13,11,芝,2400,A,重,0,,(栗),上村洋行,2267,1.4,2,2,2,37.0,48.8,,53.77,51.6,0.3,514,+6,,(111.7),,,,,,
,231009,2京3,11,京都大賞G2,インプレス,,牡,4,藤岡佑介, 57 ,14,5,"  ","  ","  ","  ",,11,12,芝,2400,A,重,0,,(栗),佐々木晶,2282,2.9,8,5,10,38.0,46.7,,53.77,51.6,0.8,536,+12,,(69.4),,,,,,
,231009,2京3,11,京都大賞G2,ゼーゲン,,セ,8,藤岡康太, 57 ,14,13,"  ","  ","  ","  ",,14,13,芝,2400,A,重,0,,(美),堀宣行,2284,3.1,14,14,13,37.3,49.3,,53.77,51.6,1.7,412,-4,,(269.4),,,,,,
,231009,2京3,10,大山崎Ｓ･3勝,エーティーマクフィ,,牡,4,藤岡佑介, 58 ,13,13,"  ","  ","  ","  ",,1,１,ダ,1200,,重,1840,,(栗),武英智,1117,-0.0,,6,5,36.4,47.0,*,44.93,43.8,0.6,484,+6,,370,160,480,760,1410,2590,12720
,231009,2京3,10,大山崎Ｓ･3勝,パラシュラーマ,,牡,3,川田将雅, 57 ,13,2,"  ","  ","  ","  ",,2,２,ダ,1200,,重,740,,(栗),浜田多実,1117,0.0,,2,2,36.8,44.8,*,44.93,43.8,0.2,480,0,,(3.8),180,480,760,1410,2590,12720
,231009,2京3,10,大山崎Ｓ･3勝,エコロアイ,,牝,3,菅原明良, 55 ,13,4,"  ","  ","  ","  ",,5,３,ダ,1200,,重,460,,(栗),森秀行,1120,0.3,,1,1,37.3,43.0,*,44.93,43.8,0.0,502,-8,,(9.1),290,,,,2590,12720
,231009,2京3,10,大山崎Ｓ･3勝,ラヴケリー,,牝,5,藤岡康太, 56 ,13,12,"  ","  ","  ","  ",,6,４,ダ,1200,,重,280,,(栗),高柳大輔,1122,0.5,,12,12,36.2,49.4,*,44.93,43.8,1.3,464,0,,(12.9),,,,,,
,231009,2京3,10,大山崎Ｓ･3勝,プラチナムレイアー,,牡,5,西村淳也, 58 ,13,8,"  ","  ","  ","  ",,9,５,ダ,1200,,重,184,,(栗),吉岡辰弥,1122,0.5,,9,10,36.7,46.7,*,44.93,43.8,0.8,504,+6,B,(42.8),,,,,,
,231009,2京3,10,大山崎Ｓ･3勝,ニューフロンティア,,牡,5,吉田隼人, 58 ,13,3,"  ","  ","  ","  ",,10,６,ダ,1200,,重,0,,(栗),田中克典,1125,0.8,,10,10,36.9,46.5,*,44.93,43.8,0.9,498,0,,(44.9),,,,,,
,231009,2京3,10,大山崎Ｓ･3勝,ジェットエンブレム,,牡,5,池添謙一, 58 ,13,6,"  ","  ","  ","  ",,7,７,ダ,1200,,重,0,,(栗),石坂公一,1128,1.1,,4,5,37.7,43.1,,44.93,43.8,0.4,528,+2,,(21.0),,,,,,
,231009,2京3,10,大山崎Ｓ･3勝,メイショウクリフト,,牡,4,富田暁, 58 ,13,9,"  ","  ","  ","  ",,3,８,ダ,1200,,重,0,,(栗),笹田和秀,1128,1.1,,4,3,37.7,43.1,,44.93,43.8,0.4,450,+6,,(5.1),,,,,,
,231009,2京3,10,大山崎Ｓ･3勝,ジゲン,,牡,6,松山弘平, 58 ,13,7,"  ","  ","  ","  ",,8,９,ダ,1200,,重,0,,(栗),中村直也,1130,1.3,,10,9,37.3,45.7,,44.93,43.8,1.0,474,0,,(23.3),,,,,,
,231009,2京3,10,大山崎Ｓ･3勝,コパノハンプトン,,牡,3,幸英明, 57 ,13,5,"  ","  ","  ","  ",,4,10,ダ,1200,,重,0,,(栗),宮徹,1130,1.3,,6,7,37.7,43.6,,44.93,43.8,0.6,504,+2,,(6.0),,,,,,
,231009,2京3,10,大山崎Ｓ･3勝,ランドボルケーノ,,牡,5,松若風馬, 58 ,13,1,"  ","  ","  ","  ",,12,11,ダ,1200,,重,0,,(栗),安達昭夫,1139,2.2,,6,7,38.7,41.0,,44.93,43.8,0.5,494,+10,,(78.1),,,,,,
,231009,2京3,10,大山崎Ｓ･3勝,マラードザレコード,,セ,9,中井裕二, 58 ,13,10,"  ","  ","  ","  ",,11,12,ダ,1200,,重,0,,(栗),鈴木孝志,1141,2.4,,2,3,39.2,39.0,,44.93,43.8,0.2,484,+8,B,(48.1),,,,,,
,231009,2京3,10,大山崎Ｓ･3勝,テンテキセンセキ,,セ,6,小沢大仁, 58 ,13,11,"  ","  ","  ","  ",,13,13,ダ,1200,,重,0,,(栗),松永昌博,1144,2.7,,13,13,38.1,45.3,,44.93,43.8,1.6,462,-2,,(138.5),,,,,,
,231009,2京3,9,りんどう･1勝,キャプテンネキ,,牝,2,松山弘平, 55 ,10,4,"  ","  ","  ","  ",,5,１,芝,1400,A,重,1070,,(栗),杉山晴紀,1229,-0.0,,2,2,35.5,50.1,*,51.10,49.6,0.1,528,0,,770,210,1230,1150,2400,1660,10190
,231009,2京3,9,りんどう･1勝,セキトバイースト,,牝,2,藤岡康太, 55 ,10,3,"  ","  ","  ","  ",,1,２,芝,1400,A,重,430,,(栗),四位洋文,1229,0.0,,6,6,35.0,52.6,*,51.10,49.6,0.6,442,+8,,(3.6),140,1230,1150,2400,1660,10190
,231009,2京3,9,りんどう･1勝,バウンシーステップ,,牝,2,西村淳也, 55 ,10,8,"  ","  ","  ","  ",,4,３,芝,1400,A,重,270,,(栗),高橋亮,1229,0.0,,3,4,35.4,50.6,*,51.10,49.6,0.2,460,+4,,(7.1),180,,,,1660,10190
,231009,2京3,9,りんどう･1勝,ルクスノア,,牝,2,永島まな, 55 ,10,9,"  ","  ","  ","  ",,2,４,芝,1400,A,重,160,,(栗),平田修,1230,0.1,,6,2,35.6,49.9,*,51.10,49.6,0.1,466,-4,,(3.8),,,,,,
,231009,2京3,9,りんどう･1勝,ベネメレンティ,,牝,2,幸英明, 55 ,10,2,"  ","  ","  ","  ",,6,５,芝,1400,A,重,107,,(栗),河内洋,1230,0.1,,1,1,35.7,49.4,*,51.10,49.6,0.0,434,+4,,(13.0),,,,,,
,231009,2京3,9,りんどう･1勝,フェリシス,,牝,2,山本咲希, 55 ,10,5,"  ","  ","  ","  ",,10,６,芝,1400,A,重,0,,[地],石橋満,1234,0.5,,9,8,35.3,52.2,*,51.10,49.6,0.8,448,-2,,(231.6),,,,,,
,231009,2京3,9,りんどう･1勝,コートリーバウ,,牝,2,池添謙一, 55 ,10,1,"  ","  ","  ","  ",,7,７,芝,1400,A,重,0,,(栗),池添学,1236,0.7,,3,4,35.9,49.7,*,51.10,49.6,0.4,402,+6,,(13.2),,,,,,
,231009,2京3,9,りんどう･1勝,チークタイム,,牝,2,和田竜二, 55 ,10,10,"  ","  ","  ","  ",,8,８,芝,1400,A,重,0,,(栗),鈴木孝志,1240,1.1,,3,6,36.3,48.6,,51.10,49.6,0.4,450,+6,,(54.6),,,,,,
,231009,2京3,9,りんどう･1勝,レアリゼアンレーヴ,,牝,2,川田将雅, 55 ,10,6,"  ","  ","  ","  ",,3,９,芝,1400,A,重,0,,(栗),須貝尚介,1240,1.1,,8,8,36.0,50.0,,51.10,49.6,0.7,420,0,,(4.8),,,,,,
,231009,2京3,9,りんどう･1勝,ピンクレディ,,牝,2,吉村智洋, 55 ,10,7,"  ","  ","  ","  ",,9,10,芝,1400,A,重,0,,[地],保利良平,1254,2.5,,10,10,36.7,49.5,,51.10,49.6,1.4,466,-9,,(167.9),,,,,,
,231009,2京3,8,１勝ｸﾗｽ,ギーロカスタル,,牡,3,和田竜二, 57 ,16,14,"  ","  ","  ","  ",,4,１,ダ,1200,,重,800,,(栗),鈴木孝志,1128,-0.2,,5,5,37.7,43.1,*,43.67,41.1,0.4,466,+6,,700,260,4300,6450,10280,9530,58480
,231009,2京3,8,１勝ｸﾗｽ,マヴォロンテ,,牝,3,幸英明, 55 ,16,2,"  ","  ","  ","  ",,5,２,ダ,1200,,重,320,,(栗),松永幹夫,1130,0.2,,2,1,38.2,41.1,*,43.67,41.1,0.1,468,+22,,(11.4),370,4300,6450,10280,9530,58480
,231009,2京3,8,１勝ｸﾗｽ,サンガネーブ,,牡,3,北村友一, 57 ,16,7,"  ","  ","  ","  ",,3,３,ダ,1200,,重,200,,(栗),田中克典,1130,0.2,,15,15,37.1,46.8,*,43.67,41.1,1.2,500,+4,,(5.8),200,,,,9530,58480
,231009,2京3,8,１勝ｸﾗｽ,テーオートルネード,,牡,4,河原田菜,54★,16,15,"  ","  ","  ","  ",,12,４,ダ,1200,,重,120,,(栗),岡田稲男,1131,0.3,,14,14,37.2,46.5,*,43.67,41.1,1.2,478,+8,,(33.4),,,,,,
,231009,2京3,8,１勝ｸﾗｽ,ヒビキ,,牡,3,浜中俊, 57 ,16,9,"  ","  ","  ","  ",,8,５,ダ,1200,,重,80,,(栗),辻野泰之,1132,0.4,,3,3,38.3,41.1,*,43.67,41.1,0.2,486,0,B,(16.3),,,,,,
,231009,2京3,8,１勝ｸﾗｽ,ゴッドセンド,,牡,3,吉村智洋, 57 ,16,6,"  ","  ","  ","  ",,2,６,ダ,1200,,重,0,,(栗),浜田多実,1133,0.5,,9,8,38.1,42.4,*,43.67,41.1,0.5,486,+6,B,(4.7),,,,,,
,231009,2京3,8,１勝ｸﾗｽ,タイキエクセロン,,牡,4,国分恭介, 58 ,16,3,"  ","  ","  ","  ",,6,７,ダ,1200,,重,0,,(栗),西園翔太,1136,0.8,,5,5,38.6,40.7,*,43.67,41.1,0.3,502,0,,(13.1),,,,,,
,231009,2京3,8,１勝ｸﾗｽ,カゲマル,,牡,3,永島まな,54▲,16,12,"  ","  ","  ","  ",,1,８,ダ,1200,,重,0,,(栗),西園正都,1136,0.8,,11,9,37.9,44.2,*,43.67,41.1,1.0,516,+14,,(3.9),,,,,,
,231009,2京3,8,１勝ｸﾗｽ,サクハル,,牡,4,長岡禎仁, 58 ,16,11,"  ","  ","  ","  ",,11,９,ダ,1200,,重,0,,(栗),今野貞一,1136,0.8,,11,9,38.0,43.7,*,43.67,41.1,0.9,494,+2,,(31.9),,,,,,
,231009,2京3,8,１勝ｸﾗｽ,ベルドラゴ,,牡,4,田口貫太,55▲,16,10,"  ","  ","  ","  ",,13,10,ダ,1200,,重,0,,(栗),庄野靖志,1137,0.9,,15,15,37.7,45.5,*,43.67,41.1,1.3,486,+6,,(41.1),,,,,,
,231009,2京3,8,１勝ｸﾗｽ,テイエムルンバ,,牝,3,川島信二, 55 ,16,4,"  ","  ","  ","  ",,9,11,ダ,1200,,重,0,,(栗),畑端省吾,1142,1.4,,11,9,38.7,41.7,,43.67,41.1,0.8,478,+6,,(28.5),,,,,,
,231009,2京3,8,１勝ｸﾗｽ,フェリ,,牝,3,田中健, 55 ,16,8,"  ","  ","  ","  ",,7,12,ダ,1200,,重,0,,(栗),佐々木晶,1147,1.9,,5,7,39.6,38.6,,43.67,41.1,0.4,490,0,,(13.9),,,,,,
,231009,2京3,8,１勝ｸﾗｽ,ジョーフェイス,,牡,4,古川奈穂,54★,16,16,"  ","  ","  ","  ",,14,13,ダ,1200,,重,0,,(栗),小崎憲,1148,2.0,,9,9,39.4,39.8,,43.67,41.1,0.7,484,+4,B,(108.9),,,,,,
,231009,2京3,8,１勝ｸﾗｽ,インゴットバード,,牡,5,西村淳也, 58 ,16,1,"  ","  ","  ","  ",,16,14,ダ,1200,,重,0,,(栗),牧田和弥,1148,2.0,,1,2,40.1,36.5,,43.67,41.1,0.0,496,+10,,(154.2),,,,,,
,231009,2京3,8,１勝ｸﾗｽ,デアシュトゥルム,,牡,3,富田暁, 57 ,16,5,"  ","  ","  ","  ",,15,15,ダ,1200,,重,0,,(栗),吉田直弘,1153,2.5,,3,3,40.5,35.9,,43.67,41.1,0.1,458,+6,,(137.0),,,,,,
,231009,2京3,8,１勝ｸﾗｽ,グローバリスト,,牡,3,菅原明良, 57 ,16,13,"  ","  ","  ","  ",,10,16,ダ,1200,,重,0,,(栗),西村真幸,1154,2.6,,8,9,40.0,38.5,,43.67,41.1,0.7,500,0,,(31.7),,,,,,
,231009,2京3,7,１勝ｸﾗｽ,エンツォウーノ,,牡,3,岩田康誠, 56 ,13,3,"  ","  ","  ","  ",,4,１,ダ,1900,,重,800,,(栗),田中克典,1591,-0.6,13,2,1,37.6,50.0,*,48.97,49.3,0.2,512,-4,B,1080,180,2320,2180,5400,960,12750
,231009,2京3,7,１勝ｸﾗｽ,ディープリボーン,,牡,3,古川吉洋, 56 ,13,4,"  ","  ","  ","  ",,2,２,ダ,1900,,重,320,,(栗),四位洋文,1597,0.6,7,5,5,37.8,50.0,*,48.97,49.3,0.6,454,-4,,(3.8),120,2320,2180,5400,960,12750
,231009,2京3,7,１勝ｸﾗｽ,ロードトラスト,,牡,3,川田将雅, 56 ,13,7,"  ","  ","  ","  ",,1,３,ダ,1900,,重,200,,(栗),長谷川浩,2006,1.5,3,4,3,38.9,46.9,*,48.97,49.3,0.4,490,-6,B,(1.7),110,,,,960,12750
,231009,2京3,7,１勝ｸﾗｽ,ベストポイント,,牡,3,松若風馬, 56 ,13,9,"  ","  ","  ","  ",,3,４,ダ,1900,,重,120,,(栗),杉山晴紀,2011,2.0,6,6,5,39.2,46.4,*,48.97,49.3,0.6,500,0,,(9.4),,,,,,
,231009,2京3,7,１勝ｸﾗｽ,サーティファイド,,牡,4,幸英明, 58 ,13,8,"  ","  ","  ","  ",,5,５,ダ,1900,,重,80,,(栗),鮫島一歩,2011,2.0,8,6,8,38.9,47.5,*,48.97,49.3,0.9,476,+2,,(18.7),,,,,,
,231009,2京3,7,１勝ｸﾗｽ,イエスウィズキャン,,牡,3,田口貫太,53▲,13,6,"  ","  ","  ","  ",,7,６,ダ,1900,,重,0,,(栗),松永昌博,2015,2.4,10,6,8,39.4,46.2,,48.97,49.3,0.8,544,-6,,(31.6),,,,,,
,231009,2京3,7,１勝ｸﾗｽ,キングレガリア,,セ,4,角田大河,57☆,13,13,"  ","  ","  ","  ",,9,７,ダ,1900,,重,0,,(栗),新谷功一,2022,3.1,5,6,8,40.0,44.8,,48.97,49.3,0.9,534,-4,,(51.0),,,,,,
,231009,2京3,7,１勝ｸﾗｽ,テンカオーライ,,牡,3,西村淳也, 56 ,13,11,"  ","  ","  ","  ",,8,８,ダ,1900,,重,0,,(栗),松下武士,2023,3.2,3,6,5,40.4,43.6,,48.97,49.3,0.6,498,+4,,(44.1),,,,,,
,231009,2京3,7,１勝ｸﾗｽ,タマモマスラオ,,牡,3,小沢大仁,55☆,13,12,"  ","  ","  ","  ",,10,９,ダ,1900,,重,0,,(栗),緒方努,2030,3.9,2,2,2,41.7,40.0,,48.97,49.3,0.0,498,+18,,(59.7),,,,,,
,231009,2京3,7,１勝ｸﾗｽ,マサハヤウォルズ,,牡,3,今村聖奈,53▲,13,1,"  ","  ","  ","  ",,6,10,ダ,1900,,重,0,,(栗),今野貞一,2030,3.9,1,1,3,41.7,40.0,,48.97,49.3,0.0,470,+6,,(22.4),,,,,,
,231009,2京3,7,１勝ｸﾗｽ,ジョータルマエ,,セ,3,河原田菜,52★,13,5,"  ","  ","  ","  ",,11,11,ダ,1900,,重,0,,(栗),中竹和也,2031,4.0,10,12,12,39.8,46.6,,48.97,49.3,2.0,490,-2,,(93.5),,,,,,
,231009,2京3,7,１勝ｸﾗｽ,アットアブラスト,,牡,3,国分恭介, 56 ,13,2,"  ","  ","  ","  ",,13,12,ダ,1900,,重,0,,(栗),牧田和弥,2032,4.1,8,12,12,39.9,46.4,,48.97,49.3,2.0,466,0,B,(164.8),,,,,,
,231009,2京3,7,１勝ｸﾗｽ,マーゴットワーズ,,牡,4,荻野琢真, 58 ,13,10,"  ","  ","  ","  ",,12,13,ダ,1900,,重,0,,(栗),小林真也,2044,5.3,10,11,11,41.7,41.5,,48.97,49.3,1.4,472,-2,,(102.9),,,,,,
,231009,2京3,6,１勝ｸﾗｽ・牝,スマートケープ,,牝,3,松山弘平, 54 ,11,2,"  ","  ","  ","  ",,1,１,ダ,1800,,重,800,,(栗),辻野泰之,1529,-0.9,1,1,1,38.1,48.2,*,46.90,48.2,0.0,496,+8,,280,120,580,620,990,810,2820
,231009,2京3,6,１勝ｸﾗｽ・牝,クリノクリスタル,,牝,3,田口貫太,51▲,11,4,"  ","  ","  ","  ",,3,２,ダ,1800,,重,320,,(栗),大橋勇樹,1538,0.9,3,4,4,38.7,47.0,*,46.90,48.2,0.3,464,+8,,(4.1),120,580,620,990,810,2820
,231009,2京3,6,１勝ｸﾗｽ・牝,メイショウコボケ,,牝,3,河原田菜,50★,11,10,"  ","  ","  ","  ",,2,３,ダ,1800,,重,200,,(栗),河内洋,1541,1.2,2,2,2,39.2,45.5,*,46.90,48.2,0.1,490,0,,(3.2),120,,,,810,2820
,231009,2京3,6,１勝ｸﾗｽ・牝,ヤエベニシダレ,,牝,3,古川奈穂,50★,11,6,"  ","  ","  ","  ",,6,４,ダ,1800,,重,120,,(栗),梅田智之,1543,1.4,9,6,6,38.5,48.4,*,46.90,48.2,1.0,452,0,,(28.1),,,,,,
,231009,2京3,6,１勝ｸﾗｽ・牝,ライジングラパス,,牝,3,国分恭介, 54 ,11,1,"  ","  ","  ","  ",,4,５,ダ,1800,,重,80,,(栗),宮本博,1544,1.5,3,4,2,39.3,45.5,,46.90,48.2,0.3,444,+8,,(7.0),,,,,,
,231009,2京3,6,１勝ｸﾗｽ・牝,ナオミニデレデレヤ,,牝,4,永島まな,53▲,11,5,"  ","  ","  ","  ",,10,６,ダ,1800,,重,0,,(栗),畑端省吾,1550,2.1,11,11,9,38.3,50.1,*,46.90,48.2,1.9,470,+3,,(111.3),,,,,,
,231009,2京3,6,１勝ｸﾗｽ・牝,ヴィラーゴスリーブ,,牝,3,西塚洸二,51▲,11,7,"  ","  ","  ","  ",,7,７,ダ,1800,,重,0,,(栗),藤原英昭,1558,2.9,8,9,11,39.3,47.3,,46.90,48.2,1.7,494,-8,B,(37.8),,,,,,
,231009,2京3,6,１勝ｸﾗｽ・牝,キャロルビアンカ,,牝,3,城戸義政, 54 ,11,3,"  ","  ","  ","  ",,11,８,ダ,1800,,重,0,,(栗),荒川義之,1560,3.1,9,9,10,39.5,46.8,,46.90,48.2,1.7,482,+12,,(186.5),,,,,,
,231009,2京3,6,１勝ｸﾗｽ・牝,レクランスリール,,牝,3,今村聖奈,51▲,11,11,"  ","  ","  ","  ",,9,９,ダ,1800,,重,0,,(栗),小林真也,1560,3.1,7,6,7,40.2,44.3,,46.90,48.2,1.0,458,-6,,(55.9),,,,,,
,231009,2京3,6,１勝ｸﾗｽ・牝,ランスオブサターン,,牝,3,角田大河,53☆,11,8,"  ","  ","  ","  ",,5,10,ダ,1800,,重,0,,(栗),本田優,1566,3.7,3,3,4,41.5,40.5,,46.90,48.2,0.3,462,+18,,(11.2),,,,,,
,231009,2京3,6,１勝ｸﾗｽ・牝,ワイドアウェイク,,牝,5,川端海翼,53▲,11,9,"  ","  ","  ","  ",,8,11,ダ,1800,,重,0,,(栗),加用正,1590,6.1,6,6,8,43.2,37.7,,46.90,48.2,1.0,510,+8,,(50.9),,,,,,
,231009,2京3,5,新馬,オールナット,,牡,2,北村友一, 56 ,10,3,"  ","  ","  ","  ",,2,１,芝,2000,A,重,720,,(栗),高野友和,2055,-0.3,1,1,1,34.4,63.5,*,63.80,63.5,0.0,518,,,350,140,1530,1870,2850,1580,9320
,231009,2京3,5,新馬,プレリュードシチー,,牡,2,幸英明, 56 ,10,9,"  ","  ","  ","  ",,4,２,芝,2000,A,重,290,,(栗),高橋義忠,2058,0.3,3,3,3,34.5,63.4,*,63.80,63.5,0.2,458,,,(8.7),190,1530,1870,2850,1580,9320
,231009,2京3,5,新馬,ジャスティンアース,,牡,2,松山弘平, 56 ,10,6,"  ","  ","  ","  ",,1,３,芝,2000,A,重,180,,(栗),杉山晴紀,2059,0.4,10,8,4,34.3,64.5,*,63.80,63.5,0.5,484,,,(2.8),130,,,,1580,9320
,231009,2京3,5,新馬,メイショウタバル,,牡,2,角田大河,55☆,10,5,"  ","  ","  ","  ",,3,４,芝,2000,A,重,110,,(栗),石橋守,2059,0.4,8,8,9,34.2,64.9,*,63.80,63.5,0.6,502,,,(5.3),,,,,,
,231009,2京3,5,新馬,ウォーターリヒト,,牡,2,団野大成, 56 ,10,10,"  ","  ","  ","  ",,8,５,芝,2000,A,重,72,,(栗),河内洋,2064,0.9,9,4,4,35.0,61.9,*,63.80,63.5,0.3,464,,,(33.6),,,,,,
,231009,2京3,5,新馬,マサハヤヴォス,,牡,2,和田竜二, 56 ,10,2,"  ","  ","  ","  ",,7,６,芝,2000,A,重,0,,(栗),今野貞一,2064,0.9,6,8,9,34.8,62.8,*,63.80,63.5,0.5,456,,,(22.1),,,,,,
,231009,2京3,5,新馬,レグロスヴァーグ,,牡,2,菅原明良, 56 ,10,1,"  ","  ","  ","  ",,9,７,芝,2000,A,重,0,,(栗),鈴木孝志,2065,1.0,3,4,4,35.1,61.6,*,63.80,63.5,0.3,498,,,(47.2),,,,,,
,231009,2京3,5,新馬,アリストクラシア,,牝,2,西村淳也, 55 ,10,7,"  ","  ","  ","  ",,5,８,芝,2000,A,重,0,,(栗),吉岡辰弥,2065,1.0,6,4,4,35.1,61.6,*,63.80,63.5,0.3,470,,,(11.2),,,,,,
,231009,2京3,5,新馬,メイショウミシガン,,牡,2,松若風馬, 56 ,10,8,"  ","  ","  ","  ",,10,９,芝,2000,A,重,0,,(栗),鮫島一歩,2070,1.5,2,2,2,35.8,59.2,,63.80,63.5,0.1,452,,,(76.7),,,,,,
,231009,2京3,5,新馬,ダイシンカーリー,,牝,2,岩田康誠, 55 ,10,4,"  ","  ","  ","  ",,6,10,芝,2000,A,重,0,,(栗),吉田直弘,2072,1.7,5,4,4,35.8,59.4,,63.80,63.5,0.3,428,,,(17.3),,,,,,
,231009,2京3,4,新馬,バンドシェル,,牡,2,菅原明良, 56 ,17,14,"  ","  ","  ","  ",,4,１,芝,1400,A,重,720,,(栗),西村真幸,1227,-0.0,,8,9,35.6,49.2,*,48.70,44.5,1.0,458,,,1470,460,1620,9550,21820,19940,159740
,231009,2京3,4,新馬,サリュエ,,牡,2,藤岡康太, 56 ,17,3,"  ","  ","  ","  ",,5,２,芝,1400,A,重,290,,(栗),野中賢二,1227,0.0,,8,5,35.7,48.7,*,48.70,44.5,0.9,480,,,(15.5),350,1620,9550,21820,19940,159740
,231009,2京3,4,新馬,ラヴァンダ,,牝,2,藤岡佑介, 55 ,17,6,"  ","  ","  ","  ",,3,３,芝,1400,A,重,180,,(栗),中村直也,1229,0.2,,6,5,35.9,48.2,*,48.70,44.5,0.9,464,,,(7.3),270,,,,19940,159740
,231009,2京3,4,新馬,コスモララバイ,,牝,2,和田竜二, 55 ,17,10,"  ","  ","  ","  ",,11,４,芝,1400,A,重,110,,(栗),吉田直弘,1230,0.3,,3,3,36.5,45.5,*,48.70,44.5,0.4,412,,,(32.3),,,,,,
,231009,2京3,4,新馬,ウッドバイン,,牝,2,田辺裕信, 55 ,17,1,"  ","  ","  ","  ",,6,５,芝,1400,A,重,72,,(栗),河内洋,1232,0.5,,4,4,36.5,46.0,*,48.70,44.5,0.6,438,,,(17.7),,,,,,
,231009,2京3,4,新馬,ペプチドヒナタ,,牡,2,富田暁, 56 ,17,7,"  ","  ","  ","  ",,9,６,芝,1400,A,重,0,,(栗),武英智,1232,0.5,,12,9,36.0,48.3,*,48.70,44.5,1.1,474,,,(27.6),,,,,,
,231009,2京3,4,新馬,グロリアラウス,,牡,2,団野大成, 56 ,17,16,"  ","  ","  ","  ",,2,７,芝,1400,A,重,0,,(栗),斉藤崇史,1234,0.7,,2,2,37.2,43.1,*,48.70,44.5,0.1,492,,,(4.1),,,,,,
,231009,2京3,4,新馬,セロリ,,牝,2,太宰啓介, 55 ,17,8,"  ","  ","  ","  ",,10,８,芝,1400,A,重,0,*,(栗),高橋亮,1237,1.0,,12,13,36.4,47.5,*,48.70,44.5,1.2,458,,,(31.3),,,,,,
,231009,2京3,4,新馬,フェリーニ,,牡,2,松山弘平, 56 ,17,4,"  ","  ","  ","  ",,1,９,芝,1400,A,重,0,,(栗),橋口慎介,1238,1.1,,8,9,36.6,46.7,,48.70,44.5,1.1,506,,,(2.7),,,,,,
,231009,2京3,4,新馬,フェアアイル,,牝,2,松若風馬, 55 ,17,11,"  ","  ","  ","  ",,8,10,芝,1400,A,重,0,,(栗),音無秀孝,1239,1.2,,4,5,37.2,44.2,,48.70,44.5,0.6,400,,,(26.0),,,,,,
,231009,2京3,4,新馬,ヴァーニャ,,牝,2,Ｍ．デム, 55 ,17,2,"  ","  ","  ","  ",,7,11,芝,1400,A,重,0,,(栗),杉山佳明,1241,1.4,,15,15,36.1,49.7,*,48.70,44.5,1.9,478,,,(20.7),,,,,,
,231009,2京3,4,新馬,ルクスリーベン,,牝,2,小沢大仁,54☆,17,15,"  ","  ","  ","  ",,16,12,芝,1400,A,重,0,,(栗),松永昌博,1241,1.4,,1,1,38.0,41.0,,48.70,44.5,0.0,452,,,(205.3),,,,,,
,231009,2京3,4,新馬,モンディーン,,牝,2,幸英明, 55 ,17,12,"  ","  ","  ","  ",,12,13,芝,1400,A,重,0,,(栗),西園翔太,1243,1.6,,12,14,36.8,46.8,,48.70,44.5,1.4,410,,,(49.4),,,,,,
,231009,2京3,4,新馬,ワンダーエトワール,,牝,2,永島まな,52▲,17,13,"  ","  ","  ","  ",,14,14,芝,1400,A,重,0,,(栗),小崎憲,1246,1.9,,6,8,37.7,43.3,,48.70,44.5,0.8,408,,,(75.6),,,,,,
,231009,2京3,4,新馬,クリノローレライ,,牝,2,田口貫太,52▲,17,5,"  ","  ","  ","  ",,13,15,芝,1400,A,重,0,,(栗),長谷川浩,1251,2.4,,8,9,38.0,43.0,,48.70,44.5,1.0,428,,,(54.0),,,,,,
,231009,2京3,4,新馬,ソリューション,,牡,2,河原田菜,52★,17,17,"  ","  ","  ","  ",,15,16,芝,1400,A,重,0,,(栗),加用正,1257,3.0,,17,17,37.1,48.2,,48.70,44.5,2.5,442,,,(141.1),,,,,,
,231009,2京3,4,新馬,ロングレジリエント,,牡,2,長岡禎仁, 56 ,17,9,"  ","  ","  ","  ",,17,17,芝,1400,A,重,0,*,(栗),高橋亮,1260,3.3,,15,15,37.9,45.2,,48.70,44.5,2.0,420,,,(208.9),,,,,,
,231009,2京3,3,未勝利*,ストラクチャー,,牡,2,古川吉洋, 56 ,9,6,"  ","  ","  ","  ",,6,１,芝,1800,A,重,550,,(栗),浜田多実,1487,-0.1,,7,7,35.9,51.4,*,49.60,48.5,0.7,446,+2,,2350,310,5490,5380,12220,3190,39080
,231009,2京3,3,未勝利*,ロードバルベーラ,,牡,2,川須栄彦, 56 ,9,2,"  ","  ","  ","  ",,5,２,芝,1800,A,重,220,,(栗),奥村豊,1488,0.1,,3,3,36.5,49.0,*,49.60,48.5,0.2,452,-10,,(6.1),180,5490,5380,12220,3190,39080
,231009,2京3,3,未勝利*,パシフィックハイ,,牝,2,松山弘平, 55 ,9,7,"  ","  ","  ","  ",,1,３,芝,1800,A,重,140,,(栗),杉山佳明,1489,0.2,,2,2,36.7,48.4,*,49.60,48.5,0.1,446,-4,,(3.5),150,,,,3190,39080
,231009,2京3,3,未勝利*,ゲインサポート,,牡,2,団野大成, 56 ,9,5,"  ","  ","  ","  ",,3,４,芝,1800,A,重,83,,(栗),斉藤崇史,1493,0.6,,3,4,36.9,48.1,*,49.60,48.5,0.3,450,0,,(4.3),,,,,,
,231009,2京3,3,未勝利*,ミヤビネルソン,,牡,2,角田大河,55☆,9,9,"  ","  ","  ","  ",,8,５,芝,1800,A,重,55,,(栗),笹田和秀,1501,1.4,,6,4,37.5,46.8,,49.60,48.5,0.5,456,-6,,(112.2),,,,,,
,231009,2京3,3,未勝利*,カールスタード,,牡,2,西村淳也, 56 ,9,4,"  ","  ","  ","  ",,2,６,芝,1800,A,重,0,,(栗),吉岡辰弥,1501,1.4,,3,4,37.6,46.4,,49.60,48.5,0.4,488,+2,,(3.6),,,,,,
,231009,2京3,3,未勝利*,グッドムード,,牝,2,今村聖奈,52▲,9,8,"  ","  ","  ","  ",,7,７,芝,1800,A,重,0,,(栗),寺島良,1511,2.4,,7,8,38.1,45.8,,49.60,48.5,0.9,426,+4,,(78.7),,,,,,
,231009,2京3,3,未勝利*,ダイシンアレス,,牡,2,岩田康誠, 56 ,9,3,"  ","  ","  ","  ",,4,８,芝,1800,A,重,0,,(栗),庄野靖志,1515,2.8,,1,1,39.4,41.5,,49.60,48.5,0.0,470,+6,,(6.1),,,,,,
,231009,2京3,3,未勝利*,マッチョマン,,牡,2,松若風馬, 56 ,9,1,"  ","  ","  ","  ",,9,９,芝,1800,A,重,0,,(栗),安達昭夫,1524,3.7,,9,9,39.2,43.4,,49.60,48.5,1.1,360,+2,,(240.5),,,,,,
,231009,2京3,2,未勝利*,エコロガイア,,牡,2,川田将雅, 56 ,10,8,"  ","  ","  ","  ",,1,１,ダ,1200,,重,550,,(栗),森秀行,1126,-1.3,,4,2,36.8,47.3,*,45.33,45.2,0.4,462,+4,,210,130,7240,21100,20750,29050,142870
,231009,2京3,2,未勝利*,リリーエクスプレス,,牡,2,国分恭介, 56 ,10,4,"  ","  ","  ","  ",,9,２,ダ,1200,,重,220,*,(栗),茶木太樹,1139,1.3,,6,5,37.6,46.5,*,45.33,45.2,0.9,544,-6,,(256.2),2430,7240,21100,20750,29050,142870
,231009,2京3,2,未勝利*,プリンセスカレン,,牝,2,田口貫太,52▲,10,10,"  ","  ","  ","  ",,3,３,ダ,1200,,重,140,,(栗),大橋勇樹,1142,1.6,,2,4,38.6,42.2,*,45.33,45.2,0.2,422,+4,,(7.5),190,,,,29050,142870
,231009,2京3,2,未勝利*,グランエシェゾー,,牝,2,Ｍ．デム, 55 ,10,5,"  ","  ","  ","  ",,6,４,ダ,1200,,重,83,,(栗),新谷功一,1144,1.8,,7,7,37.8,46.8,*,45.33,45.2,1.2,482,-4,,(13.6),,,,,,
,231009,2京3,2,未勝利*,シリウス,,牡,2,和田竜二, 56 ,10,3,"  ","  ","  ","  ",,2,５,ダ,1200,,重,55,,(栗),石坂公一,1144,1.8,,2,2,38.8,41.8,,45.33,45.2,0.2,450,+6,,(4.1),,,,,,
,231009,2京3,2,未勝利*,ランウインディ,,牝,2,川須栄彦, 55 ,10,1,"  ","  ","  ","  ",,7,６,ダ,1200,,重,0,,(栗),中尾秀正,1149,2.3,,1,1,39.5,39.6,,45.33,45.2,0.0,446,+2,,(14.2),,,,,,
,231009,2京3,2,未勝利*,メネラオス,,牡,2,松山弘平, 56 ,10,2,"  ","  ","  ","  ",,5,７,ダ,1200,,重,0,,(栗),奥村豊,1152,2.6,,4,5,39.4,40.9,,45.33,45.2,0.4,542,+2,,(12.8),,,,,,
,231009,2京3,2,未勝利*,コパノアマンダ,,牝,2,河原田菜,51★,10,9,"  ","  ","  ","  ",,8,８,ダ,1200,,重,0,,(栗),村山明,1157,3.1,,10,10,38.2,48.2,,45.33,45.2,2.1,448,+10,,(136.4),,,,,,
,231009,2京3,2,未勝利*,シャカシャカシー,,牡,2,西村淳也, 56 ,10,7,"  ","  ","  ","  ",,4,９,ダ,1200,,重,0,*,(栗),茶木太樹,1157,3.1,,9,9,38.5,46.6,,45.33,45.2,1.8,510,+6,,(9.4),,,,,,
,231009,2京3,2,未勝利*,プレパラシオン,,牝,2,藤岡康太, 55 ,10,6,"  ","  ","  ","  ",,10,10,ダ,1200,,重,0,,(栗),杉山佳明,1168,4.2,,8,8,40.1,41.5,,45.33,45.2,1.3,454,0,,(267.5),,,,,,
,231009,2京3,1,未勝利*,マイネルティグレ,,牡,2,和田竜二, 56 ,12,2,"  ","  ","  ","  ",,5,１,芝,1400,A,重,550,,(栗),西園正都,1226,-0.2,,3,3,36.4,45.2,*,45.17,43.8,0.3,476,0,,1170,310,1240,7290,14680,10850,90130
,231009,2京3,1,未勝利*,タイキヴァンクール,,牡,2,田辺裕信, 56 ,12,10,"  ","  ","  ","  ",,8,２,芝,1400,A,重,220,,(栗),中尾秀正,1228,0.2,,7,9,36.2,46.5,*,45.17,43.8,0.7,512,+18,,(18.2),440,1240,7290,14680,10850,90130
,231009,2京3,1,未勝利*,イリスアスール,,牝,2,角田大河,54☆,12,6,"  ","  ","  ","  ",,3,３,芝,1400,A,重,140,,(栗),角田晃一,1228,0.2,,2,2,36.8,43.8,*,45.17,43.8,0.1,454,-8,,(5.3),190,,,,10850,90130
,231009,2京3,1,未勝利*,ポマール,,牝,2,西村淳也, 55 ,12,4,"  ","  ","  ","  ",,4,４,芝,1400,A,重,83,,(栗),小栗実,1229,0.3,,9,7,36.4,45.8,*,45.17,43.8,0.6,448,+10,,(10.9),,,,,,
,231009,2京3,1,未勝利*,ディーエストッキー,,牡,2,松山弘平, 56 ,12,9,"  ","  ","  ","  ",,1,５,芝,1400,A,重,55,,(栗),橋口慎介,1229,0.3,,3,5,36.6,44.9,*,45.17,43.8,0.4,458,+10,,(2.9),,,,,,
,231009,2京3,1,未勝利*,キアロヴェローチェ,,牡,2,浜中俊, 56 ,12,3,"  ","  ","  ","  ",,7,６,芝,1400,A,重,0,,(栗),武幸四郎,1229,0.3,,1,1,37.0,43.0,*,45.17,43.8,0.0,466,-2,,(17.9),,,,,,
,231009,2京3,1,未勝利*,ピストンボーイ,,牡,2,Ｍ．デム, 56 ,12,1,"  ","  ","  ","  ",,6,７,芝,1400,A,重,0,,(栗),池添学,1231,0.5,,3,3,36.9,43.9,*,45.17,43.8,0.3,504,+6,,(12.9),,,,,,
,231009,2京3,1,未勝利*,ピースラピッド,,牡,2,田口貫太,53▲,12,7,"  ","  ","  ","  ",,9,８,芝,1400,A,重,0,,(栗),羽月友彦,1232,0.6,,9,10,36.5,46.0,*,45.17,43.8,0.8,474,+2,,(31.0),,,,,,
,231009,2京3,1,未勝利*,ジーティームテキ,,牡,2,菅原明良, 56 ,12,12,"  ","  ","  ","  ",,12,９,芝,1400,A,重,0,,(栗),西村真幸,1233,0.7,,9,10,36.6,45.7,*,45.17,43.8,0.8,434,+8,,(174.4),,,,,,
,231009,2京3,1,未勝利*,ピカリ,,牝,2,川田将雅, 55 ,12,8,"  ","  ","  ","  ",,2,10,芝,1400,A,重,0,,(栗),森秀行,1242,1.6,,3,5,38.0,41.2,,45.17,43.8,0.3,486,+10,,(4.0),,,,,,
,231009,2京3,1,未勝利*,ウエストチェリー,,牝,2,小沢大仁,54☆,12,5,"  ","  ","  ","  ",,10,11,芝,1400,A,重,0,,(栗),松永昌博,1243,1.7,,7,7,37.9,41.8,,45.17,43.8,0.5,462,-4,,(127.8),,,,,,
,231009,2京3,1,未勝利*,ジャコムスビ,,牡,2,川島信二, 56 ,12,11,"  ","  ","  ","  ",,11,12,芝,1400,A,重,0,,(栗),荒川義之,1256,3.0,,12,12,38.4,42.2,,45.17,43.8,1.3,474,+26,,(166.7),,,,,,
,231008,2京2,12,２勝ｸﾗｽ,アルムラトゥール,,牡,3,鷲頭虎太,54▲,13,3,"  ","  ","  ","  ",,3,１,ダ,1200,,良,1140,,(栗),川村禎彦,1116,-0.1,,1,1,37.0,43.5,*,45.23,43.5,0.0,498,0,B,520,230,4450,4820,7700,9260,52330
,231008,2京2,12,２勝ｸﾗｽ,コンクエスト,,セ,4,鮫島克駿, 58 ,13,6,"  ","  ","  ","  ",,5,２,ダ,1200,,良,460,,(美),小笠倫弘,1117,0.1,,7,5,36.2,48.1,*,45.23,43.5,0.9,494,+10,,(17.4),430,4450,4820,7700,9260,52330
,231008,2京2,12,２勝ｸﾗｽ,ルアル,,牡,4,幸英明, 58 ,13,12,"  ","  ","  ","  ",,2,３,ダ,1200,,良,290,,(栗),安達昭夫,1118,0.2,,2,2,37.0,44.1,*,45.23,43.5,0.2,534,-4,,(4.3),200,,,,9260,52330
,231008,2京2,12,２勝ｸﾗｽ,ミラクル,,牝,5,和田竜二, 56 ,13,9,"  ","  ","  ","  ",,8,４,ダ,1200,,良,170,,(栗),加用正,1119,0.3,,4,3,36.7,45.9,*,45.23,43.5,0.6,476,+10,,(46.1),,,,,,
,231008,2京2,12,２勝ｸﾗｽ,メイショウピース,,牝,3,秋山真一, 55 ,13,4,"  ","  ","  ","  ",,1,５,ダ,1200,,良,114,,(栗),高橋亮,1119,0.3,,3,3,36.9,44.9,*,45.23,43.5,0.4,472,+6,,(1.8),,,,,,
,231008,2京2,12,２勝ｸﾗｽ,プレイテシア,,牝,4,田口貫太,53▲,13,8,"  ","  ","  ","  ",,4,６,ダ,1200,,良,0,,(栗),羽月友彦,1120,0.4,,8,5,36.4,47.8,*,45.23,43.5,1.0,432,0,,(13.8),,,,,,
,231008,2京2,12,２勝ｸﾗｽ,パルデンス,,牡,5,今村聖奈,55▲,13,2,"  ","  ","  ","  ",,7,７,ダ,1200,,良,0,,(美),中野栄治,1122,0.6,,13,13,35.9,51.1,*,45.23,43.5,1.7,488,-6,,(45.0),,,,,,
,231008,2京2,12,２勝ｸﾗｽ,ドンフクリン,,牡,4,藤岡康太, 58 ,13,11,"  ","  ","  ","  ",,12,８,ダ,1200,,良,0,,(栗),庄野靖志,1125,0.9,,12,12,36.5,48.6,*,45.23,43.5,1.4,470,+4,,(77.2),,,,,,
,231008,2京2,12,２勝ｸﾗｽ,ゲンパチレオニダス,,牡,4,古川奈穂,54★,13,5,"  ","  ","  ","  ",,11,９,ダ,1200,,良,0,,(栗),牧浦充徳,1126,1.0,,11,9,36.8,47.3,*,45.23,43.5,1.2,498,-2,,(71.8),,,,,,
,231008,2京2,12,２勝ｸﾗｽ,デアリングウーマン,,牝,5,角田大河,55☆,13,10,"  ","  ","  ","  ",,10,10,ダ,1200,,良,0,*,(栗),角田晃一,1127,1.1,,4,5,37.4,44.4,,45.23,43.5,0.7,450,+2,,(57.4),,,,,,
,231008,2京2,12,２勝ｸﾗｽ,ゴッドクインビー,,牝,4,角田大和,55☆,13,7,"  ","  ","  ","  ",,13,11,ダ,1200,,良,0,*,(栗),角田晃一,1130,1.4,,8,9,37.4,45.2,,45.23,43.5,1.0,452,+14,,(172.7),,,,,,
,231008,2京2,12,２勝ｸﾗｽ,チャーミングアクト,,牝,6,永島まな,53▲,13,13,"  ","  ","  ","  ",,6,12,ダ,1200,,良,0,,(栗),飯田雄三,1135,1.9,,8,8,37.8,44.4,,45.23,43.5,1.1,478,+8,,(18.1),,,,,,
,231008,2京2,12,２勝ｸﾗｽ,サエールフェイス,,牝,4,河原田菜,52★,13,1,"  ","  ","  ","  ",,9,13,ダ,1200,,良,0,,(栗),石橋守,1139,2.3,,4,9,38.6,41.5,,45.23,43.5,0.7,486,+8,,(51.8),,,,,,
,231008,2京2,11,オパーＨ(L),メイショウゲンセン,,牝,6,藤岡康太, 53 ,18,13,"  ","  ","  ","  ",,2,１,芝,1200,A,良,2700,,(栗),武幸四郎,1081,-0.1,,1,1,34.5,47.4,*,51.83,47.4,0.0,454,+24,,600,260,820,3980,7040,53250,193680
,231008,2京2,11,オパーＨ(L),シングザットソング,,牝,3,鮫島克駿, 54 ,18,6,"  ","  ","  ","  ",,5,２,芝,1200,A,良,1100,,(栗),高野友和,1082,0.1,,12,11,33.6,53.0,*,51.83,47.4,1.0,448,0,,(11.1),350,820,3980,7040,53250,193680
,231008,2京2,11,オパーＨ(L),ディヴィナシオン,,牡,6,団野大成, 56 ,18,4,"  ","  ","  ","  ",,14,３,芝,1200,A,良,680,*,(栗),森秀行,1083,0.2,,16,15,33.3,55.1,*,51.83,47.4,1.4,480,-2,,(43.2),770,,,,53250,193680
,231008,2京2,11,オパーＨ(L),タマモブラックタイ,,牡,3,角田大河, 56 ,18,3,"  ","  ","  ","  ",,7,４,芝,1200,A,良,410,,(栗),角田晃一,1084,0.3,,6,6,34.3,49.4,*,51.83,47.4,0.5,512,-2,,(14.2),,,,,,
,231008,2京2,11,オパーＨ(L),クリノマジン,,牡,4,和田竜二, 55 ,18,10,"  ","  ","  ","  ",,11,５,芝,1200,A,良,270,,(栗),高橋義忠,1084,0.3,,9,6,34.1,50.6,*,51.83,47.4,0.7,454,-6,,(34.5),,,,,,
,231008,2京2,11,オパーＨ(L),メディーヴァル,,牡,5,西塚洸二, 54 ,18,1,"  ","  ","  ","  ",,15,６,芝,1200,A,良,0,,(栗),寺島良,1085,0.4,,3,3,34.6,48.0,*,51.83,47.4,0.3,470,0,,(82.2),,,,,,
,231008,2京2,11,オパーＨ(L),スリーパーダ,,牝,4,坂井瑠星, 53 ,18,5,"  ","  ","  ","  ",,4,７,芝,1200,A,良,0,,(栗),斉藤崇史,1085,0.4,,6,6,34.4,49.1,*,51.83,47.4,0.5,434,+12,,(7.6),,,,,,
,231008,2京2,11,オパーＨ(L),ムーンプローブ,,牝,3,吉田隼人, 52 ,18,11,"  ","  ","  ","  ",,8,８,芝,1200,A,良,0,,(栗),上村洋行,1087,0.6,,14,14,33.9,52.7,*,51.83,47.4,1.2,474,-12,,(20.6),,,,,,
,231008,2京2,11,オパーＨ(L),タイセイアベニール,,牡,8,国分恭介, 56 ,18,12,"  ","  ","  ","  ",,16,９,芝,1200,A,良,0,,(栗),西村真幸,1089,0.8,,17,17,33.7,54.5,*,51.83,47.4,1.6,498,+2,B,(92.5),,,,,,
,231008,2京2,11,オパーＨ(L),ファロロジー,,牝,4,浜中俊, 53 ,18,15,"  ","  ","  ","  ",,9,10,芝,1200,A,良,0,,(美),高橋裕,1089,0.8,,12,11,34.3,50.9,*,51.83,47.4,1.0,462,-2,B,(22.6),,,,,,
,231008,2京2,11,オパーＨ(L),ジャスパージャック,,牡,7,岩田望来, 57 ,18,8,"  ","  ","  ","  ",,10,11,芝,1200,A,良,0,*,(栗),森秀行,1091,1.0,,2,2,35.4,45.2,*,51.83,47.4,0.1,544,+6,B,(27.7),,,,,,
,231008,2京2,11,オパーＨ(L),ビッグシーザー,,牡,3,幸英明, 56 ,18,2,"  ","  ","  ","  ",,1,12,芝,1200,A,良,0,,(栗),西園正都,1091,1.0,,3,3,35.2,46.3,*,51.83,47.4,0.3,512,0,,(3.4),,,,,,
,231008,2京2,11,オパーＨ(L),ジャングロ,,牡,4,武豊,57.5,18,17,"  ","  ","  ","  ",,3,13,芝,1200,A,良,0,*,(栗),森秀行,1091,1.0,,3,3,35.2,46.3,*,51.83,47.4,0.3,470,+8,,(6.5),,,,,,
,231008,2京2,11,オパーＨ(L),メイショウオーパス,,牡,8,富田暁, 54 ,18,18,"  ","  ","  ","  ",,17,14,芝,1200,A,良,0,,(栗),飯田祐史,1093,1.2,,18,18,33.7,55.6,*,51.83,47.4,2.0,504,-8,,(151.3),,,,,,
,231008,2京2,11,オパーＨ(L),トキメキ,,牝,6,黛弘人, 54 ,18,7,"  ","  ","  ","  ",,12,15,芝,1200,A,良,0,,(美),斎藤誠,1093,1.2,,9,9,35.0,48.0,,51.83,47.4,0.7,514,0,,(37.7),,,,,,
,231008,2京2,11,オパーＨ(L),ボンボヤージ,,牝,6,川須栄彦, 55 ,18,14,"  ","  ","  ","  ",,6,16,芝,1200,A,良,0,,(栗),梅田智之,1093,1.2,,6,9,35.1,47.4,,51.83,47.4,0.6,454,+6,,(11.9),,,,,,
,231008,2京2,11,オパーＨ(L),カイザーメランジェ,,牡,8,荻野極, 55 ,18,16,"  ","  ","  ","  ",,18,17,芝,1200,A,良,0,,(美),中野栄治,1096,1.5,,9,11,35.2,47.7,,51.83,47.4,0.8,474,-6,,(201.9),,,,,,
,231008,2京2,11,オパーＨ(L),スンリ,,牝,5,池添謙一, 54 ,18,9,"  ","  ","  ","  ",,13,18,芝,1200,A,良,0,,(栗),清水久詞,1097,1.6,,15,15,34.7,50.9,,51.83,47.4,1.4,498,+10,B,(41.8),,,,,,
,231008,2京2,10,トルマリ･3勝,サーマルソアリング,,牝,3,北村友一, 54 ,15,14,"  ","  ","  ","  ",,1,１,ダ,1800,,良,1840,,(栗),藤原英昭,1509,-0.2,3,3,2,36.3,52.8,*,51.93,51.1,0.4,480,-6,,130,110,390,1640,1770,13080,29450
,231008,2京2,10,トルマリ･3勝,ミラクルティアラ,,牝,3,坂井瑠星, 54 ,15,6,"  ","  ","  ","  ",,8,２,ダ,1800,,良,740,,(栗),加用正,1511,0.2,1,1,1,36.9,50.5,*,51.93,51.1,0.0,442,-2,,(33.9),470,390,1640,1770,13080,29450
,231008,2京2,10,トルマリ･3勝,ドライゼ,,牝,4,団野大成, 56 ,15,10,"  ","  ","  ","  ",,10,３,ダ,1800,,良,460,,(栗),須貝尚介,1516,0.7,8,7,6,36.6,52.5,*,51.93,51.1,0.8,494,-2,,(46.5),500,,,,13080,29450
,231008,2京2,10,トルマリ･3勝,クレメダンジュ,,牝,3,和田竜二, 54 ,15,15,"  ","  ","  ","  ",,4,４,ダ,1800,,良,280,,(栗),鈴木孝志,1518,0.9,10,10,8,36.6,52.7,*,51.93,51.1,1.0,462,+2,,(21.8),,,,,,
,231008,2京2,10,トルマリ･3勝,コンスタンティン,,牝,4,幸英明, 56 ,15,9,"  ","  ","  ","  ",,7,５,ダ,1800,,良,184,,(栗),石坂公一,1518,0.9,5,4,4,37.0,51.1,*,51.93,51.1,0.6,494,+10,B,(33.0),,,,,,
,231008,2京2,10,トルマリ･3勝,タガノパッション,,牝,5,藤岡康太, 56 ,15,2,"  ","  ","  ","  ",,6,６,ダ,1800,,良,0,,(栗),武幸四郎,1519,1.0,10,10,11,36.5,53.3,*,51.93,51.1,1.2,488,+14,,(28.8),,,,,,
,231008,2京2,10,トルマリ･3勝,マナウス,,牝,4,武豊, 56 ,15,7,"  ","  ","  ","  ",,3,７,ダ,1800,,良,0,,(栗),田中克典,1520,1.1,5,4,4,37.2,50.5,,51.93,51.1,0.6,474,+4,,(9.5),,,,,,
,231008,2京2,10,トルマリ･3勝,フォレストキャット,,牝,5,岩田望来, 56 ,15,8,"  ","  ","  ","  ",,5,８,ダ,1800,,良,0,,(栗),野中賢二,1521,1.2,13,13,11,36.5,53.6,*,51.93,51.1,1.4,484,+6,,(22.6),,,,,,
,231008,2京2,10,トルマリ･3勝,セレッソ,,牝,4,鮫島克駿, 56 ,15,12,"  ","  ","  ","  ",,9,９,ダ,1800,,良,0,,(栗),長谷川浩,1523,1.4,8,7,6,37.2,50.9,,51.93,51.1,0.9,476,+4,,(36.5),,,,,,
,231008,2京2,10,トルマリ･3勝,エルソール,,牝,5,荻野極, 56 ,15,1,"  ","  ","  ","  ",,12,10,ダ,1800,,良,0,,(栗),池江泰寿,1527,1.8,13,14,14,37.0,52.3,,51.93,51.1,1.5,452,+6,,(95.0),,,,,,
,231008,2京2,10,トルマリ･3勝,シダー,,牝,4,松山弘平, 56 ,15,4,"  ","  ","  ","  ",,2,11,ダ,1800,,良,0,,(栗),本田優,1532,2.3,7,7,11,38.1,48.6,,51.93,51.1,0.9,498,+4,B,(8.5),,,,,,
,231008,2京2,10,トルマリ･3勝,スミ,,牝,4,池添謙一, 56 ,15,11,"  ","  ","  ","  ",,15,12,ダ,1800,,良,0,,(栗),高橋亮,1534,2.5,10,10,8,38.1,48.8,,51.93,51.1,1.1,486,+10,,(180.4),,,,,,
,231008,2京2,10,トルマリ･3勝,スズカマクフィ,,牝,5,富田暁, 56 ,15,3,"  ","  ","  ","  ",,14,13,ダ,1800,,良,0,,(美),伊藤圭三,1536,2.7,15,15,14,37.8,50.3,,51.93,51.1,1.6,444,+4,,(149.0),,,,,,
,231008,2京2,10,トルマリ･3勝,グラストンベリー,,牝,4,川須栄彦, 56 ,15,13,"  ","  ","  ","  ",,11,14,ダ,1800,,良,0,,(栗),藤岡健一,1536,2.7,2,2,2,39.2,44.9,,51.93,51.1,0.2,430,-2,,(49.1),,,,,,
,231008,2京2,10,トルマリ･3勝,ルース,,牝,5,国分恭介, 56 ,15,5,"  ","  ","  ","  ",,13,15,ダ,1800,,良,0,,(栗),茶木太樹,1557,4.8,3,4,8,40.9,41.4,,51.93,51.1,0.6,512,+26,,(145.4),,,,,,
,231008,2京2,9,清滝特別･2勝,シェイクユアハート,,牡,3,古川吉洋, 55 ,12,2,"  ","  ","  ","  ",,4,１,芝,2200,A,良,1550,,(栗),宮徹,2120,-0.1,3,2,2,34.3,56.8,*,57.90,53.5,0.8,438,+2,,670,210,1120,1300,2460,1990,12300
,231008,2京2,9,清滝特別･2勝,アスクドゥポルテ,,牡,3,岩田望来, 55 ,12,5,"  ","  ","  ","  ",,1,２,芝,2200,A,良,620,,(栗),河内洋,2121,0.1,7,6,4,34.1,57.8,*,57.90,53.5,1.1,462,0,,(3.2),140,1120,1300,2460,1990,12300
,231008,2京2,9,清滝特別･2勝,ブレイヴロッカー,,牡,3,藤岡康太, 55 ,12,1,"  ","  ","  ","  ",,3,３,芝,2200,A,良,390,*,(栗),本田優,2121,0.1,9,10,7,33.8,59.1,*,57.90,53.5,1.4,454,-8,,(6.2),210,,,,1990,12300
,231008,2京2,9,清滝特別･2勝,リンフレスカンテ,,牡,5,藤懸貴志, 58 ,12,4,"  ","  ","  ","  ",,9,４,芝,2200,A,良,230,,(栗),宮本博,2127,0.7,11,12,11,34.1,58.4,*,57.90,53.5,1.7,442,+4,,(35.0),,,,,,
,231008,2京2,9,清滝特別･2勝,ゲーテローズ,,牝,4,富田暁, 56 ,12,7,"  ","  ","  ","  ",,6,５,芝,2200,A,良,155,,(栗),武英智,2127,0.7,2,2,2,35.0,54.7,*,57.90,53.5,0.8,468,+26,,(12.5),,,,,,
,231008,2京2,9,清滝特別･2勝,プレイリードリーム,,牡,7,和田竜二, 58 ,12,8,"  ","  ","  ","  ",,10,６,芝,2200,A,良,0,,(栗),安達昭夫,2127,0.7,5,5,4,34.8,55.5,*,57.90,53.5,1.0,472,+8,,(35.7),,,,,,
,231008,2京2,9,清滝特別･2勝,ショウナンアデイブ,,牡,4,松山弘平, 58 ,12,6,"  ","  ","  ","  ",,5,７,芝,2200,A,良,0,,(栗),高野友和,2129,0.9,9,11,11,34.5,57.0,*,57.90,53.5,1.5,504,+4,,(7.5),,,,,,
,231008,2京2,9,清滝特別･2勝,キングロコマイカイ,,牡,4,団野大成, 58 ,12,3,"  ","  ","  ","  ",,8,８,芝,2200,A,良,0,,(栗),須貝尚介,2130,1.0,7,8,7,34.8,55.8,*,57.90,53.5,1.3,494,+4,B,(24.9),,,,,,
,231008,2京2,9,清滝特別･2勝,テーオーアリエス,,牝,4,鮫島克駿, 56 ,12,11,"  ","  ","  ","  ",,11,９,芝,2200,A,良,0,,(栗),岡田稲男,2140,2.0,1,1,1,37.1,47.9,,57.90,53.5,0.0,496,-2,B,(115.1),,,,,,
,231008,2京2,9,清滝特別･2勝,アイザックバローズ,,牡,3,坂井瑠星, 55 ,12,12,"  ","  ","  ","  ",,2,10,芝,2200,A,良,0,,(栗),友道康夫,2142,2.2,5,8,7,36.1,51.9,,57.90,53.5,1.2,474,+6,,(3.7),,,,,,
,231008,2京2,9,清滝特別･2勝,メイショウコジョウ,,牡,6,角田大河, 58 ,12,10,"  ","  ","  ","  ",,12,11,芝,2200,A,良,0,,(栗),石橋守,2143,2.3,11,2,4,36.5,50.5,,57.90,53.5,0.9,478,+16,,(156.3),,,,,,
,231008,2京2,9,清滝特別･2勝,ケンハービンジャー,,牡,5,泉谷楓真, 58 ,12,9,"  ","  ","  ","  ",,7,12,芝,2200,A,良,0,*,(栗),本田優,2144,2.4,3,6,7,36.4,51.0,,57.90,53.5,1.1,448,+6,,(21.4),,,,,,
,231008,2京2,8,１勝ｸﾗｽ,ケイデンシーマーク,,牝,3,北村友一, 54 ,17,17,"  ","  ","  ","  ",,1,１,芝,1400,A,良,800,,(栗),安田隆行,1216,-0.2,,3,3,33.8,56.1,*,55.83,55.0,0.2,444,+2,,240,140,3600,6240,9560,29230,133160
,231008,2京2,8,１勝ｸﾗｽ,オックスリップ,,牝,3,高倉稜, 54 ,17,4,"  ","  ","  ","  ",,11,２,芝,1400,A,良,320,*,(栗),杉山晴紀,1218,0.2,,1,1,34.2,54.4,*,55.83,55.0,0.0,460,0,,(33.4),720,3600,6240,9560,29230,133160
,231008,2京2,8,１勝ｸﾗｽ,オードリーバローズ,,牝,3,松山弘平, 54 ,17,6,"  ","  ","  ","  ",,9,３,芝,1400,A,良,200,,(栗),清水久詞,1218,0.2,,7,7,33.7,57.0,*,55.83,55.0,0.5,482,+16,,(20.1),490,,,,29230,133160
,231008,2京2,8,１勝ｸﾗｽ,モラトリアム,,牝,5,団野大成, 56 ,17,16,"  ","  ","  ","  ",,8,４,芝,1400,A,良,120,,(栗),河内洋,1219,0.3,,2,2,34.3,54.1,*,55.83,55.0,0.0,464,+10,,(17.8),,,,,,
,231008,2京2,8,１勝ｸﾗｽ,サク,,牝,4,幸英明, 56 ,17,14,"  ","  ","  ","  ",,3,５,芝,1400,A,良,80,,(栗),北出成人,1222,0.6,,5,6,34.2,55.3,*,55.83,55.0,0.4,456,+6,,(7.5),,,,,,
,231008,2京2,8,１勝ｸﾗｽ,シグルドリーヴァ,,牝,4,田口貫太,53▲,17,15,"  ","  ","  ","  ",,5,６,芝,1400,A,良,0,,(栗),佐々木晶,1222,0.6,,3,3,34.4,54.2,*,55.83,55.0,0.2,458,+6,,(14.1),,,,,,
,231008,2京2,8,１勝ｸﾗｽ,サザーランド,,牝,3,川端海翼,51▲,17,8,"  ","  ","  ","  ",,10,７,芝,1400,A,良,0,,(栗),小林真也,1222,0.6,,11,9,33.8,57.4,*,55.83,55.0,0.8,440,0,,(33.0),,,,,,
,231008,2京2,8,１勝ｸﾗｽ,サウンドレイラ,,牝,3,岩田望来, 54 ,17,7,"  ","  ","  ","  ",,2,８,芝,1400,A,良,0,*,(栗),渡辺薫彦,1223,0.7,,5,3,34.4,54.4,*,55.83,55.0,0.3,466,+2,,(7.1),,,,,,
,231008,2京2,8,１勝ｸﾗｽ,ラブリアージェ,,牝,4,古川吉洋, 56 ,17,9,"  ","  ","  ","  ",,13,９,芝,1400,A,良,0,,(栗),昆貢,1224,0.8,,11,12,34.0,56.8,*,55.83,55.0,0.8,474,-2,,(49.5),,,,,,
,231008,2京2,8,１勝ｸﾗｽ,レッドテンペスト,,セ,3,鮫島克駿, 56 ,17,13,"  ","  ","  ","  ",,7,10,芝,1400,A,良,0,,(栗),笹田和秀,1224,0.8,,7,8,34.2,55.7,*,55.83,55.0,0.6,448,+12,,(16.9),,,,,,
,231008,2京2,8,１勝ｸﾗｽ,リゴレット,,牝,4,藤岡康太, 56 ,17,2,"  ","  ","  ","  ",,14,11,芝,1400,A,良,0,,(栗),羽月友彦,1224,0.8,,17,17,33.5,59.5,*,55.83,55.0,1.3,444,+14,B,(55.3),,,,,,
,231008,2京2,8,１勝ｸﾗｽ,シゲルイワイザケ,,牝,4,河原田菜,52★,17,1,"  ","  ","  ","  ",,16,12,芝,1400,A,良,0,*,(栗),渡辺薫彦,1226,1.0,,15,14,34.0,57.2,*,55.83,55.0,1.0,498,-8,,(79.8),,,,,,
,231008,2京2,8,１勝ｸﾗｽ,テイエムエメラルド,,牝,5,田中健, 56 ,17,5,"  ","  ","  ","  ",,4,13,芝,1400,A,良,0,,(栗),飯田雄三,1226,1.0,,11,14,34.1,56.7,*,55.83,55.0,0.9,480,+14,,(8.0),,,,,,
,231008,2京2,8,１勝ｸﾗｽ,アエリーゾ,,牝,4,角田大河,55☆,17,12,"  ","  ","  ","  ",,12,14,芝,1400,A,良,0,,(栗),庄野靖志,1227,1.1,,15,16,34.1,56.9,,55.83,55.0,1.0,464,+6,,(42.0),,,,,,
,231008,2京2,8,１勝ｸﾗｽ,シャングリラ,,牝,3,今村聖奈,51▲,17,11,"  ","  ","  ","  ",,6,15,芝,1400,A,良,0,*,(栗),杉山晴紀,1228,1.2,,14,12,34.4,55.5,,55.83,55.0,0.8,418,0,,(15.2),,,,,,
,231008,2京2,8,１勝ｸﾗｽ,ブラーヴ,,牡,3,西塚洸二,53▲,17,3,"  ","  ","  ","  ",,17,16,芝,1400,A,良,0,,(栗),加用正,1230,1.4,,7,9,34.8,53.9,,55.83,55.0,0.6,492,+16,,(215.9),,,,,,
,231008,2京2,8,１勝ｸﾗｽ,レガーミ,,牝,4,富田暁, 56 ,17,10,"  ","  ","  ","  ",,15,17,芝,1400,A,良,0,,(栗),木原一良,1232,1.6,,7,9,34.9,53.8,,55.83,55.0,0.7,522,+22,B,(79.8),,,,,,
,231008,2京2,7,１勝ｸﾗｽ,シゲルショウグン,,牡,3,永島まな,53▲,13,5,"  ","  ","  ","  ",,3,１,ダ,1800,,良,800,,(栗),大橋勇樹,1516,-1.0,1,1,1,37.5,48.8,*,49.43,48.8,0.0,500,+2,,660,190,580,1000,2120,2620,14000
,231008,2京2,7,１勝ｸﾗｽ,バンドマスター,,牡,3,松山弘平, 56 ,13,3,"  ","  ","  ","  ",,1,２,ダ,1800,,良,320,,(栗),茶木太樹,1526,1.0,5,3,3,38.0,48.2,*,49.43,48.8,0.5,496,+4,,(2.5),120,580,1000,2120,2620,14000
,231008,2京2,7,１勝ｸﾗｽ,スカパラダイス,,牡,3,幸英明, 56 ,13,12,"  ","  ","  ","  ",,6,３,ダ,1800,,良,200,,(栗),寺島良,1529,1.3,11,8,8,37.3,51.3,*,49.43,48.8,1.5,460,+4,B,(8.7),220,,,,2620,14000
,231008,2京2,7,１勝ｸﾗｽ,レッドダンルース,,牡,3,坂井瑠星, 56 ,13,9,"  ","  ","  ","  ",,5,４,ダ,1800,,良,120,,(栗),矢作芳人,1531,1.5,8,7,6,37.9,49.2,*,49.43,48.8,1.1,468,-12,,(8.5),,,,,,
,231008,2京2,7,１勝ｸﾗｽ,ジルバーン,,牡,4,岩田望来, 58 ,13,4,"  ","  ","  ","  ",,7,５,ダ,1800,,良,80,,(栗),武英智,1531,1.5,6,6,6,37.9,49.2,*,49.43,48.8,1.1,428,+4,B,(17.0),,,,,,
,231008,2京2,7,１勝ｸﾗｽ,ヴァンドゥラン,,牡,3,鮫島克駿, 56 ,13,8,"  ","  ","  ","  ",,4,６,ダ,1800,,良,0,,(栗),高柳大輔,1532,1.6,2,3,3,38.6,46.6,,49.43,48.8,0.5,476,-6,B,(7.7),,,,,,
,231008,2京2,7,１勝ｸﾗｽ,メイショウジェンマ,,牡,3,富田暁, 56 ,13,7,"  ","  ","  ","  ",,11,７,ダ,1800,,良,0,,(栗),飯田祐史,1535,1.9,13,13,11,37.2,52.6,*,49.43,48.8,2.2,472,+6,,(119.7),,,,,,
,231008,2京2,7,１勝ｸﾗｽ,オーバーザドリーム,,牡,3,和田竜二, 56 ,13,11,"  ","  ","  ","  ",,9,８,ダ,1800,,良,0,,(栗),清水久詞,1535,1.9,2,5,5,38.7,46.6,,49.43,48.8,0.7,468,0,,(49.4),,,,,,
,231008,2京2,7,１勝ｸﾗｽ,メイショウコガシラ,,牡,3,団野大成, 56 ,13,10,"  ","  ","  ","  ",,2,９,ダ,1800,,良,0,,(栗),本田優,1537,2.1,2,2,2,39.4,44.3,,49.43,48.8,0.2,486,-2,,(4.8),,,,,,
,231008,2京2,7,１勝ｸﾗｽ,メイショウオグマ,,牡,4,古川吉洋, 58 ,13,6,"  ","  ","  ","  ",,10,10,ダ,1800,,良,0,,(栗),安達昭夫,1542,2.6,8,8,8,38.6,47.9,,49.43,48.8,1.5,514,-4,,(93.2),,,,,,
,231008,2京2,7,１勝ｸﾗｽ,クラップサンダー,,牡,4,田口貫太,55▲,13,13,"  ","  ","  ","  ",,8,11,ダ,1800,,良,0,,(栗),牧田和弥,1550,3.4,8,10,12,38.8,48.2,,49.43,48.8,2.1,458,+10,,(22.4),,,,,,
,231008,2京2,7,１勝ｸﾗｽ,ミューオン,,セ,4,鷲頭虎太,55▲,13,2,"  ","  ","  ","  ",,13,12,ダ,1800,,良,0,,(栗),大根田裕,1554,3.8,11,10,10,39.4,46.4,,49.43,48.8,1.9,502,0,,(308.1),,,,,,
,231008,2京2,7,１勝ｸﾗｽ,ナムラアンソニー,,セ,3,角田大河,55☆,13,1,"  ","  ","  ","  ",,12,13,ダ,1800,,良,0,,(栗),中竹和也,1582,6.6,7,10,13,42.0,40.7,,49.43,48.8,2.1,502,+6,,(172.6),,,,,,
,231008,2京2,6,１勝ｸﾗｽ,エミサキホコル,,牡,3,松山弘平, 56 ,16,10,"  ","  ","  ","  ",,2,１,ダ,1400,,良,800,,(栗),杉山佳明,1243,-0.1,,7,7,36.1,50.1,*,48.63,46.8,0.7,484,+8,B,390,130,300,400,940,850,4960
,231008,2京2,6,１勝ｸﾗｽ,エメラルドビーチ,,牡,3,岩田望来, 56 ,16,15,"  ","  ","  ","  ",,1,２,ダ,1400,,良,320,,(栗),大久保龍,1244,0.1,,5,3,36.3,49.4,*,48.63,46.8,0.6,534,+12,,(2.0),110,300,400,940,850,4960
,231008,2京2,6,１勝ｸﾗｽ,メリタテス,,牝,3,古川奈穂,50★,16,3,"  ","  ","  ","  ",,4,３,ダ,1400,,良,200,,(栗),矢作芳人,1250,0.7,,3,3,37.2,46.4,*,48.63,46.8,0.3,436,+2,,(7.5),170,,,,850,4960
,231008,2京2,6,１勝ｸﾗｽ,ペプチドハドソン,,牡,3,松田大作, 56 ,16,5,"  ","  ","  ","  ",,7,４,ダ,1400,,良,120,,(栗),武英智,1252,0.9,,2,2,37.5,45.4,*,48.63,46.8,0.2,482,+10,,(25.0),,,,,,
,231008,2京2,6,１勝ｸﾗｽ,ダノンアーリー,,牡,4,北村友一, 58 ,16,9,"  ","  ","  ","  ",,6,５,ダ,1400,,良,80,,(栗),安田隆行,1255,1.2,,16,15,36.5,50.7,*,48.63,46.8,1.5,474,+4,B,(19.6),,,,,,
,231008,2京2,6,１勝ｸﾗｽ,シンエン,,牡,4,荻野極, 58 ,16,11,"  ","  ","  ","  ",,9,６,ダ,1400,,良,0,,(栗),松下武士,1256,1.3,,5,5,37.6,45.7,,48.63,46.8,0.5,490,+2,,(72.9),,,,,,
,231008,2京2,6,１勝ｸﾗｽ,ハヤブサウィッシュ,,牡,4,川又賢治, 58 ,16,8,"  ","  ","  ","  ",,13,７,ダ,1400,,良,0,,(栗),吉村圭司,1257,1.4,,8,8,37.3,47.3,,48.63,46.8,0.9,468,+8,,(144.5),,,,,,
,231008,2京2,6,１勝ｸﾗｽ,アコルダール,,牝,5,団野大成, 56 ,16,7,"  ","  ","  ","  ",,5,８,ダ,1400,,良,0,,(栗),西園翔太,1258,1.5,,12,14,37.2,48.0,*,48.63,46.8,1.1,458,+2,,(17.1),,,,,,
,231008,2京2,6,１勝ｸﾗｽ,スズノハマヤ,,牡,3,鮫島克駿, 56 ,16,6,"  ","  ","  ","  ",,8,９,ダ,1400,,良,0,,(栗),石坂公一,1259,1.6,,12,10,37.3,47.7,,48.63,46.8,1.1,466,0,B,(63.5),,,,,,
,231008,2京2,6,１勝ｸﾗｽ,キングダイヤモンド,,牡,3,田口貫太,53▲,16,4,"  ","  ","  ","  ",,10,10,ダ,1400,,良,0,,(栗),大橋勇樹,1260,1.7,,8,10,37.7,46.1,,48.63,46.8,0.8,506,+6,,(87.9),,,,,,
,231008,2京2,6,１勝ｸﾗｽ,タイセイアーメット,,牡,5,古川吉洋, 58 ,16,2,"  ","  ","  ","  ",,16,11,ダ,1400,,良,0,,(栗),浜田多実,1261,1.8,,12,10,37.6,46.7,,48.63,46.8,1.0,480,-6,,(186.9),,,,,,
,231008,2京2,6,１勝ｸﾗｽ,ソウルユニバンス,,セ,6,黒岩悠, 58 ,16,13,"  ","  ","  ","  ",,15,12,ダ,1400,,良,0,,(栗),平田修,1261,1.8,,15,15,37.3,48.1,,48.63,46.8,1.3,486,-2,,(168.5),,,,,,
,231008,2京2,6,１勝ｸﾗｽ,シンゼンハット,,牡,4,今村聖奈,55▲,16,1,"  ","  ","  ","  ",,11,13,ダ,1400,,良,0,,(栗),飯田祐史,1261,1.8,,8,8,37.9,45.4,,48.63,46.8,0.7,474,0,,(114.0),,,,,,
,231008,2京2,6,１勝ｸﾗｽ,バレル,,牡,4,坂井瑠星, 58 ,16,16,"  ","  ","  ","  ",,3,14,ダ,1400,,良,0,,(栗),鮫島一歩,1265,2.2,,1,1,39.0,41.3,,48.63,46.8,0.0,478,+6,,(6.9),,,,,,
,231008,2京2,6,１勝ｸﾗｽ,アスターチェンチ,,牡,3,角田大河,55☆,16,12,"  ","  ","  ","  ",,12,15,ダ,1400,,良,0,,(栗),中竹和也,1268,2.5,,3,5,38.9,42.4,,48.63,46.8,0.4,514,-6,,(122.6),,,,,,
,231008,2京2,6,１勝ｸﾗｽ,メイショウラピッド,,牝,5,河原田菜,52★,16,14,"  ","  ","  ","  ",,14,16,ダ,1400,,良,0,,(栗),長谷川浩,1274,3.1,,8,10,39.0,43.1,,48.63,46.8,0.9,490,-8,,(165.6),,,,,,
,231008,2京2,5,新馬,ジャンタルマンタル,,牡,2,鮫島克駿, 56 ,12,3,"  ","  ","  ","  ",,2,１,芝,1800,A,良,720,,(栗),高野友和,1474,-0.4,,4,3,34.6,55.2,*,54.40,53.9,0.3,496,,,520,180,1330,2520,3760,6600,27390
,231008,2京2,5,新馬,キープカルム,,牡,2,岩田望来, 56 ,12,6,"  ","  ","  ","  ",,6,２,芝,1800,A,良,290,,(栗),中竹和也,1478,0.4,,4,5,34.9,54.4,*,54.40,53.9,0.4,492,,,(14.3),320,1330,2520,3760,6600,27390
,231008,2京2,5,新馬,タクシンイメル,,牝,2,藤岡佑介, 55 ,12,12,"  ","  ","  ","  ",,4,３,芝,1800,A,良,180,,(栗),武英智,1481,0.7,,4,5,35.2,53.6,*,54.40,53.9,0.4,452,,,(6.1),190,,,,6600,27390
,231008,2京2,5,新馬,ホウオウドルーリー,,牝,2,藤岡康太, 55 ,12,1,"  ","  ","  ","  ",,1,４,芝,1800,A,良,110,,(栗),宮徹,1484,1.0,,1,1,35.9,51.0,*,54.40,53.9,0.0,454,,,(3.1),,,,,,
,231008,2京2,5,新馬,モズイージス,,牡,2,岩田康誠, 56 ,12,10,"  ","  ","  ","  ",,8,５,芝,1800,A,良,72,,(栗),松下武士,1485,1.1,,9,9,35.1,54.6,*,54.40,53.9,0.9,446,,,(20.8),,,,,,
,231008,2京2,5,新馬,クロドラバール,,牡,2,和田竜二, 56 ,12,5,"  ","  ","  ","  ",,7,６,芝,1800,A,良,0,,(栗),杉山晴紀,1486,1.2,,7,7,35.5,53.0,,54.40,53.9,0.6,514,,,(16.7),,,,,,
,231008,2京2,5,新馬,ヒシグランディヴァ,,牝,2,松山弘平, 55 ,12,11,"  ","  ","  ","  ",,3,７,芝,1800,A,良,0,,(栗),友道康夫,1489,1.5,,2,3,36.2,50.4,,54.40,53.9,0.2,454,,,(6.0),,,,,,
,231008,2京2,5,新馬,セングンバンバ,,牡,2,武豊, 56 ,12,4,"  ","  ","  ","  ",,5,８,芝,1800,A,良,0,,(栗),松永幹夫,1489,1.5,,9,9,35.4,53.8,,54.40,53.9,1.0,446,,,(7.4),,,,,,
,231008,2京2,5,新馬,ウインドスピード,,牡,2,団野大成, 56 ,12,7,"  ","  ","  ","  ",,9,９,芝,1800,A,良,0,,(栗),坂口智康,1493,1.9,,8,7,36.1,51.4,,54.40,53.9,0.7,442,,,(55.1),,,,,,
,231008,2京2,5,新馬,ラブカムーン,,牝,2,幸英明, 55 ,12,9,"  ","  ","  ","  ",,10,10,芝,1800,A,良,0,,(栗),千田輝彦,1497,2.3,,2,2,37.1,47.8,,54.40,53.9,0.1,474,,,(87.8),,,,,,
,231008,2京2,5,新馬,ジェットラン,,牝,2,河原田菜,51★,12,2,"  ","  ","  ","  ",,11,11,芝,1800,A,良,0,,(栗),浜田多実,1497,2.3,,12,12,36.0,52.4,,54.40,53.9,1.2,426,,,(104.3),,,,,,
,231008,2京2,5,新馬,ハッピーワンダー,,牝,2,水口優也, 55 ,12,8,"  ","  ","  ","  ",,12,12,芝,1800,A,良,0,,(栗),藤沢則雄,1505,3.1,,11,11,36.9,49.7,,54.40,53.9,1.1,456,,,(151.1),,,,,,
,231008,2京2,3,新馬,タガノミスト,,牝,2,富田暁, 55 ,16,11,"  ","  ","  ","  ",,3,１,ダ,1400,,良,720,,(栗),川村禎彦,1259,-0.2,,1,1,37.9,45.0,*,44.67,45.0,0.0,454,,,540,180,1230,2000,3640,5290,27830
,231008,2京2,3,新馬,キャピタルサックス,,牡,2,松山弘平, 56 ,16,9,"  ","  ","  ","  ",,4,２,ダ,1400,,良,290,,(栗),杉山晴紀,1261,0.2,,2,2,37.8,45.8,*,44.67,45.0,0.3,500,,,(7.4),220,1230,2000,3640,5290,27830
,231008,2京2,3,新馬,ルクスアドラー,,牡,2,坂井瑠星, 56 ,16,16,"  ","  ","  ","  ",,5,３,ダ,1400,,良,180,,(栗),須貝尚介,1270,1.1,,2,2,38.8,43.2,*,44.67,45.0,0.2,450,,,(9.1),240,,,,5290,27830
,231008,2京2,3,新馬,レッドリベルタ,,牡,2,浜中俊, 56 ,16,4,"  ","  ","  ","  ",,6,４,ダ,1400,,良,110,,(栗),庄野靖志,1273,1.4,,4,5,38.8,43.8,*,44.67,45.0,0.5,446,,,(19.9),,,,,,
,231008,2京2,3,新馬,ジーティースピカ,,牝,2,岩田望来, 55 ,16,3,"  ","  ","  ","  ",,1,５,ダ,1400,,良,72,,(栗),上村洋行,1277,1.8,,4,4,39.3,42.4,*,44.67,45.0,0.4,476,,,(3.0),,,,,,
,231008,2京2,3,新馬,タマモプルメリア,,牝,2,田口貫太,52▲,16,8,"  ","  ","  ","  ",,12,６,ダ,1400,,良,0,,(栗),大橋勇樹,1282,2.3,,8,8,39.0,44.6,*,44.67,45.0,1.2,448,,,(73.5),,,,,,
,231008,2京2,3,新馬,トッピゴー,,牡,2,武豊, 56 ,16,1,"  ","  ","  ","  ",,2,７,ダ,1400,,良,0,,(栗),角田晃一,1285,2.6,,8,8,39.4,43.5,,44.67,45.0,1.1,524,,,(4.7),,,,,,
,231008,2京2,3,新馬,ショウナンラジョア,,牝,2,幸英明, 55 ,16,10,"  ","  ","  ","  ",,9,８,ダ,1400,,良,0,,(栗),梅田智之,1287,2.8,,12,11,39.1,45.1,,44.67,45.0,1.6,472,,,(39.3),,,,,,
,231008,2京2,3,新馬,キュールエカシス,,牝,2,今村聖奈,52▲,16,15,"  ","  ","  ","  ",,8,９,ダ,1400,,良,0,,(栗),中尾秀正,1291,3.2,,4,5,40.5,40.0,,44.67,45.0,0.6,438,,,(34.7),,,,,,
,231008,2京2,3,新馬,ブラーヴミノル,,牡,2,酒井学, 56 ,16,5,"  ","  ","  ","  ",,10,10,ダ,1400,,良,0,,(栗),本田優,1293,3.4,,11,10,39.9,42.9,,44.67,45.0,1.4,550,,,(49.5),,,,,,
,231008,2京2,3,新馬,メイショウイチリン,,牝,2,河原田菜,51★,16,6,"  ","  ","  ","  ",,14,11,ダ,1400,,良,0,,(栗),荒川義之,1297,3.8,,12,13,40.0,43.2,,44.67,45.0,1.7,424,,,(123.9),,,,,,
,231008,2京2,3,新馬,パルマノーヴァ,,牝,2,和田竜二, 55 ,16,13,"  ","  ","  ","  ",,15,12,ダ,1400,,良,0,,(栗),牧田和弥,1298,3.9,,10,12,40.4,41.7,,44.67,45.0,1.4,438,,,(198.4),,,,,,
,231008,2京2,3,新馬,ドレアンティア,,牝,2,角田大和,54☆,16,12,"  ","  ","  ","  ",,7,13,ダ,1400,,良,0,,(栗),飯田祐史,1308,4.9,,12,14,40.9,41.5,,44.67,45.0,1.9,462,,,(22.3),,,,,,
,231008,2京2,3,新馬,レッツゴーヒカリ,,牡,2,城戸義政, 56 ,16,14,"  ","  ","  ","  ",,16,14,ダ,1400,,良,0,,(栗),鈴木孝志,1314,5.5,,15,15,40.5,44.3,,44.67,45.0,2.9,430,,,(267.9),,,,,,
,231008,2京2,3,新馬,エナジーフォルテ,,牝,2,永島まな,52▲,16,2,"  ","  ","  ","  ",,11,15,ダ,1400,,良,0,,(栗),高柳大輔,1316,5.7,,16,16,39.9,47.2,,44.67,45.0,3.7,448,,,(61.9),,,,,,
,231008,2京2,3,新馬,テキーラワルツ,,牝,2,国分優作, 55 ,16,7,"  ","  ","  ","  ",,13,16,ダ,1400,,良,0,,(栗),大根田裕,1321,6.2,,7,7,43.4,34.2,,44.67,45.0,0.7,442,,,(80.1),,,,,,
,231008,2京2,2,未勝利・牝*,スウィープフィート,,牝,2,永島まな,52▲,12,10,"  ","  ","  ","  ",,6,１,芝,1600,A,良,550,,(栗),庄野靖志,1348,-0.1,,9,5,35.5,50.2,*,48.97,47.6,0.6,464,+10,,1760,400,2950,3500,8170,8410,62320
,231008,2京2,2,未勝利・牝*,ウインディオーネ,,牝,2,松山弘平, 55 ,12,4,"  ","  ","  ","  ",,2,２,芝,1600,A,良,220,,(栗),長谷川浩,1349,0.1,,4,3,35.9,48.6,*,48.97,47.6,0.3,462,+14,,(4.2),160,2950,3500,8170,8410,62320
,231008,2京2,2,未勝利・牝*,ラガークイン,,牝,2,大久保友,52▲,12,11,"  ","  ","  ","  ",,5,３,芝,1600,A,良,140,,(栗),大久保龍,1351,0.3,,7,7,36.1,48.1,*,48.97,47.6,0.3,402,+6,,(9.3),260,,,,8410,62320
,231008,2京2,2,未勝利・牝*,エヴァンスウィート,,牝,2,坂井瑠星, 55 ,12,6,"  ","  ","  ","  ",,3,４,芝,1600,A,良,83,,(栗),友道康夫,1351,0.3,,4,5,36.1,48.1,*,48.97,47.6,0.3,422,-10,,(5.7),,,,,,
,231008,2京2,2,未勝利・牝*,エマロア,,牝,2,和田竜二, 55 ,12,8,"  ","  ","  ","  ",,1,５,芝,1600,A,良,55,,(栗),平田修,1352,0.4,,2,2,36.4,46.9,*,48.97,47.6,0.1,480,-8,,(2.5),,,,,,
,231008,2京2,2,未勝利・牝*,ミヤジテン,,牝,2,富田暁, 55 ,12,1,"  ","  ","  ","  ",,11,６,芝,1600,A,良,0,,(栗),川村禎彦,1352,0.4,,4,3,36.3,47.4,*,48.97,47.6,0.2,476,+6,,(102.3),,,,,,
,231008,2京2,2,未勝利・牝*,カンティーク,,牝,2,幸英明, 55 ,12,7,"  ","  ","  ","  ",,8,７,芝,1600,A,良,0,,(栗),高橋亮,1355,0.7,,12,9,35.7,50.5,*,48.97,47.6,1.1,428,+4,,(40.3),,,,,,
,231008,2京2,2,未勝利・牝*,ギルティプレジャー,,牝,2,岩田望来, 55 ,12,5,"  ","  ","  ","  ",,7,８,芝,1600,A,良,0,,(栗),寺島良,1355,0.7,,7,7,36.3,47.9,*,48.97,47.6,0.5,450,+2,,(33.7),,,,,,
,231008,2京2,2,未勝利・牝*,ニエキヤ,,牝,2,鮫島克駿, 55 ,12,2,"  ","  ","  ","  ",,4,９,芝,1600,A,良,0,,(栗),清水久詞,1357,0.9,,1,1,37.0,45.2,*,48.97,47.6,0.0,416,+6,,(7.5),,,,,,
,231008,2京2,2,未勝利・牝*,ファミリー,,牝,2,河原田菜,51★,12,9,"  ","  ","  ","  ",,10,10,芝,1600,A,良,0,,(栗),渡辺薫彦,1360,1.2,,9,9,36.8,46.5,,48.97,47.6,0.5,436,+18,,(99.4),,,,,,
,231008,2京2,2,未勝利・牝*,サトノアイオライト,,牝,2,武豊, 55 ,12,12,"  ","  ","  ","  ",,9,11,芝,1600,A,良,0,,(栗),吉村圭司,1365,1.7,,11,12,37.0,46.5,,48.97,47.6,0.8,460,+14,,(58.1),,,,,,
,231008,2京2,2,未勝利・牝*,シルバヴール,,牝,2,藤懸貴志, 55 ,12,3,"  ","  ","  ","  ",,12,12,芝,1600,A,良,0,,(栗),高橋義忠,1395,4.7,,2,9,40.7,36.7,,48.97,47.6,0.1,388,+12,,(155.1),,,,,,
,231008,2京2,1,未勝利*,クリスアーサー,,牡,2,河原田菜,52★,12,9,"  ","  ","  ","  ",,3,１,芝,1200,A,良,550,*,(栗),渡辺薫彦,1091,-0.3,,2,1,35.5,44.6,*,48.87,44.6,0.0,514,+6,,570,230,6000,8570,13330,28150,140660
,231008,2京2,1,未勝利*,ステイチューンド,,牡,2,和田竜二, 56 ,12,7,"  ","  ","  ","  ",,9,２,芝,1200,A,良,220,,(栗),清水久詞,1094,0.3,,8,8,34.3,52.3,*,48.87,44.6,1.5,450,+10,,(26.6),420,6000,8570,13330,28150,140660
,231008,2京2,1,未勝利*,ボビーニクビッタケ,,牝,2,藤岡康太, 55 ,12,2,"  ","  ","  ","  ",,7,３,芝,1200,A,良,140,,(栗),宮徹,1095,0.4,,4,4,34.8,49.7,*,48.87,44.6,1.1,466,+16,,(17.6),500,,,,28150,140660
,231008,2京2,1,未勝利*,ナムラビオラ,,牝,2,田口貫太,52▲,12,6,"  ","  ","  ","  ",,1,４,芝,1200,A,良,83,,(栗),大橋勇樹,1097,0.6,,6,6,34.7,50.9,*,48.87,44.6,1.4,432,+6,,(3.2),,,,,,
,231008,2京2,1,未勝利*,シームレス,,牝,2,鮫島克駿, 55 ,12,4,"  ","  ","  ","  ",,6,５,芝,1200,A,良,55,,(栗),小林真也,1097,0.6,,5,5,34.8,50.3,*,48.87,44.6,1.3,426,-18,,(15.4),,,,,,
,231008,2京2,1,未勝利*,テンドウ,,牡,2,幸英明, 56 ,12,3,"  ","  ","  ","  ",,8,６,芝,1200,A,良,0,,(栗),杉山佳明,1098,0.7,,6,6,34.8,50.6,*,48.87,44.6,1.4,476,0,,(18.5),,,,,,
,231008,2京2,1,未勝利*,エルプロフェッサー,,牝,2,永島まな,52▲,12,12,"  ","  ","  ","  ",,4,７,芝,1200,A,良,0,*,(栗),高橋康之,1100,0.9,,8,8,34.8,51.1,*,48.87,44.6,1.6,410,0,,(8.7),,,,,,
,231008,2京2,1,未勝利*,キモンキャリントン,,牡,2,今村聖奈,53▲,12,10,"  ","  ","  ","  ",,11,８,芝,1200,A,良,0,*,(栗),渡辺薫彦,1101,1.0,,3,3,35.8,45.8,*,48.87,44.6,0.7,424,+2,,(72.6),,,,,,
,231008,2京2,1,未勝利*,プロミシングスター,,牡,2,国分恭介, 56 ,12,5,"  ","  ","  ","  ",,5,９,芝,1200,A,良,0,,(栗),加用正,1101,1.0,,8,10,34.9,50.9,*,48.87,44.6,1.6,438,+4,,(14.0),,,,,,
,231008,2京2,1,未勝利*,ミッキージャスミン,,牝,2,松山弘平, 55 ,12,1,"  ","  ","  ","  ",,2,10,芝,1200,A,良,0,,(栗),音無秀孝,1102,1.1,,1,2,36.6,41.8,,48.87,44.6,0.0,454,+10,,(3.6),,,,,,
,231008,2京2,1,未勝利*,アオイエクラタン,,牝,2,古川奈穂,51★,12,8,"  ","  ","  ","  ",,12,11,芝,1200,A,良,0,*,(栗),高橋康之,1105,1.4,,12,11,35.0,51.4,,48.87,44.6,1.9,404,+4,,(244.9),,,,,,
,231008,2京2,1,未勝利*,ウェディングケーキ,,牝,2,水口優也, 55 ,12,11,"  ","  ","  ","  ",,10,12,芝,1200,A,良,0,,(栗),羽月友彦,1108,1.7,,8,11,35.5,49.4,,48.87,44.6,1.7,438,+2,,(59.7),,,,,,
,231007,2京1,12,２勝ｸﾗｽ,ドゥラリアル,,牡,3,西村淳也, 56 ,15,3,"  ","  ","  ","  ",,2,１,ダ,1800,,良,1140,,(栗),上村洋行,1524,-0.4,9,8,6,36.8,52.7,*,50.60,50.3,0.6,498,+4,,350,170,4280,27280,39020,224210,943530
,231007,2京1,12,２勝ｸﾗｽ,ワンダースティング,,牡,5,河原田菜,54★,15,15,"  ","  ","  ","  ",,14,２,ダ,1800,,良,460,,(栗),渡辺薫彦,1528,0.4,2,2,2,37.7,49.6,*,50.60,50.3,0.1,526,-2,,(155.3),3300,4280,27280,39020,224210,943530
,231007,2京1,12,２勝ｸﾗｽ,オラヴェリタス,,牡,4,古川奈穂,54★,15,14,"  ","  ","  ","  ",,12,３,ダ,1800,,良,290,,(栗),寺島良,1530,0.6,4,3,3,37.8,49.5,*,50.60,50.3,0.2,500,0,B,(58.3),1340,,,,224210,943530
,231007,2京1,12,２勝ｸﾗｽ,インテンスフレイム,,牡,5,岩田望来, 58 ,15,8,"  ","  ","  ","  ",,6,４,ダ,1800,,良,170,,(栗),千田輝彦,1532,0.8,8,8,9,37.5,50.9,*,50.60,50.3,0.7,522,+2,,(13.0),,,,,,
,231007,2京1,12,２勝ｸﾗｽ,エルゲルージ,,牡,4,武豊, 58 ,15,13,"  ","  ","  ","  ",,1,５,ダ,1800,,良,114,,(栗),石坂公一,1532,0.8,6,5,4,37.8,49.7,*,50.60,50.3,0.4,526,+2,,(3.2),,,,,,
,231007,2京1,12,２勝ｸﾗｽ,スマートカリス,,牝,3,坂井瑠星, 54 ,15,9,"  ","  ","  ","  ",,7,６,ダ,1800,,良,0,,(栗),池江泰寿,1533,0.9,1,1,1,38.3,47.9,*,50.60,50.3,0.0,462,+14,,(15.2),,,,,,
,231007,2京1,12,２勝ｸﾗｽ,ツウカイリアル,,牡,3,幸英明, 56 ,15,12,"  ","  ","  ","  ",,4,７,ダ,1800,,良,0,,(栗),庄野靖志,1533,0.9,11,10,9,37.5,51.1,*,50.60,50.3,0.8,496,+2,,(9.2),,,,,,
,231007,2京1,12,２勝ｸﾗｽ,ハイラブハンター,,牡,5,和田翼, 58 ,15,7,"  ","  ","  ","  ",,15,８,ダ,1800,,良,0,,(栗),谷潔,1537,1.3,15,15,15,37.4,52.0,*,50.60,50.3,1.3,492,+6,,(195.6),,,,,,
,231007,2京1,12,２勝ｸﾗｽ,ヴォードヴィル,,牝,3,団野大成, 54 ,15,5,"  ","  ","  ","  ",,8,９,ダ,1800,,良,0,,(栗),中竹和也,1537,1.3,6,5,6,38.3,48.4,,50.60,50.3,0.4,452,-2,,(21.4),,,,,,
,231007,2京1,12,２勝ｸﾗｽ,ダブルジョーク,,牡,3,横山典弘, 56 ,15,4,"  ","  ","  ","  ",,5,10,ダ,1800,,良,0,,(栗),昆貢,1540,1.6,9,10,9,38.3,48.8,,50.60,50.3,0.7,564,-10,,(12.6),,,,,,
,231007,2京1,12,２勝ｸﾗｽ,メイショウゲキリン,,牡,4,池添謙一, 58 ,15,1,"  ","  ","  ","  ",,10,11,ダ,1800,,良,0,,(栗),笹田和秀,1544,2.0,4,5,4,39.2,45.9,,50.60,50.3,0.2,518,-10,,(31.9),,,,,,
,231007,2京1,12,２勝ｸﾗｽ,ウインメイフラワー,,牝,4,泉谷楓真,55☆,15,10,"  ","  ","  ","  ",,13,12,ダ,1800,,良,0,,(栗),梅田智之,1546,2.2,13,13,12,38.5,48.8,,50.60,50.3,1.1,488,+6,,(99.6),,,,,,
,231007,2京1,12,２勝ｸﾗｽ,サンライズジャスト,,牡,4,藤岡康太, 58 ,15,2,"  ","  ","  ","  ",,3,13,ダ,1800,,良,0,,(栗),羽月友彦,1549,2.5,13,13,12,39.0,47.3,,50.60,50.3,0.9,544,+2,B,(6.9),,,,,,
,231007,2京1,12,２勝ｸﾗｽ,ニホンピロクリフ,,牡,5,田口貫太,55▲,15,6,"  ","  ","  ","  ",,11,14,ダ,1800,,良,0,,(栗),大橋勇樹,1557,3.3,11,10,12,39.8,45.4,,50.60,50.3,0.9,472,-4,,(38.8),,,,,,
,231007,2京1,12,２勝ｸﾗｽ,リースタル,,牝,4,松若風馬, 56 ,15,11,"  ","  ","  ","  ",,9,15,ダ,1800,,良,0,,(栗),森田直行,1563,3.9,2,3,6,41.1,41.5,,50.60,50.3,0.2,442,+4,B,(21.7),,,,,,
,231007,2京1,11,藤森Ｓ,サンライズアムール,,牡,4,池添謙一, 57 ,16,3,"  ","  ","  ","  ",,1,１,ダ,1200,,良,2200,,(栗),小林真也,1109,-0.4,,3,3,36.0,46.9,*,46.27,45.3,0.3,518,0,,290,150,560,1090,2010,19260,65550
,231007,2京1,11,藤森Ｓ,スマートフォルス,,牡,3,武豊, 56 ,16,16,"  ","  ","  ","  ",,3,２,ダ,1200,,良,880,,(栗),吉村圭司,1113,0.4,,9,5,36.0,48.1,*,46.27,45.3,0.7,478,-10,,(6.1),220,560,1090,2010,19260,65550
,231007,2京1,11,藤森Ｓ,ヴァガボンド,,牡,5,岩田望来, 57 ,16,6,"  ","  ","  ","  ",,9,３,ダ,1200,,良,550,*,(栗),清水久詞,1115,0.6,,1,1,36.9,43.8,*,46.27,45.3,0.0,486,-4,,(46.5),990,,,,19260,65550
,231007,2京1,11,藤森Ｓ,チェイスザドリーム,,牝,4,坂井瑠星, 56 ,16,15,"  ","  ","  ","  ",,4,４,ダ,1200,,良,330,,(栗),矢作芳人,1117,0.8,,3,3,36.7,45.4,*,46.27,45.3,0.4,476,0,,(6.9),,,,,,
,231007,2京1,11,藤森Ｓ,エリモグリッター,,セ,6,荻野極, 57 ,16,8,"  ","  ","  ","  ",,10,５,ダ,1200,,良,220,,(美),中野栄治,1117,0.8,,6,5,36.5,46.4,*,46.27,45.3,0.6,478,-4,,(54.2),,,,,,
,231007,2京1,11,藤森Ｓ,サトノテンペスト,,牡,5,和田竜二, 57 ,16,7,"  ","  ","  ","  ",,5,６,ダ,1200,,良,0,,(栗),高橋亮,1118,0.9,,6,9,36.6,46.2,*,46.27,45.3,0.6,512,+6,B,(7.6),,,,,,
,231007,2京1,11,藤森Ｓ,タガノクリステル,,牝,4,浜中俊, 56 ,16,1,"  ","  ","  ","  ",,2,７,ダ,1200,,良,0,,(栗),長谷川浩,1118,0.9,,6,5,36.7,45.6,*,46.27,45.3,0.5,488,+4,B,(4.6),,,,,,
,231007,2京1,11,藤森Ｓ,メイショウミライ,,牡,8,国分恭介, 57 ,16,9,"  ","  ","  ","  ",,15,８,ダ,1200,,良,0,,(栗),西園翔太,1119,1.0,,14,13,36.0,49.7,*,46.27,45.3,1.3,498,-2,,(124.3),,,,,,
,231007,2京1,11,藤森Ｓ,リアンクール,,牝,5,斎藤新, 55 ,16,10,"  ","  ","  ","  ",,12,９,ダ,1200,,良,0,,(栗),安田隆行,1119,1.0,,16,16,35.5,52.5,*,46.27,45.3,1.8,498,+4,B,(84.7),,,,,,
,231007,2京1,11,藤森Ｓ,アーバンイェーガー,,牡,9,吉田隼人, 57 ,16,12,"  ","  ","  ","  ",,11,10,ダ,1200,,良,0,,(美),高橋文雅,1120,1.1,,10,9,36.6,46.7,,46.27,45.3,0.8,502,+2,,(55.3),,,,,,
,231007,2京1,11,藤森Ｓ,カルネアサーダ,,牝,4,角田大和, 55 ,16,14,"  ","  ","  ","  ",,6,11,ダ,1200,,良,0,,(栗),加用正,1121,1.2,,2,2,37.4,42.8,,46.27,45.3,0.1,456,-6,,(16.6),,,,,,
,231007,2京1,11,藤森Ｓ,ボイラーハウス,,牡,5,西村淳也, 57 ,16,2,"  ","  ","  ","  ",,7,12,ダ,1200,,良,0,,(美),竹内正洋,1121,1.2,,12,13,36.6,47.0,,46.27,45.3,0.9,496,-18,,(19.9),,,,,,
,231007,2京1,11,藤森Ｓ,アッティーヴォ,,牡,9,秋山真一, 57 ,16,4,"  ","  ","  ","  ",,14,13,ダ,1200,,良,0,,(栗),大根田裕,1122,1.3,,10,9,36.9,45.7,,46.27,45.3,0.7,458,+4,,(113.2),,,,,,
,231007,2京1,11,藤森Ｓ,スナークダヴィンチ,,牡,6,富田暁, 57 ,16,5,"  ","  ","  ","  ",,8,14,ダ,1200,,良,0,,(栗),野中賢二,1123,1.4,,12,9,36.7,47.0,,46.27,45.3,1.0,494,-6,B,(22.2),,,,,,
,231007,2京1,11,藤森Ｓ,ロイヤルパールス,,牡,8,中井裕二, 58 ,16,13,"  ","  ","  ","  ",,16,15,ダ,1200,,良,0,,(栗),緒方努,1124,1.5,,14,15,36.5,48.4,*,46.27,45.3,1.3,530,+10,,(162.0),,,,,,
,231007,2京1,11,藤森Ｓ,ビップウインク,,牝,6,岩田康誠, 55 ,16,11,"  ","  ","  ","  ",,13,16,ダ,1200,,良,0,*,(栗),清水久詞,1131,2.2,,5,5,38.0,42.4,,46.27,45.3,0.5,532,+8,,(112.4),,,,,,
,231007,2京1,10,長岡京Ｈ･3勝,メイショウソラフネ,,牡,4,角田大河, 56 ,15,4,"  ","  ","  ","  ",,2,１,芝,1400,A,良,1840,,(栗),石橋守,1202,-0.0,,6,5,34.3,50.4,*,50.30,47.3,0.6,448,0,,550,230,2590,2720,4610,22650,94340
,231007,2京1,10,長岡京Ｈ･3勝,ドロップオブライト,,牝,4,小沢大仁, 55 ,15,15,"  ","  ","  ","  ",,5,２,芝,1400,A,良,740,,(栗),松永昌博,1202,0.0,,5,5,34.4,49.9,*,50.30,47.3,0.5,446,+2,,(11.0),370,2590,2720,4610,22650,94340
,231007,2京1,10,長岡京Ｈ･3勝,トーホウディアス,,牡,5,和田竜二, 56 ,15,13,"  ","  ","  ","  ",,13,３,芝,1400,A,良,460,,(栗),小栗実,1203,0.1,,7,7,34.3,50.6,*,50.30,47.3,0.7,462,+4,,(34.1),730,,,,22650,94340
,231007,2京1,10,長岡京Ｈ･3勝,アルトシュタット,,牡,4,Ｍ．デム, 57 ,15,12,"  ","  ","  ","  ",,3,４,芝,1400,A,良,280,,(栗),安田翔伍,1205,0.3,,13,13,34.0,52.6,*,50.30,47.3,1.2,488,+18,,(5.6),,,,,,
,231007,2京1,10,長岡京Ｈ･3勝,ロワンディシー,,牡,5,池添謙一, 56 ,15,1,"  ","  ","  ","  ",,7,５,芝,1400,A,良,184,,(栗),北出成人,1206,0.4,,9,9,34.4,50.7,*,50.30,47.3,0.9,454,+4,,(13.3),,,,,,
,231007,2京1,10,長岡京Ｈ･3勝,アンセーニュ,,牝,5,斎藤新, 52 ,15,8,"  ","  ","  ","  ",,14,６,芝,1400,A,良,0,,(栗),奥村豊,1206,0.4,,2,2,35.2,46.7,*,50.30,47.3,0.1,438,+2,,(66.6),,,,,,
,231007,2京1,10,長岡京Ｈ･3勝,ジュノー,,セ,5,川須栄彦, 55 ,15,10,"  ","  ","  ","  ",,10,７,芝,1400,A,良,0,,(栗),音無秀孝,1207,0.5,,9,9,34.5,50.4,*,50.30,47.3,0.9,522,+4,,(21.0),,,,,,
,231007,2京1,10,長岡京Ｈ･3勝,トオヤリトセイト,,牡,7,松若風馬, 55 ,15,3,"  ","  ","  ","  ",,11,８,芝,1400,A,良,0,,(栗),松下武士,1208,0.6,,15,15,33.9,53.8,*,50.30,47.3,1.6,486,-6,B,(21.8),,,,,,
,231007,2京1,10,長岡京Ｈ･3勝,グランレイ,,牡,6,藤懸貴志, 57 ,15,6,"  ","  ","  ","  ",,9,９,芝,1400,A,良,0,,(栗),池添学,1208,0.6,,11,11,34.3,51.7,*,50.30,47.3,1.2,468,+4,,(20.0),,,,,,
,231007,2京1,10,長岡京Ｈ･3勝,スコールユニバンス,,牝,4,西村淳也, 53 ,15,11,"  ","  ","  ","  ",,8,10,芝,1400,A,良,0,,(栗),矢作芳人,1209,0.7,,13,13,34.3,51.9,*,50.30,47.3,1.3,462,+6,,(17.7),,,,,,
,231007,2京1,10,長岡京Ｈ･3勝,イティネラートル,,牝,3,岩田望来, 53 ,15,9,"  ","  ","  ","  ",,1,11,芝,1400,A,良,0,,(栗),長谷川浩,1211,0.9,,3,3,35.4,46.8,*,50.30,47.3,0.4,420,+10,,(4.7),,,,,,
,231007,2京1,10,長岡京Ｈ･3勝,ショウナンアレス,,牡,5,坂井瑠星, 57 ,15,2,"  ","  ","  ","  ",,4,12,芝,1400,A,良,0,,(栗),新谷功一,1211,0.9,,3,3,35.4,46.8,*,50.30,47.3,0.4,524,-6,,(6.6),,,,,,
,231007,2京1,10,長岡京Ｈ･3勝,ラクスバラディー,,牝,4,幸英明, 54 ,15,7,"  ","  ","  ","  ",,6,13,芝,1400,A,良,0,,(栗),清水久詞,1211,0.9,,7,7,35.1,48.3,*,50.30,47.3,0.7,528,+12,B,(11.7),,,,,,
,231007,2京1,10,長岡京Ｈ･3勝,スリートップキズナ,,牡,5,武豊, 55 ,15,5,"  ","  ","  ","  ",,12,14,芝,1400,A,良,0,,(美),伊藤圭三,1212,1.0,,11,11,34.8,50.0,*,50.30,47.3,1.1,456,-10,B,(33.3),,,,,,
,231007,2京1,10,長岡京Ｈ･3勝,ケイサンフリーゼ,,牝,5,酒井学, 51 ,15,14,"  ","  ","  ","  ",,15,15,芝,1400,A,良,0,,(栗),畑端省吾,1217,1.5,,1,1,36.4,43.3,,50.30,47.3,0.0,500,+16,,(124.5),,,,,,
,231007,2京1,9,宝ケ池特･2勝,トゥードジボン,,牡,4,藤岡佑介, 58 ,11,5,"  ","  ","  ","  ",,3,１,芝,1600,A,良,1550,,(栗),四位洋文,1340,-0.2,,1,1,33.5,58.4,*,59.97,58.4,0.0,488,+8,,520,200,680,1360,2740,18200,71690
,231007,2京1,9,宝ケ池特･2勝,ディオ,,牡,4,岩田望来, 58 ,11,9,"  ","  ","  ","  ",,4,２,芝,1600,A,良,620,*,(栗),辻野泰之,1342,0.2,,5,2,33.4,59.2,*,59.97,58.4,0.3,500,+8,,(5.3),180,680,1360,2740,18200,71690
,231007,2京1,9,宝ケ池特･2勝,エアミアーニ,,セ,5,西村淳也, 58 ,11,2,"  ","  ","  ","  ",,10,３,芝,1600,A,良,390,*,(栗),笹田和秀,1342,0.2,,10,10,32.8,62.3,*,59.97,58.4,0.9,446,+14,,(44.5),750,,,,18200,71690
,231007,2京1,9,宝ケ池特･2勝,ラケマーダ,,牡,3,Ｍ．デム, 56 ,11,4,"  ","  ","  ","  ",,1,４,芝,1600,A,良,230,,(栗),千田輝彦,1343,0.3,,2,2,33.6,58.4,*,59.97,58.4,0.2,502,+6,,(3.7),,,,,,
,231007,2京1,9,宝ケ池特･2勝,アイオブザストーム,,牝,3,団野大成, 54 ,11,6,"  ","  ","  ","  ",,8,５,芝,1600,A,良,155,,(栗),岡田稲男,1343,0.3,,5,5,33.3,59.9,*,59.97,58.4,0.5,472,+4,,(20.0),,,,,,
,231007,2京1,9,宝ケ池特･2勝,ムーンリットナイト,,牡,4,吉田隼人, 58 ,11,1,"  ","  ","  ","  ",,9,６,芝,1600,A,良,0,,(栗),加用正,1344,0.4,,3,5,33.5,59.1,*,59.97,58.4,0.4,494,-4,,(40.0),,,,,,
,231007,2京1,9,宝ケ池特･2勝,ラファドゥラ,,牝,3,角田大河, 54 ,11,7,"  ","  ","  ","  ",,5,７,芝,1600,A,良,0,,(美),小島茂之,1346,0.6,,7,5,33.5,59.4,*,59.97,58.4,0.6,480,+2,,(6.8),,,,,,
,231007,2京1,9,宝ケ池特･2勝,ドットクルー,,牡,3,藤岡康太, 56 ,11,3,"  ","  ","  ","  ",,6,８,芝,1600,A,良,0,*,(栗),笹田和秀,1347,0.7,,7,8,33.5,59.6,*,59.97,58.4,0.7,468,+12,,(15.8),,,,,,
,231007,2京1,9,宝ケ池特･2勝,ララヴォルシエル,,牡,4,和田竜二, 58 ,11,11,"  ","  ","  ","  ",,7,９,芝,1600,A,良,0,*,(栗),辻野泰之,1348,0.8,,7,9,33.5,59.8,*,59.97,58.4,0.8,432,-12,,(19.3),,,,,,
,231007,2京1,9,宝ケ池特･2勝,プッシュオン,,牡,3,武豊, 56 ,11,8,"  ","  ","  ","  ",,2,10,芝,1600,A,良,0,,(栗),西村真幸,1349,0.9,,3,2,34.1,57.0,*,59.97,58.4,0.3,456,+18,,(4.0),,,,,,
,231007,2京1,9,宝ケ池特･2勝,シベリアンタイガー,,セ,12,西塚洸二, 58 ,11,10,"  ","  ","  ","  ",,11,11,芝,1600,A,良,0,,(美),加藤和宏,1358,1.8,,10,10,34.4,57.1,,59.97,58.4,0.9,478,+4,,(262.8),,,,,,
,231007,2京1,8,１勝ｸﾗｽ,シュタールヴィント,,牡,3,坂井瑠星, 56 ,11,2,"  ","  ","  ","  ",,1,１,芝,1800,A,良,800,,(栗),矢作芳人,1470,-0.0,,4,4,33.8,58.3,*,58.03,56.9,0.3,440,-2,,240,130,810,750,1190,2780,9980
,231007,2京1,8,１勝ｸﾗｽ,アレンテージョ,,牡,3,西村淳也, 56 ,11,1,"  ","  ","  ","  ",,5,２,芝,1800,A,良,320,,(栗),坂口智康,1470,0.0,,7,7,33.6,59.2,*,58.03,56.9,0.5,474,+12,,(9.0),210,810,750,1190,2780,9980
,231007,2京1,8,１勝ｸﾗｽ,ルソルティール,,牝,3,鮫島克駿, 54 ,11,4,"  ","  ","  ","  ",,7,３,芝,1800,A,良,200,,(栗),清水久詞,1471,0.1,,1,1,34.2,56.6,*,58.03,56.9,0.0,442,+8,,(18.1),390,,,,2780,9980
,231007,2京1,8,１勝ｸﾗｽ,ゴートゥファースト,,牡,3,角田大河,55☆,11,9,"  ","  ","  ","  ",,6,４,芝,1800,A,良,120,,(栗),新谷功一,1472,0.2,,8,7,33.7,59.1,*,58.03,56.9,0.6,490,+4,,(13.8),,,,,,
,231007,2京1,8,１勝ｸﾗｽ,コートパルフェ,,牝,4,小沢大仁,55☆,11,7,"  ","  ","  ","  ",,10,５,芝,1800,A,良,80,,(栗),緒方努,1473,0.3,,2,2,34.4,56.0,*,58.03,56.9,0.0,452,0,,(144.4),,,,,,
,231007,2京1,8,１勝ｸﾗｽ,レオンバローズ,,牡,4,岩田望来, 58 ,11,8,"  ","  ","  ","  ",,2,６,芝,1800,A,良,0,,(栗),渡辺薫彦,1473,0.3,,3,2,34.4,56.0,*,58.03,56.9,0.0,474,+2,,(3.7),,,,,,
,231007,2京1,8,１勝ｸﾗｽ,ベルシャンブル,,牝,3,藤岡佑介, 54 ,11,3,"  ","  ","  ","  ",,3,７,芝,1800,A,良,0,,(栗),中内田充,1473,0.3,,6,4,34.0,57.8,*,58.03,56.9,0.4,460,0,,(6.8),,,,,,
,231007,2京1,8,１勝ｸﾗｽ,トラストエムシー,,牡,3,田口貫太,53▲,11,6,"  ","  ","  ","  ",,8,８,芝,1800,A,良,0,,(栗),北出成人,1473,0.3,,4,4,34.1,57.3,*,58.03,56.9,0.3,436,+4,,(39.1),,,,,,
,231007,2京1,8,１勝ｸﾗｽ,スイープアワーズ,,牡,3,池添謙一, 56 ,11,5,"  ","  ","  ","  ",,4,９,芝,1800,A,良,0,,(栗),友道康夫,1476,0.6,,8,7,34.1,57.8,*,58.03,56.9,0.6,444,+10,,(7.1),,,,,,
,231007,2京1,8,１勝ｸﾗｽ,ファムスパーブ,,牝,4,斎藤新, 56 ,11,11,"  ","  ","  ","  ",,11,10,芝,1800,A,良,0,,(栗),小林真也,1481,1.1,,11,10,34.3,57.6,,58.03,56.9,0.9,454,0,,(220.8),,,,,,
,231007,2京1,8,１勝ｸﾗｽ,メイショウヒメゴゼ,,牝,4,今村聖奈,53▲,11,10,"  ","  ","  ","  ",,9,11,芝,1800,A,良,0,,(栗),飯田祐史,1483,1.3,,8,11,34.5,57.0,,58.03,56.9,0.9,468,-6,,(87.6),,,,,,
,231007,2京1,7,１勝ｸﾗｽ・牝,カセノミオ,,牝,3,田口貫太,51▲,16,15,"  ","  ","  ","  ",,2,１,ダ,1400,,良,800,,(栗),中尾秀正,1249,-0.5,,2,2,38.1,42.1,*,44.10,41.7,0.1,528,+14,,480,240,1660,3960,6770,86910,386220
,231007,2京1,7,１勝ｸﾗｽ・牝,ルショコラ,,牝,4,和田竜二, 56 ,16,14,"  ","  ","  ","  ",,8,２,ダ,1400,,良,320,,(栗),吉田直弘,1254,0.5,,6,4,37.8,44.4,*,44.10,41.7,0.9,484,+4,,(16.9),440,1660,3960,6770,86910,386220
,231007,2京1,7,１勝ｸﾗｽ・牝,ライズンシャイン,,牝,5,国分優作, 56 ,16,16,"  ","  ","  ","  ",,15,３,ダ,1400,,良,200,,(栗),岡田稲男,1254,0.5,,8,7,37.5,45.8,*,44.10,41.7,1.2,506,-2,B,(122.3),1710,,,,86910,386220
,231007,2京1,7,１勝ｸﾗｽ・牝,ローズバルサム,,牝,3,坂井瑠星, 54 ,16,3,"  ","  ","  ","  ",,1,４,ダ,1400,,良,120,,(栗),吉村圭司,1255,0.6,,15,15,37.3,46.9,*,44.10,41.7,1.5,440,-2,,(2.6),,,,,,
,231007,2京1,7,１勝ｸﾗｽ・牝,オースミリン,,牝,4,団野大成, 56 ,16,2,"  ","  ","  ","  ",,7,５,ダ,1400,,良,80,,(栗),荒川義之,1257,0.8,,11,12,37.9,44.6,*,44.10,41.7,1.1,464,-4,,(15.5),,,,,,
,231007,2京1,7,１勝ｸﾗｽ・牝,ファイアネイド,,牝,3,横山典弘, 54 ,16,8,"  ","  ","  ","  ",,3,６,ダ,1400,,良,0,,(栗),安田翔伍,1257,0.8,,8,10,38.1,43.7,*,44.10,41.7,0.9,470,0,,(4.8),,,,,,
,231007,2京1,7,１勝ｸﾗｽ・牝,ルクスレガート,,牝,4,永島まな,53▲,16,4,"  ","  ","  ","  ",,9,７,ダ,1400,,良,0,,(栗),松永昌博,1259,1.0,,4,3,38.5,42.3,*,44.10,41.7,0.7,446,+2,,(23.6),,,,,,
,231007,2京1,7,１勝ｸﾗｽ・牝,ゴットゴーゴー,,牝,5,富田暁, 56 ,16,12,"  ","  ","  ","  ",,12,８,ダ,1400,,良,0,,(栗),木原一良,1259,1.0,,13,10,37.8,45.4,*,44.10,41.7,1.4,484,+6,,(64.8),,,,,,
,231007,2京1,7,１勝ｸﾗｽ・牝,スナークメモリー,,牝,3,国分恭介, 54 ,16,5,"  ","  ","  ","  ",,10,９,ダ,1400,,良,0,,(栗),川村禎彦,1260,1.1,,11,12,38.1,44.3,,44.10,41.7,1.2,434,0,,(44.0),,,,,,
,231007,2京1,7,１勝ｸﾗｽ・牝,メイショウナナクサ,,牝,3,鮫島克駿, 54 ,16,13,"  ","  ","  ","  ",,5,10,ダ,1400,,良,0,,(栗),笹田和秀,1261,1.2,,13,12,38.1,44.5,,44.10,41.7,1.3,430,+6,,(14.8),,,,,,
,231007,2京1,7,１勝ｸﾗｽ・牝,マリブパイン,,牝,4,鷲頭虎太,53▲,16,11,"  ","  ","  ","  ",,13,11,ダ,1400,,良,0,,(栗),大根田裕,1265,1.6,,1,1,39.8,38.0,,44.10,41.7,0.0,518,+32,,(99.2),,,,,,
,231007,2京1,7,１勝ｸﾗｽ・牝,サイモンオリーブ,,牝,3,幸英明, 54 ,16,9,"  ","  ","  ","  ",,4,12,ダ,1400,,良,0,,(栗),梅田智之,1267,1.8,,8,7,38.9,42.2,,44.10,41.7,1.1,460,+4,,(14.4),,,,,,
,231007,2京1,7,１勝ｸﾗｽ・牝,レインボーウェザー,,牝,3,今村聖奈,51▲,16,1,"  ","  ","  ","  ",,14,13,ダ,1400,,良,0,,(栗),今野貞一,1269,2.0,,4,4,39.5,40.0,,44.10,41.7,0.7,462,-2,,(110.5),,,,,,
,231007,2京1,7,１勝ｸﾗｽ・牝,エトワールジェンヌ,,牝,4,岩田康誠, 56 ,16,7,"  ","  ","  ","  ",,11,14,ダ,1400,,良,0,,(栗),清水久詞,1271,2.2,,6,7,39.6,40.0,,44.10,41.7,0.8,516,+4,,(50.8),,,,,,
,231007,2京1,7,１勝ｸﾗｽ・牝,ヴァレンシアスノー,,牝,3,川端海翼,51▲,16,10,"  ","  ","  ","  ",,16,15,ダ,1400,,良,0,,(栗),宮本博,1272,2.3,,3,4,39.9,38.9,,44.10,41.7,0.6,438,-2,,(205.6),,,,,,
,231007,2京1,7,１勝ｸﾗｽ・牝,ラリベラ,,牝,4,河原田菜,52★,16,6,"  ","  ","  ","  ",,6,16,ダ,1400,,良,0,,(栗),安田隆行,1281,3.2,,16,16,39.8,41.0,,44.10,41.7,1.6,476,+4,B,(15.5),,,,,,
,231007,2京1,6,新馬,バスタードサフラン,,牝,2,藤岡康太, 55 ,16,14,"  ","  ","  ","  ",,6,１,ダ,1800,,良,720,,(栗),渡辺薫彦,1556,-0.1,5,3,2,39.2,47.4,*,47.70,47.1,0.1,464,,,1600,320,1200,1770,5260,20350,134950
,231007,2京1,6,新馬,ベルウェザー,,牡,2,武豊, 56 ,16,8,"  ","  ","  ","  ",,1,２,ダ,1800,,良,290,,(栗),茶木太樹,1557,0.1,6,5,4,39.1,48.0,*,47.70,47.1,0.3,488,,,(2.0),140,1200,1770,5260,20350,134950
,231007,2京1,6,新馬,ツリーフロッグ,,牡,2,国分優作, 56 ,16,15,"  ","  ","  ","  ",,11,３,ダ,1800,,良,180,,(栗),辻野泰之,1558,0.2,8,5,5,39.2,47.7,*,47.70,47.1,0.3,490,,,(69.9),870,,,,20350,134950
,231007,2京1,6,新馬,ペイシャコパ,,牝,2,吉田隼人, 55 ,16,9,"  ","  ","  ","  ",,9,４,ダ,1800,,良,110,,(栗),坂口智康,1560,0.4,11,8,5,39.2,48.0,*,47.70,47.1,0.5,474,,,(30.4),,,,,,
,231007,2京1,6,新馬,リンゴ,,牡,2,幸英明, 56 ,16,7,"  ","  ","  ","  ",,4,５,ダ,1800,,良,72,,(栗),梅田智之,1568,1.2,2,2,1,40.5,44.2,*,47.70,47.1,0.0,524,,,(13.0),,,,,,
,231007,2京1,6,新馬,ホワイトリバー,,牡,2,松田大作, 56 ,16,6,"  ","  ","  ","  ",,15,６,ダ,1800,,良,0,,(栗),武英智,1580,2.4,14,14,13,40.2,46.8,*,47.70,47.1,1.5,450,,,(114.2),,,,,,
,231007,2京1,6,新馬,デルマプルシャ,,牡,2,松若風馬, 56 ,16,12,"  ","  ","  ","  ",,8,７,ダ,1800,,良,0,*,(栗),宮本博,1582,2.6,3,3,2,41.8,41.4,,47.70,47.1,0.1,474,,,(24.9),,,,,,
,231007,2京1,6,新馬,ドナアフロディテ,,牝,2,鮫島克駿, 55 ,16,1,"  ","  ","  ","  ",,2,８,ダ,1800,,良,0,,(栗),庄野靖志,1583,2.7,4,5,7,41.7,41.8,,47.70,47.1,0.3,464,,,(6.2),,,,,,
,231007,2京1,6,新馬,クリノアチーバー,,牡,2,富田暁, 56 ,16,4,"  ","  ","  ","  ",,13,９,ダ,1800,,良,0,,(栗),高橋義忠,1584,2.8,6,9,9,41.6,42.3,,47.70,47.1,0.5,478,,,(97.5),,,,,,
,231007,2京1,6,新馬,ビップライアン,,牡,2,古川吉洋, 56 ,16,3,"  ","  ","  ","  ",,5,10,ダ,1800,,良,0,,(栗),松下武士,1592,3.6,14,11,9,42.0,41.9,,47.70,47.1,0.9,496,,,(15.0),,,,,,
,231007,2京1,6,新馬,ベストオブキング,,牡,2,水口優也, 56 ,16,2,"  ","  ","  ","  ",,16,11,ダ,1800,,良,0,,(栗),藤沢則雄,1597,4.1,11,12,11,42.5,40.8,,47.70,47.1,0.9,480,,,(190.5),,,,,,
,231007,2京1,6,新馬,タイセイファルクス,,牡,2,川須栄彦, 56 ,16,16,"  ","  ","  ","  ",,10,12,ダ,1800,,良,0,,(栗),小林真也,2008,5.2,9,9,11,43.8,37.9,,47.70,47.1,0.7,498,,,(41.1),,,,,,
,231007,2京1,6,新馬,エイシンローテイト,,牡,2,永島まな,53▲,16,13,"  ","  ","  ","  ",,14,13,ダ,1800,,良,0,,(栗),高橋康之,2015,5.9,16,16,15,42.5,42.9,,47.70,47.1,2.7,500,,,(112.9),,,,,,
,231007,2京1,6,新馬,ヒロイックバイオ,,牡,2,角田大河,55☆,16,10,"  ","  ","  ","  ",,7,14,ダ,1800,,良,0,,(栗),今野貞一,2019,6.3,10,12,13,44.6,36.7,,47.70,47.1,1.0,504,,,(22.9),,,,,,
,231007,2京1,6,新馬,アドーネ,,牡,2,和田竜二, 56 ,16,5,"  ","  ","  ","  ",,3,15,ダ,1800,,良,0,,(栗),鈴木孝志,2020,6.4,1,1,7,45.7,33.5,,47.70,47.1,0.0,458,,,(6.9),,,,,,
,231007,2京1,6,新馬,ザハーフェル,,牝,2,河原田菜,51★,16,11,"  ","  ","  ","  ",,12,16,ダ,1800,,良,0,*,(栗),宮本博,2046,9.0,13,15,15,46.3,34.6,,47.70,47.1,2.0,464,,,(80.8),,,,,,
,231007,2京1,5,新馬・牝,プシプシーナ,,牝,2,永島まな,52▲,18,7,"  ","  ","  ","  ",,4,１,芝,1600,A,良,720,,(栗),小栗実,1350,-0.1,,2,2,34.6,54.7,*,55.53,54.3,0.1,410,,,790,260,1140,1820,4130,7530,45050
,231007,2京1,5,新馬・牝,シルヴァリームーン,,牝,2,武豊, 55 ,18,18,"  ","  ","  ","  ",,1,２,芝,1600,A,良,290,,(栗),渡辺薫彦,1351,0.1,,3,3,34.6,54.9,*,55.53,54.3,0.2,514,,,(3.7),170,1140,1820,4130,7530,45050
,231007,2京1,5,新馬・牝,イフェイオン,,牝,2,西村淳也, 55 ,18,9,"  ","  ","  ","  ",,6,３,芝,1600,A,良,180,,(栗),杉山佳明,1352,0.2,,11,11,34.2,57.0,*,55.53,54.3,0.7,482,,,(12.7),340,,,,7530,45050
,231007,2京1,5,新馬・牝,コネッシオーネ,,牝,2,鮫島克駿, 55 ,18,2,"  ","  ","  ","  ",,5,４,芝,1600,A,良,110,,(栗),杉山晴紀,1352,0.2,,1,1,34.9,53.7,*,55.53,54.3,0.0,456,,,(11.4),,,,,,
,231007,2京1,5,新馬・牝,インフルブルーム,,牝,2,坂井瑠星, 55 ,18,6,"  ","  ","  ","  ",,9,５,芝,1600,A,良,72,,(栗),矢作芳人,1353,0.3,,5,4,34.8,54.3,*,55.53,54.3,0.2,440,,,(26.3),,,,,,
,231007,2京1,5,新馬・牝,フローラルセント,,牝,2,藤岡康太, 55 ,18,17,"  ","  ","  ","  ",,15,６,芝,1600,A,良,0,,(栗),松下武士,1354,0.4,,11,11,34.3,56.9,*,55.53,54.3,0.8,458,,,(88.1),,,,,,
,231007,2京1,5,新馬・牝,ダークファンタジー,,牝,2,岩田望来, 55 ,18,1,"  ","  ","  ","  ",,3,７,芝,1600,A,良,0,,(栗),須貝尚介,1355,0.5,,8,8,34.7,55.1,*,55.53,54.3,0.5,402,,,(7.2),,,,,,
,231007,2京1,5,新馬・牝,アンクローシュ,,牝,2,Ｍ．デム, 55 ,18,14,"  ","  ","  ","  ",,8,８,芝,1600,A,良,0,,(栗),安田翔伍,1356,0.6,,8,8,34.7,55.3,*,55.53,54.3,0.6,408,,,(22.8),,,,,,
,231007,2京1,5,新馬・牝,ドーヴィル,,牝,2,松田大作, 55 ,18,8,"  ","  ","  ","  ",,7,９,芝,1600,A,良,0,,(栗),武英智,1356,0.6,,5,4,35.0,53.9,*,55.53,54.3,0.3,450,,,(16.2),,,,,,
,231007,2京1,5,新馬・牝,ジョセフィーナ,,牝,2,松若風馬, 55 ,18,4,"  ","  ","  ","  ",,12,10,芝,1600,A,良,0,,(栗),今野貞一,1357,0.7,,8,8,34.8,55.0,*,55.53,54.3,0.6,410,,,(35.3),,,,,,
,231007,2京1,5,新馬・牝,レドンホール,,牝,2,団野大成, 55 ,18,5,"  ","  ","  ","  ",,11,11,芝,1600,A,良,0,,(栗),斉藤崇史,1359,0.9,,14,13,34.6,56.3,*,55.53,54.3,1.0,456,,,(32.7),,,,,,
,231007,2京1,5,新馬・牝,ノビル,,牝,2,和田竜二, 55 ,18,12,"  ","  ","  ","  ",,14,12,芝,1600,A,良,0,,(栗),鈴木孝志,1361,1.1,,5,7,35.4,52.9,,55.53,54.3,0.4,446,,,(78.5),,,,,,
,231007,2京1,5,新馬・牝,ルージュプレジール,,牝,2,浜中俊, 55 ,18,11,"  ","  ","  ","  ",,2,13,芝,1600,A,良,0,,(栗),田中克典,1366,1.6,,14,13,35.3,54.2,,55.53,54.3,1.0,458,,,(5.3),,,,,,
,231007,2京1,5,新馬・牝,カリナンラホーヤ,,牝,2,小沢大仁,54☆,18,13,"  ","  ","  ","  ",,17,14,芝,1600,A,良,0,,(栗),松永昌博,1372,2.2,,11,13,36.1,51.6,,55.53,54.3,0.8,430,,,(128.5),,,,,,
,231007,2京1,5,新馬・牝,リオサラ,,牝,2,幸英明, 55 ,18,10,"  ","  ","  ","  ",,10,15,芝,1600,A,良,0,,(栗),牧浦充徳,1373,2.3,,3,4,36.8,48.6,,55.53,54.3,0.2,472,,,(26.7),,,,,,
,231007,2京1,5,新馬・牝,スマートヌーメン,,牝,2,富田暁, 55 ,18,16,"  ","  ","  ","  ",,13,16,芝,1600,A,良,0,,(栗),石坂公一,1373,2.3,,16,16,35.7,53.5,,55.53,54.3,1.3,466,,,(77.1),,,,,,
,231007,2京1,5,新馬・牝,トウメイヨリキレイ,,牝,2,国分恭介, 55 ,18,3,"  ","  ","  ","  ",,18,17,芝,1600,A,良,0,,(栗),川村禎彦,1373,2.3,,18,18,35.3,55.4,,55.53,54.3,1.7,400,,,(211.0),,,,,,
,231007,2京1,5,新馬・牝,チアフルヴォイス,,牝,2,吉田隼人, 55 ,18,15,"  ","  ","  ","  ",,16,18,芝,1600,A,良,0,,(栗),坂口智康,1376,2.6,,17,16,36.0,52.7,,55.53,54.3,1.3,456,,,(123.7),,,,,,
,231007,2京1,3,未勝利*,エルフストラック,,牝,2,岩田望来, 55 ,6,2,"  ","  ","  ","  ",,1,１,芝,2000,A,良,550,,(栗),中村直也,2023,-0.0,3,3,2,34.9,57.3,*,57.57,56.5,0.2,462,-4,,220,120,,320,520,260,1050
,231007,2京1,3,未勝利*,ヘザルフェン,,牡,2,横山典弘, 56 ,6,3,"  ","  ","  ","  ",,2,２,芝,2000,A,良,220,,(栗),昆貢,2023,0.0,3,4,4,34.8,57.8,*,57.57,56.5,0.3,494,0,,(3.1),140,,320,520,260,1050
,231007,2京1,3,未勝利*,ショウナンハウル,,牡,2,西村淳也, 56 ,6,1,"  ","  ","  ","  ",,3,３,芝,2000,A,良,140,,(栗),松下武士,2025,0.2,5,4,4,34.9,57.6,*,57.57,56.5,0.4,500,+4,,(3.9),,,,,260,1050
,231007,2京1,3,未勝利*,モスコビウム,,牡,2,和田竜二, 56 ,6,4,"  ","  ","  ","  ",,6,４,芝,2000,A,良,83,,(栗),浜田多実,2028,0.5,6,6,6,35.1,57.1,*,57.57,56.5,0.5,434,0,,(65.6),,,,,,
,231007,2京1,3,未勝利*,チョウゲンキ,,牡,2,松若風馬, 56 ,6,6,"  ","  ","  ","  ",,5,５,芝,2000,A,良,55,,(栗),羽月友彦,2032,0.9,2,2,2,35.9,54.2,*,57.57,56.5,0.1,432,+2,,(25.6),,,,,,
,231007,2京1,3,未勝利*,アマゾネス,,牝,2,幸英明, 55 ,6,5,"  ","  ","  ","  ",,4,６,芝,2000,A,良,0,,(栗),渡辺薫彦,2037,1.4,1,1,1,36.5,52.4,,57.57,56.5,0.0,444,-4,,(7.9),,,,,,
,231007,2京1,2,未勝利*,オペラプラージュ,,牡,2,西村淳也, 56 ,16,15,"  ","  ","  ","  ",,1,１,ダ,1800,,良,550,*,(栗),新谷功一,1537,-0.3,3,3,3,38.1,49.2,*,47.20,48.0,0.3,492,,,320,190,1300,4170,6290,13570,41790
,231007,2京1,2,未勝利*,ブルーサン,,牡,2,富田暁, 56 ,16,13,"  ","  ","  ","  ",,7,２,ダ,1800,,良,220,*,(栗),川村禎彦,1540,0.3,1,1,1,38.7,47.3,*,47.20,48.0,0.0,506,+12,,(22.2),550,1300,4170,6290,13570,41790
,231007,2京1,2,未勝利*,パフ,,牡,2,幸英明, 56 ,16,4,"  ","  ","  ","  ",,6,３,ダ,1800,,良,140,,(栗),橋口慎介,1552,1.5,3,3,3,39.7,45.1,*,47.20,48.0,0.2,466,0,,(17.9),320,,,,13570,41790
,231007,2京1,2,未勝利*,クレスコサンダー,,牡,2,岩田望来, 56 ,16,14,"  ","  ","  ","  ",,5,４,ダ,1800,,良,83,,(栗),緒方努,1553,1.6,2,2,2,39.9,44.5,*,47.20,48.0,0.1,482,+6,,(8.6),,,,,,
,231007,2京1,2,未勝利*,カズタンジャー,,牡,2,西塚洸二,53▲,16,12,"  ","  ","  ","  ",,10,５,ダ,1800,,良,55,*,(栗),新谷功一,1553,1.6,6,7,6,39.4,46.3,*,47.20,48.0,0.6,488,+8,B,(57.4),,,,,,
,231007,2京1,2,未勝利*,サンライズガッツ,,牡,2,Ｍ．デム, 56 ,16,5,"  ","  ","  ","  ",,2,６,ダ,1800,,良,0,,(栗),安田翔伍,1558,2.1,13,9,8,39.6,46.2,*,47.20,48.0,0.9,482,-6,,(3.4),,,,,,
,231007,2京1,2,未勝利*,ドゥマイシング,,牡,2,坂井瑠星, 56 ,16,2,"  ","  ","  ","  ",,3,７,ダ,1800,,良,0,,(栗),矢作芳人,1564,2.7,10,10,10,40.0,45.5,,47.20,48.0,1.1,486,-2,,(7.2),,,,,,
,231007,2京1,2,未勝利*,ナムラルッコラ,,牝,2,田口貫太,52▲,16,10,"  ","  ","  ","  ",,9,８,ダ,1800,,良,0,,(栗),大橋勇樹,1571,3.4,3,6,6,41.4,41.4,,47.20,48.0,0.4,476,0,,(48.6),,,,,,
,231007,2京1,2,未勝利*,ハヤブサソンタクン,,牡,2,藤懸貴志, 56 ,16,9,"  ","  ","  ","  ",,8,９,ダ,1800,,良,0,,(栗),寺島良,1577,4.0,15,10,10,41.2,42.8,,47.20,48.0,1.2,454,0,,(23.6),,,,,,
,231007,2京1,2,未勝利*,サウンドノバ,,牡,2,吉田隼人, 56 ,16,11,"  ","  ","  ","  ",,4,10,ダ,1800,,良,0,,(栗),安達昭夫,1577,4.0,6,7,8,41.8,40.8,,47.20,48.0,0.6,468,+4,,(7.5),,,,,,
,231007,2京1,2,未勝利*,クリノブルームーン,,牡,2,国分恭介, 56 ,16,8,"  ","  ","  ","  ",,14,11,ダ,1800,,良,0,*,(栗),川村禎彦,1579,4.2,15,15,15,40.2,46.6,,47.20,48.0,2.4,474,+4,,(393.1),,,,,,
,231007,2京1,2,未勝利*,プリンスジョイ,,牡,2,和田竜二, 56 ,16,3,"  ","  ","  ","  ",,13,12,ダ,1800,,良,0,,(栗),浜田多実,1579,4.2,6,10,12,41.5,42.0,,47.20,48.0,1.1,496,-2,,(301.9),,,,,,
,231007,2京1,2,未勝利*,ハチャトリアン,,牡,2,小沢大仁,55☆,16,7,"  ","  ","  ","  ",,16,13,ダ,1800,,良,0,,(栗),奥村豊,1584,4.7,9,3,5,42.7,38.6,,47.20,48.0,0.4,460,+6,,(452.0),,,,,,
,231007,2京1,2,未勝利*,ヤシマ,,牡,2,川端海翼,53▲,16,1,"  ","  ","  ","  ",,15,14,ダ,1800,,良,0,,(栗),加用正,1585,4.8,10,13,13,41.4,43.1,,47.20,48.0,1.8,498,0,,(396.4),,,,,,
,231007,2京1,2,未勝利*,コーントップス,,牝,2,松若風馬, 55 ,16,6,"  ","  ","  ","  ",,11,15,ダ,1800,,良,0,,(栗),音無秀孝,1588,5.1,14,13,13,41.6,42.8,,47.20,48.0,1.9,426,+2,,(173.7),,,,,,
,231007,2京1,2,未勝利*,ケンタッキーダンス,,牝,2,鷲頭虎太,52▲,16,16,"  ","  ","  ","  ",,12,16,ダ,1800,,良,0,,(栗),羽月友彦,2003,6.6,10,16,16,42.2,42.5,,47.20,48.0,2.8,410,+6,,(201.3),,,,,,
,231007,2京1,1,未勝利*,モズナイスバディー,,牡,2,角田大和,55☆,13,12,"  ","  ","  ","  ",,6,１,ダ,1400,,良,550,,(栗),飯田祐史,1261,-0.1,,3,3,38.7,41.9,*,42.30,40.6,0.3,484,-4,,1370,460,520,4240,7730,27910,131230
,231007,2京1,1,未勝利*,ヒルノドゴール,,牡,2,亀田温心, 56 ,13,4,"  ","  ","  ","  ",,4,２,ダ,1400,,良,220,,(栗),北出成人,1262,0.1,,6,5,38.3,43.8,*,42.30,40.6,0.8,502,+8,,(9.1),280,520,4240,7730,27910,131230
,231007,2京1,1,未勝利*,ガラシュ,,牡,2,和田竜二, 56 ,13,2,"  ","  ","  ","  ",,8,３,ダ,1400,,良,140,,(栗),高橋康之,1262,0.1,,2,2,38.9,41.2,*,42.30,40.6,0.2,510,0,,(39.6),860,,,,27910,131230
,231007,2京1,1,未勝利*,ウィルソンウェイ,,牡,2,団野大成, 56 ,13,6,"  ","  ","  ","  ",,2,４,ダ,1400,,良,83,,(栗),斉藤崇史,1265,0.4,,1,1,39.4,39.7,*,42.30,40.6,0.0,464,+10,,(6.1),,,,,,
,231007,2京1,1,未勝利*,ポンピエ,,牡,2,田口貫太,53▲,13,13,"  ","  ","  ","  ",,1,５,ダ,1400,,良,55,,(栗),西園正都,1267,0.6,,6,7,38.8,42.6,*,42.30,40.6,0.8,454,+6,,(2.0),,,,,,
,231007,2京1,1,未勝利*,カズトシクン,,牡,2,池添謙一, 56 ,13,1,"  ","  ","  ","  ",,7,６,ダ,1400,,良,0,,(栗),渡辺薫彦,1269,0.8,,5,4,39.4,40.4,*,42.30,40.6,0.4,486,-6,B,(17.1),,,,,,
,231007,2京1,1,未勝利*,ノリピー,,牝,2,国分恭介, 55 ,13,10,"  ","  ","  ","  ",,12,７,ダ,1400,,良,0,,(栗),西園翔太,1271,1.0,,11,8,38.8,43.4,*,42.30,40.6,1.2,450,+8,,(64.6),,,,,,
,231007,2京1,1,未勝利*,エスオーライジング,,牡,2,富田暁, 56 ,13,7,"  ","  ","  ","  ",,13,８,ダ,1400,,良,0,,(栗),木原一良,1278,1.7,,10,11,39.7,40.9,,42.30,40.6,1.0,470,+2,,(195.1),,,,,,
,231007,2京1,1,未勝利*,サンピアノソナタ,,牝,2,永島まな,52▲,13,11,"  ","  ","  ","  ",,9,９,ダ,1400,,良,0,,(栗),佐々木晶,1286,2.5,,12,12,40.1,40.7,,42.30,40.6,1.4,450,-6,,(51.0),,,,,,
,231007,2京1,1,未勝利*,メイショウマサユメ,,牝,2,武豊, 55 ,13,9,"  ","  ","  ","  ",,3,10,ダ,1400,,良,0,,(栗),角田晃一,1293,3.2,,3,5,41.9,34.8,,42.30,40.6,0.3,456,0,,(7.9),,,,,,
,231007,2京1,1,未勝利*,ダンツハマー,,牝,2,幸英明, 55 ,13,8,"  ","  ","  ","  ",,10,11,ダ,1400,,良,0,,(栗),谷潔,1298,3.7,,13,13,41.2,38.5,,42.30,40.6,1.5,476,0,,(56.9),,,,,,
,231007,2京1,1,未勝利*,ルージュシュエット,,牝,2,坂井瑠星, 55 ,13,3,"  ","  ","  ","  ",,11,12,ダ,1400,,良,0,,(栗),矢作芳人,1298,3.7,,6,8,41.9,35.7,,42.30,40.6,0.8,446,-8,,(57.8),,,,,,
,231007,2京1,1,未勝利*,エイシンロッキー,,牡,2,荻野琢真, 56 ,13,5,"  ","  ","  ","  ",,5,13,ダ,1400,,良,0,,(栗),大久保龍,1303,4.2,,6,8,42.3,35.1,,42.30,40.6,0.9,488,+2,,(12.7),,,,,,
,201031,4京7,12,２勝ｸﾗｽ,テーオーケインズ,,牡,3,松山弘平, 55 ,14,11,"  ","  ","  ","  ",,1,１,ダ,1800,,良,1100,,(栗),高柳大輔,1503,-0.7,6,5,3,36.2,52.3,*,51.00,50.3,0.5,488,+6,,210,120,450,410,750,670,2540
,201031,4京7,12,２勝ｸﾗｽ,サンライズホープ,,牡,3,川須栄彦, 55 ,14,8,"  ","  ","  ","  ",,2,２,ダ,1800,,良,440,,(栗),羽月友彦,1510,0.7,3,2,2,37.2,49.2,*,51.00,50.3,0.2,536,+2,,(3.5),140,450,410,750,670,2540
,201031,4京7,12,２勝ｸﾗｽ,スズカデレヤ,,牡,3,幸英明, 55 ,14,6,"  ","  ","  ","  ",,3,３,ダ,1800,,良,280,*,(栗),大橋勇樹,1518,1.5,12,12,6,36.9,51.5,*,51.00,50.3,1.3,518,0,,(7.1),150,,,,670,2540
,201031,4京7,12,２勝ｸﾗｽ,ペイシャノリッジ,,牝,3,森裕太朗,52☆,14,3,"  ","  ","  ","  ",,5,４,ダ,1800,,良,170,,(栗),吉田直弘,1522,1.9,10,10,6,37.5,49.6,*,51.00,50.3,1.1,418,-6,,(13.2),,,,,,
,201031,4京7,12,２勝ｸﾗｽ,ホッコーアカツキ,,牡,3,国分優作, 55 ,14,4,"  ","  ","  ","  ",,6,５,ダ,1800,,良,110,,(栗),西浦勝一,1525,2.2,1,1,1,38.9,44.6,*,51.00,50.3,0.0,510,0,,(21.6),,,,,,
,201031,4京7,12,２勝ｸﾗｽ,ヘヴントゥナイト,,セ,6,松若風馬, 57 ,14,5,"  ","  ","  ","  ",,11,６,ダ,1800,,良,0,,(栗),杉山晴紀,1526,2.3,8,8,10,38.0,48.2,,51.00,50.3,1.0,484,+4,,(72.1),,,,,,
,201031,4京7,12,２勝ｸﾗｽ,マンハッタンロック,,牡,6,団野大成,56☆,14,13,"  ","  ","  ","  ",,8,７,ダ,1800,,良,0,,(栗),岡田稲男,1528,2.5,11,10,5,38.2,47.6,,51.00,50.3,1.0,454,-2,,(44.0),,,,,,
,201031,4京7,12,２勝ｸﾗｽ,モーニングサン,,牡,4,岩田康誠, 57 ,14,10,"  ","  ","  ","  ",,7,８,ダ,1800,,良,0,,(栗),橋口慎介,1528,2.5,4,4,4,38.7,45.7,,51.00,50.3,0.5,466,-2,B,(24.3),,,,,,
,201031,4京7,12,２勝ｸﾗｽ,キングレイスター,,牡,6,小牧太, 57 ,14,14,"  ","  ","  ","  ",,10,９,ダ,1800,,良,0,*,(栗),大橋勇樹,1532,2.9,12,13,13,37.8,49.7,*,51.00,50.3,1.8,498,0,,(63.0),,,,,,
,201031,4京7,12,２勝ｸﾗｽ,トモノコテツ,,牡,5,池添謙一, 57 ,14,1,"  ","  ","  ","  ",,12,10,ダ,1800,,良,0,,(栗),浜田多実,1538,3.5,8,8,10,39.2,45.2,,51.00,50.3,1.0,468,-4,B,(72.8),,,,,,
,201031,4京7,12,２勝ｸﾗｽ,ヒイロメープル,,牡,3,泉谷楓真,52▲,14,12,"  ","  ","  ","  ",,14,11,ダ,1800,,良,0,,(美),林徹,1540,3.7,14,13,14,38.5,48.1,,51.00,50.3,1.9,476,0,,(352.8),,,,,,
,201031,4京7,12,２勝ｸﾗｽ,ブリッツシュラーク,,牡,6,藤岡康太, 57 ,14,9,"  ","  ","  ","  ",,13,12,ダ,1800,,良,0,,(栗),中竹和也,1553,5.0,4,6,6,41.0,40.6,,51.00,50.3,0.7,492,+20,,(225.0),,,,,,
,201031,4京7,12,２勝ｸﾗｽ,メリディアンローグ,,牡,3,福永祐一, 55 ,14,2,"  ","  ","  ","  ",,4,13,ダ,1800,,良,0,,(美),藤沢和雄,1562,5.9,6,6,10,41.9,38.7,,51.00,50.3,0.7,458,-6,,(9.3),,,,,,
,201031,4京7,12,２勝ｸﾗｽ,メラン,,牡,4,和田竜二, 57 ,14,7,"  ","  ","  ","  ",,9,14,ダ,1800,,良,0,,(栗),奥村豊,1575,7.2,2,2,6,43.6,34.7,,51.00,50.3,0.3,508,0,,(54.5),,,,,,
,201031,4京7,11,スワンＳG2,カツジ,,牡,5,岩田康誠, 56 ,16,4,"  ","  ","  ","  ",,11,１,芝,1400,A,良,5900,,(栗),池添兼雄,1212,-0.2,,1,1,34.3,52.6,*,52.60,52.6,0.0,500,+2,,14370,1840,15390,34820,109710,43000,662610
,201031,4京7,11,スワンＳG2,ステルヴィオ,,牡,5,池添謙一, 57 ,16,16,"  ","  ","  ","  ",,3,２,芝,1400,A,良,2400,,(美),木村哲也,1214,0.2,,5,5,34.3,53.0,*,52.60,52.6,0.2,494,+4,,(5.0),200,15390,34820,109710,43000,662610
,201031,4京7,11,スワンＳG2,アドマイヤマーズ,,牡,4,川田将雅, 58 ,16,2,"  ","  ","  ","  ",,2,３,芝,1400,A,良,1500,,(栗),友道康夫,1215,0.3,,2,2,34.5,52.2,*,52.60,52.6,0.1,482,+6,,(2.8),190,,,,43000,662610
,201031,4京7,11,スワンＳG2,アルーシャ,,牝,5,武豊, 54 ,16,14,"  ","  ","  ","  ",,4,４,芝,1400,A,良,890,,(美),藤沢和雄,1215,0.3,,9,7,34.0,54.8,*,52.60,52.6,0.6,452,-6,,(15.8),,,,,,
,201031,4京7,11,スワンＳG2,シヴァージ,,牡,5,藤岡佑介, 56 ,16,6,"  ","  ","  ","  ",,5,５,芝,1400,A,良,590,,(栗),野中賢二,1215,0.3,,15,15,33.4,58.0,*,52.60,52.6,1.2,506,+6,B,(17.5),,,,,,
,201031,4京7,11,スワンＳG2,キングハート,,牡,7,小崎綾也, 56 ,16,13,"  ","  ","  ","  ",,16,６,芝,1400,A,良,0,,(美),星野忍,1216,0.4,,10,11,33.9,55.5,*,52.60,52.6,0.8,498,-2,,(467.5),,,,,,
,201031,4京7,11,スワンＳG2,カテドラル,,牡,4,福永祐一, 56 ,16,9,"  ","  ","  ","  ",,6,７,芝,1400,A,良,0,*,(栗),池添学,1216,0.4,,11,10,33.9,55.5,*,52.60,52.6,0.8,490,+8,,(20.1),,,,,,
,201031,4京7,11,スワンＳG2,ベステンダンク,,牡,8,北村友一, 56 ,16,7,"  ","  ","  ","  ",,10,８,芝,1400,A,良,0,*,(栗),安達昭夫,1216,0.4,,8,7,34.2,53.9,*,52.60,52.6,0.5,524,+8,,(92.4),,,,,,
,201031,4京7,11,スワンＳG2,メイショウオーパス,,牡,5,幸英明, 56 ,16,5,"  ","  ","  ","  ",,8,９,芝,1400,A,良,0,,(栗),飯田祐史,1216,0.4,,12,11,33.7,56.6,*,52.60,52.6,1.0,512,-4,,(35.7),,,,,,
,201031,4京7,11,スワンＳG2,サウンドキアラ,,牝,5,松山弘平, 54 ,16,1,"  ","  ","  ","  ",,1,10,芝,1400,A,良,0,*,(栗),安達昭夫,1217,0.5,,5,7,34.4,53.1,*,52.60,52.6,0.4,458,-2,,(2.4),,,,,,
,201031,4京7,11,スワンＳG2,ボンセルヴィーソ,,牡,6,木幡巧也, 56 ,16,10,"  ","  ","  ","  ",,7,11,芝,1400,A,良,0,*,(栗),池添学,1217,0.5,,2,2,34.7,51.6,*,52.60,52.6,0.1,490,+6,,(27.3),,,,,,
,201031,4京7,11,スワンＳG2,レインボーフラッグ,,牡,7,和田竜二, 56 ,16,8,"  ","  ","  ","  ",,13,12,芝,1400,A,良,0,,(栗),小崎憲,1217,0.5,,12,14,33.8,56.3,*,52.60,52.6,1.0,464,+2,,(204.3),,,,,,
,201031,4京7,11,スワンＳG2,プロディガルサン,,牡,7,国分優作, 56 ,16,12,"  ","  ","  ","  ",,12,13,芝,1400,A,良,0,,(美),国枝栄,1219,0.7,,5,2,34.9,51.0,*,52.60,52.6,0.1,502,-8,B,(170.2),,,,,,
,201031,4京7,11,スワンＳG2,スマートオーディン,,牡,7,藤井勘一, 56 ,16,15,"  ","  ","  ","  ",,9,14,芝,1400,A,良,0,,(栗),池江泰寿,1222,1.0,,12,11,34.4,54.2,*,52.60,52.6,0.9,502,-2,,(57.5),,,,,,
,201031,4京7,11,スワンＳG2,ロケット,,牝,5,酒井学, 54 ,16,3,"  ","  ","  ","  ",,14,15,芝,1400,A,良,0,,(栗),石橋守,1222,1.0,,2,5,35.1,50.6,*,52.60,52.6,0.2,478,0,,(211.7),,,,,,
,201031,4京7,11,スワンＳG2,タイムトリップ,,牡,6,柴山雄一, 56 ,16,11,"  ","  ","  ","  ",,15,16,芝,1400,A,良,0,,(美),菊川正達,1232,2.0,,16,16,34.9,53.8,,52.60,52.6,1.4,492,-4,,(342.9),,,,,,
,201031,4京7,10,古都Ｓ･3勝,シークレットラン,,牡,4,川田将雅, 57 ,12,2,"  ","  ","  ","  ",,2,１,芝,2400,A,良,1820,,(美),田村康仁,2263,-0.0,3,2,2,35.8,52.9,*,52.67,52.1,0.2,500,0,,410,130,360,360,1060,1710,7900
,201031,4京7,10,古都Ｓ･3勝,アンティシペイト,,牡,3,武豊, 54 ,12,5,"  ","  ","  ","  ",,1,２,芝,2400,A,良,730,,(美),国枝栄,2263,0.0,4,2,2,35.9,52.5,*,52.67,52.1,0.1,498,+8,,(1.7),110,360,360,1060,1710,7900
,201031,4京7,10,古都Ｓ･3勝,ラクローチェ,,牡,4,幸英明, 57 ,12,7,"  ","  ","  ","  ",,7,３,芝,2400,A,良,460,,(栗),角田晃一,2264,0.1,6,5,5,35.9,52.6,*,52.67,52.1,0.2,484,+2,,(27.2),320,,,,1710,7900
,201031,4京7,10,古都Ｓ･3勝,スヴァルナ,,牡,5,松山弘平, 57 ,12,12,"  ","  ","  ","  ",,3,４,芝,2400,A,良,270,,(栗),池江泰寿,2265,0.2,9,9,8,35.8,53.1,*,52.67,52.1,0.4,518,-4,,(8.1),,,,,,
,201031,4京7,10,古都Ｓ･3勝,ヴィッセン,,牡,9,団野大成, 57 ,12,3,"  ","  ","  ","  ",,8,５,芝,2400,A,良,182,,(栗),斉藤崇史,2266,0.3,10,9,8,35.8,53.2,*,52.67,52.1,0.5,498,+8,B,(31.9),,,,,,
,201031,4京7,10,古都Ｓ･3勝,ベイビーステップ,,牡,6,木幡巧也, 57 ,12,10,"  ","  ","  ","  ",,10,６,芝,2400,A,良,0,,(美),菊川正達,2271,0.8,12,9,10,36.3,51.7,*,52.67,52.1,0.5,488,-4,,(212.5),,,,,,
,201031,4京7,10,古都Ｓ･3勝,サウンドバーニング,,牡,8,北村友一, 57 ,12,4,"  ","  ","  ","  ",,11,７,芝,2400,A,良,0,,(栗),安達昭夫,2271,0.8,6,12,11,35.5,54.8,*,52.67,52.1,1.3,418,-4,B,(235.1),,,,,,
,201031,4京7,10,古都Ｓ･3勝,レオビヨンド,,牡,4,福永祐一, 57 ,12,1,"  ","  ","  ","  ",,4,８,芝,2400,A,良,0,,(栗),高柳大輔,2271,0.8,4,5,6,36.5,51.0,*,52.67,52.1,0.3,484,0,,(9.5),,,,,,
,201031,4京7,10,古都Ｓ･3勝,シンボ,,牡,3,古川吉洋, 54 ,12,6,"  ","  ","  ","  ",,5,９,芝,2400,A,良,0,,[地],斉藤正弘,2273,1.0,2,2,2,36.9,49.7,*,52.67,52.1,0.1,462,+4,,(20.0),,,,,,
,201031,4京7,10,古都Ｓ･3勝,フィールインラヴ,,セ,5,岩田康誠, 57 ,12,8,"  ","  ","  ","  ",,6,10,芝,2400,A,良,0,,(栗),浅見秀一,2274,1.1,10,1,1,37.1,49.1,,52.67,52.1,0.0,454,+4,,(24.8),,,,,,
,201031,4京7,10,古都Ｓ･3勝,マスターコード,,牡,6,和田竜二, 57 ,12,11,"  ","  ","  ","  ",,9,11,芝,2400,A,良,0,,(栗),吉村圭司,2275,1.2,6,5,6,36.9,49.9,,52.67,52.1,0.3,468,+4,B,(37.0),,,,,,
,201031,4京7,9,萩Ｓ(L),シュヴァリエローズ,,牡,2,北村友一, 55 ,8,3,"  ","  ","  ","  ",,3,１,芝,1800,A,良,1700,,(栗),清水久詞,1481,-0.1,,2,2,34.1,58.5,*,58.67,57.1,0.3,436,0,,620,150,,2840,5520,1370,15680
,201031,4京7,9,萩Ｓ(L),ジュンブルースカイ,,牡,2,武豊, 55 ,8,1,"  ","  ","  ","  ",,5,２,芝,1800,A,良,680,,(栗),友道康夫,1482,0.1,,5,2,34.1,58.7,*,58.67,57.1,0.4,438,-2,,(14.1),210,,2840,5520,1370,15680
,201031,4京7,9,萩Ｓ(L),ワンダフルタウン,,牡,2,和田竜二, 55 ,8,2,"  ","  ","  ","  ",,1,３,芝,1800,A,良,430,,(栗),高橋義忠,1483,0.2,,4,5,34.1,58.8,*,58.67,57.1,0.5,464,+16,,(1.8),110,,,,1370,15680
,201031,4京7,9,萩Ｓ(L),レベランス,,牡,2,川田将雅, 55 ,8,7,"  ","  ","  ","  ",,2,４,芝,1800,A,良,260,,(栗),須貝尚介,1491,1.0,,7,8,34.6,57.7,*,58.67,57.1,0.8,438,-4,,(4.6),,,,,,
,201031,4京7,9,萩Ｓ(L),ピンクカメハメハ,,牡,2,松山弘平, 55 ,8,4,"  ","  ","  ","  ",,7,５,芝,1800,A,良,170,,(栗),森秀行,1492,1.1,,1,1,35.5,53.8,,58.67,57.1,0.0,462,+12,,(48.0),,,,,,
,201031,4京7,9,萩Ｓ(L),ギャラントウォリア,,牡,2,池添謙一, 55 ,8,5,"  ","  ","  ","  ",,6,６,芝,1800,A,良,0,,(栗),平田修,1492,1.1,,2,2,35.2,55.1,,58.67,57.1,0.3,488,-2,,(23.3),,,,,,
,201031,4京7,9,萩Ｓ(L),ワールドリバイバル,,牡,2,藤岡康太, 55 ,8,8,"  ","  ","  ","  ",,8,７,芝,1800,A,良,0,,(栗),牧田和弥,1495,1.4,,7,7,35.1,56.0,,58.67,57.1,0.7,504,+12,,(84.4),,,,,,
,201031,4京7,9,萩Ｓ(L),フォティノース,,牝,2,福永祐一, 54 ,8,6,"  ","  ","  ","  ",,4,８,芝,1800,A,良,0,,(栗),杉山晴紀,1505,2.4,,5,5,36.3,52.2,,58.67,57.1,0.5,438,+10,,(8.3),,,,,,
,201031,4京7,8,１勝ｸﾗｽ,デンコウリジエール,,牡,3,団野大成,54☆,16,10,"  ","  ","  ","  ",,2,１,ダ,1400,,良,760,,(栗),荒川義之,1238,-0.2,,2,2,36.9,45.3,*,46.53,44.4,0.2,470,-2,,500,230,2410,7750,13390,33690,153550
,201031,4京7,8,１勝ｸﾗｽ,ゼットセントラル,,セ,4,藤懸貴志, 57 ,16,12,"  ","  ","  ","  ",,12,２,ダ,1400,,良,300,,(栗),平田修,1240,0.2,,11,8,36.4,48.1,*,46.53,44.4,0.9,494,-8,,(30.5),510,2410,7750,13390,33690,153550
,201031,4京7,8,１勝ｸﾗｽ,ルドンカズマ,,牡,3,松若風馬, 55 ,16,2,"  ","  ","  ","  ",,9,３,ダ,1400,,良,190,,(栗),杉山晴紀,1240,0.2,,6,6,36.8,46.2,*,46.53,44.4,0.5,492,+6,,(18.7),490,,,,33690,153550
,201031,4京7,8,１勝ｸﾗｽ,ハニエル,,牝,4,坂井瑠星, 55 ,16,11,"  ","  ","  ","  ",,11,４,ダ,1400,,良,110,,(栗),吉村圭司,1240,0.2,,15,11,36.0,50.0,*,46.53,44.4,1.3,448,+2,,(29.9),,,,,,
,201031,4京7,8,１勝ｸﾗｽ,メイショウマサヒメ,,牝,3,和田竜二, 53 ,16,3,"  ","  ","  ","  ",,1,５,ダ,1400,,良,76,,(栗),本田優,1241,0.3,,4,4,37.0,45.5,*,46.53,44.4,0.4,500,+2,,(4.5),,,,,,
,201031,4京7,8,１勝ｸﾗｽ,キョウワドリヴン,,牡,4,小牧太, 57 ,16,16,"  ","  ","  ","  ",,7,６,ダ,1400,,良,0,,(栗),笹田和秀,1246,0.8,,16,16,36.3,49.8,*,46.53,44.4,1.6,538,+46,,(13.0),,,,,,
,201031,4京7,8,１勝ｸﾗｽ,レッドブロンクス,,牡,3,北村友一, 55 ,16,1,"  ","  ","  ","  ",,6,７,ダ,1400,,良,0,,(栗),石坂正,1248,1.0,,4,4,37.9,42.8,*,46.53,44.4,0.2,472,0,B,(12.8),,,,,,
,201031,4京7,8,１勝ｸﾗｽ,エスケーアタランタ,,牝,4,竹之下智, 55 ,16,7,"  ","  ","  ","  ",,8,８,ダ,1400,,良,0,,(栗),木原一良,1250,1.2,,10,10,37.4,45.5,,46.53,44.4,0.9,474,-4,,(15.2),,,,,,
,201031,4京7,8,１勝ｸﾗｽ,マジックスピーチ,,牡,3,藤岡佑介, 55 ,16,8,"  ","  ","  ","  ",,4,９,ダ,1400,,良,0,,(栗),飯田祐史,1250,1.2,,14,14,36.9,47.8,*,46.53,44.4,1.4,468,-2,,(10.1),,,,,,
,201031,4京7,8,１勝ｸﾗｽ,トモジャアルマンド,,牡,3,国分優作, 55 ,16,6,"  ","  ","  ","  ",,5,10,ダ,1400,,良,0,,(栗),大根田裕,1253,1.5,,13,11,37.4,46.1,,46.53,44.4,1.2,500,0,,(11.0),,,,,,
,201031,4京7,8,１勝ｸﾗｽ,バーニングソウル,,牝,3,太宰啓介, 53 ,16,4,"  ","  ","  ","  ",,15,11,ダ,1400,,良,0,,(栗),谷潔,1254,1.6,,8,7,38.0,43.6,,46.53,44.4,0.7,432,+6,,(54.2),,,,,,
,201031,4京7,8,１勝ｸﾗｽ,ナムラマッチェリ,,牝,4,幸英明, 55 ,16,5,"  ","  ","  ","  ",,14,12,ダ,1400,,良,0,,(栗),大橋勇樹,1258,2.0,,1,1,39.1,39.6,,46.53,44.4,0.0,474,0,,(50.0),,,,,,
,201031,4京7,8,１勝ｸﾗｽ,テレーザ,,牝,3,国分恭介, 53 ,16,13,"  ","  ","  ","  ",,16,13,ダ,1400,,良,0,,(栗),田所秀孝,1265,2.7,,6,8,39.2,40.5,,46.53,44.4,0.6,452,-5,,(272.8),,,,,,
,201031,4京7,8,１勝ｸﾗｽ,グレートバローズ,,牡,3,浜中俊, 55 ,16,14,"  ","  ","  ","  ",,13,14,ダ,1400,,良,0,,(栗),角居勝彦,1267,2.9,,8,11,39.1,41.3,,46.53,44.4,0.9,466,+14,B,(39.6),,,,,,
,201031,4京7,8,１勝ｸﾗｽ,デュアルキャリアー,,牡,4,福永祐一, 57 ,16,9,"  ","  ","  ","  ",,3,15,ダ,1400,,良,0,,(栗),西村真幸,1267,2.9,,2,2,39.9,38.0,,46.53,44.4,0.1,528,-8,,(5.1),,,,,,
,201031,4京7,8,１勝ｸﾗｽ,コパノカーリング,,牡,4,松山弘平, 57 ,16,15,"  ","  ","  ","  ",,10,16,ダ,1400,,良,0,,(栗),村山明,1270,3.2,,11,14,39.2,41.5,,46.53,44.4,1.1,452,-10,,(25.0),,,,,,
,201031,4京7,7,１勝ｸﾗｽ,マテンロウディーバ,,牝,3,藤岡佑介, 53 ,14,12,"  ","  ","  ","  ",,3,１,芝,1400,A,良,760,*,(栗),中内田充,1223,-0.1,,10,9,34.2,55.5,*,54.00,50.4,1.0,400,+4,,770,210,1290,2590,5930,10710,39320
,201031,4京7,7,１勝ｸﾗｽ,ムーンライト,,牝,3,福永祐一, 53 ,14,9,"  ","  ","  ","  ",,6,２,芝,1400,A,良,300,,(栗),清水久詞,1224,0.1,,9,9,34.4,54.7,*,54.00,50.4,0.9,460,0,,(12.2),320,1290,2590,5930,10710,39320
,201031,4京7,7,１勝ｸﾗｽ,ヴェルザスカ,,牝,3,和田竜二, 53 ,14,8,"  ","  ","  ","  ",,8,３,芝,1400,A,良,190,,(栗),今野貞一,1225,0.2,,6,6,35.0,51.8,*,54.00,50.4,0.4,446,+2,,(19.2),490,,,,10710,39320
,201031,4京7,7,１勝ｸﾗｽ,スワーヴドン,,牡,3,坂井瑠星, 55 ,14,11,"  ","  ","  ","  ",,2,４,芝,1400,A,良,110,*,(栗),中内田充,1225,0.2,,3,2,35.3,50.3,*,54.00,50.4,0.1,490,+8,,(5.9),,,,,,
,201031,4京7,7,１勝ｸﾗｽ,ダノンシティ,,牡,4,松若風馬, 57 ,14,4,"  ","  ","  ","  ",,9,５,芝,1400,A,良,76,,(栗),橋口慎介,1226,0.3,,4,1,35.5,49.5,*,54.00,50.4,0.0,478,-2,,(23.8),,,,,,
,201031,4京7,7,１勝ｸﾗｽ,アークフリゲート,,牝,3,幸英明, 53 ,14,13,"  ","  ","  ","  ",,11,６,芝,1400,A,良,0,*,(栗),渡辺薫彦,1226,0.3,,12,12,34.3,55.6,*,54.00,50.4,1.2,422,0,,(37.1),,,,,,
,201031,4京7,7,１勝ｸﾗｽ,クーファイザナミ,,牝,3,武豊, 53 ,14,14,"  ","  ","  ","  ",,4,７,芝,1400,A,良,0,,(栗),武幸四郎,1227,0.4,,7,8,34.9,52.7,*,54.00,50.4,0.7,412,+16,,(7.8),,,,,,
,201031,4京7,7,１勝ｸﾗｽ,ヴィルトゥース,,牝,5,浜中俊, 55 ,14,6,"  ","  ","  ","  ",,1,８,芝,1400,A,良,0,,(栗),石坂正,1228,0.5,,7,6,35.2,51.4,*,54.00,50.4,0.5,412,-8,,(2.5),,,,,,
,201031,4京7,7,１勝ｸﾗｽ,クイーンカピオラニ,,牝,3,北村友一, 53 ,14,10,"  ","  ","  ","  ",,12,９,芝,1400,A,良,0,,(栗),庄野靖志,1229,0.6,,4,2,35.6,49.6,*,54.00,50.4,0.2,422,+8,,(63.8),,,,,,
,201031,4京7,7,１勝ｸﾗｽ,ノーセキュリティ,,牡,3,古川吉洋, 55 ,14,7,"  ","  ","  ","  ",,10,10,芝,1400,A,良,0,,(栗),飯田祐史,1230,0.7,,10,9,35.0,52.9,*,54.00,50.4,0.9,506,+14,,(32.5),,,,,,
,201031,4京7,7,１勝ｸﾗｽ,アンクルテイオウ,,牡,4,太宰啓介, 57 ,14,3,"  ","  ","  ","  ",,7,11,芝,1400,A,良,0,,(栗),高橋亮,1231,0.8,,12,12,34.9,53.6,*,54.00,50.4,1.1,486,+10,,(12.7),,,,,,
,201031,4京7,7,１勝ｸﾗｽ,ジュランド,,牝,3,団野大成,52☆,14,2,"  ","  ","  ","  ",,13,12,芝,1400,A,良,0,*,(栗),渡辺薫彦,1239,1.6,,2,2,36.8,46.0,,54.00,50.4,0.0,412,-8,,(179.3),,,,,,
,201031,4京7,7,１勝ｸﾗｽ,アマービレ,,牝,3,松山弘平, 53 ,14,5,"  ","  ","  ","  ",,5,13,芝,1400,A,良,0,,(栗),西村真幸,1239,1.6,,1,2,36.8,46.0,,54.00,50.4,0.0,504,+18,,(9.4),,,,,,
,201031,4京7,6,１勝ｸﾗｽ・牝,ピクシーメイデン,,牝,4,藤岡佑介, 55 ,12,7,"  ","  ","  ","  ",,1,１,ダ,1800,,良,760,,(栗),野中賢二,1521,-0.0,6,2,2,37.2,50.7,*,50.20,49.9,0.2,452,+20,,180,110,470,560,790,2090,6030
,201031,4京7,6,１勝ｸﾗｽ・牝,ラフリッグフェル,,牝,3,福永祐一, 53 ,12,10,"  ","  ","  ","  ",,3,２,ダ,1800,,良,300,,(栗),寺島良,1521,0.0,4,2,2,37.3,50.3,*,50.20,49.9,0.1,440,+10,,(5.4),160,470,560,790,2090,6030
,201031,4京7,6,１勝ｸﾗｽ・牝,ソニックビースト,,牝,3,川須栄彦, 53 ,12,9,"  ","  ","  ","  ",,6,３,ダ,1800,,良,190,,(栗),浅見秀一,1531,1.0,9,7,5,37.8,49.6,*,50.20,49.9,0.6,496,+2,,(29.5),280,,,,2090,6030
,201031,4京7,6,１勝ｸﾗｽ・牝,ロニセラ,,牝,3,団野大成,52☆,12,5,"  ","  ","  ","  ",,8,４,ダ,1800,,良,110,,(栗),高野友和,1531,1.0,10,9,9,37.6,50.4,*,50.20,49.9,0.8,456,+2,,(48.3),,,,,,
,201031,4京7,6,１勝ｸﾗｽ・牝,チェルアルコ,,牝,3,池添謙一, 53 ,12,3,"  ","  ","  ","  ",,4,５,ダ,1800,,良,76,,(栗),森田直行,1531,1.0,7,2,4,38.2,48.0,*,50.20,49.9,0.2,526,+18,,(6.5),,,,,,
,201031,4京7,6,１勝ｸﾗｽ・牝,バトーデュシエル,,牝,3,北村友一, 53 ,12,2,"  ","  ","  ","  ",,2,６,ダ,1800,,良,0,,(栗),安田翔伍,1536,1.5,1,1,1,38.9,46.0,,50.20,49.9,0.0,482,0,,(4.6),,,,,,
,201031,4京7,6,１勝ｸﾗｽ・牝,フルミント,,牝,3,坂井瑠星, 53 ,12,1,"  ","  ","  ","  ",,11,７,ダ,1800,,良,0,,(栗),石坂公一,1538,1.7,5,7,5,38.6,47.4,,50.20,49.9,0.5,492,-6,,(136.3),,,,,,
,201031,4京7,6,１勝ｸﾗｽ・牝,メイショウブラボー,,牝,4,泉谷楓真,52▲,12,12,"  ","  ","  ","  ",,9,８,ダ,1800,,良,0,,(栗),武幸四郎,1541,2.0,8,9,9,38.6,47.8,,50.20,49.9,0.8,458,-2,,(51.7),,,,,,
,201031,4京7,6,１勝ｸﾗｽ・牝,セブンティサン,,牝,4,松若風馬, 55 ,12,4,"  ","  ","  ","  ",,10,９,ダ,1800,,良,0,,(栗),音無秀孝,1541,2.0,11,9,11,38.6,47.8,,50.20,49.9,0.8,444,+6,,(103.0),,,,,,
,201031,4京7,6,１勝ｸﾗｽ・牝,アマノエリザベート,,牝,3,藤岡康太, 53 ,12,11,"  ","  ","  ","  ",,7,10,ダ,1800,,良,0,,(栗),中竹和也,1542,2.1,12,12,12,38.6,47.9,,50.20,49.9,0.9,484,0,,(47.5),,,,,,
,201031,4京7,6,１勝ｸﾗｽ・牝,エターナルディーバ,,牝,4,城戸義政, 55 ,12,8,"  ","  ","  ","  ",,12,11,ダ,1800,,良,0,,(栗),清水久詞,1546,2.5,3,6,7,39.6,44.7,,50.20,49.9,0.3,440,+8,B,(234.0),,,,,,
,201031,4京7,6,１勝ｸﾗｽ・牝,ラスティングラヴ,,牝,3,松山弘平, 53 ,12,6,"  ","  ","  ","  ",,5,12,ダ,1800,,良,0,,(栗),安達昭夫,1546,2.5,2,2,7,39.7,44.3,,50.20,49.9,0.2,522,+24,,(17.9),,,,,,
,201031,4京7,5,新馬,ディープモンスター,,牡,2,武豊, 55 ,17,12,"  ","  ","  ","  ",,1,１,芝,2000,A,良,700,,(栗),池江泰寿,2040,-0.2,3,3,2,35.2,58.1,*,59.40,57.7,0.1,458,,,140,110,310,4000,4940,7360,31190
,201031,4京7,5,新馬,アルバーシャ,,牡,2,浜中俊, 55 ,17,16,"  ","  ","  ","  ",,9,２,芝,2000,A,良,280,,(栗),岡田稲男,2042,0.2,13,13,12,34.4,61.9,*,59.40,57.7,1.1,496,,,(70.8),810,310,4000,4940,7360,31190
,201031,4京7,5,新馬,レッドアストラム,,牡,2,松山弘平, 55 ,17,13,"  ","  ","  ","  ",,4,３,芝,2000,A,良,180,,(栗),大久保龍,2044,0.4,8,8,5,35.3,58.2,*,59.40,57.7,0.4,520,,,(15.7),250,,,,7360,31190
,201031,4京7,5,新馬,クローヴィス,,牡,2,坂井瑠星, 55 ,17,17,"  ","  ","  ","  ",,2,４,芝,2000,A,良,110,,(栗),矢作芳人,2046,0.6,12,9,8,35.3,58.4,*,59.40,57.7,0.6,470,,,(5.2),,,,,,
,201031,4京7,5,新馬,スペキアリス,,牝,2,幸英明, 54 ,17,15,"  ","  ","  ","  ",,6,５,芝,2000,A,良,70,,(栗),高野友和,2048,0.8,4,4,4,35.9,56.1,*,59.40,57.7,0.2,462,,,(40.3),,,,,,
,201031,4京7,5,新馬,カツコ,,牝,2,和田竜二, 54 ,17,7,"  ","  ","  ","  ",,5,６,芝,2000,A,良,0,,(栗),寺島良,2051,1.1,7,7,5,36.0,56.1,,59.40,57.7,0.4,456,,,(23.6),,,,,,
,201031,4京7,5,新馬,フィールドクラウン,,牡,2,国分優作, 55 ,17,4,"  ","  ","  ","  ",,16,７,芝,2000,A,良,0,,(栗),飯田雄三,2054,1.4,8,9,9,36.1,56.0,,59.40,57.7,0.6,516,,,(319.8),,,,,,
,201031,4京7,5,新馬,サトノテンペスト,,牡,2,福永祐一, 55 ,17,3,"  ","  ","  ","  ",,3,８,芝,2000,A,良,0,,(栗),松田国英,2055,1.5,4,4,5,36.4,54.9,,59.40,57.7,0.4,488,,,(10.2),,,,,,
,201031,4京7,5,新馬,ヤマニンバルトロ,,牡,2,柴山雄一, 55 ,17,9,"  ","  ","  ","  ",,17,９,芝,2000,A,良,0,,(栗),浅見秀一,2055,1.5,13,13,14,35.9,57.0,*,59.40,57.7,0.9,476,,,(425.7),,,,,,
,201031,4京7,5,新馬,ゴットウェーブ,,牡,2,団野大成,54☆,17,6,"  ","  ","  ","  ",,13,10,芝,2000,A,良,0,,(栗),武英智,2059,1.9,8,9,12,36.6,54.6,,59.40,57.7,0.6,500,,,(129.8),,,,,,
,201031,4京7,5,新馬,ヴィクトリオン,,牡,2,池添謙一, 55 ,17,5,"  ","  ","  ","  ",,14,11,芝,2000,A,良,0,,(栗),羽月友彦,2059,1.9,1,1,1,37.2,52.2,,59.40,57.7,0.0,488,,,(162.2),,,,,,
,201031,4京7,5,新馬,ボムブラスト,,牡,2,小牧太, 55 ,17,10,"  ","  ","  ","  ",,11,12,芝,2000,A,良,0,,(栗),笹田和秀,2062,2.2,11,9,10,36.8,54.1,,59.40,57.7,0.7,482,,,(103.0),,,,,,
,201031,4京7,5,新馬,トラウンシュタイン,,牡,2,藤岡佑介, 55 ,17,14,"  ","  ","  ","  ",,15,13,芝,2000,A,良,0,,(栗),奥村豊,2062,2.2,16,15,15,35.9,57.8,*,59.40,57.7,1.6,448,,,(182.8),,,,,,
,201031,4京7,5,新馬,アワーズオブラブ,,牝,2,北村友一, 54 ,17,1,"  ","  ","  ","  ",,12,14,芝,2000,A,良,0,,(栗),安達昭夫,2063,2.3,15,17,17,36.0,57.5,,59.40,57.7,1.6,462,,,(126.0),,,,,,
,201031,4京7,5,新馬,レリキアアスール,,牝,2,松若風馬, 54 ,17,11,"  ","  ","  ","  ",,10,15,芝,2000,A,良,0,,(栗),鈴木孝志,2068,2.8,2,2,2,38.1,49.8,,59.40,57.7,0.0,452,,,(72.5),,,,,,
,201031,4京7,5,新馬,クープラン,,牡,2,藤岡康太, 55 ,17,8,"  ","  ","  ","  ",,7,16,芝,2000,A,良,0,,(栗),橋田満,2074,3.4,4,4,10,38.3,49.7,,59.40,57.7,0.4,528,,,(58.6),,,,,,
,201031,4京7,5,新馬,ラフルオリータ,,牝,2,岩田康誠, 54 ,17,2,"  ","  ","  ","  ",,8,17,芝,2000,A,良,0,,(栗),松永幹夫,2089,4.9,16,15,15,38.6,50.3,,59.40,57.7,1.6,482,,,(69.2),,,,,,
,201031,4京7,4,新馬,アンブレラデート,,牝,2,藤岡康太, 54 ,18,11,"  ","  ","  ","  ",,4,１,芝,1600,A,良,700,,(栗),角居勝彦,1371,-0.1,,2,2,35.2,55.5,*,55.60,55.0,0.1,454,,,680,210,1170,1410,3590,5750,35610
,201031,4京7,4,新馬,テーオーダヴィンチ,,牡,2,浜中俊, 55 ,18,4,"  ","  ","  ","  ",,2,２,芝,1600,A,良,280,,(栗),岡田稲男,1372,0.1,,5,5,35.1,56.2,*,55.60,55.0,0.3,490,,,(5.5),180,1170,1410,3590,5750,35610
,201031,4京7,4,新馬,デアリングウーマン,,牝,2,古川吉洋, 54 ,18,16,"  ","  ","  ","  ",,5,３,芝,1600,A,良,180,,(栗),角田晃一,1374,0.3,,4,4,35.4,55.1,*,55.60,55.0,0.2,434,,,(29.1),420,,,,5750,35610
,201031,4京7,4,新馬,タイキフロリゼル,,牡,2,藤岡佑介, 55 ,18,6,"  ","  ","  ","  ",,7,４,芝,1600,A,良,110,,(栗),橋田満,1376,0.5,,1,1,35.8,53.6,*,55.60,55.0,0.0,472,,,(45.5),,,,,,
,201031,4京7,4,新馬,フィリウスデイ,,牡,2,和田竜二, 55 ,18,5,"  ","  ","  ","  ",,9,５,芝,1600,A,良,70,,(栗),石坂正,1377,0.6,,8,7,35.5,55.1,*,55.60,55.0,0.4,432,,,(63.8),,,,,,
,201031,4京7,4,新馬,ピエトラサンタ,,牡,2,川田将雅, 55 ,18,1,"  ","  ","  ","  ",,1,６,芝,1600,A,良,0,,(栗),友道康夫,1378,0.7,,8,10,35.6,54.8,*,55.60,55.0,0.4,490,,,(1.9),,,,,,
,201031,4京7,4,新馬,メイショウシルト,,牡,2,幸英明, 55 ,18,14,"  ","  ","  ","  ",,6,７,芝,1600,A,良,0,,(栗),河内洋,1379,0.8,,2,2,36.0,53.2,*,55.60,55.0,0.1,464,,,(34.7),,,,,,
,201031,4京7,4,新馬,グレイシャーベイ,,牡,2,岩田康誠, 55 ,18,2,"  ","  ","  ","  ",,11,８,芝,1600,A,良,0,,(栗),浅見秀一,1380,0.9,,5,7,35.9,53.8,*,55.60,55.0,0.3,450,,,(108.9),,,,,,
,201031,4京7,4,新馬,ミヤビクインビー,,牡,2,小牧太, 55 ,18,10,"  ","  ","  ","  ",,8,９,芝,1600,A,良,0,,(栗),笹田和秀,1381,1.0,,11,11,35.6,55.3,*,55.60,55.0,0.7,490,,,(60.6),,,,,,
,201031,4京7,4,新馬,ゴッドシエル,,牡,2,泉谷楓真,52▲,18,15,"  ","  ","  ","  ",,13,10,芝,1600,A,良,0,,(栗),松永幹夫,1382,1.1,,14,14,35.4,56.4,*,55.60,55.0,1.0,436,,,(131.5),,,,,,
,201031,4京7,4,新馬,ゼンノミチザネ,,牡,2,武豊, 55 ,18,12,"  ","  ","  ","  ",,3,11,芝,1600,A,良,0,,(栗),武幸四郎,1384,1.3,,11,11,35.9,54.5,,55.60,55.0,0.7,440,,,(6.0),,,,,,
,201031,4京7,4,新馬,インヴァルナブル,,牡,2,池添謙一, 55 ,18,13,"  ","  ","  ","  ",,10,12,芝,1600,A,良,0,,(栗),中竹和也,1386,1.5,,16,16,35.5,56.6,*,55.60,55.0,1.3,520,,,(93.5),,,,,,
,201031,4京7,4,新馬,リリージャスパー,,牝,2,藤井勘一, 54 ,18,17,"  ","  ","  ","  ",,17,13,芝,1600,A,良,0,,(栗),平田修,1386,1.5,,16,15,35.5,56.6,*,55.60,55.0,1.3,462,,,(432.3),,,,,,
,201031,4京7,4,新馬,スズカルビコン,,牡,2,松山弘平, 55 ,18,18,"  ","  ","  ","  ",,14,14,芝,1600,A,良,0,,(栗),杉山晴紀,1388,1.7,,5,5,36.7,51.5,,55.60,55.0,0.3,520,,,(140.8),,,,,,
,201031,4京7,4,新馬,モンストルシチー,,牡,2,酒井学, 55 ,18,9,"  ","  ","  ","  ",,12,15,芝,1600,A,良,0,,(栗),北出成人,1390,1.9,,8,7,36.8,51.4,,55.60,55.0,0.4,454,,,(121.1),,,,,,
,201031,4京7,4,新馬,スウィングアロング,,牝,2,加藤祥太, 54 ,18,7,"  ","  ","  ","  ",,16,16,芝,1600,A,良,0,,(栗),安達昭夫,1391,2.0,,11,11,36.8,51.6,,55.60,55.0,0.5,430,,,(369.0),,,,,,
,201031,4京7,4,新馬,テイエムアクション,,牡,2,国分恭介, 55 ,18,8,"  ","  ","  ","  ",,15,17,芝,1600,A,良,0,,(栗),五十嵐忠,1433,6.2,,14,17,40.3,43.8,,55.60,55.0,1.2,494,,,(207.2),,,,,,
,201031,4京7,3,未勝利*,ステラリア,,牝,2,福永祐一, 54 ,13,4,"  ","  ","  ","  ",,1,１,芝,1800,A,良,510,,(栗),斉藤崇史,1475,-0.8,,7,7,35.2,52.7,*,50.77,50.6,0.5,486,0,,190,110,450,500,780,5170,14980
,201031,4京7,3,未勝利*,ショウナンアレス,,牡,2,池添謙一, 55 ,13,3,"  ","  ","  ","  ",,3,２,芝,1800,A,良,200,,(栗),池添兼雄,1483,0.8,,5,3,36.2,49.6,*,50.77,50.6,0.3,512,-2,,(6.2),160,450,500,780,5170,14980
,201031,4京7,3,未勝利*,プリュムドール,,牝,2,藤岡康太, 54 ,13,1,"  ","  ","  ","  ",,10,３,芝,1800,A,良,130,,(栗),奥村豊,1486,1.1,,7,7,36.2,50.0,*,50.77,50.6,0.6,460,-6,,(59.9),570,,,,5170,14980
,201031,4京7,3,未勝利*,タイキドミニオン,,牡,2,北村友一, 55 ,13,13,"  ","  ","  ","  ",,6,４,芝,1800,A,良,77,,(栗),高野友和,1487,1.2,,2,2,36.9,47.3,*,50.77,50.6,0.0,500,+2,,(17.0),,,,,,
,201031,4京7,3,未勝利*,レッツゴーアスク,,牝,2,岩田康誠, 54 ,13,5,"  ","  ","  ","  ",,2,５,芝,1800,A,良,51,*,(栗),梅田智之,1488,1.3,,7,11,36.0,51.1,*,50.77,50.6,1.0,480,+2,,(5.4),,,,,,
,201031,4京7,3,未勝利*,グランメテオール,,牡,2,武豊, 55 ,13,2,"  ","  ","  ","  ",,9,６,芝,1800,A,良,0,,(栗),松永幹夫,1489,1.4,,5,3,36.8,48.0,,50.77,50.6,0.3,474,+12,,(38.8),,,,,,
,201031,4京7,3,未勝利*,ルヴァンノワール,,牝,2,酒井学, 54 ,13,7,"  ","  ","  ","  ",,5,７,芝,1800,A,良,0,,(栗),庄野靖志,1491,1.6,,10,9,36.6,49.0,,50.77,50.6,0.7,436,+10,,(16.3),,,,,,
,201031,4京7,3,未勝利*,レイモンドバローズ,,牡,2,松山弘平, 55 ,13,10,"  ","  ","  ","  ",,4,８,芝,1800,A,良,0,,(栗),上村洋行,1492,1.7,,3,3,37.3,46.4,,50.77,50.6,0.1,474,-2,,(12.9),,,,,,
,201031,4京7,3,未勝利*,グッドラベリング,,牝,2,藤岡佑介, 54 ,13,6,"  ","  ","  ","  ",,7,９,芝,1800,A,良,0,,(栗),藤岡健一,1495,2.0,,11,10,36.8,48.8,,50.77,50.6,0.9,424,+8,,(19.5),,,,,,
,201031,4京7,3,未勝利*,レースアルカーナ,,牝,2,国分優作, 54 ,13,9,"  ","  ","  ","  ",,12,10,芝,1800,A,良,0,*,(栗),梅田智之,1498,2.3,,13,13,36.7,49.6,,50.77,50.6,1.3,444,-8,B,(366.2),,,,,,
,201031,4京7,3,未勝利*,オーホンブリック,,牡,2,国分恭介, 55 ,13,11,"  ","  ","  ","  ",,11,11,芝,1800,A,良,0,,(栗),吉村圭司,1500,2.5,,1,1,38.2,44.0,,50.77,50.6,0.0,498,-4,,(198.3),,,,,,
,201031,4京7,3,未勝利*,エイシンイシュタル,,牝,2,坂井瑠星, 54 ,13,12,"  ","  ","  ","  ",,8,12,芝,1800,A,良,0,,(栗),矢作芳人,1511,3.6,,3,3,39.1,42.1,,50.77,50.6,0.2,438,+2,,(26.7),,,,,,
,201031,4京7,3,未勝利*,メイショウクチナシ,,牝,2,泉谷楓真,51▲,13,8,"  ","  ","  ","  ",,13,13,芝,1800,A,良,0,,(栗),安達昭夫,1511,3.6,,11,11,38.2,45.4,,50.77,50.6,1.1,448,+14,,(608.7),,,,,,
,201031,4京7,2,未勝利*,レベルタウン,,牡,2,武豊, 55 ,15,10,"  ","  ","  ","  ",,3,１,ダ,1400,,良,510,,(栗),石橋守,1262,-0.2,,1,1,38.7,42.1,*,45.07,42.1,0.0,518,+2,,440,200,2640,3470,4610,42130,124600
,201031,4京7,2,未勝利*,キリーティー,,セ,2,和田竜二, 55 ,15,9,"  ","  ","  ","  ",,7,２,ダ,1400,,良,200,,(栗),中竹和也,1264,0.2,,11,8,37.7,46.9,*,45.07,42.1,1.2,546,-2,,(16.7),410,2640,3470,4610,42130,124600
,201031,4京7,2,未勝利*,レスールドマカロン,,牝,2,岩田康誠, 54 ,15,1,"  ","  ","  ","  ",,9,３,ダ,1400,,良,130,,(栗),河内洋,1265,0.3,,9,8,37.9,46.2,*,45.07,42.1,1.1,446,+2,,(36.2),770,,,,42130,124600
,201031,4京7,2,未勝利*,インテンスフレイム,,牡,2,藤岡康太, 55 ,15,2,"  ","  ","  ","  ",,1,４,ダ,1400,,良,77,,(栗),千田輝彦,1267,0.5,,8,7,38.4,44.3,*,45.07,42.1,0.8,500,+6,,(4.3),,,,,,
,201031,4京7,2,未勝利*,ゴイゴイスー,,牡,2,川須栄彦, 55 ,15,4,"  ","  ","  ","  ",,13,５,ダ,1400,,良,51,,(栗),中尾秀正,1267,0.5,,4,4,38.8,42.6,*,45.07,42.1,0.4,482,-4,,(223.9),,,,,,
,201031,4京7,2,未勝利*,スターオブスパーダ,,牡,2,城戸義政, 55 ,15,8,"  ","  ","  ","  ",,10,６,ダ,1400,,良,0,,(栗),荒川義之,1272,1.0,,4,4,39.4,41.0,*,45.07,42.1,0.3,418,+4,,(58.0),,,,,,
,201031,4京7,2,未勝利*,ハンサムハーリー,,牡,2,松若風馬, 55 ,15,11,"  ","  ","  ","  ",,14,７,ダ,1400,,良,0,,(栗),平田修,1274,1.2,,14,13,38.2,46.6,*,45.07,42.1,1.7,474,-6,,(257.5),,,,,,
,201031,4京7,2,未勝利*,テオドラ,,牝,2,池添謙一, 54 ,15,13,"  ","  ","  ","  ",,6,８,ダ,1400,,良,0,,(栗),北出成人,1275,1.3,,9,8,38.9,43.7,,45.07,42.1,1.1,462,-8,,(8.7),,,,,,
,201031,4京7,2,未勝利*,タイセイポジション,,牡,2,団野大成,54☆,15,3,"  ","  ","  ","  ",,8,９,ダ,1400,,良,0,,(栗),高野友和,1277,1.5,,11,12,39.0,43.7,,45.07,42.1,1.2,482,+2,,(35.5),,,,,,
,201031,4京7,2,未勝利*,メイショウゴウホウ,,牡,2,幸英明, 55 ,15,5,"  ","  ","  ","  ",,5,10,ダ,1400,,良,0,,(栗),松永昌博,1278,1.6,,2,2,40.1,39.2,,45.07,42.1,0.2,516,+2,,(8.5),,,,,,
,201031,4京7,2,未勝利*,ストロングカレント,,牡,2,松山弘平, 55 ,15,6,"  ","  ","  ","  ",,4,11,ダ,1400,,良,0,,(栗),小崎憲,1282,2.0,,2,2,40.6,37.9,,45.07,42.1,0.1,476,+4,,(8.3),,,,,,
,201031,4京7,2,未勝利*,モズハッピーロード,,牡,2,高倉稜, 55 ,15,12,"  ","  ","  ","  ",,12,12,ダ,1400,,良,0,,(栗),矢作芳人,1294,3.2,,6,6,41.3,37.3,,45.07,42.1,0.6,482,-2,,(182.5),,,,,,
,201031,4京7,2,未勝利*,クラウディベイ,,牝,2,川田将雅, 54 ,15,14,"  ","  ","  ","  ",,2,13,ダ,1400,,良,0,,(栗),友道康夫,1294,3.2,,6,8,41.2,37.7,,45.07,42.1,0.7,464,0,,(4.4),,,,,,
,201031,4京7,2,未勝利*,レジュールウール,,牝,2,坂井瑠星, 54 ,15,15,"  ","  ","  ","  ",,11,14,ダ,1400,,良,0,,(栗),杉山晴紀,1296,3.4,,11,14,40.7,40.1,,45.07,42.1,1.4,460,-16,,(135.1),,,,,,
,201031,4京7,2,未勝利*,チョウラブリー,,牝,2,加藤祥太, 54 ,15,7,"  ","  ","  ","  ",,15,15,ダ,1400,,良,0,,(栗),西橋豊治,1301,3.9,,15,15,40.4,42.3,,45.07,42.1,2.2,428,-6,,(603.5),,,,,,
,201031,4京7,1,未勝利*,パラディズム,,牡,2,福永祐一, 55 ,15,1,"  ","  ","  ","  ",,4,１,ダ,1800,,良,510,,(栗),野中賢二,1541,-0.3,3,5,5,36.9,54.6,*,53.67,53.4,0.3,484,0,,700,190,1160,1270,2890,3340,15960
,201031,4京7,1,未勝利*,ジョークラッシャー,,セ,2,松山弘平, 55 ,15,7,"  ","  ","  ","  ",,1,２,ダ,1800,,良,200,,(栗),大久保龍,1544,0.3,2,2,2,37.4,52.9,*,53.67,53.4,0.1,538,+2,,(3.1),140,1160,1270,2890,3340,15960
,201031,4京7,1,未勝利*,メイショウハナモモ,,牝,2,浜中俊, 54 ,15,14,"  ","  ","  ","  ",,3,３,ダ,1800,,良,130,,(栗),角居勝彦,1545,0.4,5,3,2,37.3,53.5,*,53.67,53.4,0.3,446,+4,,(6.2),170,,,,3340,15960
,201031,4京7,1,未勝利*,アスカノミライ,,牡,2,国分恭介, 55 ,15,5,"  ","  ","  ","  ",,6,４,ダ,1800,,良,77,,(栗),川村禎彦,1552,1.1,1,1,1,38.3,50.4,*,53.67,53.4,0.0,504,+4,,(12.3),,,,,,
,201031,4京7,1,未勝利*,メガゴールド,,牡,2,川田将雅, 55 ,15,2,"  ","  ","  ","  ",,2,５,ダ,1800,,良,51,,(栗),須貝尚介,1553,1.2,5,5,6,38.0,51.7,*,53.67,53.4,0.4,524,+4,,(3.5),,,,,,
,201031,4京7,1,未勝利*,メイショウミツヒデ,,牡,2,和田竜二, 55 ,15,12,"  ","  ","  ","  ",,5,６,ダ,1800,,良,0,,(栗),南井克巳,1554,1.3,3,3,2,38.3,50.7,,53.67,53.4,0.2,488,+6,,(7.8),,,,,,
,201031,4京7,1,未勝利*,ハイボールコパ,,牝,2,泉谷楓真,51▲,15,6,"  ","  ","  ","  ",,10,７,ダ,1800,,良,0,,(栗),渡辺薫彦,1555,1.4,8,9,9,37.9,52.4,*,53.67,53.4,0.7,454,+4,,(121.5),,,,,,
,201031,4京7,1,未勝利*,ライム,,牡,2,国分優作, 55 ,15,4,"  ","  ","  ","  ",,8,８,ダ,1800,,良,0,,(栗),湯窪幸雄,1557,1.6,10,12,11,37.9,52.6,*,53.67,53.4,0.9,452,+2,,(68.2),,,,,,
,201031,4京7,1,未勝利*,テイエムマグマ,,牡,2,高倉稜, 55 ,15,11,"  ","  ","  ","  ",,11,９,ダ,1800,,良,0,,(栗),杉山晴紀,1558,1.7,13,7,6,38.4,50.8,,53.67,53.4,0.5,492,+4,,(213.3),,,,,,
,201031,4京7,1,未勝利*,グリンブルスティ,,牡,2,幸英明, 55 ,15,10,"  ","  ","  ","  ",,7,10,ダ,1800,,良,0,,(栗),宮本博,1558,1.7,14,7,6,38.3,51.2,,53.67,53.4,0.6,476,+4,,(39.3),,,,,,
,201031,4京7,1,未勝利*,タガノハイセンス,,牡,2,団野大成,54☆,15,13,"  ","  ","  ","  ",,13,11,ダ,1800,,良,0,,(栗),岡田稲男,1560,1.9,15,15,14,37.6,54.3,*,53.67,53.4,1.5,452,+2,,(279.8),,,,,,
,201031,4京7,1,未勝利*,トリニタリアニズム,,牡,2,岩田康誠, 55 ,15,8,"  ","  ","  ","  ",,9,12,ダ,1800,,良,0,,(栗),高野友和,1563,2.2,10,13,13,38.2,52.2,,53.67,53.4,1.2,498,+4,,(75.4),,,,,,
,201031,4京7,1,未勝利*,コスモシェルパ,,牡,2,柴田未崎, 55 ,15,9,"  ","  ","  ","  ",,12,13,ダ,1800,,良,0,,(栗),宮徹,1564,2.3,10,11,11,38.6,50.8,,53.67,53.4,0.9,436,-6,,(259.2),,,,,,
,201031,4京7,1,未勝利*,アヴェニルールー,,牡,2,鮫島良太, 55 ,15,3,"  ","  ","  ","  ",,15,14,ダ,1800,,良,0,,(栗),中竹和也,1569,2.8,7,9,9,39.4,48.4,,53.67,53.4,0.6,486,+12,,(360.7),,,,,,
,201031,4京7,1,未勝利*,クレイジーエックス,,牡,2,松若風馬, 55 ,15,15,"  ","  ","  ","  ",,14,15,ダ,1800,,良,0,,(栗),五十嵐忠,1575,3.4,8,13,14,39.3,49.5,,53.67,53.4,1.3,452,0,,(318.4),,,,,,
,201025,4京6,12,貴船Ｓ･3勝,テーオーターゲット,,牡,4,川田将雅, 57 ,16,3,"  ","  ","  ","  ",,1,１,ダ,1400,,稍,1820,,(栗),吉岡辰弥,1233,-0.2,,4,4,36.3,47.1,*,45.53,43.4,0.8,510,-4,,360,160,1340,1540,2560,4070,17350
,201025,4京6,12,貴船Ｓ･3勝,タガノプレトリア,,牡,5,太宰啓介, 57 ,16,5,"  ","  ","  ","  ",,4,２,ダ,1400,,稍,730,,(栗),宮徹,1235,0.2,,4,4,36.5,46.6,*,45.53,43.4,0.8,470,+2,,(8.5),220,1340,1540,2560,4070,17350
,201025,4京6,12,貴船Ｓ･3勝,イッツクール,,牡,4,武豊, 57 ,16,1,"  ","  ","  ","  ",,5,３,ダ,1400,,稍,460,,(栗),武英智,1235,0.2,,2,1,37.3,42.9,*,45.53,43.4,0.0,476,-2,B,(9.1),260,,,,4070,17350
,201025,4京6,12,貴船Ｓ･3勝,バーンフライ,,牡,5,川島信二, 57 ,16,16,"  ","  ","  ","  ",,8,４,ダ,1400,,稍,270,,(栗),矢作芳人,1237,0.4,,10,8,36.1,48.9,*,45.53,43.4,1.4,504,-6,,(19.9),,,,,,
,201025,4京6,12,貴船Ｓ･3勝,ブルーメンクローネ,,牝,5,ルメール, 55 ,16,9,"  ","  ","  ","  ",,2,５,ダ,1400,,稍,182,,(栗),石坂正,1243,1.0,,10,8,36.7,47.3,*,45.53,43.4,1.4,494,0,,(3.6),,,,,,
,201025,4京6,12,貴船Ｓ･3勝,ヨドノビクトリー,,牡,6,和田竜二, 57 ,16,10,"  ","  ","  ","  ",,9,６,ダ,1400,,稍,0,,(栗),北出成人,1246,1.3,,14,14,36.6,48.4,*,45.53,43.4,1.8,500,-2,,(30.3),,,,,,
,201025,4京6,12,貴船Ｓ･3勝,ジュエアトゥー,,セ,6,国分優作, 57 ,16,15,"  ","  ","  ","  ",,15,７,ダ,1400,,稍,0,,(栗),坂口智康,1247,1.4,,8,6,37.3,45.3,,45.53,43.4,1.2,500,+6,,(212.4),,,,,,
,201025,4京6,12,貴船Ｓ･3勝,スマートドレイク,,牡,4,北村友一, 57 ,16,4,"  ","  ","  ","  ",,14,８,ダ,1400,,稍,0,,(栗),村山明,1247,1.4,,6,6,37.3,45.3,,45.53,43.4,1.2,516,+6,,(127.0),,,,,,
,201025,4京6,12,貴船Ｓ･3勝,マイネルラック,,牡,7,幸英明, 57 ,16,13,"  ","  ","  ","  ",,12,９,ダ,1400,,稍,0,,(栗),梅田智之,1247,1.4,,12,11,36.9,47.2,,45.53,43.4,1.6,488,+6,,(95.0),,,,,,
,201025,4京6,12,貴船Ｓ･3勝,メイショウミズカゼ,,牡,6,酒井学, 57 ,16,11,"  ","  ","  ","  ",,16,10,ダ,1400,,稍,0,,(栗),飯田祐史,1252,1.9,,14,16,37.1,47.2,,45.53,43.4,1.9,486,+2,,(274.0),,,,,,
,201025,4京6,12,貴船Ｓ･3勝,ゴールドラグーン,,牡,4,団野大成, 57 ,16,2,"  ","  ","  ","  ",,6,11,ダ,1400,,稍,0,,(栗),斉藤崇史,1253,2.0,,2,2,39.0,39.0,,45.53,43.4,0.1,492,-2,,(18.2),,,,,,
,201025,4京6,12,貴船Ｓ･3勝,スワーヴアーサー,,牡,7,坂井瑠星, 57 ,16,8,"  ","  ","  ","  ",,11,12,ダ,1400,,稍,0,,(栗),庄野靖志,1253,2.0,,14,14,37.3,46.5,,45.53,43.4,1.8,484,-12,,(72.3),,,,,,
,201025,4京6,12,貴船Ｓ･3勝,クリノサンレオ,,牡,7,森裕太朗, 57 ,16,12,"  ","  ","  ","  ",,13,13,ダ,1400,,稍,0,,(栗),藤沢則雄,1254,2.1,,13,11,37.6,45.3,,45.53,43.4,1.6,474,+4,,(106.4),,,,,,
,201025,4京6,12,貴船Ｓ･3勝,タイキサターン,,牡,5,丸山元気, 57 ,16,7,"  ","  ","  ","  ",,10,14,ダ,1400,,稍,0,,(美),伊藤大士,1264,3.1,,6,8,39.0,41.2,,45.53,43.4,1.2,504,+8,,(48.2),,,,,,
,201025,4京6,12,貴船Ｓ･3勝,マラードザレコード,,セ,6,松若風馬, 57 ,16,6,"  ","  ","  ","  ",,7,15,ダ,1400,,稍,0,,(栗),鈴木孝志,1264,3.1,,1,3,40.2,36.2,,45.53,43.4,0.0,476,+14,B,(19.2),,,,,,
,201025,4京6,12,貴船Ｓ･3勝,スパーダ,,牡,5,内田博幸, 57 ,16,14,"  ","  ","  ","  ",,3,16,ダ,1400,,稍,0,,(美),加藤士津,1266,3.3,,8,13,39.0,41.5,,45.53,43.4,1.4,498,+2,B,(4.7),,,,,,
,201025,4京6,11,菊花賞G1,コントレイル,,牡,3,福永祐一, 57 ,18,3,"  ","  ","  ","  ",,1,１,芝,3000,A,良,12000,*,(栗),矢作芳人,3055,-0.0,7,5,4,35.2,56.7,*,57.00,55.3,0.4,458,-2,,110,110,510,910,1010,3810,8740
,201025,4京6,11,菊花賞G1,アリストテレス,,牡,3,ルメール, 57 ,18,9,"  ","  ","  ","  ",,4,２,芝,3000,A,良,4800,,(栗),音無秀孝,3055,0.0,7,7,4,35.1,57.1,*,57.00,55.3,0.5,474,+8,,(23.0),350,510,910,1010,3810,8740
,201025,4京6,11,菊花賞G1,サトノフラッグ,,牡,3,戸崎圭太, 57 ,18,10,"  ","  ","  ","  ",,5,３,芝,3000,A,良,3000,*,(美),国枝栄,3061,0.6,15,15,14,35.2,57.2,*,57.00,55.3,1.0,490,+4,,(34.9),360,,,,3810,8740
,201025,4京6,11,菊花賞G1,ディープボンド,,牡,3,和田竜二, 57 ,18,8,"  ","  ","  ","  ",,7,４,芝,3000,A,良,1800,,(栗),大久保龍,3062,0.7,5,3,2,36.1,53.9,*,57.00,55.3,0.2,484,-6,,(51.6),,,,,,
,201025,4京6,11,菊花賞G1,ブラックホール,,牡,3,藤岡佑介, 57 ,18,15,"  ","  ","  ","  ",,14,５,芝,3000,A,良,1200,*,(美),相沢郁,3062,0.7,12,13,11,35.4,56.5,*,57.00,55.3,0.9,436,-8,,(116.8),,,,,,
,201025,4京6,11,菊花賞G1,ロバートソンキー,,牡,3,伊藤工真, 57 ,18,13,"  ","  ","  ","  ",,9,６,芝,3000,A,良,0,,(美),林徹,3066,1.1,14,15,14,35.6,56.0,*,57.00,55.3,1.1,470,-4,,(76.7),,,,,,
,201025,4京6,11,菊花賞G1,ヴェルトライゼンデ,,牡,3,池添謙一, 57 ,18,6,"  ","  ","  ","  ",,2,７,芝,3000,A,良,0,,(栗),池江泰寿,3069,1.4,10,10,8,36.3,53.7,,57.00,55.3,0.7,488,0,,(10.3),,,,,,
,201025,4京6,11,菊花賞G1,ヴァルコス,,牡,3,岩田康誠, 57 ,18,14,"  ","  ","  ","  ",,6,８,芝,3000,A,良,0,,(栗),友道康夫,3071,1.6,9,10,8,36.5,53.2,,57.00,55.3,0.7,502,+6,,(42.2),,,,,,
,201025,4京6,11,菊花賞G1,ガロアクリーク,,牡,3,川田将雅, 57 ,18,2,"  ","  ","  ","  ",,10,９,芝,3000,A,良,0,,(美),上原博之,3075,2.0,4,3,2,37.4,50.3,,57.00,55.3,0.2,498,-4,,(82.5),,,,,,
,201025,4京6,11,菊花賞G1,バビット,,牡,3,内田博幸, 57 ,18,11,"  ","  ","  ","  ",,3,10,芝,3000,A,良,0,,(栗),浜田多実,3076,2.1,2,2,1,37.7,49.4,,57.00,55.3,0.0,450,-12,,(12.5),,,,,,
,201025,4京6,11,菊花賞G1,マンオブスピリット,,牡,3,Ｍ．デム, 57 ,18,4,"  ","  ","  ","  ",,13,11,芝,3000,A,良,0,,(栗),斉藤崇史,3076,2.1,16,10,11,36.9,52.1,,57.00,55.3,0.8,488,+2,,(116.6),,,,,,
,201025,4京6,11,菊花賞G1,サトノインプレッサ,,牡,3,坂井瑠星, 57 ,18,5,"  ","  ","  ","  ",,11,12,芝,3000,A,良,0,*,(栗),矢作芳人,3078,2.3,10,9,8,37.2,51.2,,57.00,55.3,0.7,484,0,,(96.9),,,,,,
,201025,4京6,11,菊花賞G1,ディアマンミノル,,牡,3,幸英明, 57 ,18,1,"  ","  ","  ","  ",,12,13,芝,3000,A,良,0,,(栗),本田優,3079,2.4,12,13,11,37.1,51.6,,57.00,55.3,0.9,458,-6,,(109.9),,,,,,
,201025,4京6,11,菊花賞G1,ターキッシュパレス,,牡,3,富田暁, 57 ,18,16,"  ","  ","  ","  ",,16,14,芝,3000,A,良,0,,(栗),昆貢,3079,2.4,17,18,18,36.6,53.3,,57.00,55.3,1.4,472,+4,,(254.4),,,,,,
,201025,4京6,11,菊花賞G1,ダノングロワール,,牡,3,北村友一, 57 ,18,7,"  ","  ","  ","  ",,8,15,芝,3000,A,良,0,*,(美),国枝栄,3085,3.0,5,5,7,38.1,48.7,,57.00,55.3,0.5,488,+4,,(64.2),,,,,,
,201025,4京6,11,菊花賞G1,レクセランス,,牡,3,松山弘平, 57 ,18,12,"  ","  ","  ","  ",,15,16,芝,3000,A,良,0,,(栗),池添学,3092,3.7,3,7,14,38.4,48.2,,57.00,55.3,0.9,480,-4,,(140.6),,,,,,
,201025,4京6,11,菊花賞G1,ビターエンダー,,牡,3,津村明秀, 57 ,18,18,"  ","  ","  ","  ",,17,17,芝,3000,A,良,0,*,(美),相沢郁,3094,3.9,18,15,14,38.3,48.6,,57.00,55.3,1.2,476,+2,,(302.1),,,,,,
,201025,4京6,11,菊花賞G1,キメラヴェリテ,,牡,3,松若風馬, 57 ,18,17,"  ","  ","  ","  ",,18,18,芝,3000,A,良,0,,(栗),中竹和也,3117,6.2,1,1,4,41.8,39.7,,57.00,55.3,0.0,540,0,B,(324.0),,,,,,
,201025,4京6,10,桂川ＳＨ･3勝,コンパウンダー,,牡,5,武豊, 54 ,18,18,"  ","  ","  ","  ",,6,１,芝,1200,A,良,1820,,(栗),石橋守,1097,-0.1,,14,12,34.1,54.4,*,51.67,48.0,1.1,460,+2,,900,270,380,2080,4650,4860,28250
,201025,4京6,10,桂川ＳＨ･3勝,ファーストフォリオ,,牝,3,北村友一, 52 ,18,14,"  ","  ","  ","  ",,2,２,芝,1200,A,良,730,,(栗),須貝尚介,1098,0.1,,4,4,34.9,50.0,*,51.67,48.0,0.4,434,-14,,(4.4),190,380,2080,4650,4860,28250
,201025,4京6,10,桂川ＳＨ･3勝,ショウナンアリアナ,,牝,4,戸崎圭太, 53 ,18,13,"  ","  ","  ","  ",,5,３,芝,1200,A,良,460,,(栗),高野友和,1100,0.3,,7,7,34.9,50.6,*,51.67,48.0,0.6,428,-6,,(8.9),260,,,,4860,28250
,201025,4京6,10,桂川ＳＨ･3勝,ジュランビル,,牝,4,松若風馬, 54 ,18,7,"  ","  ","  ","  ",,3,４,芝,1200,A,良,270,,(栗),寺島良,1104,0.7,,8,8,35.2,50.0,*,51.67,48.0,0.7,472,0,,(5.9),,,,,,
,201025,4京6,10,桂川ＳＨ･3勝,スカイパッション,,牝,8,酒井学, 50 ,18,15,"  ","  ","  ","  ",,9,５,芝,1200,A,良,182,,(栗),新谷功一,1105,0.8,,9,8,35.1,50.9,*,51.67,48.0,0.9,472,+2,,(33.7),,,,,,
,201025,4京6,10,桂川ＳＨ･3勝,グッドジュエリー,,牝,5,幸英明, 53 ,18,5,"  ","  ","  ","  ",,7,６,芝,1200,A,良,0,,(美),堀井雅広,1106,0.9,,15,15,34.8,52.9,*,51.67,48.0,1.3,462,-2,,(12.8),,,,,,
,201025,4京6,10,桂川ＳＨ･3勝,ワールドフォーラブ,,牝,6,団野大成, 53 ,18,4,"  ","  ","  ","  ",,8,７,芝,1200,A,良,0,,(栗),音無秀孝,1106,0.9,,4,5,35.7,47.8,*,51.67,48.0,0.4,476,0,,(21.3),,,,,,
,201025,4京6,10,桂川ＳＨ･3勝,ファストフォース,,牡,4,松山弘平, 55 ,18,16,"  ","  ","  ","  ",,1,８,芝,1200,A,良,0,,(栗),西村真幸,1107,1.0,,4,5,35.8,47.5,*,51.67,48.0,0.4,536,+4,,(3.8),,,,,,
,201025,4京6,10,桂川ＳＨ･3勝,コロラトゥーレ,,牝,6,川須栄彦, 52 ,18,6,"  ","  ","  ","  ",,14,９,芝,1200,A,良,0,,(栗),梅田智之,1107,1.0,,2,2,36.0,46.4,*,51.67,48.0,0.2,470,+6,,(70.9),,,,,,
,201025,4京6,10,桂川ＳＨ･3勝,サラドリーム,,牝,5,泉谷楓真, 51 ,18,12,"  ","  ","  ","  ",,15,10,芝,1200,A,良,0,*,(美),手塚貴久,1108,1.1,,9,8,35.4,50.0,,51.67,48.0,0.9,440,-4,,(109.8),,,,,,
,201025,4京6,10,桂川ＳＨ･3勝,ムスコローソ,,牡,5,津村明秀, 54 ,18,1,"  ","  ","  ","  ",,10,11,芝,1200,A,良,0,*,(美),手塚貴久,1108,1.1,,17,15,34.7,54.0,*,51.67,48.0,1.6,520,-2,,(41.2),,,,,,
,201025,4京6,10,桂川ＳＨ･3勝,クラウンルシフェル,,牡,9,川島信二, 51 ,18,10,"  ","  ","  ","  ",,17,12,芝,1200,A,良,0,*,(美),天間昭一,1108,1.1,,11,8,35.3,50.6,,51.67,48.0,1.0,486,0,B,(256.5),,,,,,
,201025,4京6,10,桂川ＳＨ･3勝,サンノゼテソーロ,,牡,4,藤井勘一, 54 ,18,11,"  ","  ","  ","  ",,11,13,芝,1200,A,良,0,,(美),田中博康,1109,1.2,,11,12,35.3,50.8,,51.67,48.0,1.1,452,-8,B,(54.3),,,,,,
,201025,4京6,10,桂川ＳＨ･3勝,ナーゲルリング,,牝,4,森裕太朗, 51 ,18,17,"  ","  ","  ","  ",,13,14,芝,1200,A,良,0,*,(美),天間昭一,1109,1.2,,2,2,36.2,45.9,,51.67,48.0,0.2,474,-8,,(62.4),,,,,,
,201025,4京6,10,桂川ＳＨ･3勝,シュエットヌーベル,,牝,6,藤懸貴志, 51 ,18,2,"  ","  ","  ","  ",,12,15,芝,1200,A,良,0,,(美),小西一男,1109,1.2,,11,12,35.4,50.3,,51.67,48.0,1.0,462,-16,B,(55.0),,,,,,
,201025,4京6,10,桂川ＳＨ･3勝,マルカテノール,,牡,6,内田博幸, 54 ,18,3,"  ","  ","  ","  ",,16,16,芝,1200,A,良,0,,(栗),浜田多実,1114,1.7,,15,17,35.5,51.1,,51.67,48.0,1.4,480,+14,,(183.7),,,,,,
,201025,4京6,10,桂川ＳＨ･3勝,アカネサス,,牝,4,坂井瑠星, 53 ,18,9,"  ","  ","  ","  ",,4,17,芝,1200,A,良,0,,(栗),浅見秀一,1125,2.8,,1,1,38.0,40.8,,51.67,48.0,0.0,500,+10,B,(8.9),,,,,,
,201025,4京6,9,鳴滝特別･2勝,ヒートオンビート,,牡,3,ルメール, 54 ,13,7,"  ","  ","  ","  ",,2,１,芝,2200,A,良,1500,,(栗),松田国英,2144,-0.2,5,7,7,34.4,59.0,*,58.03,57.7,0.3,470,+2,,470,160,7330,7540,11010,13950,91690
,201025,4京6,9,鳴滝特別･2勝,オールザワールド,,牡,3,松山弘平, 54 ,13,3,"  ","  ","  ","  ",,7,２,芝,2200,A,良,600,,(栗),中竹和也,2146,0.2,9,1,1,34.9,57.1,*,58.03,57.7,0.0,474,+10,,(38.3),760,7330,7540,11010,13950,91690
,201025,4京6,9,鳴滝特別･2勝,エンデュミオン,,牡,3,秋山真一, 54 ,13,5,"  ","  ","  ","  ",,5,３,芝,2200,A,良,380,,(栗),清水久詞,2146,0.2,5,4,2,34.7,58.0,*,58.03,57.7,0.2,448,+6,,(7.6),250,,,,13950,91690
,201025,4京6,9,鳴滝特別･2勝,フライライクバード,,牡,3,福永祐一, 54 ,13,1,"  ","  ","  ","  ",,1,４,芝,2200,A,良,230,,(栗),友道康夫,2146,0.2,7,8,7,34.5,58.8,*,58.03,57.7,0.4,450,-10,,(2.4),,,,,,
,201025,4京6,9,鳴滝特別･2勝,ルリアン,,牡,3,川田将雅, 54 ,13,13,"  ","  ","  ","  ",,3,５,芝,2200,A,良,150,,(栗),佐々木晶,2148,0.4,8,9,10,34.4,59.4,*,58.03,57.7,0.7,512,-4,,(5.4),,,,,,
,201025,4京6,9,鳴滝特別･2勝,アイアンバローズ,,牡,3,池添謙一, 54 ,13,8,"  ","  ","  ","  ",,6,６,芝,2200,A,良,0,*,(栗),角居勝彦,2151,0.7,10,12,12,34.5,59.3,*,58.03,57.7,0.9,496,+2,,(12.9),,,,,,
,201025,4京6,9,鳴滝特別･2勝,ダノングレーター,,牡,4,松若風馬, 57 ,13,11,"  ","  ","  ","  ",,12,７,芝,2200,A,良,0,,(栗),音無秀孝,2156,1.2,10,9,9,35.4,56.1,,58.03,57.7,0.5,472,-2,,(161.1),,,,,,
,201025,4京6,9,鳴滝特別･2勝,リノキアナ,,牝,3,幸英明, 52 ,13,9,"  ","  ","  ","  ",,8,８,芝,2200,A,良,0,,(栗),谷潔,2157,1.3,1,2,2,35.9,54.2,,58.03,57.7,0.1,432,+2,,(38.4),,,,,,
,201025,4京6,9,鳴滝特別･2勝,ラインハイト,,牡,3,北村友一, 54 ,13,12,"  ","  ","  ","  ",,4,９,芝,2200,A,良,0,,(栗),石坂正,2158,1.4,4,4,2,35.9,54.4,,58.03,57.7,0.2,468,-4,,(6.4),,,,,,
,201025,4京6,9,鳴滝特別･2勝,グラディーヴァ,,牝,4,Ｍ．デム, 55 ,13,2,"  ","  ","  ","  ",,10,10,芝,2200,A,良,0,*,(栗),角居勝彦,2160,1.6,3,4,2,36.1,53.8,,58.03,57.7,0.2,458,-2,,(111.9),,,,,,
,201025,4京6,9,鳴滝特別･2勝,トウカイデュエル,,牡,3,酒井学, 54 ,13,6,"  ","  ","  ","  ",,13,11,芝,2200,A,良,0,,(栗),田所秀孝,2162,1.8,2,3,2,36.4,52.8,,58.03,57.7,0.1,462,-2,,(259.2),,,,,,
,201025,4京6,9,鳴滝特別･2勝,ルックスマート,,牡,5,戸崎圭太, 57 ,13,4,"  ","  ","  ","  ",,9,12,芝,2200,A,良,0,,(美),小島茂之,2166,2.2,12,13,13,35.9,55.2,,58.03,57.7,1.0,478,-6,,(110.6),,,,,,
,201025,4京6,9,鳴滝特別･2勝,サトノゴールド,,牡,3,川島信二, 54 ,13,10,"  ","  ","  ","  ",,11,13,芝,2200,A,良,0,,(栗),須貝尚介,2168,2.4,13,9,10,36.5,53.0,,58.03,57.7,0.6,464,+6,B,(115.3),,,,,,
,201025,4京6,8,なでしこ･1勝,ゼンノアンジュ,,牝,2,岩田康誠, 54 ,11,4,"  ","  ","  ","  ",,5,１,ダ,1400,,稍,1010,*,(栗),浅見秀一,1233,-0.9,,1,1,35.9,49.0,*,48.00,49.0,0.0,500,0,,1030,290,2070,2600,5380,16240,79880
,201025,4京6,8,なでしこ･1勝,ミスズグランドオー,,牡,2,ルメール, 55 ,11,6,"  ","  ","  ","  ",,3,２,ダ,1400,,稍,400,,(美),伊藤圭三,1242,0.9,,2,2,36.6,47.5,*,48.00,49.0,0.2,480,0,,(5.7),200,2070,2600,5380,16240,79880
,201025,4京6,8,なでしこ･1勝,プレジールミノル,,牡,2,幸英明, 55 ,11,3,"  ","  ","  ","  ",,8,３,ダ,1400,,稍,250,,(栗),北出成人,1242,0.9,,3,3,36.6,47.5,*,48.00,49.0,0.2,494,+6,,(44.0),760,,,,16240,79880
,201025,4京6,8,なでしこ･1勝,テイエムマジック,,牡,2,和田竜二, 55 ,11,2,"  ","  ","  ","  ",,7,４,ダ,1400,,稍,150,,(栗),鈴木孝志,1244,1.1,,3,3,36.6,48.0,,48.00,49.0,0.4,496,-2,,(15.7),,,,,,
,201025,4京6,8,なでしこ･1勝,ブラックアーメット,,牡,2,武豊, 55 ,11,1,"  ","  ","  ","  ",,2,５,ダ,1400,,稍,101,,(栗),角田晃一,1245,1.2,,8,8,36.2,50.1,*,48.00,49.0,0.9,488,-6,,(5.1),,,,,,
,201025,4京6,8,なでしこ･1勝,レディステディゴー,,牡,2,北村友一, 55 ,11,5,"  ","  ","  ","  ",,9,６,ダ,1400,,稍,0,*,(栗),浅見秀一,1245,1.2,,7,7,36.5,48.6,*,48.00,49.0,0.6,502,+6,,(52.3),,,,,,
,201025,4京6,8,なでしこ･1勝,カレンロマチェンコ,,牡,2,松山弘平, 55 ,11,10,"  ","  ","  ","  ",,4,７,ダ,1400,,稍,0,,(栗),高柳大輔,1250,1.7,,6,6,37.0,47.3,,48.00,49.0,0.6,458,+6,,(7.7),,,,,,
,201025,4京6,8,なでしこ･1勝,ディオスクーロイ,,牡,2,川須栄彦, 55 ,11,7,"  ","  ","  ","  ",,6,８,ダ,1400,,稍,0,,(栗),松下武士,1254,2.1,,3,3,37.7,44.9,,48.00,49.0,0.3,486,0,,(15.6),,,,,,
,201025,4京6,8,なでしこ･1勝,ユイノチャッキー,,牡,2,内田博幸, 55 ,11,8,"  ","  ","  ","  ",,10,９,ダ,1400,,稍,0,,(美),竹内正洋,1254,2.1,,10,9,36.8,49.0,,48.00,49.0,1.2,504,+14,,(68.9),,,,,,
,201025,4京6,8,なでしこ･1勝,レッドソルダード,,牡,2,川田将雅, 55 ,11,9,"  ","  ","  ","  ",,1,10,ダ,1400,,稍,0,,(栗),須貝尚介,1268,3.5,,9,9,38.2,45.4,,48.00,49.0,1.2,474,+2,,(2.4),,,,,,
,201025,4京6,7,２勝ｸﾗｽ,カフジキング,,牡,7,武豊, 57 ,11,3,"  ","  ","  ","  ",,2,１,ダ,1900,,稍,1100,,(栗),中竹和也,1584,-0.5,3,2,2,37.4,50.0,*,49.13,48.4,0.4,464,0,,320,120,1210,1160,2370,810,5720
,201025,4京6,7,２勝ｸﾗｽ,モーニングサン,,牡,4,岩田康誠, 57 ,11,5,"  ","  ","  ","  ",,3,２,ダ,1900,,稍,440,,(栗),橋口慎介,1589,0.5,1,1,1,38.3,47.1,*,49.13,48.4,0.0,468,+2,B,(5.6),170,1210,1160,2370,810,5720
,201025,4京6,7,２勝ｸﾗｽ,エピキュール,,牡,3,ルメール, 55 ,11,9,"  ","  ","  ","  ",,1,３,ダ,1900,,稍,280,,(栗),杉山晴紀,1590,0.6,5,5,3,37.5,50.3,*,49.13,48.4,0.9,508,-8,,(2.3),120,,,,810,5720
,201025,4京6,7,２勝ｸﾗｽ,ダイシンカローリ,,牡,5,中井裕二, 57 ,11,8,"  ","  ","  ","  ",,10,４,ダ,1900,,稍,170,,(栗),庄野靖志,1590,0.6,11,8,7,37.2,51.5,*,49.13,48.4,1.2,518,0,,(100.8),,,,,,
,201025,4京6,7,２勝ｸﾗｽ,スパイクナード,,牝,6,団野大成,54☆,11,4,"  ","  ","  ","  ",,6,５,ダ,1900,,稍,110,,(栗),佐々木晶,1591,0.7,9,11,10,37.3,51.2,*,49.13,48.4,1.2,452,+4,,(16.9),,,,,,
,201025,4京6,7,２勝ｸﾗｽ,グレンマクナス,,牡,6,和田竜二, 57 ,11,1,"  ","  ","  ","  ",,4,６,ダ,1900,,稍,0,,(美),牧光二,1596,1.2,5,5,3,38.3,48.0,,49.13,48.4,0.7,516,-10,,(10.6),,,,,,
,201025,4京6,7,２勝ｸﾗｽ,クリノカポネ,,セ,5,古川吉洋, 57 ,11,2,"  ","  ","  ","  ",,8,７,ダ,1900,,稍,0,,(栗),谷潔,1597,1.3,10,8,7,38.1,48.8,,49.13,48.4,1.0,450,+4,,(35.6),,,,,,
,201025,4京6,7,２勝ｸﾗｽ,キングフォルテ,,牡,5,泉谷楓真,54▲,11,10,"  ","  ","  ","  ",,5,８,ダ,1900,,稍,0,,(栗),加用正,2003,1.9,5,8,9,38.5,48.1,,49.13,48.4,1.2,526,+4,,(13.2),,,,,,
,201025,4京6,7,２勝ｸﾗｽ,ビオレイメル,,牝,4,松山弘平, 55 ,11,7,"  ","  ","  ","  ",,7,９,ダ,1900,,稍,0,,(栗),本田優,2004,2.0,3,4,6,39.0,46.3,,49.13,48.4,0.8,474,+4,,(20.5),,,,,,
,201025,4京6,7,２勝ｸﾗｽ,メイショウアステカ,,牝,4,秋山真一, 55 ,11,6,"  ","  ","  ","  ",,9,10,ダ,1900,,稍,0,,(栗),武幸四郎,2005,2.1,2,2,3,39.3,45.4,,49.13,48.4,0.6,506,-2,,(42.6),,,,,,
,201025,4京6,7,２勝ｸﾗｽ,ヒルノアトラーニ,,牡,6,太宰啓介, 57 ,11,11,"  ","  ","  ","  ",,11,11,ダ,1900,,稍,0,,(栗),昆貢,2015,3.1,5,5,10,39.9,44.4,,49.13,48.4,1.0,522,+2,,(197.4),,,,,,
,201025,4京6,6,１勝ｸﾗｽ,サンディレクション,,牡,4,酒井学, 57 ,15,6,"  ","  ","  ","  ",,11,１,芝,1600,A,良,760,,(栗),千田輝彦,1352,-0.0,,2,2,34.9,53.7,*,54.77,50.0,0.8,478,-2,,4560,1050,2720,15600,38910,32470,394220
,201025,4京6,6,１勝ｸﾗｽ,アトリビュート,,牝,3,北村友一, 53 ,15,9,"  ","  ","  ","  ",,4,２,芝,1600,A,良,300,,(栗),高野友和,1352,0.0,,3,3,34.7,54.6,*,54.77,50.0,1.0,442,+6,,(7.9),300,2720,15600,38910,32470,394220
,201025,4京6,6,１勝ｸﾗｽ,アウサンガテ,,牡,3,川田将雅, 55 ,15,11,"  ","  ","  ","  ",,2,３,芝,1600,A,良,190,,(栗),中内田充,1352,0.0,,6,6,34.4,56.0,*,54.77,50.0,1.3,432,0,,(3.6),180,,,,32470,394220
,201025,4京6,6,１勝ｸﾗｽ,エアファンディタ,,牡,3,福永祐一, 55 ,15,5,"  ","  ","  ","  ",,1,４,芝,1600,A,良,110,,(栗),池添学,1352,0.0,,14,12,33.7,59.5,*,54.77,50.0,2.0,462,+16,,(2.4),,,,,,
,201025,4京6,6,１勝ｸﾗｽ,ヤマニンマヒア,,牡,4,和田竜二, 57 ,15,4,"  ","  ","  ","  ",,3,５,芝,1600,A,良,76,,(栗),松永幹夫,1354,0.2,,10,7,34.3,56.9,*,54.77,50.0,1.6,454,0,,(7.8),,,,,,
,201025,4京6,6,１勝ｸﾗｽ,プティシュシュ,,牝,3,団野大成,52☆,15,14,"  ","  ","  ","  ",,9,６,芝,1600,A,良,0,,(栗),佐々木晶,1355,0.3,,1,1,36.0,49.2,*,54.77,50.0,0.0,450,+2,,(29.8),,,,,,
,201025,4京6,6,１勝ｸﾗｽ,ダンツガゼール,,牝,3,丸山元気, 53 ,15,2,"  ","  ","  ","  ",,14,７,芝,1600,A,良,0,,(栗),本田優,1355,0.3,,3,3,34.9,54.2,*,54.77,50.0,1.1,466,+4,,(123.0),,,,,,
,201025,4京6,6,１勝ｸﾗｽ,ディキシークイーン,,牝,3,藤岡佑介, 53 ,15,7,"  ","  ","  ","  ",,5,８,芝,1600,A,良,0,*,(栗),昆貢,1358,0.6,,8,10,34.8,55.2,*,54.77,50.0,1.5,480,+2,,(14.2),,,,,,
,201025,4京6,6,１勝ｸﾗｽ,ヒルノエドワード,,牡,3,古川吉洋, 55 ,15,15,"  ","  ","  ","  ",,7,９,芝,1600,A,良,0,*,(栗),昆貢,1359,0.7,,8,7,34.9,54.9,*,54.77,50.0,1.5,476,-8,,(25.2),,,,,,
,201025,4京6,6,１勝ｸﾗｽ,カケル,,牡,3,幸英明, 55 ,15,8,"  ","  ","  ","  ",,6,10,芝,1600,A,良,0,,(栗),大根田裕,1361,0.9,,12,11,34.9,55.2,*,54.77,50.0,1.7,482,0,,(21.5),,,,,,
,201025,4京6,6,１勝ｸﾗｽ,グレースオブナイル,,牝,3,松若風馬, 53 ,15,3,"  ","  ","  ","  ",,10,11,芝,1600,A,良,0,,(栗),杉山晴紀,1361,0.9,,3,5,35.5,52.4,*,54.77,50.0,1.1,446,+16,,(32.1),,,,,,
,201025,4京6,6,１勝ｸﾗｽ,レッドラトゥール,,セ,3,松山弘平, 55 ,15,12,"  ","  ","  ","  ",,8,12,芝,1600,A,良,0,,(栗),庄野靖志,1361,0.9,,10,12,34.9,55.2,*,54.77,50.0,1.7,476,+8,B,(27.5),,,,,,
,201025,4京6,6,１勝ｸﾗｽ,ムーンオブバローダ,,牡,4,津村明秀, 57 ,15,10,"  ","  ","  ","  ",,13,13,芝,1600,A,良,0,,(栗),坂口智康,1363,1.1,,15,14,34.5,57.5,*,54.77,50.0,2.3,506,+12,,(80.8),,,,,,
,201025,4京6,6,１勝ｸﾗｽ,ウェイヴァリー,,牡,3,藤懸貴志, 55 ,15,13,"  ","  ","  ","  ",,15,14,芝,1600,A,良,0,,(栗),平田修,1368,1.6,,13,14,35.4,54.1,,54.77,50.0,1.9,526,+3,,(228.0),,,,,,
,201025,4京6,6,１勝ｸﾗｽ,ホウオウソルジャー,,牡,4,川島信二, 57 ,15,1,"  ","  ","  ","  ",,12,15,芝,1600,A,良,0,,(栗),新谷功一,1375,2.3,,6,7,36.6,49.8,,54.77,50.0,1.4,472,0,,(79.5),,,,,,
,201025,4京6,5,新馬,シャフリヤール,,牡,2,福永祐一, 55 ,18,13,"  ","  ","  ","  ",,1,１,芝,1800,A,良,700,,(栗),藤原英昭,1499,-0.0,,6,4,34.6,58.8,*,57.90,57.0,0.4,450,,,230,110,260,270,470,1220,3500
,201025,4京6,5,新馬,ヴィヴァン,,牡,2,武豊, 55 ,18,14,"  ","  ","  ","  ",,2,２,芝,1800,A,良,280,,(栗),池江泰寿,1499,0.0,,3,3,34.9,57.4,*,57.90,57.0,0.1,484,,,(2.8),120,260,270,470,1220,3500
,201025,4京6,5,新馬,サンライズゴラッソ,,牡,2,川須栄彦, 55 ,18,8,"  ","  ","  ","  ",,5,３,芝,1800,A,良,180,,(栗),河内洋,1506,0.7,,10,6,35.1,57.5,*,57.90,57.0,0.6,498,,,(18.7),230,,,,1220,3500
,201025,4京6,5,新馬,イッツユアタイム,,牝,2,戸崎圭太, 54 ,18,7,"  ","  ","  ","  ",,6,４,芝,1800,A,良,110,,(栗),安田隆行,1511,1.2,,9,10,35.5,56.5,*,57.90,57.0,0.7,452,,,(38.4),,,,,,
,201025,4京6,5,新馬,アンセーニュ,,牝,2,ルメール, 54 ,18,1,"  ","  ","  ","  ",,3,５,芝,1800,A,良,70,,(栗),奥村豊,1513,1.4,,3,4,36.2,53.7,*,57.90,57.0,0.2,420,,,(5.7),,,,,,
,201025,4京6,5,新馬,アレレブルー,,牡,2,松若風馬, 55 ,18,12,"  ","  ","  ","  ",,8,６,芝,1800,A,良,0,,(栗),杉山晴紀,1515,1.6,,2,1,36.6,52.3,,57.90,57.0,0.0,448,,,(87.5),,,,,,
,201025,4京6,5,新馬,ヒルノベルモンタ,,牡,2,古川吉洋, 55 ,18,17,"  ","  ","  ","  ",,4,７,芝,1800,A,良,0,,(栗),昆貢,1515,1.6,,12,9,35.9,55.3,,57.90,57.0,0.7,468,,,(14.9),,,,,,
,201025,4京6,5,新馬,ウインヴァカンス,,牝,2,川又賢治, 54 ,18,5,"  ","  ","  ","  ",,12,８,芝,1800,A,良,0,,(栗),寺島良,1516,1.7,,6,6,36.2,54.1,,57.90,57.0,0.5,460,,,(176.8),,,,,,
,201025,4京6,5,新馬,マイネルクハージュ,,牡,2,国分優作, 55 ,18,10,"  ","  ","  ","  ",,7,９,芝,1800,A,良,0,,(栗),五十嵐忠,1519,2.0,,10,13,36.0,55.4,,57.90,57.0,1.0,440,,,(67.5),,,,,,
,201025,4京6,5,新馬,ジャスパードリーム,,牡,2,丸山元気, 55 ,18,16,"  ","  ","  ","  ",,15,10,芝,1800,A,良,0,,(栗),森秀行,1519,2.0,,12,10,36.2,54.6,,57.90,57.0,0.8,526,,,(202.8),,,,,,
,201025,4京6,5,新馬,テイエムリオン,,牡,2,内田博幸, 55 ,18,11,"  ","  ","  ","  ",,17,11,芝,1800,A,良,0,,(栗),浜田多実,1520,2.1,,14,14,35.7,56.9,*,57.90,57.0,1.4,474,,,(346.9),,,,,,
,201025,4京6,5,新馬,モズトレジャー,,牝,2,松山弘平, 54 ,18,9,"  ","  ","  ","  ",,9,12,芝,1800,A,良,0,,(栗),森田直行,1523,2.4,,1,2,37.4,50.1,,57.90,57.0,0.0,472,,,(95.7),,,,,,
,201025,4京6,5,新馬,ニホンピロコール,,牡,2,小牧太, 55 ,18,3,"  ","  ","  ","  ",,11,13,芝,1800,A,良,0,,(栗),服部利之,1525,2.6,,16,15,36.0,56.2,,57.90,57.0,1.6,478,,,(158.8),,,,,,
,201025,4京6,5,新馬,メガキャット,,牝,2,和田竜二, 54 ,18,18,"  ","  ","  ","  ",,10,14,芝,1800,A,良,0,,(栗),吉岡辰弥,1525,2.6,,16,15,36.0,56.2,,57.90,57.0,1.6,518,,,(111.4),,,,,,
,201025,4京6,5,新馬,ニホンピロハーバー,,牡,2,柴田未崎, 55 ,18,4,"  ","  ","  ","  ",,14,15,芝,1800,A,良,0,,(栗),安達昭夫,1526,2.7,,6,10,37.0,52.2,,57.90,57.0,0.7,466,,,(198.0),,,,,,
,201025,4京6,5,新馬,クリノドラゴン,,牡,2,国分恭介, 55 ,18,15,"  ","  ","  ","  ",,18,16,芝,1800,A,良,0,,(栗),湯窪幸雄,1532,3.3,,18,17,36.1,56.8,,57.90,57.0,2.2,476,,,(382.7),,,,,,
,201025,4京6,5,新馬,メイショウヤマツミ,,牡,2,岩田康誠, 55 ,18,6,"  ","  ","  ","  ",,13,17,芝,1800,A,良,0,,(栗),庄野靖志,1538,3.9,,3,6,38.4,48.2,,57.90,57.0,0.5,528,,,(188.1),,,,,,
,201025,4京6,5,新馬,キングタロウ,,牡,2,酒井学, 55 ,18,2,"  ","  ","  ","  ",,16,18,芝,1800,A,良,0,,(栗),石坂公一,1555,5.6,,14,17,38.8,48.8,,57.90,57.0,1.8,462,,,(306.2),,,,,,
,201025,4京6,4,新馬・牝,サナティオ,,牝,2,ルメール, 54 ,18,12,"  ","  ","  ","  ",,3,１,芝,1600,A,良,700,,(栗),清水久詞,1375,-0.1,,7,8,36.0,52.5,*,53.90,49.4,0.7,402,,,430,180,3030,4880,7900,4920,32510
,201025,4京6,4,新馬・牝,タガノディアーナ,,牝,2,太宰啓介, 54 ,18,7,"  ","  ","  ","  ",,5,２,芝,1600,A,良,280,,(栗),長谷川浩,1376,0.1,,16,12,35.6,54.5,*,53.90,49.4,1.2,434,,,(20.7),330,3030,4880,7900,4920,32510
,201025,4京6,4,新馬・牝,ミスフィガロ,,牝,2,福永祐一, 54 ,18,2,"  ","  ","  ","  ",,1,３,芝,1600,A,良,180,,(栗),友道康夫,1377,0.2,,14,14,35.6,54.7,*,53.90,49.4,1.3,406,,,(3.2),160,,,,4920,32510
,201025,4京6,4,新馬・牝,メイショウサイウン,,牝,2,国分優作, 54 ,18,9,"  ","  ","  ","  ",,16,４,芝,1600,A,良,110,,(栗),大橋勇樹,1378,0.3,,14,14,35.7,54.4,*,53.90,49.4,1.3,434,,,(166.2),,,,,,
,201025,4京6,4,新馬・牝,ボタンザクラ,,牝,2,和田竜二, 54 ,18,16,"  ","  ","  ","  ",,11,５,芝,1600,A,良,70,,(栗),渡辺薫彦,1380,0.5,,6,3,36.7,50.2,*,53.90,49.4,0.5,430,,,(56.6),,,,,,
,201025,4京6,4,新馬・牝,トーホウロゼリア,,牝,2,松若風馬, 54 ,18,18,"  ","  ","  ","  ",,6,６,芝,1600,A,良,0,*,(栗),谷潔,1381,0.6,,7,7,36.7,50.4,*,53.90,49.4,0.6,458,,,(21.0),,,,,,
,201025,4京6,4,新馬・牝,ブールアネージュ,,牝,2,中井裕二, 54 ,18,8,"  ","  ","  ","  ",,7,７,芝,1600,A,良,0,,(栗),加用正,1382,0.7,,9,10,36.5,51.4,*,53.90,49.4,0.9,428,,,(27.2),,,,,,
,201025,4京6,4,新馬・牝,レスプロンディール,,牝,2,丸山元気, 54 ,18,15,"  ","  ","  ","  ",,4,８,芝,1600,A,良,0,,(栗),西園正都,1383,0.8,,2,2,37.5,47.3,*,53.90,49.4,0.0,462,,,(11.0),,,,,,
,201025,4京6,4,新馬・牝,デイジームーン,,牝,2,秋山真一, 54 ,18,11,"  ","  ","  ","  ",,18,９,芝,1600,A,良,0,*,(栗),谷潔,1384,0.9,,1,1,37.6,47.0,*,53.90,49.4,0.0,428,,,(375.0),,,,,,
,201025,4京6,4,新馬・牝,ソノラメンテ,,牝,2,川須栄彦, 54 ,18,3,"  ","  ","  ","  ",,10,10,芝,1600,A,良,0,,(栗),松下武士,1387,1.2,,4,4,37.5,47.9,,53.90,49.4,0.4,458,,,(47.4),,,,,,
,201025,4京6,4,新馬・牝,セカンドワルツ,,牝,2,田中健, 54 ,18,4,"  ","  ","  ","  ",,13,11,芝,1600,A,良,0,,(栗),浅見秀一,1387,1.2,,4,4,37.5,47.9,,53.90,49.4,0.4,466,,,(93.1),,,,,,
,201025,4京6,4,新馬・牝,ヴィッカース,,牝,2,池添謙一, 54 ,18,6,"  ","  ","  ","  ",,8,12,芝,1600,A,良,0,,(栗),飯田祐史,1389,1.4,,9,12,37.2,49.5,,53.90,49.4,0.9,468,,,(28.2),,,,,,
,201025,4京6,4,新馬・牝,リアンペスカ,,牝,2,幸英明, 54 ,18,1,"  ","  ","  ","  ",,12,13,芝,1600,A,良,0,,(栗),松永昌博,1390,1.5,,9,9,37.3,49.2,,53.90,49.4,0.9,456,,,(92.0),,,,,,
,201025,4京6,4,新馬・牝,ナンヨーアイボリー,,牝,2,Ｍ．デム, 54 ,18,14,"  ","  ","  ","  ",,9,14,芝,1600,A,良,0,,(栗),松永幹夫,1392,1.7,,18,17,36.3,54.0,*,53.90,49.4,2.1,406,,,(29.5),,,,,,
,201025,4京6,4,新馬・牝,メイプルリズム,,牝,2,松山弘平, 54 ,18,5,"  ","  ","  ","  ",,2,15,芝,1600,A,良,0,,(栗),橋口慎介,1392,1.7,,12,14,37.2,50.0,,53.90,49.4,1.2,432,,,(3.6),,,,,,
,201025,4京6,4,新馬・牝,ラガーナギクイーン,,牝,2,森裕太朗,53☆,18,13,"  ","  ","  ","  ",,15,16,芝,1600,A,良,0,,(栗),池添兼雄,1393,1.8,,17,17,36.4,53.7,,53.90,49.4,2.1,440,,,(152.6),,,,,,
,201025,4京6,4,新馬・牝,コスモエンデ,,牝,2,津村明秀, 54 ,18,10,"  ","  ","  ","  ",,14,17,芝,1600,A,良,0,,(栗),宮徹,1399,2.4,,12,10,38.1,47.3,,53.90,49.4,1.0,426,,,(104.8),,,,,,
,201025,4京6,4,新馬・牝,パステルリズム,,牝,2,酒井学, 54 ,18,17,"  ","  ","  ","  ",,17,18,芝,1600,A,良,0,,(栗),河内洋,1412,3.7,,3,4,40.1,41.4,,53.90,49.4,0.3,462,,,(215.4),,,,,,
,201025,4京6,3,未勝利*,メイショウオキビ,,牡,2,富田暁,54☆,10,5,"  ","  ","  ","  ",,4,１,ダ,1800,,稍,510,,(栗),松永昌博,1529,-0.4,3,1,1,38.4,47.0,*,46.67,47.0,0.0,494,+6,,680,140,470,490,1500,520,3670
,201025,4京6,3,未勝利*,メイショウキリモン,,牡,2,団野大成,54☆,10,9,"  ","  ","  ","  ",,1,２,ダ,1800,,稍,200,,(栗),荒川義之,1533,0.4,7,5,3,38.1,48.7,*,46.67,47.0,0.7,474,+2,,(2.0),110,470,490,1500,520,3670
,201025,4京6,3,未勝利*,バージョンアップ,,牝,2,酒井学, 54 ,10,2,"  ","  ","  ","  ",,2,３,ダ,1800,,稍,130,,(栗),加用正,1540,1.1,2,2,2,39.5,44.3,*,46.67,47.0,0.0,474,-2,,(4.6),120,,,,520,3670
,201025,4京6,3,未勝利*,シルヴェスター,,牡,2,坂井瑠星, 55 ,10,3,"  ","  ","  ","  ",,6,４,ダ,1800,,稍,77,,(栗),松下武士,1542,1.3,4,3,3,39.4,44.9,,46.67,47.0,0.3,504,+18,,(22.6),,,,,,
,201025,4京6,3,未勝利*,エーティーゴーオー,,牡,2,国分恭介, 55 ,10,7,"  ","  ","  ","  ",,9,５,ダ,1800,,稍,51,,(栗),木原一良,1545,1.6,9,8,6,39.0,46.8,*,46.67,47.0,1.0,482,0,,(129.7),,,,,,
,201025,4京6,3,未勝利*,タマモネックタイ,,牡,2,藤懸貴志, 55 ,10,6,"  ","  ","  ","  ",,5,６,ダ,1800,,稍,0,,(栗),池添学,1550,2.1,4,5,5,39.8,44.5,,46.67,47.0,0.7,466,-2,,(8.6),,,,,,
,201025,4京6,3,未勝利*,インフィオラータ,,牝,2,泉谷楓真,51▲,10,10,"  ","  ","  ","  ",,7,７,ダ,1800,,稍,0,,(栗),角田晃一,1557,2.8,6,5,6,40.4,43.2,,46.67,47.0,0.8,490,+4,,(53.9),,,,,,
,201025,4京6,3,未勝利*,ジューンゴゼン,,牝,2,国分優作, 54 ,10,8,"  ","  ","  ","  ",,8,８,ダ,1800,,稍,0,,(栗),坂口智康,1580,5.1,9,10,8,42.2,39.8,,46.67,47.0,1.3,456,0,,(127.9),,,,,,
,201025,4京6,3,未勝利*,サンデージャック,,牡,2,松山弘平, 55 ,10,1,"  ","  ","  ","  ",,3,９,ダ,1800,,稍,0,,(栗),宮本博,2022,9.3,1,3,8,47.2,29.4,,46.67,47.0,0.5,470,+2,,(6.8),,,,,,
,201025,4京6,3,未勝利*,プロペラシャフト,,牡,2,田中健, 55 ,10,4,"  ","  ","  ","  ",,10,10,ダ,1800,,稍,0,,(栗),安達昭夫,2022,9.3,8,9,10,46.4,31.7,,46.67,47.0,1.3,488,-2,,(227.1),,,,,,
,201025,4京6,2,未勝利*,スーパーホープ,,牡,2,ルメール, 55 ,18,17,"  ","  ","  ","  ",,1,１,芝,1400,A,良,510,,(栗),藤岡健一,1235,-0.2,,11,9,35.0,53.9,*,54.30,50.9,0.6,512,+12,,320,150,650,840,1510,6160,21530
,201025,4京6,2,未勝利*,エアシュラブ,,牝,2,武豊, 54 ,18,1,"  ","  ","  ","  ",,2,２,芝,1400,A,良,200,,(栗),笹田和秀,1237,0.2,,13,13,35.0,54.4,*,54.30,50.9,0.8,490,-4,,(4.2),150,650,840,1510,6160,21530
,201025,4京6,2,未勝利*,ライブリーキング,,牡,2,中井裕二, 55 ,18,14,"  ","  ","  ","  ",,8,３,芝,1400,A,良,130,,(栗),湯窪幸雄,1238,0.3,,15,13,35.0,54.6,*,54.30,50.9,0.9,448,0,,(21.4),330,,,,6160,21530
,201025,4京6,2,未勝利*,タイセイブレイズ,,牡,2,岩田康誠, 55 ,18,8,"  ","  ","  ","  ",,11,４,芝,1400,A,良,77,*,(栗),森田直行,1239,0.4,,11,11,35.4,52.8,*,54.30,50.9,0.6,456,+4,,(32.7),,,,,,
,201025,4京6,2,未勝利*,ライトニングホーク,,牝,2,福永祐一, 54 ,18,5,"  ","  ","  ","  ",,4,５,芝,1400,A,良,51,,(栗),吉村圭司,1240,0.5,,9,11,35.6,52.0,*,54.30,50.9,0.5,454,+6,,(8.0),,,,,,
,201025,4京6,2,未勝利*,サトノアイ,,牝,2,川田将雅, 54 ,18,3,"  ","  ","  ","  ",,3,６,芝,1400,A,良,0,,(栗),須貝尚介,1241,0.6,,5,7,35.9,50.7,*,54.30,50.9,0.3,416,0,,(6.4),,,,,,
,201025,4京6,2,未勝利*,ノーブルアイランド,,牡,2,川又賢治, 55 ,18,18,"  ","  ","  ","  ",,17,７,芝,1400,A,良,0,,(栗),宮本博,1242,0.7,,16,15,35.2,54.4,*,54.30,50.9,1.1,470,0,,(436.4),,,,,,
,201025,4京6,2,未勝利*,トーカイキング,,牡,2,松山弘平, 55 ,18,7,"  ","  ","  ","  ",,6,８,芝,1400,A,良,0,,(栗),西橋豊治,1242,0.7,,9,7,35.9,50.9,*,54.30,50.9,0.4,442,+4,,(14.2),,,,,,
,201025,4京6,2,未勝利*,タガノスペルノヴァ,,牡,2,和田竜二, 55 ,18,16,"  ","  ","  ","  ",,5,９,芝,1400,A,良,0,,(栗),川村禎彦,1243,0.8,,5,3,36.0,50.6,*,54.30,50.9,0.4,430,+6,,(14.1),,,,,,
,201025,4京6,2,未勝利*,ビップレックス,,牡,2,坂井瑠星, 55 ,18,15,"  ","  ","  ","  ",,15,10,芝,1400,A,良,0,,(栗),松下武士,1248,1.3,,5,3,36.6,48.8,,54.30,50.9,0.3,450,+6,,(230.0),,,,,,
,201025,4京6,2,未勝利*,ゴールドマイヤー,,牡,2,太宰啓介, 55 ,18,11,"  ","  ","  ","  ",,13,11,芝,1400,A,良,0,,(栗),渡辺薫彦,1248,1.3,,2,2,36.7,48.3,,54.30,50.9,0.2,428,0,,(141.5),,,,,,
,201025,4京6,2,未勝利*,ケイセブン,,牡,2,藤井勘一, 55 ,18,10,"  ","  ","  ","  ",,16,12,芝,1400,A,良,0,*,(栗),羽月友彦,1249,1.4,,16,17,35.9,52.4,,54.30,50.9,1.1,424,+4,,(263.5),,,,,,
,201025,4京6,2,未勝利*,ローゼライト,,牝,2,戸崎圭太, 54 ,18,13,"  ","  ","  ","  ",,7,13,芝,1400,A,良,0,,(栗),清水久詞,1251,1.6,,13,15,36.3,50.8,,54.30,50.9,0.9,430,0,,(21.0),,,,,,
,201025,4京6,2,未勝利*,テイエムトッキュウ,,牡,2,富田暁,54☆,18,6,"  ","  ","  ","  ",,12,14,芝,1400,A,良,0,,(栗),木原一良,1251,1.6,,5,9,36.8,48.4,,54.30,50.9,0.4,478,+12,,(87.9),,,,,,
,201025,4京6,2,未勝利*,エリカシャンス,,牝,2,北村友一, 54 ,18,4,"  ","  ","  ","  ",,9,15,芝,1400,A,良,0,,(栗),安田隆行,1252,1.7,,2,1,37.2,46.8,,54.30,50.9,0.1,456,-2,,(28.9),,,,,,
,201025,4京6,2,未勝利*,ラブムーン,,牝,2,泉谷楓真,51▲,18,12,"  ","  ","  ","  ",,18,16,芝,1400,A,良,0,*,(栗),森田直行,1255,2.0,,16,18,36.4,51.2,,54.30,50.9,1.2,426,+12,,(488.0),,,,,,
,201025,4京6,2,未勝利*,サヴァビアン,,牡,2,藤岡佑介, 55 ,18,9,"  ","  ","  ","  ",,10,17,芝,1400,A,良,0,*,(栗),羽月友彦,1257,2.2,,2,3,37.6,45.9,,54.30,50.9,0.2,422,+4,,(31.2),,,,,,
,201025,4京6,2,未勝利*,バールベック,,牝,2,国分優作, 54 ,18,2,"  ","  ","  ","  ",,14,18,芝,1400,A,良,0,,(栗),吉田直弘,1269,3.4,,1,3,39.0,42.1,,54.30,50.9,0.0,416,+4,,(187.7),,,,,,
,201025,4京6,1,未勝利*,スギノマジェスティ,,牡,2,池添謙一, 55 ,12,7,"  ","  ","  ","  ",,1,１,ダ,1200,,稍,510,,(栗),上村洋行,1121,-0.0,,4,4,36.1,49.7,*,48.53,47.5,0.4,452,+2,,220,110,370,390,700,1020,3580
,201025,4京6,1,未勝利*,サトノアポロン,,牡,2,岩田康誠, 55 ,12,12,"  ","  ","  ","  ",,2,２,ダ,1200,,稍,200,,(栗),安田隆行,1121,0.0,,3,3,36.3,48.6,*,48.53,47.5,0.2,478,-6,,(3.8),120,370,390,700,1020,3580
,201025,4京6,1,未勝利*,ランドボルケーノ,,牡,2,坂井瑠星, 55 ,12,9,"  ","  ","  ","  ",,3,３,ダ,1200,,稍,130,,(栗),安達昭夫,1122,0.1,,1,1,36.6,47.3,*,48.53,47.5,0.0,468,-8,,(7.2),160,,,,1020,3580
,201025,4京6,1,未勝利*,アルーブルト,,牡,2,幸英明, 55 ,12,11,"  ","  ","  ","  ",,7,４,ダ,1200,,稍,77,,(栗),西浦勝一,1125,0.4,,8,6,36.2,50.3,*,48.53,47.5,0.7,450,-10,,(42.5),,,,,,
,201025,4京6,1,未勝利*,インゴットバード,,牡,2,武豊, 55 ,12,10,"  ","  ","  ","  ",,4,５,ダ,1200,,稍,51,,(栗),牧田和弥,1126,0.5,,2,2,36.9,46.7,*,48.53,47.5,0.1,490,-6,,(8.9),,,,,,
,201025,4京6,1,未勝利*,ウォーターパフィン,,牝,2,酒井学, 54 ,12,6,"  ","  ","  ","  ",,8,６,ダ,1200,,稍,0,,(栗),田所秀孝,1135,1.4,,7,6,37.3,47.1,,48.53,47.5,0.6,488,0,,(57.3),,,,,,
,201025,4京6,1,未勝利*,シゲルリジ,,牝,2,国分恭介, 54 ,12,2,"  ","  ","  ","  ",,5,７,ダ,1200,,稍,0,,(栗),五十嵐忠,1140,1.9,,4,5,37.9,45.3,,48.53,47.5,0.5,458,-4,,(9.3),,,,,,
,201025,4京6,1,未勝利*,タガノミューコ,,牝,2,和田竜二, 54 ,12,4,"  ","  ","  ","  ",,6,８,ダ,1200,,稍,0,,(栗),浅見秀一,1142,2.1,,4,8,38.1,44.8,,48.53,47.5,0.5,460,0,,(24.0),,,,,,
,201025,4京6,1,未勝利*,スマートディアナ,,牝,2,松山弘平, 54 ,12,8,"  ","  ","  ","  ",,9,９,ダ,1200,,稍,0,,(栗),小崎憲,1147,2.6,,8,8,38.2,45.5,,48.53,47.5,0.9,436,-4,,(62.5),,,,,,
,201025,4京6,1,未勝利*,クールビスマルク,,牡,2,国分優作, 55 ,12,5,"  ","  ","  ","  ",,11,10,ダ,1200,,稍,0,,(栗),松下武士,1156,3.5,,8,8,39.3,42.4,,48.53,47.5,0.7,456,0,,(187.5),,,,,,
,201025,4京6,1,未勝利*,シゲルリジチョウ,,牡,2,太宰啓介, 55 ,12,3,"  ","  ","  ","  ",,10,11,ダ,1200,,稍,0,,(栗),千田輝彦,1156,3.5,,12,12,38.6,45.9,,48.53,47.5,1.4,468,+6,,(110.0),,,,,,
,201025,4京6,1,未勝利*,ゴールドクルーガー,,牡,2,藤懸貴志, 55 ,12,1,"  ","  ","  ","  ",,12,12,ダ,1200,,稍,0,,(栗),羽月友彦,1157,3.6,,11,11,39.0,44.1,,48.53,47.5,1.1,416,+4,,(275.5),,,,,,
,201024,4京5,12,２勝ｸﾗｽ,メイショウベンガル,,牡,3,岩田康誠, 55 ,15,9,"  ","  ","  ","  ",,1,１,ダ,1400,,重,1100,,(栗),松永昌博,1235,-0.4,,4,5,36.2,48.0,*,48.53,44.7,0.7,460,0,,150,110,710,720,860,16280,40080
,201024,4京5,12,２勝ｸﾗｽ,タイミングナウ,,セ,4,森裕太朗,56☆,15,8,"  ","  ","  ","  ",,4,２,ダ,1400,,重,440,,(栗),角居勝彦,1239,0.4,,7,7,36.2,48.8,*,48.53,44.7,1.1,470,+6,,(12.3),240,710,720,860,16280,40080
,201024,4京5,12,２勝ｸﾗｽ,ドラセナ,,セ,5,藤井勘一, 57 ,15,3,"  ","  ","  ","  ",,13,３,ダ,1400,,重,280,,(栗),奥村豊,1239,0.4,,9,7,36.2,48.8,*,48.53,44.7,1.1,496,+12,,(98.2),1300,,,,16280,40080
,201024,4京5,12,２勝ｸﾗｽ,ドゥリトル,,牡,5,松若風馬, 57 ,15,10,"  ","  ","  ","  ",,15,４,ダ,1400,,重,170,*,(栗),村山明,1240,0.5,,14,13,35.5,52.5,*,48.53,44.7,1.9,490,0,,(148.5),,,,,,
,201024,4京5,12,２勝ｸﾗｽ,コンクエストシチー,,セ,8,国分恭介, 57 ,15,5,"  ","  ","  ","  ",,12,５,ダ,1400,,重,110,*,(栗),村山明,1240,0.5,,11,9,36.0,50.0,*,48.53,44.7,1.4,468,+2,,(61.6),,,,,,
,201024,4京5,12,２勝ｸﾗｽ,レディオマジック,,牡,3,団野大成,54☆,15,11,"  ","  ","  ","  ",,2,６,ダ,1400,,重,0,*,(栗),佐々木晶,1240,0.5,,2,1,37.4,43.4,*,48.53,44.7,0.0,480,+8,,(5.8),,,,,,
,201024,4京5,12,２勝ｸﾗｽ,カムカム,,牡,6,岡田祥嗣, 57 ,15,14,"  ","  ","  ","  ",,5,７,ダ,1400,,重,0,,(栗),浜田多実,1241,0.6,,11,12,36.0,50.2,*,48.53,44.7,1.5,480,+6,,(23.4),,,,,,
,201024,4京5,12,２勝ｸﾗｽ,パドカトル,,牡,4,藤岡康太, 57 ,15,13,"  ","  ","  ","  ",,10,８,ダ,1400,,重,0,,(栗),野中賢二,1242,0.7,,4,3,37.0,45.7,*,48.53,44.7,0.6,468,0,,(41.2),,,,,,
,201024,4京5,12,２勝ｸﾗｽ,サトノゲイル,,牡,5,幸英明, 57 ,15,7,"  ","  ","  ","  ",,9,９,ダ,1400,,重,0,,(栗),高橋康之,1243,0.8,,6,6,36.7,47.3,*,48.53,44.7,1.0,484,+2,,(40.1),,,,,,
,201024,4京5,12,２勝ｸﾗｽ,パワフルヒロコ,,牝,6,高倉稜, 55 ,15,6,"  ","  ","  ","  ",,14,10,ダ,1400,,重,0,,(栗),飯田雄三,1244,0.9,,9,9,36.6,48.0,*,48.53,44.7,1.2,458,+10,,(129.7),,,,,,
,201024,4京5,12,２勝ｸﾗｽ,アフィラトゥーラ,,牡,3,松山弘平, 55 ,15,15,"  ","  ","  ","  ",,3,11,ダ,1400,,重,0,,(栗),森田直行,1245,1.0,,3,3,37.4,44.5,*,48.53,44.7,0.5,498,+2,,(11.9),,,,,,
,201024,4京5,12,２勝ｸﾗｽ,ソングオブザハート,,牝,3,川須栄彦, 53 ,15,12,"  ","  ","  ","  ",,6,12,ダ,1400,,重,0,,(栗),寺島良,1245,1.0,,8,9,36.7,47.7,*,48.53,44.7,1.2,430,+8,,(23.6),,,,,,
,201024,4京5,12,２勝ｸﾗｽ,ライトオブピース,,牡,6,坂井瑠星, 57 ,15,4,"  ","  ","  ","  ",,7,13,ダ,1400,,重,0,*,(栗),佐々木晶,1246,1.1,,14,14,36.0,51.2,*,48.53,44.7,2.0,478,-10,,(27.5),,,,,,
,201024,4京5,12,２勝ｸﾗｽ,ハイパーノヴァ,,セ,6,秋山真一, 57 ,15,2,"  ","  ","  ","  ",,8,14,ダ,1400,,重,0,,(栗),大根田裕,1246,1.1,,13,14,36.2,50.3,*,48.53,44.7,1.8,504,+2,,(33.7),,,,,,
,201024,4京5,12,２勝ｸﾗｽ,コラード,,牡,5,富田暁,56☆,15,1,"  ","  ","  ","  ",,11,15,ダ,1400,,重,0,,(栗),木原一良,1248,1.3,,1,2,38.2,41.5,,48.53,44.7,0.0,496,+8,,(42.7),,,,,,
,201024,4京5,11,室町ＳＨ,レッドルゼル,,牡,4,川田将雅, 56 ,16,2,"  ","  ","  ","  ",,2,１,ダ,1200,,重,2200,,(栗),安田隆行,1094,-0.0,,10,10,34.4,51.7,*,50.57,46.6,0.9,492,+8,,360,180,2650,2790,4300,22130,82650
,201024,4京5,11,室町ＳＨ,リュウノユキナ,,牡,5,柴田善臣, 55 ,16,9,"  ","  ","  ","  ",,8,２,ダ,1200,,重,880,,(美),小野次郎,1094,0.0,,9,7,34.6,50.6,*,50.57,46.6,0.7,496,-6,B,(18.2),390,2650,2790,4300,22130,82650
,201024,4京5,11,室町ＳＨ,ロードラズライト,,セ,5,坂井瑠星, 54 ,16,6,"  ","  ","  ","  ",,10,３,ダ,1200,,重,550,,(栗),浅見秀一,1096,0.2,,7,7,34.9,49.4,*,50.57,46.6,0.6,454,+8,,(28.6),500,,,,22130,82650
,201024,4京5,11,室町ＳＨ,ヒデノヴィーナス,,牝,4,川須栄彦, 54 ,16,8,"  ","  ","  ","  ",,1,４,ダ,1200,,重,330,*,(栗),梅田智之,1099,0.5,,2,2,35.7,45.8,*,50.57,46.6,0.1,458,-6,,(2.9),,,,,,
,201024,4京5,11,室町ＳＨ,テーオージーニアス,,牡,5,岩田康誠, 56 ,16,5,"  ","  ","  ","  ",,7,５,ダ,1200,,重,220,*,(栗),梅田智之,1100,0.6,,15,14,34.4,53.5,*,50.57,46.6,1.5,498,-6,,(15.9),,,,,,
,201024,4京5,11,室町ＳＨ,スナークライデン,,牡,6,国分恭介, 54 ,16,10,"  ","  ","  ","  ",,14,６,ダ,1200,,重,0,,(栗),川村禎彦,1100,0.6,,14,15,34.5,52.9,*,50.57,46.6,1.4,486,+10,,(115.4),,,,,,
,201024,4京5,11,室町ＳＨ,ヘリオス,,セ,4,幸英明, 54 ,16,13,"  ","  ","  ","  ",,9,７,ダ,1200,,重,0,,(栗),寺島良,1101,0.7,,3,3,35.8,45.8,*,50.57,46.6,0.2,476,+20,B,(27.0),,,,,,
,201024,4京5,11,室町ＳＨ,ウルトラマリン,,牝,3,松若風馬, 51 ,16,15,"  ","  ","  ","  ",,6,８,ダ,1200,,重,0,,(栗),今野貞一,1103,0.9,,7,7,35.6,47.5,*,50.57,46.6,0.6,482,+2,,(14.5),,,,,,
,201024,4京5,11,室町ＳＨ,タテヤマ,,牡,6,太宰啓介, 55 ,16,4,"  ","  ","  ","  ",,13,９,ダ,1200,,重,0,,(栗),渡辺薫彦,1104,1.0,,12,11,35.2,50.0,*,50.57,46.6,1.1,458,-6,,(90.0),,,,,,
,201024,4京5,11,室町ＳＨ,エイシンポジション,,牝,4,秋山真一, 52 ,16,12,"  ","  ","  ","  ",,4,10,ダ,1200,,重,0,,(栗),野中賢二,1104,1.0,,11,11,35.2,50.0,*,50.57,46.6,1.1,432,-8,,(11.3),,,,,,
,201024,4京5,11,室町ＳＨ,ドリュウ,,牡,5,団野大成, 55 ,16,3,"  ","  ","  ","  ",,12,11,ダ,1200,,重,0,,(美),土田稔,1104,1.0,,16,16,34.5,54.1,*,50.57,46.6,1.8,458,-8,,(68.1),,,,,,
,201024,4京5,11,室町ＳＨ,ヒロシゲゴールド,,牡,5,武豊, 57 ,16,16,"  ","  ","  ","  ",,3,12,ダ,1200,,重,0,,(栗),北出成人,1110,1.6,,1,1,36.9,42.4,,50.57,46.6,0.0,480,+10,B,(6.7),,,,,,
,201024,4京5,11,室町ＳＨ,コパノフィーリング,,牝,3,藤岡康太, 51 ,16,1,"  ","  ","  ","  ",,5,13,ダ,1200,,重,0,,(栗),宮徹,1110,1.6,,4,4,36.6,44.0,,50.57,46.6,0.3,466,+6,,(12.6),,,,,,
,201024,4京5,11,室町ＳＨ,ノーフィアー,,牡,6,柴山雄一, 54 ,16,11,"  ","  ","  ","  ",,15,14,ダ,1200,,重,0,,(美),佐藤吉勝,1110,1.6,,6,4,36.5,44.5,,50.57,46.6,0.4,498,-2,,(124.2),,,,,,
,201024,4京5,11,室町ＳＨ,ダイシンバルカン,,牡,8,高倉稜, 52 ,16,7,"  ","  ","  ","  ",,16,15,ダ,1200,,重,0,,(栗),吉田直弘,1111,1.7,,12,11,35.8,48.6,,50.57,46.6,1.2,504,-2,,(217.7),,,,,,
,201024,4京5,11,室町ＳＨ,アユツリオヤジ,,牡,6,富田暁, 53 ,16,14,"  ","  ","  ","  ",,11,16,ダ,1200,,重,0,,(栗),村山明,1121,2.7,,4,4,37.6,41.8,,50.57,46.6,0.4,494,-7,,(65.7),,,,,,
,201024,4京5,10,壬生特別･2勝,エレヴァート,,牝,3,武豊, 53 ,14,9,"  ","  ","  ","  ",,1,１,芝,1200,A,稍,1500,,(栗),角田晃一,1100,-0.8,,1,1,34.5,52.9,*,55.13,52.9,0.0,440,0,,200,130,610,610,830,7880,18610
,201024,4京5,10,壬生特別･2勝,ヴォイスオブジョイ,,牝,4,川田将雅, 55 ,14,10,"  ","  ","  ","  ",,2,２,芝,1200,A,稍,600,,(美),水野貴広,1108,0.8,,6,6,34.4,55.8,*,55.13,52.9,0.9,464,+2,,(5.8),170,610,610,830,7880,18610
,201024,4京5,10,壬生特別･2勝,モハー,,牝,6,太宰啓介, 55 ,14,12,"  ","  ","  ","  ",,10,３,芝,1200,A,稍,380,,(栗),上村洋行,1111,1.1,,9,8,34.4,56.7,*,55.13,52.9,1.2,516,+4,,(41.1),650,,,,7880,18610
,201024,4京5,10,壬生特別･2勝,トップオブメジャー,,牡,4,秋山真一, 57 ,14,5,"  ","  ","  ","  ",,7,４,芝,1200,A,稍,230,,(栗),武幸四郎,1111,1.1,,7,8,34.6,55.5,*,55.13,52.9,1.0,484,-4,,(15.5),,,,,,
,201024,4京5,10,壬生特別･2勝,テーオーマルクス,,牡,3,藤岡康太, 55 ,14,14,"  ","  ","  ","  ",,6,５,芝,1200,A,稍,150,*,(栗),宮徹,1112,1.2,,2,2,35.5,50.6,*,55.13,52.9,0.2,490,+18,,(14.2),,,,,,
,201024,4京5,10,壬生特別･2勝,サヴァイヴ,,牡,3,坂井瑠星, 55 ,14,8,"  ","  ","  ","  ",,5,６,芝,1200,A,稍,0,,(栗),清水久詞,1112,1.2,,5,5,35.0,53.4,,55.13,52.9,0.7,474,+4,,(13.2),,,,,,
,201024,4京5,10,壬生特別･2勝,タガノカルラ,,牡,4,酒井学, 57 ,14,6,"  ","  ","  ","  ",,8,７,芝,1200,A,稍,0,,(栗),本田優,1113,1.3,,9,11,34.6,56.1,*,55.13,52.9,1.2,440,-4,,(18.8),,,,,,
,201024,4京5,10,壬生特別･2勝,ピエナミント,,牝,5,古川吉洋, 55 ,14,3,"  ","  ","  ","  ",,9,８,芝,1200,A,稍,0,,(栗),飯田祐史,1114,1.4,,9,10,34.7,55.8,,55.13,52.9,1.2,480,+12,,(20.1),,,,,,
,201024,4京5,10,壬生特別･2勝,サヤカチャン,,牝,5,高倉稜, 55 ,14,1,"  ","  ","  ","  ",,13,９,芝,1200,A,稍,0,*,(栗),田所秀孝,1114,1.4,,3,3,35.5,51.1,,55.13,52.9,0.4,472,+22,,(54.8),,,,,,
,201024,4京5,10,壬生特別･2勝,スキップ,,牡,4,松若風馬, 57 ,14,4,"  ","  ","  ","  ",,4,10,芝,1200,A,稍,0,,(栗),加用正,1115,1.5,,4,3,35.5,51.4,,55.13,52.9,0.5,484,+8,,(11.6),,,,,,
,201024,4京5,10,壬生特別･2勝,ブリングイットオン,,牝,4,国分優作, 55 ,14,2,"  ","  ","  ","  ",,12,11,芝,1200,A,稍,0,*,(栗),宮徹,1116,1.6,,7,7,35.1,54.0,,55.13,52.9,1.0,452,+6,,(50.6),,,,,,
,201024,4京5,10,壬生特別･2勝,キャスパリーグ,,牝,6,幸英明, 55 ,14,13,"  ","  ","  ","  ",,3,12,芝,1200,A,稍,0,,(栗),浅見秀一,1118,1.8,,12,12,34.8,56.3,,55.13,52.9,1.5,458,+4,,(9.2),,,,,,
,201024,4京5,10,壬生特別･2勝,トップソリスト,,牝,4,団野大成, 55 ,14,7,"  ","  ","  ","  ",,11,13,芝,1200,A,稍,0,,(栗),中竹和也,1124,2.4,,12,13,35.3,55.1,,55.13,52.9,1.6,474,+2,,(43.1),,,,,,
,201024,4京5,10,壬生特別･2勝,パッションチカ,,牝,6,小牧太, 55 ,14,11,"  ","  ","  ","  ",,14,14,芝,1200,A,稍,0,*,(栗),田所秀孝,1130,3.0,,14,14,35.7,54.5,,55.13,52.9,1.8,436,-14,,(126.7),,,,,,
,201024,4京5,9,トルマリ･3勝,クリスティ,,牝,3,松若風馬, 53 ,7,4,"  ","  ","  ","  ",,1,１,芝,1600,A,稍,1820,,(栗),杉山晴紀,1360,-0.1,,1,1,34.0,59.4,*,60.60,59.4,0.0,486,+4,,170,110,,470,650,450,1570
,201024,4京5,9,トルマリ･3勝,レースガーデン,,牝,4,水口優也, 55 ,7,1,"  ","  ","  ","  ",,3,２,芝,1600,A,稍,730,,(栗),池江泰寿,1361,0.1,,2,2,33.8,60.6,*,60.60,59.4,0.3,466,0,,(6.0),220,,470,650,450,1570
,201024,4京5,9,トルマリ･3勝,ムーンチャイム,,牝,5,武豊, 55 ,7,7,"  ","  ","  ","  ",,2,３,芝,1600,A,稍,460,*,(栗),千田輝彦,1365,0.5,,6,7,33.7,61.8,*,60.60,59.4,0.8,468,0,,(3.8),,,,,450,1570
,201024,4京5,9,トルマリ･3勝,ラテュロス,,牝,5,秋山真一, 55 ,7,6,"  ","  ","  ","  ",,4,４,芝,1600,A,稍,270,,(栗),高野友和,1368,0.8,,2,2,34.6,57.9,*,60.60,59.4,0.2,444,+12,,(10.2),,,,,,
,201024,4京5,9,トルマリ･3勝,キャンディストーム,,牝,6,松山弘平, 55 ,7,2,"  ","  ","  ","  ",,7,５,芝,1600,A,稍,182,*,(栗),千田輝彦,1368,0.8,,5,5,34.2,59.8,*,60.60,59.4,0.6,506,+4,,(28.9),,,,,,
,201024,4京5,9,トルマリ･3勝,モアナアネラ,,牝,4,坂井瑠星, 55 ,7,5,"  ","  ","  ","  ",,6,６,芝,1600,A,稍,0,,(栗),石坂正,1372,1.2,,6,6,34.5,59.0,,60.60,59.4,0.7,448,+20,,(24.2),,,,,,
,201024,4京5,9,トルマリ･3勝,ノーブルカリナン,,牝,5,岩田康誠, 55 ,7,3,"  ","  ","  ","  ",,5,７,芝,1600,A,稍,0,,(栗),友道康夫,1376,1.6,,4,4,35.2,56.4,,60.60,59.4,0.4,464,+4,,(12.3),,,,,,
,201024,4京5,8,１勝ｸﾗｽ,アメリカンシード,,牡,3,松山弘平, 55 ,11,7,"  ","  ","  ","  ",,2,１,ダ,1800,,重,760,,(栗),藤岡健一,1486,-1.1,1,1,1,34.7,56.5,*,55.93,56.5,0.0,468,-6,,300,130,510,510,860,500,2620
,201024,4京5,8,１勝ｸﾗｽ,リトルクレバー,,牡,3,川田将雅, 55 ,11,9,"  ","  ","  ","  ",,1,２,ダ,1800,,重,300,,(栗),佐々木晶,1497,1.1,3,3,3,35.0,56.7,*,55.93,56.5,0.8,460,+2,,(2.6),110,510,510,860,500,2620
,201024,4京5,8,１勝ｸﾗｽ,ヒルノブルージュ,,牡,3,富田暁,54☆,11,1,"  ","  ","  ","  ",,3,３,ダ,1800,,重,190,*,(栗),昆貢,1507,2.1,4,4,4,35.8,54.6,*,55.93,56.5,1.0,482,+2,,(3.6),110,,,,500,2620
,201024,4京5,8,１勝ｸﾗｽ,ワイドレッジャドロ,,牡,3,松若風馬, 55 ,11,3,"  ","  ","  ","  ",,4,４,ダ,1800,,重,110,,(栗),加用正,1510,2.4,6,6,5,35.8,55.0,*,55.93,56.5,1.3,492,0,,(11.0),,,,,,
,201024,4京5,8,１勝ｸﾗｽ,サウンドテーブル,,牡,6,水口優也, 57 ,11,11,"  ","  ","  ","  ",,6,５,ダ,1800,,重,76,,(栗),田所秀孝,1520,3.4,2,2,2,37.9,47.8,,55.93,56.5,0.2,504,+2,B,(25.3),,,,,,
,201024,4京5,8,１勝ｸﾗｽ,メイショウシャガ,,牡,3,幸英明, 55 ,11,2,"  ","  ","  ","  ",,5,６,ダ,1800,,重,0,,(栗),池添兼雄,1520,3.4,11,10,10,36.2,54.7,,55.93,56.5,1.9,504,-2,,(16.8),,,,,,
,201024,4京5,8,１勝ｸﾗｽ,ジェミニキング,,セ,4,小牧太, 57 ,11,8,"  ","  ","  ","  ",,7,７,ダ,1800,,重,0,,(栗),服部利之,1522,3.6,8,8,8,36.7,52.9,,55.93,56.5,1.6,474,0,B,(27.4),,,,,,
,201024,4京5,8,１勝ｸﾗｽ,キャルブルー,,牡,3,川島信二, 55 ,11,10,"  ","  ","  ","  ",,10,８,ダ,1800,,重,0,,(栗),村山明,1522,3.6,9,8,8,36.7,52.9,,55.93,56.5,1.6,506,-2,,(99.1),,,,,,
,201024,4京5,8,１勝ｸﾗｽ,ヒルノアントラ,,セ,3,古川吉洋, 55 ,11,4,"  ","  ","  ","  ",,9,９,ダ,1800,,重,0,*,(栗),昆貢,1524,3.8,6,6,7,37.1,51.5,,55.93,56.5,1.4,466,-2,B,(68.4),,,,,,
,201024,4京5,8,１勝ｸﾗｽ,ミーティアトレイル,,セ,5,泉谷楓真,54▲,11,5,"  ","  ","  ","  ",,8,10,ダ,1800,,重,0,,(栗),石坂正,1527,4.1,4,4,5,37.7,49.5,,55.93,56.5,1.1,460,+2,,(51.0),,,,,,
,201024,4京5,8,１勝ｸﾗｽ,クリノターハイ,,牡,3,森裕太朗,54☆,11,6,"  ","  ","  ","  ",,11,11,ダ,1800,,重,0,,(栗),藤沢則雄,1538,5.2,9,10,11,37.8,50.5,,55.93,56.5,2.1,476,-8,,(241.3),,,,,,
,201024,4京5,7,１勝ｸﾗｽ,グーテンモルゲン,,牡,4,藤岡康太, 57 ,14,6,"  ","  ","  ","  ",,2,１,ダ,1200,,重,760,,(栗),牧田和弥,1112,-0.1,,6,5,35.3,51.7,*,51.07,48.3,0.6,508,+6,,570,150,430,360,1080,1560,8070
,201024,4京5,7,１勝ｸﾗｽ,マティアス,,牡,3,武豊, 55 ,14,5,"  ","  ","  ","  ",,1,２,ダ,1200,,重,300,,(栗),本田優,1113,0.1,,8,7,35.2,52.6,*,51.07,48.3,0.8,484,0,,(1.8),120,430,360,1080,1560,8070
,201024,4京5,7,１勝ｸﾗｽ,フルールドネージュ,,牝,3,松山弘平, 53 ,14,9,"  ","  ","  ","  ",,4,３,ダ,1200,,重,190,,(栗),鈴木孝志,1114,0.2,,2,2,35.9,48.9,*,51.07,48.3,0.2,442,-6,,(8.2),180,,,,1560,8070
,201024,4京5,7,１勝ｸﾗｽ,ミスターウインディ,,牡,7,小牧太, 57 ,14,3,"  ","  ","  ","  ",,7,４,ダ,1200,,重,110,,(栗),服部利之,1117,0.5,,8,7,35.6,51.4,*,51.07,48.3,0.8,494,-6,,(24.8),,,,,,
,201024,4京5,7,１勝ｸﾗｽ,メイショウユウシン,,牡,4,川又賢治, 57 ,14,1,"  ","  ","  ","  ",,10,５,ダ,1200,,重,76,,(栗),池添学,1121,0.9,,3,3,36.4,48.1,*,51.07,48.3,0.4,446,+4,,(67.9),,,,,,
,201024,4京5,7,１勝ｸﾗｽ,フラベリフォーム,,牡,5,酒井学, 57 ,14,2,"  ","  ","  ","  ",,9,６,ダ,1200,,重,0,,(栗),安達昭夫,1122,1.0,,10,10,35.9,51.1,*,51.07,48.3,1.0,480,+14,,(40.6),,,,,,
,201024,4京5,7,１勝ｸﾗｽ,サンライズプラウ,,牡,3,田中健, 55 ,14,8,"  ","  ","  ","  ",,8,７,ダ,1200,,重,0,,(栗),浜田多実,1122,1.0,,6,7,36.1,50.0,*,51.07,48.3,0.8,462,+2,B,(33.7),,,,,,
,201024,4京5,7,１勝ｸﾗｽ,レッドモアナ,,牝,4,藤懸貴志, 55 ,14,10,"  ","  ","  ","  ",,14,８,ダ,1200,,重,0,,(栗),坂口智康,1124,1.2,,12,12,35.5,53.9,*,51.07,48.3,1.6,448,0,,(191.5),,,,,,
,201024,4京5,7,１勝ｸﾗｽ,タマモクレマチス,,牝,4,富田暁,54☆,14,4,"  ","  ","  ","  ",,11,９,ダ,1200,,重,0,,(栗),木原一良,1126,1.4,,3,3,36.9,46.7,,51.07,48.3,0.4,456,0,,(75.9),,,,,,
,201024,4京5,7,１勝ｸﾗｽ,タガノブディーノ,,牝,5,国分恭介, 55 ,14,13,"  ","  ","  ","  ",,6,10,ダ,1200,,重,0,*,(栗),五十嵐忠,1126,1.4,,12,12,35.6,53.9,*,51.07,48.3,1.7,496,+2,,(20.6),,,,,,
,201024,4京5,7,１勝ｸﾗｽ,メイショウロサン,,牡,4,古川吉洋, 57 ,14,12,"  ","  ","  ","  ",,13,11,ダ,1200,,重,0,,(栗),角田晃一,1127,1.5,,11,11,36.1,51.4,,51.07,48.3,1.3,486,+4,,(123.6),,,,,,
,201024,4京5,7,１勝ｸﾗｽ,ヴィグラスカイザー,,牡,3,松若風馬, 55 ,14,14,"  ","  ","  ","  ",,3,12,ダ,1200,,重,0,,(栗),石坂公一,1127,1.5,,1,1,37.4,44.4,,51.07,48.3,0.0,512,+12,,(7.0),,,,,,
,201024,4京5,7,１勝ｸﾗｽ,テイエムラッシュ,,牡,3,国分優作, 55 ,14,11,"  ","  ","  ","  ",,12,13,ダ,1200,,重,0,*,(栗),五十嵐忠,1127,1.5,,14,14,35.5,54.8,*,51.07,48.3,1.9,486,+6,,(84.4),,,,,,
,201024,4京5,7,１勝ｸﾗｽ,クリノカサット,,牝,5,幸英明, 55 ,14,7,"  ","  ","  ","  ",,5,14,ダ,1200,,重,0,,(栗),藤沢則雄,1134,2.2,,5,5,37.5,45.7,,51.07,48.3,0.6,480,+4,,(12.7),,,,,,
,201024,4京5,6,１勝ｸﾗｽ・牝,ライティア,,牝,3,川田将雅, 53 ,11,6,"  ","  ","  ","  ",,1,１,芝,1800,A,稍,760,,(栗),石坂正,1486,-0.2,,3,3,35.2,54.3,*,54.73,52.1,0.5,428,+24,,180,110,600,560,760,1420,4510
,201024,4京5,6,１勝ｸﾗｽ・牝,タニノヨセミテ,,牝,3,幸英明, 53 ,11,9,"  ","  ","  ","  ",,3,２,芝,1800,A,稍,300,,(栗),松田国英,1488,0.2,,9,6,34.9,55.9,*,54.73,52.1,1.0,412,0,,(6.8),140,600,560,760,1420,4510
,201024,4京5,6,１勝ｸﾗｽ・牝,ラブアンバサダー,,牝,3,武豊, 53 ,11,5,"  ","  ","  ","  ",,5,３,芝,1800,A,稍,190,,(栗),松永幹夫,1490,0.4,,5,5,35.4,54.0,*,54.73,52.1,0.7,418,-6,,(15.9),220,,,,1420,4510
,201024,4京5,6,１勝ｸﾗｽ・牝,キングスタイル,,牝,3,松若風馬, 53 ,11,8,"  ","  ","  ","  ",,10,４,芝,1800,A,稍,110,,(栗),矢作芳人,1496,1.0,,9,10,35.5,54.4,*,54.73,52.1,1.2,410,-6,,(63.8),,,,,,
,201024,4京5,6,１勝ｸﾗｽ・牝,メタモルフォーゼ,,牝,3,藤岡康太, 53 ,11,1,"  ","  ","  ","  ",,4,５,芝,1800,A,稍,76,,(栗),渡辺薫彦,1498,1.2,,7,8,35.9,52.9,,54.73,52.1,1.0,456,+10,,(10.6),,,,,,
,201024,4京5,6,１勝ｸﾗｽ・牝,エイシンロード,,牝,4,岩田康誠, 55 ,11,10,"  ","  ","  ","  ",,6,６,芝,1800,A,稍,0,,(栗),奥村豊,1498,1.2,,2,2,36.6,50.0,,54.73,52.1,0.3,488,0,,(32.0),,,,,,
,201024,4京5,6,１勝ｸﾗｽ・牝,ヴィースバーデン,,牝,3,川須栄彦, 53 ,11,7,"  ","  ","  ","  ",,9,７,芝,1800,A,稍,0,,(栗),角居勝彦,1498,1.2,,7,8,35.9,52.9,,54.73,52.1,1.0,436,+2,,(55.0),,,,,,
,201024,4京5,6,１勝ｸﾗｽ・牝,ルーツドール,,牝,3,坂井瑠星, 53 ,11,11,"  ","  ","  ","  ",,2,８,芝,1800,A,稍,0,,(栗),藤岡健一,1500,1.4,,1,1,37.1,48.2,,54.73,52.1,0.0,516,-4,B,(3.3),,,,,,
,201024,4京5,6,１勝ｸﾗｽ・牝,ショウナンラペット,,牝,3,松山弘平, 53 ,11,3,"  ","  ","  ","  ",,8,９,芝,1800,A,稍,0,,(栗),池添兼雄,1500,1.4,,3,3,36.5,50.7,,54.73,52.1,0.6,418,+4,,(49.6),,,,,,
,201024,4京5,6,１勝ｸﾗｽ・牝,ミラーミラー,,牝,4,団野大成,54☆,11,2,"  ","  ","  ","  ",,11,10,芝,1800,A,稍,0,,(栗),石坂公一,1505,1.9,,9,11,36.2,52.6,,54.73,52.1,1.4,408,0,,(136.4),,,,,,
,201024,4京5,6,１勝ｸﾗｽ・牝,サドキンザン,,牝,4,藤井勘一, 55 ,11,4,"  ","  ","  ","  ",,7,11,芝,1800,A,稍,0,,(栗),大久保龍,1507,2.1,,5,6,37.0,49.6,,54.73,52.1,0.8,464,+10,,(39.2),,,,,,
,201024,4京5,5,新馬,スーパーウーパー,,牝,2,武豊, 54 ,17,13,"  ","  ","  ","  ",,3,１,芝,1200,A,稍,700,,(栗),森秀行,1110,-0.3,,1,1,36.6,44.0,*,46.20,44.0,0.0,458,,,650,200,880,790,1930,3760,20800
,201024,4京5,5,新馬,バンベルク,,牡,2,川田将雅, 55 ,17,14,"  ","  ","  ","  ",,1,２,芝,1200,A,稍,280,,(栗),安田隆行,1113,0.3,,5,5,35.6,50.3,*,46.20,44.0,1.3,470,,,(2.2),120,880,790,1930,3760,20800
,201024,4京5,5,新馬,ペプチドモナ,,牝,2,団野大成,53☆,17,6,"  ","  ","  ","  ",,4,３,芝,1200,A,稍,180,,(栗),武英智,1117,0.7,,2,2,36.9,44.3,*,46.20,44.0,0.4,414,,,(9.7),240,,,,3760,20800
,201024,4京5,5,新馬,スマートエミネンス,,牡,2,幸英明, 55 ,17,7,"  ","  ","  ","  ",,5,４,芝,1200,A,稍,110,,(栗),松永昌博,1117,0.7,,4,4,36.4,47.0,*,46.20,44.0,0.9,458,,,(11.9),,,,,,
,201024,4京5,5,新馬,ザベストデイ,,牝,2,富田暁,53☆,17,4,"  ","  ","  ","  ",,7,５,芝,1200,A,稍,70,,(栗),昆貢,1118,0.8,,7,8,35.7,51.1,*,46.20,44.0,1.7,444,,,(28.5),,,,,,
,201024,4京5,5,新馬,アブラアルバム,,牝,2,川島信二, 54 ,17,1,"  ","  ","  ","  ",,16,６,芝,1200,A,稍,0,,(栗),新谷功一,1121,1.1,,9,7,36.1,49.7,,46.20,44.0,1.6,406,,,(213.5),,,,,,
,201024,4京5,5,新馬,トップザビル,,牝,2,柴山雄一, 54 ,17,11,"  ","  ","  ","  ",,11,７,芝,1200,A,稍,0,,(栗),武幸四郎,1123,1.3,,7,8,36.3,49.2,,46.20,44.0,1.6,432,,,(45.1),,,,,,
,201024,4京5,5,新馬,ヴァジュランダ,,牡,2,岩田康誠, 55 ,17,12,"  ","  ","  ","  ",,2,８,芝,1200,A,稍,0,,(栗),宮本博,1124,1.4,,9,10,36.1,50.6,,46.20,44.0,1.9,498,,,(5.4),,,,,,
,201024,4京5,5,新馬,コスモチェントロ,,牝,2,国分恭介, 54 ,17,9,"  ","  ","  ","  ",,6,９,芝,1200,A,稍,0,,(栗),五十嵐忠,1124,1.4,,15,15,35.0,56.9,*,46.20,44.0,3.0,400,,,(27.0),,,,,,
,201024,4京5,5,新馬,グッドイヤー,,牝,2,藤岡康太, 54 ,17,3,"  ","  ","  ","  ",,12,10,芝,1200,A,稍,0,,(栗),高橋康之,1124,1.4,,5,5,36.7,47.3,,46.20,44.0,1.3,446,,,(60.6),,,,,,
,201024,4京5,5,新馬,コパノピッチング,,牡,2,川須栄彦, 55 ,17,15,"  ","  ","  ","  ",,14,11,芝,1200,A,稍,0,,(栗),宮徹,1127,1.7,,13,14,35.6,54.2,*,46.20,44.0,2.7,490,,,(96.3),,,,,,
,201024,4京5,5,新馬,ダイメイイースター,,牝,2,泉谷楓真,51▲,17,17,"  ","  ","  ","  ",,10,12,芝,1200,A,稍,0,,(栗),森田直行,1127,1.7,,11,12,35.9,52.5,,46.20,44.0,2.4,446,,,(43.3),,,,,,
,201024,4京5,5,新馬,サウンドブライアン,,牡,2,松山弘平, 55 ,17,16,"  ","  ","  ","  ",,9,13,芝,1200,A,稍,0,,(栗),村山明,1127,1.7,,3,3,37.7,42.8,,46.20,44.0,0.6,478,,,(36.0),,,,,,
,201024,4京5,5,新馬,エコロゲッカ,,牝,2,太宰啓介, 54 ,17,8,"  ","  ","  ","  ",,8,14,芝,1200,A,稍,0,,(栗),荒川義之,1131,2.1,,17,17,35.3,57.1,*,46.20,44.0,3.4,438,,,(34.7),,,,,,
,201024,4京5,5,新馬,ヨッシャー,,牡,2,古川吉洋, 55 ,17,2,"  ","  ","  ","  ",,13,15,芝,1200,A,稍,0,,(美),的場均,1132,2.2,,11,11,36.6,50.0,,46.20,44.0,2.2,450,,,(78.9),,,,,,
,201024,4京5,5,新馬,メイショウホタルビ,,牝,2,和田翼, 54 ,17,10,"  ","  ","  ","  ",,17,16,芝,1200,A,稍,0,,(栗),大橋勇樹,1135,2.5,,13,12,36.4,51.9,,46.20,44.0,2.7,428,,,(234.8),,,,,,
,201024,4京5,5,新馬,ジャクリーン,,牝,2,松若風馬, 54 ,17,5,"  ","  ","  ","  ",,15,17,芝,1200,A,稍,0,,(栗),加用正,1140,3.0,,16,15,36.5,52.7,,46.20,44.0,3.1,412,,,(138.4),,,,,,
,201024,4京5,4,新馬,ロシアンサモワール,,牝,2,川田将雅, 54 ,16,8,"  ","  ","  ","  ",,1,１,ダ,1800,,不,700,,(栗),松永幹夫,1533,-0.0,3,3,2,36.8,53.9,*,53.93,52.7,0.3,474,,,170,120,2450,2790,3190,5630,25480
,201024,4京5,4,新馬,フェブキラナ,,牡,2,国分恭介, 55 ,16,4,"  ","  ","  ","  ",,7,２,ダ,1800,,不,280,,(栗),川村禎彦,1533,0.0,4,5,4,36.7,54.4,*,53.93,52.7,0.4,462,,,(32.1),370,2450,2790,3190,5630,25480
,201024,4京5,4,新馬,ラブオブマイライフ,,牝,2,藤岡康太, 54 ,16,7,"  ","  ","  ","  ",,4,３,ダ,1800,,不,180,,(栗),長谷川浩,1539,0.6,9,7,7,37.1,53.5,*,53.93,52.7,0.6,458,,,(15.8),260,,,,5630,25480
,201024,4京5,4,新馬,ヒルノアローザ,,牡,2,古川吉洋, 55 ,16,2,"  ","  ","  ","  ",,11,４,ダ,1800,,不,110,,(栗),北出成人,1543,1.0,1,1,1,38.1,50.0,*,53.93,52.7,0.0,502,,,(60.1),,,,,,
,201024,4京5,4,新馬,バーニングパワー,,牝,2,秋山真一, 54 ,16,9,"  ","  ","  ","  ",,12,５,ダ,1800,,不,70,,(栗),鮫島一歩,1544,1.1,11,10,9,37.3,53.4,*,53.93,52.7,0.9,478,,,(68.8),,,,,,
,201024,4京5,4,新馬,ジョウショーモード,,牡,2,高倉稜, 55 ,16,5,"  ","  ","  ","  ",,14,６,ダ,1800,,不,0,,(栗),服部利之,1547,1.4,4,5,4,38.0,50.9,*,53.93,52.7,0.5,500,,,(92.8),,,,,,
,201024,4京5,4,新馬,サトノインパルス,,牡,2,武豊, 55 ,16,6,"  ","  ","  ","  ",,2,７,ダ,1800,,不,0,,(栗),中竹和也,1549,1.6,2,2,2,38.5,49.2,,53.93,52.7,0.2,522,,,(3.9),,,,,,
,201024,4京5,4,新馬,ワセダハーツ,,牡,2,岩田康誠, 55 ,16,15,"  ","  ","  ","  ",,3,８,ダ,1800,,不,0,,(栗),橋口慎介,1552,1.9,12,10,9,38.0,51.6,*,53.93,52.7,1.0,430,,,(15.7),,,,,,
,201024,4京5,4,新馬,マサノダイヤモンド,,牡,2,川島信二, 55 ,16,1,"  ","  ","  ","  ",,10,９,ダ,1800,,不,0,,(栗),加用正,1558,2.5,12,13,11,38.4,50.8,,53.93,52.7,1.2,480,,,(48.3),,,,,,
,201024,4京5,4,新馬,バーボンハイボール,,牡,2,柴田善臣, 55 ,16,11,"  ","  ","  ","  ",,5,10,ダ,1800,,不,0,,(栗),森秀行,1558,2.5,9,7,7,38.9,48.8,,53.93,52.7,0.7,542,,,(23.3),,,,,,
,201024,4京5,4,新馬,ヤマニンフラクタル,,牝,2,藤懸貴志, 54 ,16,13,"  ","  ","  ","  ",,6,11,ダ,1800,,不,0,,(栗),石橋守,1564,3.1,4,3,4,39.8,46.2,,53.93,52.7,0.4,502,,,(31.0),,,,,,
,201024,4京5,4,新馬,アウラヴィータ,,牝,2,幸英明, 54 ,16,10,"  ","  ","  ","  ",,9,12,ダ,1800,,不,0,,(栗),西浦勝一,1566,3.3,16,13,11,39.1,49.1,,53.93,52.7,1.3,508,,,(40.9),,,,,,
,201024,4京5,4,新馬,メイショウマントル,,牡,2,田中健, 55 ,16,14,"  ","  ","  ","  ",,16,13,ダ,1800,,不,0,,(栗),安達昭夫,1571,3.8,15,15,15,38.6,51.7,,53.93,52.7,2.3,508,,,(342.2),,,,,,
,201024,4京5,4,新馬,テイエムマグナム,,牡,2,酒井学, 55 ,16,3,"  ","  ","  ","  ",,15,14,ダ,1800,,不,0,,(栗),飯田雄三,1573,4.0,4,12,14,39.9,47.0,,53.93,52.7,1.2,488,,,(176.5),,,,,,
,201024,4京5,4,新馬,ショウナンアゲロス,,牝,2,松若風馬, 54 ,16,16,"  ","  ","  ","  ",,13,15,ダ,1800,,不,0,,(栗),梅田智之,1581,4.8,8,9,11,41.0,44.0,,53.93,52.7,0.9,464,,,(81.0),,,,,,
,201024,4京5,4,新馬,ルナブランカ,,牝,2,坂井瑠星, 54 ,16,12,"  ","  ","  ","  ",,8,16,ダ,1800,,不,0,,(栗),矢作芳人,1584,5.1,14,16,16,39.5,49.9,,53.93,52.7,2.7,440,,,(37.7),,,,,,
,201024,4京5,3,未勝利*,ライフサイエンス,,牡,2,武豊, 55 ,9,3,"  ","  ","  ","  ",,4,１,芝,2000,A,稍,510,,(栗),吉村圭司,2053,-0.0,4,2,1,35.7,57.6,*,58.13,57.6,0.0,476,-4,,880,380,10160,10180,19590,6010,66950
,201024,4京5,3,未勝利*,ニホンピロタイズ,,牡,2,酒井学, 55 ,9,6,"  ","  ","  ","  ",,6,２,芝,2000,A,稍,200,,(栗),大橋勇樹,2053,0.0,7,6,6,35.4,58.8,*,58.13,57.6,0.3,462,0,,(43.6),890,10160,10180,19590,6010,66950
,201024,4京5,3,未勝利*,リーブルミノル,,牡,2,松山弘平, 55 ,9,7,"  ","  ","  ","  ",,2,３,芝,2000,A,稍,130,,(栗),本田優,2053,0.0,1,2,2,35.6,58.0,*,58.13,57.6,0.1,476,+2,,(3.0),180,,,,6010,66950
,201024,4京5,3,未勝利*,カラレーション,,牝,2,坂井瑠星, 54 ,9,9,"  ","  ","  ","  ",,1,４,芝,2000,A,稍,77,,(栗),松下武士,2055,0.2,2,4,2,35.8,57.4,*,58.13,57.6,0.1,416,-4,,(1.9),,,,,,
,201024,4京5,3,未勝利*,ラインポラリス,,牡,2,岩田康誠, 55 ,9,4,"  ","  ","  ","  ",,5,５,芝,2000,A,稍,51,,(栗),松永昌博,2057,0.4,5,4,5,35.9,57.2,*,58.13,57.6,0.2,478,0,,(17.7),,,,,,
,201024,4京5,3,未勝利*,ジョウショーペース,,牡,2,国分恭介, 55 ,9,8,"  ","  ","  ","  ",,8,６,芝,2000,A,稍,0,,(栗),服部利之,2065,1.2,9,8,7,36.3,56.5,,58.13,57.6,0.6,476,+14,,(131.4),,,,,,
,201024,4京5,3,未勝利*,ジューンベロシティ,,牡,2,藤岡康太, 55 ,9,2,"  ","  ","  ","  ",,3,７,芝,2000,A,稍,0,,(栗),武英智,2067,1.4,2,1,2,37.1,53.5,,58.13,57.6,0.0,460,-4,,(7.1),,,,,,
,201024,4京5,3,未勝利*,ピエナゴールド,,牡,2,古川吉洋, 55 ,9,1,"  ","  ","  ","  ",,7,８,芝,2000,A,稍,0,,(栗),谷潔,2071,1.8,5,6,7,37.0,54.4,,58.13,57.6,0.5,464,+2,,(124.4),,,,,,
,201024,4京5,3,未勝利*,メイショウサロベツ,,牡,2,城戸義政, 55 ,9,5,"  ","  ","  ","  ",,9,９,芝,2000,A,稍,0,,(栗),西橋豊治,2072,1.9,8,9,9,36.8,55.3,,58.13,57.6,0.8,490,+4,,(389.0),,,,,,
,201024,4京5,2,未勝利*,ヴィジュネル,,牡,2,幸英明, 55 ,12,9,"  ","  ","  ","  ",,1,１,芝,1600,A,稍,510,,(栗),渡辺薫彦,1373,-0.0,,9,9,35.9,52.6,*,51.10,47.4,1.2,474,-2,,390,140,430,650,1400,1220,5500
,201024,4京5,2,未勝利*,フランクエトワール,,牡,2,武豊, 55 ,12,8,"  ","  ","  ","  ",,2,２,芝,1600,A,稍,200,,(栗),松永昌博,1373,0.0,,4,3,36.6,49.5,*,51.10,47.4,0.5,456,+10,,(4.2),140,430,650,1400,1220,5500
,201024,4京5,2,未勝利*,ヴェックマン,,牡,2,川田将雅, 55 ,12,10,"  ","  ","  ","  ",,4,３,芝,1600,A,稍,130,,(栗),音無秀孝,1375,0.2,,7,6,36.3,51.2,*,51.10,47.4,1.0,490,-2,,(4.8),160,,,,1220,5500
,201024,4京5,2,未勝利*,マリアエレーナ,,牝,2,松若風馬, 54 ,12,12,"  ","  ","  ","  ",,3,４,芝,1600,A,稍,77,*,(栗),吉田直弘,1377,0.4,,5,5,36.8,49.3,*,51.10,47.4,0.7,412,+6,,(4.8),,,,,,
,201024,4京5,2,未勝利*,エアーズロック,,牡,2,松山弘平, 55 ,12,4,"  ","  ","  ","  ",,5,５,芝,1600,A,稍,51,,(栗),橋口慎介,1377,0.4,,3,3,37.1,48.0,*,51.10,47.4,0.4,460,+2,,(13.6),,,,,,
,201024,4京5,2,未勝利*,シゲルソウサイ,,牡,2,藤岡康太, 55 ,12,11,"  ","  ","  ","  ",,8,６,芝,1600,A,稍,0,,(栗),上村洋行,1378,0.5,,9,6,36.5,50.8,*,51.10,47.4,1.1,488,-2,,(23.4),,,,,,
,201024,4京5,2,未勝利*,マイネルグスタフ,,牡,2,国分優作, 55 ,12,2,"  ","  ","  ","  ",,7,７,芝,1600,A,稍,0,*,(栗),吉田直弘,1380,0.7,,2,2,37.7,46.0,*,51.10,47.4,0.1,472,-4,,(17.9),,,,,,
,201024,4京5,2,未勝利*,デマントイド,,牝,2,団野大成,53☆,12,7,"  ","  ","  ","  ",,9,８,芝,1600,A,稍,0,,(栗),西園正都,1381,0.8,,11,12,36.5,51.3,*,51.10,47.4,1.4,434,+8,,(40.3),,,,,,
,201024,4京5,2,未勝利*,テリーヌ,,牝,2,秋山真一, 54 ,12,5,"  ","  ","  ","  ",,11,９,芝,1600,A,稍,0,,(栗),長谷川浩,1382,0.9,,11,11,36.6,51.0,*,51.10,47.4,1.4,406,+2,,(126.4),,,,,,
,201024,4京5,2,未勝利*,ジュンブーケ,,牝,2,泉谷楓真,51▲,12,1,"  ","  ","  ","  ",,10,10,芝,1600,A,稍,0,,(栗),森秀行,1383,1.0,,1,1,38.1,44.8,*,51.10,47.4,0.0,436,-2,,(47.7),,,,,,
,201024,4京5,2,未勝利*,ベルゼール,,牝,2,坂井瑠星, 54 ,12,6,"  ","  ","  ","  ",,6,11,芝,1600,A,稍,0,,(栗),平田修,1387,1.4,,8,10,37.4,48.3,,51.10,47.4,1.1,442,-4,,(16.0),,,,,,
,201024,4京5,2,未勝利*,シゲルチョウサヤク,,牡,2,和田翼, 55 ,12,3,"  ","  ","  ","  ",,12,12,芝,1600,A,稍,0,,(栗),大橋勇樹,1391,1.8,,6,6,38.1,46.1,,51.10,47.4,0.8,422,-2,,(365.1),,,,,,
,201024,4京5,1,未勝利・牝*,タイセイエクセル,,牝,2,松山弘平, 54 ,12,5,"  ","  ","  ","  ",,1,１,ダ,1400,,不,510,,(栗),西村真幸,1262,-0.2,,3,1,38.3,43.8,*,44.37,42.9,0.2,468,+6,,210,120,4530,12870,18610,20260,113660
,201024,4京5,1,未勝利・牝*,クリノキララ,,牝,2,森裕太朗,53☆,12,8,"  ","  ","  ","  ",,12,２,ダ,1400,,不,200,,(栗),田所秀孝,1264,0.2,,7,7,37.9,46.0,*,44.37,42.9,0.8,434,+4,,(215.3),1970,4530,12870,18610,20260,113660
,201024,4京5,1,未勝利・牝*,クラーヴォ,,牝,2,川島信二, 54 ,12,11,"  ","  ","  ","  ",,3,３,ダ,1400,,不,130,,(栗),新谷功一,1266,0.4,,4,4,38.6,43.3,*,44.37,42.9,0.3,462,-8,,(5.6),140,,,,20260,113660
,201024,4京5,1,未勝利・牝*,ガールズヒロイン,,牝,2,国分優作, 54 ,12,7,"  ","  ","  ","  ",,9,４,ダ,1400,,不,77,,(栗),湯窪幸雄,1268,0.6,,10,10,37.7,47.7,*,44.37,42.9,1.4,436,-2,,(95.6),,,,,,
,201024,4京5,1,未勝利・牝*,ブリリアントウェイ,,牝,2,坂井瑠星, 54 ,12,9,"  ","  ","  ","  ",,10,５,ダ,1400,,不,51,,(栗),武英智,1272,1.0,,10,10,38.0,47.1,*,44.37,42.9,1.5,418,-4,,(98.6),,,,,,
,201024,4京5,1,未勝利・牝*,グルーヴィカグヤ,,牝,2,藤懸貴志, 54 ,12,1,"  ","  ","  ","  ",,8,６,ダ,1400,,不,0,,(栗),池添学,1275,1.3,,1,2,39.8,39.9,,44.37,42.9,0.0,468,-6,B,(39.5),,,,,,
,201024,4京5,1,未勝利・牝*,レゼール,,牝,2,泉谷楓真,51▲,12,2,"  ","  ","  ","  ",,4,７,ダ,1400,,不,0,,(栗),須貝尚介,1278,1.6,,8,8,39.0,43.8,,44.37,42.9,1.1,436,-2,,(10.5),,,,,,
,201024,4京5,1,未勝利・牝*,テイエムテンホー,,牝,2,富田暁,53☆,12,3,"  ","  ","  ","  ",,11,８,ダ,1400,,不,0,,(栗),木原一良,1284,2.2,,2,2,40.7,37.9,,44.37,42.9,0.0,458,+6,,(154.2),,,,,,
,201024,4京5,1,未勝利・牝*,ダイナストーン,,牝,2,武豊, 54 ,12,12,"  ","  ","  ","  ",,5,９,ダ,1400,,不,0,,(栗),庄野靖志,1285,2.3,,4,6,40.4,39.3,,44.37,42.9,0.4,522,+8,,(12.0),,,,,,
,201024,4京5,1,未勝利・牝*,シェーヴルフォイユ,,牝,2,団野大成,53☆,12,10,"  ","  ","  ","  ",,6,10,ダ,1400,,不,0,,(栗),佐々木晶,1293,3.1,,12,12,39.7,43.7,,44.37,42.9,1.9,446,+18,,(21.2),,,,,,
,201024,4京5,1,未勝利・牝*,レスペディーザ,,牝,2,岩田康誠, 54 ,12,6,"  ","  ","  ","  ",,7,11,ダ,1400,,不,0,,(栗),松永幹夫,1304,4.2,,9,8,41.4,38.8,,44.37,42.9,1.3,426,-2,,(23.1),,,,,,
,201024,4京5,1,未勝利・牝*,ナサ,,牝,2,川田将雅, 54 ,12,4,"  ","  ","  ","  ",,2,12,ダ,1400,,不,0,,(栗),宮本博,1305,4.3,,4,4,42.4,35.1,,44.37,42.9,0.4,452,+2,,(4.5),,,,,,
,201018,4京4,12,平城京Ｓ･3勝,ペオース,,牡,3,松山弘平, 55 ,16,3,"  ","  ","  ","  ",,1,１,ダ,1800,,重,1820,,(栗),大久保龍,1490,-0.2,2,2,2,35.7,52.7,*,52.20,51.0,0.4,480,+6,,280,160,1150,1520,2120,4210,15810
,201018,4京4,12,平城京Ｓ･3勝,スマートフルーレ,,牝,4,城戸義政, 55 ,16,8,"  ","  ","  ","  ",,4,２,ダ,1800,,重,730,,(栗),南井克巳,1492,0.2,4,5,4,35.7,52.9,*,52.20,51.0,0.6,522,+8,,(9.7),210,1150,1520,2120,4210,15810
,201018,4京4,12,平城京Ｓ･3勝,ライトウォーリア,,牡,3,藤岡康太, 55 ,16,12,"  ","  ","  ","  ",,3,３,ダ,1800,,重,460,,(栗),高野友和,1496,0.6,3,2,2,36.3,51.0,*,52.20,51.0,0.4,488,0,,(7.5),250,,,,4210,15810
,201018,4京4,12,平城京Ｓ･3勝,アイアムレジェンド,,牡,4,和田竜二, 57 ,16,2,"  ","  ","  ","  ",,5,４,ダ,1800,,重,270,*,(栗),橋田満,1496,0.6,7,8,7,35.9,52.6,*,52.20,51.0,0.8,494,+8,,(12.9),,,,,,
,201018,4京4,12,平城京Ｓ･3勝,スーパーライナー,,牡,7,田辺裕信, 57 ,16,6,"  ","  ","  ","  ",,15,５,ダ,1800,,重,182,,(栗),今野貞一,1497,0.7,9,11,10,35.6,54.1,*,52.20,51.0,1.2,500,+4,,(86.9),,,,,,
,201018,4京4,12,平城京Ｓ･3勝,クリノフラッシュ,,牝,5,和田翼, 55 ,16,11,"  ","  ","  ","  ",,11,６,ダ,1800,,重,0,*,(栗),橋田満,1498,0.8,1,1,1,36.9,48.8,*,52.20,51.0,0.0,454,0,B,(44.7),,,,,,
,201018,4京4,12,平城京Ｓ･3勝,ゲンパチルシファー,,牡,4,団野大成, 57 ,16,16,"  ","  ","  ","  ",,7,７,ダ,1800,,重,0,,(栗),佐々木晶,1498,0.8,6,2,4,36.4,50.8,*,52.20,51.0,0.5,508,-8,,(29.5),,,,,,
,201018,4京4,12,平城京Ｓ･3勝,ソルドラード,,牡,4,ルメール, 57 ,16,9,"  ","  ","  ","  ",,2,８,ダ,1800,,重,0,,(美),藤沢和雄,1499,0.9,7,5,6,36.3,51.4,*,52.20,51.0,0.7,502,0,,(2.9),,,,,,
,201018,4京4,12,平城京Ｓ･3勝,クレスコブレイブ,,牡,6,鮫島良太, 57 ,16,14,"  ","  ","  ","  ",,8,９,ダ,1800,,重,0,,(栗),飯田雄三,1499,0.9,12,9,9,36.0,52.6,*,52.20,51.0,1.0,518,-12,B,(34.0),,,,,,
,201018,4京4,12,平城京Ｓ･3勝,バーンスター,,牡,4,藤井勘一, 57 ,16,7,"  ","  ","  ","  ",,10,10,ダ,1800,,重,0,,(栗),谷潔,1499,0.9,9,9,10,35.9,53.1,*,52.20,51.0,1.1,496,0,,(38.9),,,,,,
,201018,4京4,12,平城京Ｓ･3勝,ストーミーバローズ,,牡,5,池添謙一, 57 ,16,1,"  ","  ","  ","  ",,9,11,ダ,1800,,重,0,,(栗),石坂正,1501,1.1,16,16,15,35.4,55.5,*,52.20,51.0,1.8,478,+8,,(37.3),,,,,,
,201018,4京4,12,平城京Ｓ･3勝,マイネルカイノン,,牡,5,国分優作, 57 ,16,13,"  ","  ","  ","  ",,14,12,ダ,1800,,重,0,,(栗),宮徹,1502,1.2,12,11,12,36.2,52.2,,52.20,51.0,1.1,512,+6,,(68.9),,,,,,
,201018,4京4,12,平城京Ｓ･3勝,チャチャチャ,,牝,4,坂井瑠星, 55 ,16,4,"  ","  ","  ","  ",,13,13,ダ,1800,,重,0,,(栗),松田国英,1502,1.2,4,5,7,36.7,50.1,,52.20,51.0,0.6,450,+6,,(65.0),,,,,,
,201018,4京4,12,平城京Ｓ･3勝,シホノフォルテ,,牡,4,川須栄彦, 57 ,16,5,"  ","  ","  ","  ",,6,14,ダ,1800,,重,0,,(栗),寺島良,1507,1.7,14,13,13,36.3,52.5,,52.20,51.0,1.5,502,-12,,(28.9),,,,,,
,201018,4京4,12,平城京Ｓ･3勝,スペクター,,牝,6,幸英明, 55 ,16,15,"  ","  ","  ","  ",,12,15,ダ,1800,,重,0,,(栗),笹田和秀,1509,1.9,14,15,16,36.4,52.3,,52.20,51.0,1.6,514,0,,(47.9),,,,,,
,201018,4京4,12,平城京Ｓ･3勝,パキュートハート,,牡,5,太宰啓介, 57 ,16,10,"  ","  ","  ","  ",,16,16,ダ,1800,,重,0,,(栗),石橋守,1513,2.3,11,13,13,36.8,51.2,,52.20,51.0,1.6,528,+2,,(92.9),,,,,,
,201018,4京4,11,秋華賞G1,デアリングタクト,,牝,3,松山弘平, 55 ,18,13,"  ","  ","  ","  ",,1,１,芝,2000,A,稍,10000,*,(栗),杉山晴紀,2006,-0.2,13,8,5,35.8,51.5,*,51.87,49.1,0.6,480,+14,,140,110,2580,2670,3140,17920,44110
,201018,4京4,11,秋華賞G1,マジックキャッスル,,牝,3,大野拓弥, 55 ,18,12,"  ","  ","  ","  ",,10,２,芝,2000,A,稍,4000,,(美),国枝栄,2008,0.2,11,11,13,35.8,51.8,*,51.87,49.1,0.8,432,+10,,(56.9),540,2580,2670,3140,17920,44110
,201018,4京4,11,秋華賞G1,ソフトフルート,,牝,3,藤岡康太, 55 ,18,8,"  ","  ","  ","  ",,9,３,芝,2000,A,稍,2500,,(栗),松田国英,2009,0.3,18,18,12,35.7,52.3,*,51.87,49.1,1.0,470,0,,(54.7),590,,,,17920,44110
,201018,4京4,11,秋華賞G1,パラスアテナ,,牝,3,坂井瑠星, 55 ,18,16,"  ","  ","  ","  ",,12,４,芝,2000,A,稍,1500,,(美),高柳瑞樹,2009,0.3,15,15,5,35.8,51.9,*,51.87,49.1,0.9,444,-8,,(81.1),,,,,,
,201018,4京4,11,秋華賞G1,ミスニューヨーク,,牝,3,長岡禎仁, 55 ,18,15,"  ","  ","  ","  ",,16,５,芝,2000,A,稍,1000,*,(栗),杉山晴紀,2015,0.9,8,8,15,36.7,49.0,*,51.87,49.1,0.6,462,+2,,(197.0),,,,,,
,201018,4京4,11,秋華賞G1,オーマイダーリン,,牝,3,幸英明, 55 ,18,14,"  ","  ","  ","  ",,14,６,芝,2000,A,稍,0,,(栗),河内洋,2015,0.9,17,11,5,36.6,49.4,*,51.87,49.1,0.7,472,+6,,(145.7),,,,,,
,201018,4京4,11,秋華賞G1,マルターズディオサ,,牝,3,田辺裕信, 55 ,18,3,"  ","  ","  ","  ",,4,７,芝,2000,A,稍,0,*,(美),手塚貴久,2016,1.0,1,1,1,37.4,46.5,*,51.87,49.1,0.0,446,0,,(16.0),,,,,,
,201018,4京4,11,秋華賞G1,ムジカ,,牝,3,秋山真一, 55 ,18,7,"  ","  ","  ","  ",,11,８,芝,2000,A,稍,0,,(栗),鈴木孝志,2017,1.1,13,15,15,36.7,49.3,,51.87,49.1,0.8,444,+4,,(70.2),,,,,,
,201018,4京4,11,秋華賞G1,ウインマイティー,,牝,3,和田竜二, 55 ,18,5,"  ","  ","  ","  ",,3,９,芝,2000,A,稍,0,,(栗),五十嵐忠,2019,1.3,11,11,5,37.1,48.0,,51.87,49.1,0.6,480,+10,,(15.4),,,,,,
,201018,4京4,11,秋華賞G1,フィオリキアリ,,牝,3,北村友一, 55 ,18,11,"  ","  ","  ","  ",,15,10,芝,2000,A,稍,0,,(栗),清水久詞,2021,1.5,6,5,5,37.5,46.7,,51.87,49.1,0.4,442,+2,,(189.1),,,,,,
,201018,4京4,11,秋華賞G1,アブレイズ,,牝,3,藤井勘一, 55 ,18,18,"  ","  ","  ","  ",,17,11,芝,2000,A,稍,0,,(栗),池江泰寿,2022,1.6,9,11,17,37.2,47.9,,51.87,49.1,0.8,494,-2,,(253.7),,,,,,
,201018,4京4,11,秋華賞G1,ダンツエリーゼ,,牝,3,太宰啓介, 55 ,18,6,"  ","  ","  ","  ",,18,12,芝,2000,A,稍,0,,(栗),本田優,2022,1.6,15,17,17,37.0,48.7,,51.87,49.1,1.0,526,+6,,(316.1),,,,,,
,201018,4京4,11,秋華賞G1,リアアメリア,,牝,3,川田将雅, 55 ,18,2,"  ","  ","  ","  ",,2,13,芝,2000,A,稍,0,*,(栗),中内田充,2024,1.8,5,5,3,37.8,45.9,,51.87,49.1,0.4,484,-4,,(6.7),,,,,,
,201018,4京4,11,秋華賞G1,ミヤマザクラ,,牝,3,福永祐一, 55 ,18,1,"  ","  ","  ","  ",,6,14,芝,2000,A,稍,0,,(栗),藤原英昭,2029,2.3,4,4,3,38.4,44.3,,51.87,49.1,0.3,488,+20,,(18.3),,,,,,
,201018,4京4,11,秋華賞G1,ウインマリリン,,牝,3,横山武史, 55 ,18,17,"  ","  ","  ","  ",,5,15,芝,2000,A,稍,0,*,(美),手塚貴久,2031,2.5,2,2,2,38.7,43.5,,51.87,49.1,0.2,464,+12,,(17.2),,,,,,
,201018,4京4,11,秋華賞G1,サンクテュエール,,牝,3,ルメール, 55 ,18,9,"  ","  ","  ","  ",,8,16,芝,2000,A,稍,0,,(美),藤沢和雄,2032,2.6,6,5,13,38.6,43.9,,51.87,49.1,0.4,456,-2,,(46.3),,,,,,
,201018,4京4,11,秋華賞G1,クラヴァシュドール,,牝,3,Ｍ．デム, 55 ,18,10,"  ","  ","  ","  ",,7,17,芝,2000,A,稍,0,*,(栗),中内田充,2038,3.2,9,8,5,39.0,43.2,,51.87,49.1,0.6,460,+2,,(30.8),,,,,,
,201018,4京4,11,秋華賞G1,ホウオウピースフル,,牝,3,池添謙一, 55 ,18,4,"  ","  ","  ","  ",,13,18,芝,2000,A,稍,0,,(美),大竹正博,2048,4.2,2,2,5,40.4,39.5,,51.87,49.1,0.2,484,-4,,(119.4),,,,,,
,201018,4京4,10,大原ＳＨ･3勝,レイパパレ,,牝,3,川田将雅, 52 ,13,5,"  ","  ","  ","  ",,1,１,芝,1800,A,稍,1820,,(栗),高野友和,1463,-0.3,,1,1,35.0,51.9,*,54.07,51.9,0.0,424,-6,,190,110,270,320,500,470,1310
,201018,4京4,10,大原ＳＨ･3勝,サトノウィザード,,牡,4,ルメール, 56 ,13,13,"  ","  ","  ","  ",,2,２,芝,1800,A,稍,730,,(栗),松田国英,1466,0.3,,10,8,34.4,54.9,*,54.07,51.9,0.9,490,+4,B,(3.1),120,270,320,500,470,1310
,201018,4京4,10,大原ＳＨ･3勝,クラヴェル,,牝,3,横山典弘, 51 ,13,8,"  ","  ","  ","  ",,3,３,芝,1800,A,稍,460,,(栗),安田翔伍,1469,0.6,,10,12,34.4,55.4,*,54.07,51.9,1.2,442,+6,,(6.2),140,,,,470,1310
,201018,4京4,10,大原ＳＨ･3勝,スズカロング,,牡,6,横山武史, 54 ,13,1,"  ","  ","  ","  ",,7,４,芝,1800,A,稍,270,,(栗),橋田満,1474,1.1,,3,2,35.8,50.0,*,54.07,51.9,0.3,494,0,,(36.7),,,,,,
,201018,4京4,10,大原ＳＨ･3勝,カイザーミノル,,牡,4,池添謙一, 55 ,13,3,"  ","  ","  ","  ",,5,５,芝,1800,A,稍,182,,(栗),北出成人,1475,1.2,,5,4,35.8,50.1,,54.07,51.9,0.4,468,-4,,(20.1),,,,,,
,201018,4京4,10,大原ＳＨ･3勝,ウェーブヒーロー,,牡,7,川須栄彦, 54 ,13,9,"  ","  ","  ","  ",,11,６,芝,1800,A,稍,0,,(栗),中尾秀正,1476,1.3,,10,8,35.3,52.4,*,54.07,51.9,1.0,506,0,,(172.4),,,,,,
,201018,4京4,10,大原ＳＨ･3勝,ストーンリッジ,,牡,3,福永祐一, 54 ,13,4,"  ","  ","  ","  ",,4,７,芝,1800,A,稍,0,,(栗),藤原英昭,1476,1.3,,6,6,35.6,51.1,,54.07,51.9,0.7,458,+2,,(9.3),,,,,,
,201018,4京4,10,大原ＳＨ･3勝,レオコックブルー,,牝,5,和田竜二, 52 ,13,6,"  ","  ","  ","  ",,9,８,芝,1800,A,稍,0,,(栗),牧田和弥,1477,1.4,,8,8,35.5,51.7,,54.07,51.9,0.9,442,-12,,(65.7),,,,,,
,201018,4京4,10,大原ＳＨ･3勝,スズカフューラー,,牡,6,団野大成, 53 ,13,10,"  ","  ","  ","  ",,13,９,芝,1800,A,稍,0,,(栗),西橋豊治,1479,1.6,,13,12,35.3,52.8,*,54.07,51.9,1.3,432,0,,(223.3),,,,,,
,201018,4京4,10,大原ＳＨ･3勝,カフジバンガード,,牡,5,国分恭介, 54 ,13,12,"  ","  ","  ","  ",,12,10,芝,1800,A,稍,0,,(栗),木原一良,1480,1.7,,2,2,36.5,47.9,,54.07,51.9,0.2,492,+6,,(192.0),,,,,,
,201018,4京4,10,大原ＳＨ･3勝,ゴールドスミス,,セ,6,松山弘平, 55 ,13,7,"  ","  ","  ","  ",,6,11,芝,1800,A,稍,0,,(美),高柳瑞樹,1481,1.8,,6,6,36.2,49.3,,54.07,51.9,0.6,522,-6,,(32.6),,,,,,
,201018,4京4,10,大原ＳＨ･3勝,デクレアラー,,牡,5,藤岡康太, 54 ,13,2,"  ","  ","  ","  ",,8,12,芝,1800,A,稍,0,,(栗),鮫島一歩,1486,2.3,,3,4,36.9,47.2,,54.07,51.9,0.4,484,+8,,(49.6),,,,,,
,201018,4京4,10,大原ＳＨ･3勝,オハナ,,牝,5,秋山真一, 51 ,13,11,"  ","  ","  ","  ",,10,13,芝,1800,A,稍,0,,(美),堀宣行,1496,3.3,,8,11,37.4,46.5,,54.07,51.9,0.9,434,0,B,(123.7),,,,,,
,201018,4京4,9,もみじＳ,アスコルターレ,,牡,2,松山弘平, 55 ,8,4,"  ","  ","  ","  ",,2,１,芝,1400,A,稍,1600,,(栗),西村真幸,1228,-0.0,,4,3,35.2,51.4,*,50.50,48.0,0.7,444,+10,,300,110,,680,1210,230,2090
,201018,4京4,9,もみじＳ,ヒトヨギリ,,牝,2,ルメール, 54 ,8,6,"  ","  ","  ","  ",,3,２,芝,1400,A,稍,640,,(栗),橋田満,1228,0.0,,1,1,35.9,48.0,*,50.50,48.0,0.0,456,+10,,(4.1),110,,680,1210,230,2090
,201018,4京4,9,もみじＳ,ジャカランダレーン,,牝,2,福永祐一, 54 ,8,7,"  ","  ","  ","  ",,1,３,芝,1400,A,稍,400,,(栗),中内田充,1229,0.1,,5,5,35.1,52.1,*,50.50,48.0,0.9,436,0,,(2.0),110,,,,230,2090
,201018,4京4,9,もみじＳ,ウインスーリール,,牝,2,国分優作, 54 ,8,5,"  ","  ","  ","  ",,4,４,芝,1400,A,稍,240,,(栗),西園正都,1231,0.3,,7,7,35.0,53.1,*,50.50,48.0,1.2,474,-2,,(12.7),,,,,,
,201018,4京4,9,もみじＳ,リターンギフト,,牝,2,和田竜二, 54 ,8,1,"  ","  ","  ","  ",,7,５,芝,1400,A,稍,160,,(栗),長谷川浩,1241,1.3,,5,6,36.2,49.2,,50.50,48.0,1.0,376,-4,,(100.1),,,,,,
,201018,4京4,9,もみじＳ,アンチエイジング,,牝,2,田辺裕信, 54 ,8,2,"  ","  ","  ","  ",,6,６,芝,1400,A,稍,0,,(美),小桧山悟,1242,1.4,,8,8,36.0,50.4,,50.50,48.0,1.3,450,0,,(47.0),,,,,,
,201018,4京4,9,もみじＳ,ジュラメント,,牝,2,北村友一, 54 ,8,3,"  ","  ","  ","  ",,5,７,芝,1400,A,稍,0,,(美),根本康広,1244,1.6,,3,3,36.8,47.0,,50.50,48.0,0.7,424,-6,,(38.9),,,,,,
,201018,4京4,9,もみじＳ,ジャスパーメジャー,,牡,2,坂井瑠星, 55 ,8,8,"  ","  ","  ","  ",,8,８,芝,1400,A,稍,0,,(栗),森秀行,1245,1.7,,2,2,37.5,44.0,,50.50,48.0,0.1,502,+2,,(151.7),,,,,,
,201018,4京4,8,２勝ｸﾗｽ,エイシンアメンラー,,牡,3,藤岡康太, 55 ,13,12,"  ","  ","  ","  ",,2,１,ダ,1800,,不,1100,,(栗),野中賢二,1488,-0.2,2,1,1,36.1,50.7,*,51.70,50.7,0.0,492,-8,,410,140,480,510,1110,1840,7170
,201018,4京4,8,２勝ｸﾗｽ,ミステリオーソ,,牡,3,北村友一, 55 ,13,4,"  ","  ","  ","  ",,1,２,ダ,1800,,不,440,,(栗),武幸四郎,1490,0.2,4,4,3,35.7,52.7,*,51.70,50.7,0.6,478,-4,,(2.2),130,480,510,1110,1840,7170
,201018,4京4,8,２勝ｸﾗｽ,スズカデレヤ,,牡,3,秋山真一, 55 ,13,10,"  ","  ","  ","  ",,5,３,ダ,1800,,不,280,*,(栗),大橋勇樹,1495,0.7,8,6,5,36.1,51.7,*,51.70,50.7,0.7,518,+10,,(11.4),200,,,,1840,7170
,201018,4京4,8,２勝ｸﾗｽ,マンハッタンロック,,牡,6,大野拓弥, 57 ,13,9,"  ","  ","  ","  ",,8,４,ダ,1800,,不,170,,(栗),岡田稲男,1496,0.8,6,4,3,36.4,50.5,*,51.70,50.7,0.5,456,0,,(23.0),,,,,,
,201018,4京4,8,２勝ｸﾗｽ,キングレイスター,,牡,6,小牧太, 57 ,13,13,"  ","  ","  ","  ",,11,５,ダ,1800,,不,110,*,(栗),大橋勇樹,1498,1.0,10,9,7,36.1,52.1,*,51.70,50.7,1.0,498,-2,,(73.5),,,,,,
,201018,4京4,8,２勝ｸﾗｽ,モダスオペランディ,,牡,4,松山弘平, 57 ,13,1,"  ","  ","  ","  ",,4,６,ダ,1800,,不,0,,(栗),西園正都,1500,1.2,11,13,12,35.9,53.2,*,51.70,50.7,1.4,516,+6,,(10.8),,,,,,
,201018,4京4,8,２勝ｸﾗｽ,ワンダーエカルテ,,牝,4,長岡禎仁, 55 ,13,11,"  ","  ","  ","  ",,7,７,ダ,1800,,不,0,,(栗),石橋守,1505,1.7,9,6,7,37.0,49.3,,51.70,50.7,0.8,504,-18,,(16.1),,,,,,
,201018,4京4,8,２勝ｸﾗｽ,メラン,,牡,4,和田竜二, 57 ,13,3,"  ","  ","  ","  ",,6,８,ダ,1800,,不,0,,(栗),奥村豊,1510,2.2,1,2,2,38.3,44.9,,51.70,50.7,0.0,508,-6,,(13.6),,,,,,
,201018,4京4,8,２勝ｸﾗｽ,トモノコテツ,,牡,5,国分恭介, 57 ,13,8,"  ","  ","  ","  ",,10,９,ダ,1800,,不,0,,(栗),浜田多実,1510,2.2,6,6,7,37.4,48.4,,51.70,50.7,0.9,472,-10,B,(39.1),,,,,,
,201018,4京4,8,２勝ｸﾗｽ,クリノアントニヌス,,牡,6,団野大成,56☆,13,2,"  ","  ","  ","  ",,13,10,ダ,1800,,不,0,,(栗),川村禎彦,1511,2.3,12,9,10,37.4,48.5,,51.70,50.7,1.0,530,+10,,(323.4),,,,,,
,201018,4京4,8,２勝ｸﾗｽ,アイキャンテーラー,,牡,4,福永祐一, 57 ,13,6,"  ","  ","  ","  ",,3,11,ダ,1800,,不,0,,(栗),飯田雄三,1514,2.6,3,3,5,38.2,45.8,,51.70,50.7,0.5,492,+2,B,(7.8),,,,,,
,201018,4京4,8,２勝ｸﾗｽ,ヴォルスト,,セ,3,幸英明, 55 ,13,5,"  ","  ","  ","  ",,9,12,ダ,1800,,不,0,,(栗),宮本博,1516,2.8,13,9,11,37.8,47.6,,51.70,50.7,1.1,496,+6,,(23.5),,,,,,
,201018,4京4,8,２勝ｸﾗｽ,セトノシャトル,,牡,5,酒井学, 57 ,13,7,"  ","  ","  ","  ",,12,13,ダ,1800,,不,0,,(栗),鈴木孝志,1519,3.1,4,12,13,37.9,47.6,,51.70,50.7,1.3,520,-4,B,(213.8),,,,,,
,201018,4京4,7,１勝ｸﾗｽ,シルヴェリオ,,牡,3,ルメール, 55 ,11,1,"  ","  ","  ","  ",,2,１,芝,2000,A,稍,760,,(栗),池添学,2014,-0.3,5,4,4,36.2,50.9,*,50.50,48.5,0.6,500,-8,B,610,220,2480,10060,15870,4440,51660
,201018,4京4,7,１勝ｸﾗｽ,ストリクトコード,,牝,3,和田竜二, 53 ,11,10,"  ","  ","  ","  ",,7,２,芝,2000,A,稍,300,,(栗),庄野靖志,2017,0.3,9,9,7,36.2,51.2,*,50.50,48.5,0.9,440,+14,,(27.4),560,2480,10060,15870,4440,51660
,201018,4京4,7,１勝ｸﾗｽ,カレンシュトラウス,,牡,3,川田将雅, 55 ,11,3,"  ","  ","  ","  ",,1,３,芝,2000,A,稍,190,,(栗),平田修,2018,0.4,4,4,4,36.7,49.4,*,50.50,48.5,0.5,502,-2,,(1.8),110,,,,4440,51660
,201018,4京4,7,１勝ｸﾗｽ,ベストクィーン,,牝,4,幸英明, 55 ,11,8,"  ","  ","  ","  ",,9,４,芝,2000,A,稍,110,,(栗),西橋豊治,2024,1.0,1,1,1,37.8,45.9,*,50.50,48.5,0.0,434,+10,,(57.1),,,,,,
,201018,4京4,7,１勝ｸﾗｽ,ノブフランクリン,,牝,3,秋山真一, 53 ,11,7,"  ","  ","  ","  ",,8,５,芝,2000,A,稍,76,,(栗),坂口智康,2024,1.0,7,6,7,37.0,48.9,*,50.50,48.5,0.8,426,+6,,(38.4),,,,,,
,201018,4京4,7,１勝ｸﾗｽ,シルバーエース,,牡,3,福永祐一, 55 ,11,9,"  ","  ","  ","  ",,4,６,芝,2000,A,稍,0,,(栗),橋口慎介,2026,1.2,8,6,6,37.3,48.0,,50.50,48.5,0.7,468,+4,,(7.4),,,,,,
,201018,4京4,7,１勝ｸﾗｽ,ウインサンフラワー,,牡,3,横山武史, 55 ,11,2,"  ","  ","  ","  ",,6,７,芝,2000,A,稍,0,,(栗),飯田雄三,2029,1.5,3,2,2,38.0,45.8,,50.50,48.5,0.3,454,0,,(16.9),,,,,,
,201018,4京4,7,１勝ｸﾗｽ,アンサンブル,,牝,3,松山弘平, 53 ,11,5,"  ","  ","  ","  ",,3,８,芝,2000,A,稍,0,,(栗),杉山晴紀,2030,1.6,11,10,10,37.4,48.1,,50.50,48.5,1.0,470,+8,,(6.5),,,,,,
,201018,4京4,7,１勝ｸﾗｽ,ハギノエスペラント,,牡,3,横山典弘, 55 ,11,11,"  ","  ","  ","  ",,5,９,芝,2000,A,稍,0,,(栗),松田国英,2031,1.7,2,2,2,38.2,45.3,,50.50,48.5,0.3,480,0,,(10.0),,,,,,
,201018,4京4,7,１勝ｸﾗｽ,アイファーキャノン,,牝,4,田中健, 55 ,11,6,"  ","  ","  ","  ",,11,10,芝,2000,A,稍,0,,(栗),服部利之,2038,2.4,9,10,10,38.2,46.0,,50.50,48.5,1.0,434,+10,,(582.7),,,,,,
,201018,4京4,7,１勝ｸﾗｽ,ブラックバッジ,,牡,4,藤岡康太, 57 ,11,4,"  ","  ","  ","  ",,10,11,芝,2000,A,稍,0,,(栗),武幸四郎,2058,4.4,6,8,9,40.4,40.6,,50.50,48.5,0.8,488,-2,,(81.6),,,,,,
,201018,4京4,6,１勝ｸﾗｽ,アサカディスタンス,,牡,6,小牧太, 57 ,10,3,"  ","  ","  ","  ",,9,１,ダ,1800,,不,760,,(栗),笹田和秀,1501,-0.1,9,9,9,37.0,48.8,*,47.67,45.3,0.9,470,+8,,4910,450,4270,3980,10650,3830,57930
,201018,4京4,6,１勝ｸﾗｽ,スコルピウス,,セ,4,ルメール, 57 ,10,1,"  ","  ","  ","  ",,1,２,ダ,1800,,不,300,*,(栗),武幸四郎,1502,0.1,6,6,6,37.4,47.3,*,47.67,45.3,0.6,472,+2,B,(2.3),120,4270,3980,10650,3830,57930
,201018,4京4,6,１勝ｸﾗｽ,ダノンアレー,,牡,3,川田将雅, 55 ,10,6,"  ","  ","  ","  ",,2,３,ダ,1800,,不,190,,(栗),安田隆行,1502,0.1,3,4,4,37.5,46.9,*,47.67,45.3,0.5,496,-2,,(3.2),140,,,,3830,57930
,201018,4京4,6,１勝ｸﾗｽ,ナムラゴロフキン,,牡,3,幸英明, 55 ,10,9,"  ","  ","  ","  ",,8,４,ダ,1800,,不,110,,(栗),大橋勇樹,1502,0.1,8,2,2,37.8,45.8,*,47.67,45.3,0.2,482,-4,,(27.1),,,,,,
,201018,4京4,6,１勝ｸﾗｽ,メイショウドヒョウ,,牡,3,酒井学, 55 ,10,8,"  ","  ","  ","  ",,4,５,ダ,1800,,不,76,,(栗),西園正都,1504,0.3,5,6,6,37.5,47.2,*,47.67,45.3,0.7,486,+12,,(10.8),,,,,,
,201018,4京4,6,１勝ｸﾗｽ,ワイドソロモン,,牡,3,福永祐一, 55 ,10,5,"  ","  ","  ","  ",,3,６,ダ,1800,,不,0,,(栗),角居勝彦,1507,0.6,1,1,1,38.5,43.8,*,47.67,45.3,0.0,494,+20,,(6.2),,,,,,
,201018,4京4,6,１勝ｸﾗｽ,キワミ,,セ,3,太宰啓介, 55 ,10,2,"  ","  ","  ","  ",,6,７,ダ,1800,,不,0,,(栗),昆貢,1508,0.7,6,6,8,37.9,46.2,*,47.67,45.3,0.7,472,+6,,(18.6),,,,,,
,201018,4京4,6,１勝ｸﾗｽ,ジャミールフエルテ,,セ,4,松山弘平, 57 ,10,10,"  ","  ","  ","  ",,5,８,ダ,1800,,不,0,,(栗),大久保龍,1510,0.9,2,2,2,38.7,43.4,*,47.67,45.3,0.1,470,+8,,(10.9),,,,,,
,201018,4京4,6,１勝ｸﾗｽ,ロードグリュック,,牡,3,川須栄彦, 55 ,10,4,"  ","  ","  ","  ",,7,９,ダ,1800,,不,0,,(栗),松下武士,1512,1.1,3,4,4,38.6,44.0,,47.67,45.3,0.4,468,-2,,(20.4),,,,,,
,201018,4京4,6,１勝ｸﾗｽ,メイショウブラボー,,牝,4,泉谷楓真,52▲,10,7,"  ","  ","  ","  ",,10,10,ダ,1800,,不,0,*,(栗),武幸四郎,1512,1.1,9,9,9,38.0,46.3,,47.67,45.3,1.0,460,+18,,(120.0),,,,,,
,201018,4京4,5,新馬,グロリアムンディ,,牡,2,福永祐一, 55 ,11,3,"  ","  ","  ","  ",,1,１,芝,2000,A,稍,700,,(栗),大久保龍,2058,-0.2,6,7,8,35.1,60.7,*,59.60,58.6,0.5,476,,,290,130,520,640,1100,5520,21000
,201018,4京4,5,新馬,ダノンハイファイブ,,牡,2,川田将雅, 55 ,11,6,"  ","  ","  ","  ",,2,２,芝,2000,A,稍,280,,(栗),矢作芳人,2060,0.2,3,4,6,35.5,59.3,*,59.60,58.6,0.3,458,,,(4.5),150,520,640,1100,5520,21000
,201018,4京4,5,新馬,マダムシャルル,,牝,2,北村友一, 54 ,11,4,"  ","  ","  ","  ",,8,３,芝,2000,A,稍,180,,(栗),庄野靖志,2060,0.2,9,9,1,35.6,58.8,*,59.60,58.6,0.2,478,,,(28.5),450,,,,5520,21000
,201018,4京4,5,新馬,ラリック,,牡,2,ルメール, 55 ,11,10,"  ","  ","  ","  ",,4,４,芝,2000,A,稍,110,,(栗),小崎憲,2065,0.7,5,4,4,36.0,57.7,*,59.60,58.6,0.3,434,,,(7.5),,,,,,
,201018,4京4,5,新馬,タガノイグナイト,,牡,2,団野大成,54☆,11,8,"  ","  ","  ","  ",,7,５,芝,2000,A,稍,70,,(栗),五十嵐忠,2071,1.3,6,9,8,36.2,57.6,,59.60,58.6,0.7,476,,,(24.6),,,,,,
,201018,4京4,5,新馬,エイサイバイオ,,牝,2,藤岡康太, 54 ,11,1,"  ","  ","  ","  ",,9,６,芝,2000,A,稍,0,,(栗),今野貞一,2073,1.5,1,1,2,37.1,54.2,,59.60,58.6,0.0,456,,,(59.0),,,,,,
,201018,4京4,5,新馬,レッドレジェーラ,,牡,2,Ｍ．デム, 55 ,11,11,"  ","  ","  ","  ",,3,７,芝,2000,A,稍,0,,(栗),音無秀孝,2075,1.7,6,2,6,37.2,54.0,,59.60,58.6,0.1,480,,,(5.6),,,,,,
,201018,4京4,5,新馬,ネクサスハート,,牡,2,田辺裕信, 55 ,11,7,"  ","  ","  ","  ",,6,８,芝,2000,A,稍,0,,(栗),武幸四郎,2076,1.8,9,7,4,37.0,54.9,,59.60,58.6,0.4,520,,,(9.6),,,,,,
,201018,4京4,5,新馬,ジュンストーム,,牡,2,藤井勘一, 55 ,11,9,"  ","  ","  ","  ",,10,９,芝,2000,A,稍,0,,(栗),高柳大輔,2077,1.9,11,11,11,36.4,57.5,,59.60,58.6,1.1,478,,,(143.2),,,,,,
,201018,4京4,5,新馬,コールドショット,,牡,2,松山弘平, 55 ,11,5,"  ","  ","  ","  ",,5,10,芝,2000,A,稍,0,,(栗),池江泰寿,2078,2.0,2,2,3,37.6,52.8,,59.60,58.6,0.0,500,,,(8.7),,,,,,
,201018,4京4,5,新馬,ブリリアントビーム,,牡,2,長岡禎仁, 55 ,11,2,"  ","  ","  ","  ",,11,11,芝,2000,A,稍,0,,(栗),杉山晴紀,2138,8.0,3,4,10,43.3,39.6,,59.60,58.6,0.3,482,,,(195.2),,,,,,
,201018,4京4,4,新馬,スリートップキズナ,,牡,2,田辺裕信, 55 ,18,16,"  ","  ","  ","  ",,3,１,芝,1400,A,重,700,,(美),伊藤圭三,1235,-0.1,,8,8,35.6,50.9,*,48.10,47.5,0.7,452,,,750,240,300,2440,5430,9700,48440
,201018,4京4,4,新馬,バウンシーダンス,,牝,2,和田竜二, 54 ,18,5,"  ","  ","  ","  ",,4,２,芝,1400,A,重,280,,(栗),鈴木孝志,1236,0.1,,1,1,36.4,47.3,*,48.10,47.5,0.0,430,,,(7.7),260,300,2440,5430,9700,48440
,201018,4京4,4,新馬,メイショウツワブキ,,牝,2,幸英明, 54 ,18,15,"  ","  ","  ","  ",,6,３,芝,1400,A,重,180,,(栗),南井克巳,1242,0.7,,3,2,36.9,46.1,*,48.10,47.5,0.1,460,,,(18.5),390,,,,9700,48440
,201018,4京4,4,新馬,ヨリナメンテ,,牝,2,坂井瑠星, 54 ,18,2,"  ","  ","  ","  ",,8,４,芝,1400,A,重,110,,(栗),石坂公一,1243,0.8,,8,9,36.4,48.7,*,48.10,47.5,0.7,410,,,(28.6),,,,,,
,201018,4京4,4,新馬,ラニーグッド,,牝,2,国分優作, 54 ,18,11,"  ","  ","  ","  ",,15,５,芝,1400,A,重,70,,(栗),坂口智康,1245,1.0,,5,5,36.9,46.7,*,48.10,47.5,0.4,404,,,(163.2),,,,,,
,201018,4京4,4,新馬,プリンスゼンナン,,牡,2,藤岡康太, 55 ,18,14,"  ","  ","  ","  ",,18,６,芝,1400,A,重,0,,(栗),松永幹夫,1248,1.3,,3,2,37.5,44.6,,48.10,47.5,0.1,468,,,(248.3),,,,,,
,201018,4京4,4,新馬,サイモンギザ,,牡,2,大野拓弥, 55 ,18,3,"  ","  ","  ","  ",,13,７,芝,1400,A,重,0,,(栗),上村洋行,1250,1.5,,11,10,36.6,49.2,,48.10,47.5,1.2,444,,,(145.3),,,,,,
,201018,4京4,4,新馬,タニノミモザ,,牝,2,横山武史, 54 ,18,12,"  ","  ","  ","  ",,10,８,芝,1400,A,重,0,,(栗),吉岡辰弥,1250,1.5,,10,10,36.6,49.2,,48.10,47.5,1.2,460,,,(45.4),,,,,,
,201018,4京4,4,新馬,メイショウハマユウ,,牝,2,池添謙一, 54 ,18,8,"  ","  ","  ","  ",,5,９,芝,1400,A,重,0,,(栗),飯田祐史,1252,1.7,,5,5,37.6,44.9,,48.10,47.5,0.4,444,,,(9.8),,,,,,
,201018,4京4,4,新馬,メイショウシンウチ,,牡,2,太宰啓介, 55 ,18,1,"  ","  ","  ","  ",,11,10,芝,1400,A,重,0,,(栗),荒川義之,1252,1.7,,13,12,36.6,49.6,,48.10,47.5,1.4,486,,,(48.1),,,,,,
,201018,4京4,4,新馬,ナツハヨル,,牝,2,酒井学, 54 ,18,13,"  ","  ","  ","  ",,9,11,芝,1400,A,重,0,,(栗),石橋守,1257,2.2,,17,17,36.0,53.5,*,48.10,47.5,2.5,420,,,(33.5),,,,,,
,201018,4京4,4,新馬,マコトヴァンセンヌ,,牝,2,泉谷楓真,51▲,18,10,"  ","  ","  ","  ",,7,12,芝,1400,A,重,0,,(栗),鮫島一歩,1257,2.2,,2,2,38.5,41.9,,48.10,47.5,0.0,448,,,(24.9),,,,,,
,201018,4京4,4,新馬,プレリュード,,牝,2,ルメール, 54 ,18,17,"  ","  ","  ","  ",,1,13,芝,1400,A,重,0,,(栗),池江泰寿,1258,2.3,,15,16,36.4,51.8,*,48.10,47.5,2.2,436,,,(2.7),,,,,,
,201018,4京4,4,新馬,ナリタブルホーク,,牡,2,福永祐一, 55 ,18,6,"  ","  ","  ","  ",,2,14,芝,1400,A,重,0,,(栗),松永昌博,1259,2.4,,5,5,38.3,43.2,,48.10,47.5,0.4,494,,,(4.5),,,,,,
,201018,4京4,4,新馬,マダムヴァシュモン,,牝,2,川須栄彦, 54 ,18,7,"  ","  ","  ","  ",,14,15,芝,1400,A,重,0,,(栗),松下武士,1259,2.4,,18,18,36.1,53.5,*,48.10,47.5,2.6,436,,,(149.4),,,,,,
,201018,4京4,4,新馬,ハクサンスプリング,,牡,2,藤井勘一, 55 ,18,4,"  ","  ","  ","  ",,12,16,芝,1400,A,重,0,,(栗),清水久詞,1261,2.6,,16,15,36.6,51.4,,48.10,47.5,2.3,420,,,(89.0),,,,,,
,201018,4京4,4,新馬,ゴールドバーレン,,牡,2,団野大成,54☆,18,18,"  ","  ","  ","  ",,16,17,芝,1400,A,重,0,,(栗),浜田多実,1264,2.9,,11,12,37.8,46.4,,48.10,47.5,1.4,462,,,(204.8),,,,,,
,201018,4京4,4,新馬,プレイラピーダ,,牝,2,秋山真一, 54 ,18,9,"  ","  ","  ","  ",,17,18,芝,1400,A,重,0,,(栗),藤沢則雄,1265,3.0,,13,12,37.9,46.2,,48.10,47.5,1.4,486,,,(236.6),,,,,,
,201018,4京4,3,未勝利*,サヴァ,,牡,2,福永祐一, 55 ,13,4,"  ","  ","  ","  ",,5,１,ダ,1400,,不,510,,(栗),上村洋行,1233,-0.0,,4,4,36.2,47.6,*,48.07,46.2,0.3,506,+4,,1210,260,1100,1060,3180,3580,25880
,201018,4京4,3,未勝利*,フルヴォート,,牡,2,川田将雅, 55 ,13,2,"  ","  ","  ","  ",,1,２,ダ,1400,,不,200,,(栗),西村真幸,1233,0.0,,7,5,35.9,49.0,*,48.07,46.2,0.6,494,0,,(2.7),150,1100,1060,3180,3580,25880
,201018,4京4,3,未勝利*,リプレーザ,,牡,2,幸英明, 55 ,13,13,"  ","  ","  ","  ",,4,３,ダ,1400,,不,130,,(栗),大根田裕,1233,0.0,,2,2,36.2,47.6,*,48.07,46.2,0.3,482,+12,,(7.7),220,,,,3580,25880
,201018,4京4,3,未勝利*,ヴァガボンド,,牡,2,ルメール, 55 ,13,8,"  ","  ","  ","  ",,2,４,ダ,1400,,不,77,,(栗),清水久詞,1235,0.2,,1,1,36.7,45.6,*,48.07,46.2,0.0,458,+4,,(3.5),,,,,,
,201018,4京4,3,未勝利*,シゲルセンム,,牝,2,Ｍ．デム, 54 ,13,11,"  ","  ","  ","  ",,3,５,ダ,1400,,不,51,,(栗),谷潔,1240,0.7,,2,2,37.0,45.3,*,48.07,46.2,0.2,458,+6,,(5.8),,,,,,
,201018,4京4,3,未勝利*,メイショウゴウホウ,,牡,2,秋山真一, 55 ,13,1,"  ","  ","  ","  ",,9,６,ダ,1400,,不,0,,(栗),松永昌博,1247,1.4,,8,9,37.1,46.2,,48.07,46.2,0.8,514,+10,,(49.7),,,,,,
,201018,4京4,3,未勝利*,キリーティー,,セ,2,和田竜二, 55 ,13,12,"  ","  ","  ","  ",,7,７,ダ,1400,,不,0,,(栗),中竹和也,1247,1.4,,10,9,36.9,47.2,,48.07,46.2,1.0,548,+4,,(26.9),,,,,,
,201018,4京4,3,未勝利*,サイモンルピナス,,牝,2,川須栄彦, 54 ,13,10,"  ","  ","  ","  ",,10,８,ダ,1400,,不,0,,(栗),羽月友彦,1247,1.4,,5,7,37.4,44.9,,48.07,46.2,0.5,434,+4,,(90.3),,,,,,
,201018,4京4,3,未勝利*,テオドラ,,牝,2,池添謙一, 54 ,13,7,"  ","  ","  ","  ",,8,９,ダ,1400,,不,0,,(栗),北出成人,1250,1.7,,5,5,37.7,44.1,,48.07,46.2,0.5,470,+10,,(27.9),,,,,,
,201018,4京4,3,未勝利*,ウォーターアンク,,牝,2,泉谷楓真,51▲,13,6,"  ","  ","  ","  ",,11,10,ダ,1400,,不,0,,(栗),岡田稲男,1251,1.8,,12,11,36.9,48.0,,48.07,46.2,1.4,476,-2,,(107.6),,,,,,
,201018,4京4,3,未勝利*,ファイヤービート,,牡,2,松山弘平, 55 ,13,9,"  ","  ","  ","  ",,6,11,ダ,1400,,不,0,,(栗),西園正都,1261,2.8,,8,7,38.5,42.7,,48.07,46.2,0.8,446,-6,,(22.1),,,,,,
,201018,4京4,3,未勝利*,ブルヴェール,,牡,2,坂井瑠星, 55 ,13,5,"  ","  ","  ","  ",,13,12,ダ,1400,,不,0,,(美),小桧山悟,1268,3.5,,10,11,39.0,41.9,,48.07,46.2,1.0,474,+6,,(386.0),,,,,,
,201018,4京4,2,未勝利*,ハートオブアシティ,,牡,2,田辺裕信, 55 ,8,4,"  ","  ","  ","  ",,5,１,芝,1800,A,重,510,,(栗),森田直行,1496,-0.5,,5,2,35.8,53.1,*,52.57,52.6,0.1,436,+6,,2250,240,,1570,4710,2230,22650
,201018,4京4,2,未勝利*,サトノスカイターフ,,牡,2,ルメール, 55 ,8,3,"  ","  ","  ","  ",,1,２,芝,1800,A,重,200,,(栗),池江泰寿,1501,0.5,,5,6,36.1,52.5,*,52.57,52.6,0.3,478,+2,,(2.2),110,,1570,4710,2230,22650
,201018,4京4,2,未勝利*,トウシンモンブラン,,牝,2,松山弘平, 54 ,8,2,"  ","  ","  ","  ",,3,３,芝,1800,A,重,130,,(栗),杉山晴紀,1501,0.5,,3,5,36.2,52.1,*,52.57,52.6,0.2,470,+14,,(6.8),170,,,,2230,22650
,201018,4京4,2,未勝利*,シゲルシャイン,,牡,2,酒井学, 55 ,8,7,"  ","  ","  ","  ",,7,４,芝,1800,A,重,77,,(栗),湯窪幸雄,1506,1.0,,5,6,36.7,50.7,*,52.57,52.6,0.2,450,+2,,(34.2),,,,,,
,201018,4京4,2,未勝利*,ルークズネスト,,牡,2,幸英明, 55 ,8,8,"  ","  ","  ","  ",,2,５,芝,1800,A,重,51,,(栗),浜田多実,1506,1.0,,3,3,36.8,50.3,*,52.57,52.6,0.1,498,0,,(2.7),,,,,,
,201018,4京4,2,未勝利*,ウインブランカ,,牝,2,坂井瑠星, 54 ,8,5,"  ","  ","  ","  ",,6,６,芝,1800,A,重,0,,(栗),梅田智之,1517,2.1,,2,3,38.0,47.0,,52.57,52.6,0.0,452,+14,,(33.4),,,,,,
,201018,4京4,2,未勝利*,ペドラフォルカ,,牝,2,藤岡康太, 54 ,8,1,"  ","  ","  ","  ",,4,７,芝,1800,A,重,0,,(栗),角居勝彦,1518,2.2,,1,1,38.1,46.7,,52.57,52.6,0.0,428,+6,,(7.9),,,,,,
,201018,4京4,2,未勝利*,ヒカルゲンジ,,牡,2,小牧太, 55 ,8,6,"  ","  ","  ","  ",,8,８,芝,1800,A,重,0,,(栗),奥村豊,1539,4.3,,8,8,39.4,44.5,,52.57,52.6,0.8,496,+6,,(219.7),,,,,,
,201018,4京4,1,未勝利*,フライングバレル,,牝,2,川田将雅, 54 ,11,3,"  ","  ","  ","  ",,1,１,芝,1200,A,重,510,,(栗),安田隆行,1111,-0.0,,5,4,35.6,49.7,*,48.07,46.4,0.6,450,+2,,230,110,220,240,450,370,1230
,201018,4京4,1,未勝利*,トーホウレッド,,牝,2,松山弘平, 54 ,11,8,"  ","  ","  ","  ",,2,２,芝,1200,A,重,200,*,(栗),川村禎彦,1111,0.0,,1,2,36.2,46.4,*,48.07,46.4,0.0,442,+2,,(2.4),110,220,240,450,370,1230
,201018,4京4,1,未勝利*,サジェス,,牡,2,国分恭介, 55 ,11,10,"  ","  ","  ","  ",,3,３,芝,1200,A,重,130,,(栗),中尾秀正,1111,0.0,,3,3,35.9,48.1,*,48.07,46.4,0.3,438,+10,,(6.0),120,,,,370,1230
,201018,4京4,1,未勝利*,メルティング,,牝,2,団野大成,53☆,11,6,"  ","  ","  ","  ",,6,４,芝,1200,A,重,77,,(栗),池添兼雄,1112,0.1,,8,6,35.3,51.7,*,48.07,46.4,1.0,410,-4,,(42.8),,,,,,
,201018,4京4,1,未勝利*,ニホンピロジャック,,牡,2,酒井学, 55 ,11,11,"  ","  ","  ","  ",,5,５,芝,1200,A,重,51,,(栗),大橋勇樹,1114,0.3,,4,4,36.0,48.3,*,48.07,46.4,0.5,454,+6,,(21.3),,,,,,
,201018,4京4,1,未勝利*,カフジヴィオレッタ,,牝,2,幸英明, 54 ,11,7,"  ","  ","  ","  ",,4,６,芝,1200,A,重,0,,(栗),森田直行,1117,0.6,,6,6,36.0,49.2,*,48.07,46.4,0.8,460,+2,,(16.6),,,,,,
,201018,4京4,1,未勝利*,アンカシャムローグ,,牝,2,北村友一, 54 ,11,2,"  ","  ","  ","  ",,7,７,芝,1200,A,重,0,,(栗),松下武士,1125,1.4,,2,1,37.6,42.8,,48.07,46.4,0.0,450,0,,(44.7),,,,,,
,201018,4京4,1,未勝利*,ジョウショーハニー,,牝,2,田中健, 54 ,11,5,"  ","  ","  ","  ",,9,８,芝,1200,A,重,0,,(栗),服部利之,1129,1.8,,6,8,37.1,46.5,,48.07,46.4,0.9,442,-2,,(114.8),,,,,,
,201018,4京4,1,未勝利*,ゴールドクルーガー,,牡,2,藤懸貴志, 55 ,11,9,"  ","  ","  ","  ",,8,９,芝,1200,A,重,0,,(栗),羽月友彦,1131,2.0,,10,10,36.4,50.8,,48.07,46.4,1.8,412,-4,,(97.2),,,,,,
,201018,4京4,1,未勝利*,シゲルアシスタント,,牝,2,泉谷楓真,51▲,11,4,"  ","  ","  ","  ",,11,10,芝,1200,A,重,0,*,(栗),川村禎彦,1135,2.4,,9,9,37.3,47.1,,48.07,46.4,1.3,420,+4,,(312.8),,,,,,
,201017,4京3,12,２勝ｸﾗｽ,トオヤリトセイト,,牡,4,福永祐一, 57 ,11,5,"  ","  ","  ","  ",,2,１,芝,1400,A,重,1100,,(栗),松下武士,1235,-0.2,,7,8,34.9,54.4,*,53.53,49.4,1.0,480,0,,320,150,3200,3410,5310,5520,26870
,201017,4京3,12,２勝ｸﾗｽ,クリノアリエル,,牝,5,藤岡佑介, 55 ,11,8,"  ","  ","  ","  ",,7,２,芝,1400,A,重,440,,(栗),武英智,1237,0.2,,5,5,35.6,51.3,*,53.53,49.4,0.5,412,-2,B,(28.8),430,3200,3410,5310,5520,26870
,201017,4京3,12,２勝ｸﾗｽ,カワキタアジン,,牝,3,泉谷楓真,50▲,11,7,"  ","  ","  ","  ",,3,３,芝,1400,A,重,280,,(栗),杉山晴紀,1237,0.2,,9,6,34.9,54.9,*,53.53,49.4,1.2,490,+12,,(4.9),180,,,,5520,26870
,201017,4京3,12,２勝ｸﾗｽ,ウォーターエデン,,牝,4,藤岡康太, 55 ,11,10,"  ","  ","  ","  ",,4,４,芝,1400,A,重,170,,(栗),岡田稲男,1239,0.4,,9,10,35.0,54.8,*,53.53,49.4,1.3,488,+2,,(7.8),,,,,,
,201017,4京3,12,２勝ｸﾗｽ,クラシックココア,,牝,3,団野大成,51☆,11,4,"  ","  ","  ","  ",,1,５,芝,1400,A,重,110,,(栗),安田隆行,1239,0.4,,3,3,35.9,50.3,*,53.53,49.4,0.4,490,+4,,(2.3),,,,,,
,201017,4京3,12,２勝ｸﾗｽ,トップオブメジャー,,牡,4,秋山真一, 57 ,11,3,"  ","  ","  ","  ",,5,６,芝,1400,A,重,0,,(栗),武幸四郎,1241,0.6,,7,9,35.4,53.2,*,53.53,49.4,1.1,488,+2,,(17.5),,,,,,
,201017,4京3,12,２勝ｸﾗｽ,メイショウシャチ,,牡,7,太宰啓介, 57 ,11,9,"  ","  ","  ","  ",,11,７,芝,1400,A,重,0,,(栗),石橋守,1243,0.8,,6,6,36.0,50.6,*,53.53,49.4,0.7,482,-2,,(160.8),,,,,,
,201017,4京3,12,２勝ｸﾗｽ,メイショウドウドウ,,牡,5,松若風馬, 57 ,11,2,"  ","  ","  ","  ",,9,８,芝,1400,A,重,0,,(栗),荒川義之,1243,0.8,,11,11,35.0,55.6,*,53.53,49.4,1.7,476,+2,,(78.5),,,,,,
,201017,4京3,12,２勝ｸﾗｽ,パラーティウム,,牝,4,富田暁,54☆,11,11,"  ","  ","  ","  ",,6,９,芝,1400,A,重,0,,(栗),本田優,1243,0.8,,1,1,36.7,47.3,*,53.53,49.4,0.0,494,+6,,(27.0),,,,,,
,201017,4京3,12,２勝ｸﾗｽ,カネコメアサヒ,,牡,4,川須栄彦, 57 ,11,1,"  ","  ","  ","  ",,10,10,芝,1400,A,重,0,,(栗),中尾秀正,1248,1.3,,3,3,36.8,47.8,,53.53,49.4,0.4,444,+2,,(78.8),,,,,,
,201017,4京3,12,２勝ｸﾗｽ,プリヒストリー,,セ,5,岩田康誠, 57 ,11,6,"  ","  ","  ","  ",,8,11,芝,1400,A,重,0,,(栗),斉藤崇史,1248,1.3,,2,2,37.1,46.4,,53.53,49.4,0.1,478,+6,,(37.6),,,,,,
,201017,4京3,11,太秦Ｓ,ベストタッチダウン,,牡,4,岩田康誠, 56 ,13,3,"  ","  ","  ","  ",,2,１,ダ,1800,,不,2200,,(栗),橋口慎介,1481,-0.2,1,1,1,35.9,50.6,*,52.90,50.6,0.0,496,-2,,300,210,12430,14380,19320,34710,197410
,201017,4京3,11,太秦Ｓ,ビックリシタナモー,,牡,6,藤岡康太, 56 ,13,1,"  ","  ","  ","  ",,10,２,ダ,1800,,不,880,,(栗),音無秀孝,1483,0.2,13,10,11,35.2,53.8,*,52.90,50.6,0.9,510,+6,,(68.3),1290,12430,14380,19320,34710,197410
,201017,4京3,11,太秦Ｓ,アッシェンプッテル,,牝,4,藤岡佑介, 54 ,13,7,"  ","  ","  ","  ",,3,３,ダ,1800,,不,550,*,(栗),奥村豊,1483,0.2,11,10,10,35.1,54.3,*,52.90,50.6,1.0,516,+4,,(7.4),310,,,,34710,197410
,201017,4京3,11,太秦Ｓ,クリンチャー,,牡,6,福永祐一, 58 ,13,4,"  ","  ","  ","  ",,1,４,ダ,1800,,不,330,,(栗),宮本博,1485,0.4,8,6,6,35.6,52.4,*,52.90,50.6,0.7,492,+6,,(2.2),,,,,,
,201017,4京3,11,太秦Ｓ,ナムラカメタロー,,牡,4,石川裕紀, 58 ,13,6,"  ","  ","  ","  ",,5,５,ダ,1800,,不,220,,(美),稲垣幸雄,1485,0.4,4,3,2,36.0,50.7,*,52.90,50.6,0.3,512,+6,,(15.3),,,,,,
,201017,4京3,11,太秦Ｓ,ロードアクシス,,牡,5,坂井瑠星, 56 ,13,2,"  ","  ","  ","  ",,4,６,ダ,1800,,不,0,*,(栗),奥村豊,1490,0.9,6,6,6,36.2,50.6,*,52.90,50.6,0.6,470,+12,,(12.8),,,,,,
,201017,4京3,11,太秦Ｓ,デアフルーグ,,牡,4,秋山真一, 56 ,13,8,"  ","  ","  ","  ",,6,７,ダ,1800,,不,0,,(美),鈴木伸尋,1493,1.2,10,10,11,36.2,51.0,,52.90,50.6,0.9,514,+2,,(18.3),,,,,,
,201017,4京3,11,太秦Ｓ,テーオーヘリオス,,牡,8,荻野琢真, 58 ,13,11,"  ","  ","  ","  ",,13,８,ダ,1800,,不,0,,(栗),梅田智之,1495,1.4,12,13,13,36.0,52.1,,52.90,50.6,1.3,506,+6,,(209.4),,,,,,
,201017,4京3,11,太秦Ｓ,デザートスネーク,,セ,6,酒井学, 56 ,13,10,"  ","  ","  ","  ",,12,９,ダ,1800,,不,0,,(美),武井亮,1495,1.4,4,5,6,36.8,48.8,,52.90,50.6,0.5,484,0,,(108.4),,,,,,
,201017,4京3,11,太秦Ｓ,コンカラー,,牡,4,池添謙一, 56 ,13,12,"  ","  ","  ","  ",,8,10,ダ,1800,,不,0,,(栗),石坂正,1498,1.7,3,3,3,37.2,47.6,,52.90,50.6,0.4,482,0,,(34.6),,,,,,
,201017,4京3,11,太秦Ｓ,ナイママ,,牡,4,国分優作, 56 ,13,5,"  ","  ","  ","  ",,7,11,ダ,1800,,不,0,,(美),武藤善則,1498,1.7,9,6,6,36.9,48.8,,52.90,50.6,0.7,480,0,,(18.7),,,,,,
,201017,4京3,11,太秦Ｓ,ダノンテイオー,,牡,4,松若風馬, 56 ,13,13,"  ","  ","  ","  ",,9,12,ダ,1800,,不,0,,(栗),大久保龍,1498,1.7,6,6,5,36.9,48.8,,52.90,50.6,0.7,466,+4,,(41.8),,,,,,
,201017,4京3,11,太秦Ｓ,タガノディグオ,,牡,6,小牧太, 56 ,13,9,"  ","  ","  ","  ",,11,13,ダ,1800,,不,0,,(栗),宮徹,1512,3.1,2,2,3,38.7,43.7,,52.90,50.6,0.3,544,0,,(102.2),,,,,,
,201017,4京3,10,清滝特別･2勝,スマートリアン,,牝,3,池添謙一, 53 ,14,5,"  ","  ","  ","  ",,1,１,芝,1800,A,重,1500,,(栗),石橋守,1497,-0.1,,6,4,34.9,57.2,*,57.73,55.8,0.3,474,+12,,340,150,570,700,1250,2100,7500
,201017,4京3,10,清滝特別･2勝,リトミカメンテ,,牝,4,福永祐一, 55 ,14,12,"  ","  ","  ","  ",,2,２,芝,1800,A,重,600,,(栗),高野友和,1498,0.1,,7,7,34.8,57.8,*,57.73,55.8,0.5,456,+2,,(3.4),140,570,700,1250,2100,7500
,201017,4京3,10,清滝特別･2勝,パトリック,,牡,4,藤岡康太, 57 ,14,14,"  ","  ","  ","  ",,5,３,芝,1800,A,重,380,,(栗),岡田稲男,1501,0.4,,10,10,34.8,58.2,*,57.73,55.8,0.8,472,+2,,(8.1),190,,,,2100,7500
,201017,4京3,10,清滝特別･2勝,ダンツイノーバ,,牝,3,秋山真一, 53 ,14,3,"  ","  ","  ","  ",,3,４,芝,1800,A,重,230,,(栗),谷潔,1503,0.6,,3,2,35.7,54.5,*,57.73,55.8,0.1,452,+2,,(5.7),,,,,,
,201017,4京3,10,清滝特別･2勝,ゼンノジャスタ,,牡,3,田中健, 55 ,14,13,"  ","  ","  ","  ",,7,５,芝,1800,A,重,150,,(栗),浅見秀一,1503,0.6,,10,10,35.1,57.1,*,57.73,55.8,0.7,472,+16,,(26.4),,,,,,
,201017,4京3,10,清滝特別･2勝,フォークテイル,,牝,4,団野大成, 55 ,14,6,"  ","  ","  ","  ",,8,６,芝,1800,A,重,0,,(美),中川公成,1505,0.8,,7,7,35.5,55.6,*,57.73,55.8,0.5,444,+2,,(26.4),,,,,,
,201017,4京3,10,清滝特別･2勝,イロゴトシ,,牡,3,小崎綾也, 55 ,14,4,"  ","  ","  ","  ",,11,７,芝,1800,A,重,0,,(栗),牧田和弥,1506,0.9,,5,4,35.9,54.0,*,57.73,55.8,0.2,466,+2,,(45.9),,,,,,
,201017,4京3,10,清滝特別･2勝,メイショウボサツ,,牡,3,坂井瑠星, 55 ,14,10,"  ","  ","  ","  ",,4,８,芝,1800,A,重,0,,(栗),西浦勝一,1509,1.2,,12,12,35.4,56.6,*,57.73,55.8,1.0,482,+6,,(7.9),,,,,,
,201017,4京3,10,清滝特別･2勝,メイケイハリアー,,牡,4,酒井学, 57 ,14,2,"  ","  ","  ","  ",,6,９,芝,1800,A,重,0,,(栗),木原一良,1509,1.2,,2,2,36.4,52.3,,57.73,55.8,0.0,482,0,,(16.8),,,,,,
,201017,4京3,10,清滝特別･2勝,ザイラ,,牝,3,藤岡佑介, 53 ,14,7,"  ","  ","  ","  ",,9,10,芝,1800,A,重,0,,(栗),奥村豊,1513,1.6,,1,1,36.8,51.2,,57.73,55.8,0.0,478,+6,,(28.5),,,,,,
,201017,4京3,10,清滝特別･2勝,フィロロッソ,,牡,3,岩田康誠, 55 ,14,11,"  ","  ","  ","  ",,10,11,芝,1800,A,重,0,,(栗),中竹和也,1514,1.7,,12,13,35.9,55.2,,57.73,55.8,1.0,474,+4,,(28.8),,,,,,
,201017,4京3,10,清滝特別･2勝,ギャツビー,,牡,7,松若風馬, 57 ,14,1,"  ","  ","  ","  ",,12,12,芝,1800,A,重,0,,(栗),鮫島一歩,1514,1.7,,3,4,36.7,51.8,,57.73,55.8,0.2,470,+6,,(105.6),,,,,,
,201017,4京3,10,清滝特別･2勝,リリーモントルー,,牡,6,国分恭介, 57 ,14,9,"  ","  ","  ","  ",,14,13,芝,1800,A,重,0,,(栗),池添兼雄,1514,1.7,,7,7,36.4,53.0,,57.73,55.8,0.5,446,-4,,(323.3),,,,,,
,201017,4京3,10,清滝特別･2勝,リーガルマインド,,牡,4,川須栄彦, 57 ,14,8,"  ","  ","  ","  ",,13,14,芝,1800,A,重,0,,(栗),河内洋,1520,2.3,,12,13,36.4,53.8,,57.73,55.8,1.1,466,+2,,(179.3),,,,,,
,201017,4京3,9,紫菊賞･1勝*,ヨーホーレイク,,牡,2,福永祐一, 55 ,6,4,"  ","  ","  ","  ",,1,１,芝,2000,A,重,1010,,(栗),友道康夫,2046,-0.0,3,3,4,34.9,60.2,*,58.97,58.8,0.3,500,+8,,290,130,,350,630,640,2300
,201017,4京3,9,紫菊賞･1勝*,グラティトゥー,,牡,2,岩田康誠, 55 ,6,5,"  ","  ","  ","  ",,2,２,芝,2000,A,重,400,,(栗),橋口慎介,2046,0.0,2,1,2,35.2,58.8,*,58.97,58.8,0.0,460,+6,,(3.0),160,,350,630,640,2300
,201017,4京3,9,紫菊賞･1勝*,マカオンドール,,牡,2,松若風馬, 55 ,6,6,"  ","  ","  ","  ",,4,３,芝,2000,A,重,250,,(栗),今野貞一,2052,0.6,3,3,2,35.6,57.9,*,58.97,58.8,0.2,480,-2,,(6.1),,,,,640,2300
,201017,4京3,9,紫菊賞･1勝*,コートダルジャン,,牝,2,藤岡佑介, 54 ,6,3,"  ","  ","  ","  ",,5,４,芝,2000,A,重,150,,(栗),牧田和弥,2058,1.2,5,5,5,35.7,58.2,,58.97,58.8,0.7,470,+4,,(7.0),,,,,,
,201017,4京3,9,紫菊賞･1勝*,アオイゴールド,,牝,2,団野大成, 54 ,6,1,"  ","  ","  ","  ",,3,５,芝,2000,A,重,101,,(美),和田雄二,2065,1.9,1,2,1,37.1,53.3,,58.97,58.8,0.0,460,+4,,(4.2),,,,,,
,201017,4京3,8,２勝ｸﾗｽ・牝,ボンオムトゥック,,牝,3,福永祐一, 53 ,9,9,"  ","  ","  ","  ",,1,１,芝,1800,A,重,1100,,(栗),高橋亮,1492,-0.0,,8,8,35.0,56.0,*,54.97,53.4,0.6,458,-4,,170,110,290,370,510,630,1570
,201017,4京3,8,２勝ｸﾗｽ・牝,サウンドレベッカ,,牝,3,藤岡佑介, 53 ,9,4,"  ","  ","  ","  ",,2,２,芝,1800,A,重,440,,(栗),安達昭夫,1492,0.0,,5,4,35.3,54.7,*,54.97,53.4,0.3,454,0,,(4.7),120,290,370,510,630,1570
,201017,4京3,8,２勝ｸﾗｽ・牝,セウラサーリ,,牝,3,池添謙一, 53 ,9,3,"  ","  ","  ","  ",,3,３,芝,1800,A,重,280,,(栗),西園正都,1495,0.3,,6,6,35.5,54.2,*,54.97,53.4,0.4,460,+2,,(6.4),140,,,,630,1570
,201017,4京3,8,２勝ｸﾗｽ・牝,キャッチミーアップ,,牝,5,酒井学, 55 ,9,1,"  ","  ","  ","  ",,7,４,芝,1800,A,重,170,,(栗),河内洋,1502,1.0,,6,4,36.2,52.2,*,54.97,53.4,0.4,480,+14,,(48.6),,,,,,
,201017,4京3,8,２勝ｸﾗｽ・牝,タンタラス,,牝,4,団野大成,54☆,9,5,"  ","  ","  ","  ",,6,５,芝,1800,A,重,110,,(栗),池添学,1502,1.0,,4,6,36.3,51.8,*,54.97,53.4,0.3,476,-10,,(14.4),,,,,,
,201017,4京3,8,２勝ｸﾗｽ・牝,シルバースミス,,牝,4,松若風馬, 55 ,9,8,"  ","  ","  ","  ",,4,６,芝,1800,A,重,0,,(栗),橋口慎介,1506,1.4,,2,2,36.9,49.9,,54.97,53.4,0.1,512,+6,,(8.6),,,,,,
,201017,4京3,8,２勝ｸﾗｽ・牝,レッドルーヴル,,牝,4,岩田康誠, 55 ,9,6,"  ","  ","  ","  ",,5,７,芝,1800,A,重,0,,(栗),笹田和秀,1507,1.5,,3,2,37.0,49.6,,54.97,53.4,0.1,476,+14,,(10.5),,,,,,
,201017,4京3,8,２勝ｸﾗｽ・牝,ウルクラフト,,牝,4,坂井瑠星, 55 ,9,2,"  ","  ","  ","  ",,8,８,芝,1800,A,重,0,,(栗),吉村圭司,1531,3.9,,1,1,39.5,43.2,,54.97,53.4,0.0,426,+4,,(55.9),,,,,,
,201017,4京3,7,１勝ｸﾗｽ,メイショウハリオ,,牡,3,藤岡康太, 55 ,16,3,"  ","  ","  ","  ",,2,１,ダ,1400,,重,760,,(栗),岡田稲男,1233,-0.0,,10,10,35.9,49.0,*,47.00,46.2,0.6,502,+2,,510,220,1890,1250,2360,8190,33830
,201017,4京3,7,１勝ｸﾗｽ,ティートラップ,,牡,3,秋山真一, 55 ,16,4,"  ","  ","  ","  ",,3,２,ダ,1400,,重,300,,(栗),五十嵐忠,1233,0.0,,2,2,36.4,46.6,*,47.00,46.2,0.1,450,+4,,(7.9),270,1890,1250,2360,8190,33830
,201017,4京3,7,１勝ｸﾗｽ,トモジャアルマンド,,牡,3,国分優作, 55 ,16,1,"  ","  ","  ","  ",,5,３,ダ,1400,,重,190,,(栗),大根田裕,1236,0.3,,1,1,36.8,45.4,*,47.00,46.2,0.0,500,+8,,(10.5),290,,,,8190,33830
,201017,4京3,7,１勝ｸﾗｽ,メイショウコミチ,,牝,4,城戸義政, 55 ,16,8,"  ","  ","  ","  ",,15,４,ダ,1400,,重,110,,(栗),本田優,1237,0.4,,10,11,36.2,48.4,*,47.00,46.2,0.7,460,+10,,(174.2),,,,,,
,201017,4京3,7,１勝ｸﾗｽ,エスケーアタランタ,,牝,4,竹之下智, 55 ,16,7,"  ","  ","  ","  ",,10,５,ダ,1400,,重,76,,(栗),木原一良,1238,0.5,,6,6,36.5,47.2,*,47.00,46.2,0.5,478,+16,,(44.4),,,,,,
,201017,4京3,7,１勝ｸﾗｽ,ダイメイコスモス,,牡,4,岩田康誠, 57 ,16,16,"  ","  ","  ","  ",,6,６,ダ,1400,,重,0,,(栗),森田直行,1238,0.5,,12,11,36.1,49.1,*,47.00,46.2,0.9,500,+4,,(12.6),,,,,,
,201017,4京3,7,１勝ｸﾗｽ,ボルサリーノ,,牡,3,松若風馬, 55 ,16,13,"  ","  ","  ","  ",,7,７,ダ,1400,,重,0,,(栗),杉山晴紀,1240,0.7,,7,6,36.6,47.1,*,47.00,46.2,0.6,462,+6,,(20.3),,,,,,
,201017,4京3,7,１勝ｸﾗｽ,エターナリー,,牡,3,福永祐一, 55 ,16,11,"  ","  ","  ","  ",,1,８,ダ,1400,,重,0,,(栗),西浦勝一,1241,0.8,,4,3,37.0,45.5,*,47.00,46.2,0.3,448,+4,,(2.2),,,,,,
,201017,4京3,7,１勝ｸﾗｽ,シェアザモーメント,,牡,6,石川裕紀, 57 ,16,14,"  ","  ","  ","  ",,16,９,ダ,1400,,重,0,,(栗),石坂公一,1242,0.9,,14,14,36.3,49.0,*,47.00,46.2,1.1,482,+2,,(251.4),,,,,,
,201017,4京3,7,１勝ｸﾗｽ,マジックスピーチ,,牡,3,藤岡佑介, 55 ,16,15,"  ","  ","  ","  ",,4,９,ダ,1400,,重,0,,(栗),飯田祐史,1242,0.9,,16,16,35.8,51.4,*,47.00,46.2,1.6,470,+12,,(8.4),,,,,,
,201017,4京3,7,１勝ｸﾗｽ,セントクリーガー,,牝,3,太宰啓介, 53 ,16,5,"  ","  ","  ","  ",,8,11,ダ,1400,,重,0,,(栗),上村洋行,1244,1.1,,4,4,37.3,44.7,,47.00,46.2,0.3,498,+12,,(27.2),,,,,,
,201017,4京3,7,１勝ｸﾗｽ,サウンドプリズム,,牡,3,団野大成,54☆,16,9,"  ","  ","  ","  ",,14,12,ダ,1400,,重,0,,(栗),武英智,1244,1.1,,12,11,36.8,47.0,,47.00,46.2,0.8,434,-4,,(152.8),,,,,,
,201017,4京3,7,１勝ｸﾗｽ,タガノキトピロ,,牡,3,泉谷楓真,52▲,16,10,"  ","  ","  ","  ",,11,12,ダ,1400,,重,0,,(栗),加用正,1244,1.1,,7,6,37.0,46.1,,47.00,46.2,0.6,480,+14,,(45.5),,,,,,
,201017,4京3,7,１勝ｸﾗｽ,オーマイオーマイ,,牡,3,池添謙一, 55 ,16,2,"  ","  ","  ","  ",,9,14,ダ,1400,,重,0,,(栗),小崎憲,1244,1.1,,14,15,36.4,48.9,,47.00,46.2,1.2,478,+8,,(28.5),,,,,,
,201017,4京3,7,１勝ｸﾗｽ,アタミ,,牡,6,森裕太朗,56☆,16,6,"  ","  ","  ","  ",,13,15,ダ,1400,,重,0,,(栗),田所秀孝,1246,1.3,,3,4,37.6,43.8,,47.00,46.2,0.2,492,+10,,(131.4),,,,,,
,201017,4京3,7,１勝ｸﾗｽ,シゲルカセイ,,牡,3,富田暁,54☆,16,12,"  ","  ","  ","  ",,12,16,ダ,1400,,重,0,,(栗),谷潔,1248,1.5,,7,6,37.4,45.1,,47.00,46.2,0.6,478,0,,(122.2),,,,,,
,201017,4京3,6,１勝ｸﾗｽ,サターン,,牡,4,池添謙一, 57 ,9,8,"  ","  ","  ","  ",,1,１,ダ,1900,,重,760,,(栗),角居勝彦,1574,-0.1,2,2,2,37.4,48.7,*,50.20,48.3,0.1,490,-2,,250,140,4500,5400,5350,3360,29630
,201017,4京3,6,１勝ｸﾗｽ,スズカハイライト,,牡,5,酒井学, 57 ,9,5,"  ","  ","  ","  ",,6,２,ダ,1900,,重,300,,(栗),谷潔,1575,0.1,7,5,5,36.9,50.8,*,50.20,48.3,0.7,456,+2,,(41.1),410,4500,5400,5350,3360,29630
,201017,4京3,6,１勝ｸﾗｽ,ドスハーツ,,牡,3,森一馬, 55 ,9,1,"  ","  ","  ","  ",,2,３,ダ,1900,,重,190,,(栗),松永昌博,1577,0.3,8,8,8,36.9,51.1,*,50.20,48.3,0.9,480,0,,(3.8),140,,,,3360,29630
,201017,4京3,6,１勝ｸﾗｽ,ラデツキー,,牡,4,小牧太, 57 ,9,7,"  ","  ","  ","  ",,3,４,ダ,1900,,重,110,,(栗),寺島良,1581,0.7,1,1,1,38.2,46.5,*,50.20,48.3,0.0,498,+8,,(4.2),,,,,,
,201017,4京3,6,１勝ｸﾗｽ,ハーシェル,,牡,4,岩田康誠, 57 ,9,4,"  ","  ","  ","  ",,5,５,ダ,1900,,重,76,,(栗),小崎憲,1585,1.1,5,5,5,37.9,48.2,,50.20,48.3,0.7,464,+4,,(9.2),,,,,,
,201017,4京3,6,１勝ｸﾗｽ,オンワードセルフ,,牡,4,団野大成,56☆,9,3,"  ","  ","  ","  ",,8,６,ダ,1900,,重,0,,(栗),村山明,1588,1.4,6,5,5,38.2,47.4,,50.20,48.3,0.7,484,+1,B,(93.5),,,,,,
,201017,4京3,6,１勝ｸﾗｽ,ハイアーグレード,,牝,3,松若風馬, 53 ,9,6,"  ","  ","  ","  ",,7,７,ダ,1900,,重,0,,(栗),今野貞一,1590,1.6,3,3,3,38.7,45.8,,50.20,48.3,0.4,458,+2,,(57.9),,,,,,
,201017,4京3,6,１勝ｸﾗｽ,ウイングルイーズ,,牝,6,水口優也, 55 ,9,2,"  ","  ","  ","  ",,9,８,ダ,1900,,重,0,,(栗),服部利之,1591,1.7,9,9,9,37.9,48.9,,50.20,48.3,1.3,506,0,,(275.8),,,,,,
,201017,4京3,6,１勝ｸﾗｽ,ゴルトファルベン,,牡,3,福永祐一, 55 ,9,9,"  ","  ","  ","  ",,4,９,ダ,1900,,重,0,,(栗),吉村圭司,1594,2.0,3,3,3,39.0,45.1,,50.20,48.3,0.5,490,0,,(5.0),,,,,,
,201017,4京3,5,新馬,ニホンピロマリブ,,牡,2,小牧太, 55 ,12,12,"  ","  ","  ","  ",,7,１,芝,1800,A,重,700,,(栗),服部利之,1513,-0.0,,6,6,34.7,60.4,*,57.43,56.3,0.9,458,,,1760,350,1440,2370,5520,5030,45790
,201017,4京3,5,新馬,フレイミングサン,,牝,2,藤岡佑介, 54 ,12,9,"  ","  ","  ","  ",,1,２,芝,1800,A,重,280,,(栗),藤岡健一,1513,0.0,,2,1,35.6,56.3,*,57.43,56.3,0.0,428,,,(2.5),140,1440,2370,5520,5030,45790
,201017,4京3,5,新馬,シゲルカイチョウ,,牡,2,松若風馬, 55 ,12,6,"  ","  ","  ","  ",,6,３,芝,1800,A,重,180,,(栗),鈴木孝志,1520,0.7,,4,3,36.0,55.6,*,57.43,56.3,0.3,460,,,(11.2),250,,,,5030,45790
,201017,4京3,5,新馬,ノーブルキャニオン,,牡,2,岩田康誠, 55 ,12,5,"  ","  ","  ","  ",,5,４,芝,1800,A,重,110,,(栗),牧浦充徳,1522,0.9,,3,3,36.3,54.5,*,57.43,56.3,0.2,452,,,(9.8),,,,,,
,201017,4京3,5,新馬,キゾク,,牡,2,池添謙一, 55 ,12,2,"  ","  ","  ","  ",,8,５,芝,1800,A,重,70,,(栗),池添兼雄,1525,1.2,,1,2,36.8,52.9,,57.43,56.3,0.0,498,,,(28.5),,,,,,
,201017,4京3,5,新馬,ハイボールコパ,,牝,2,泉谷楓真,51▲,12,7,"  ","  ","  ","  ",,11,６,芝,1800,A,重,0,,(栗),渡辺薫彦,1527,1.4,,8,8,35.8,57.4,*,57.43,56.3,1.2,450,,,(92.3),,,,,,
,201017,4京3,5,新馬,ビューティーウェイ,,牝,2,藤岡康太, 54 ,12,10,"  ","  ","  ","  ",,3,７,芝,1800,A,重,0,,(栗),須貝尚介,1529,1.6,,11,11,35.3,59.9,*,57.43,56.3,1.9,438,,,(7.9),,,,,,
,201017,4京3,5,新馬,エムティーロゼッタ,,牝,2,富田暁,53☆,12,1,"  ","  ","  ","  ",,9,８,芝,1800,A,重,0,,(栗),武英智,1530,1.7,,8,7,36.2,56.1,,57.43,56.3,1.1,472,,,(41.1),,,,,,
,201017,4京3,5,新馬,パフドラム,,牡,2,福永祐一, 55 ,12,8,"  ","  ","  ","  ",,2,９,芝,1800,A,重,0,,(栗),音無秀孝,1537,2.4,,10,9,36.4,56.2,,57.43,56.3,1.6,520,,,(4.7),,,,,,
,201017,4京3,5,新馬,ロフォーテン,,牝,2,坂井瑠星, 54 ,12,3,"  ","  ","  ","  ",,4,10,芝,1800,A,重,0,,(栗),吉岡辰弥,1537,2.4,,4,5,37.6,51.2,,57.43,56.3,0.4,428,,,(8.6),,,,,,
,201017,4京3,5,新馬,セイカリス,,牡,2,酒井学, 55 ,12,4,"  ","  ","  ","  ",,10,11,芝,1800,A,重,0,,(栗),加用正,1549,3.6,,6,9,37.9,51.6,,57.43,56.3,1.3,466,,,(53.8),,,,,,
,201017,4京3,5,新馬,メイショウヤマミチ,,牡,2,団野大成,54☆,12,11,"  ","  ","  ","  ",,12,12,芝,1800,A,重,0,,(栗),鮫島一歩,1550,3.7,,12,12,36.8,56.2,,57.43,56.3,2.5,464,,,(149.2),,,,,,
,201017,4京3,4,新馬,ラッキーモー,,牡,2,福永祐一, 55 ,16,7,"  ","  ","  ","  ",,1,１,ダ,1400,,重,700,,(栗),松永幹夫,1251,-0.1,,8,5,37.5,45.2,*,44.77,41.6,0.8,432,,,370,180,1500,18110,19050,37560,264870
,201017,4京3,4,新馬,テーオーラターシュ,,牝,2,石川裕紀, 54 ,16,6,"  ","  ","  ","  ",,14,２,ダ,1400,,重,280,,(栗),高柳大輔,1252,0.1,,11,8,36.9,48.2,*,44.77,41.6,1.5,468,,,(69.4),1100,1500,18110,19050,37560,264870
,201017,4京3,4,新馬,スティクス,,牝,2,藤岡佑介, 54 ,16,2,"  ","  ","  ","  ",,4,３,ダ,1400,,重,180,,(栗),武幸四郎,1254,0.3,,1,1,38.6,40.9,*,44.77,41.6,0.0,484,,,(8.7),270,,,,37560,264870
,201017,4京3,4,新馬,サウンドパドマ,,牝,2,森裕太朗,53☆,16,5,"  ","  ","  ","  ",,7,４,ダ,1400,,重,110,,(栗),吉田直弘,1258,0.7,,2,2,38.9,40.4,*,44.77,41.6,0.1,422,,,(13.6),,,,,,
,201017,4京3,4,新馬,スターオブスパーダ,,牡,2,城戸義政, 55 ,16,4,"  ","  ","  ","  ",,13,５,ダ,1400,,重,70,,(栗),荒川義之,1260,0.9,,4,4,38.9,40.8,*,44.77,41.6,0.3,414,,,(65.0),,,,,,
,201017,4京3,4,新馬,サンライズボルト,,牡,2,秋山真一, 55 ,16,1,"  ","  ","  ","  ",,9,６,ダ,1400,,重,0,,(栗),羽月友彦,1260,0.9,,12,13,36.7,50.7,*,44.77,41.6,2.5,464,,,(43.8),,,,,,
,201017,4京3,4,新馬,スズカキンシャサ,,牡,2,小崎綾也, 55 ,16,14,"  ","  ","  ","  ",,6,７,ダ,1400,,重,0,,(栗),湯窪幸雄,1263,1.2,,2,3,39.3,39.7,,44.77,41.6,0.2,442,,,(12.3),,,,,,
,201017,4京3,4,新馬,ミケーレ,,牡,2,小牧太, 55 ,16,10,"  ","  ","  ","  ",,10,８,ダ,1400,,重,0,,(栗),飯田祐史,1264,1.3,,15,14,36.6,52.0,*,44.77,41.6,3.0,432,,,(44.6),,,,,,
,201017,4京3,4,新馬,ヨシノイースター,,牡,2,川須栄彦, 55 ,16,15,"  ","  ","  ","  ",,5,９,ダ,1400,,重,0,*,(栗),中尾秀正,1268,1.7,,10,10,38.7,43.2,,44.77,41.6,1.3,470,,,(9.3),,,,,,
,201017,4京3,4,新馬,タガノハイセンス,,牡,2,泉谷楓真,52▲,16,9,"  ","  ","  ","  ",,16,10,ダ,1400,,重,0,,(栗),岡田稲男,1269,1.8,,12,12,37.6,48.3,,44.77,41.6,2.5,450,,,(134.0),,,,,,
,201017,4京3,4,新馬,ポップワール,,牝,2,団野大成,53☆,16,12,"  ","  ","  ","  ",,3,11,ダ,1400,,重,0,,(栗),吉岡辰弥,1271,2.0,,8,8,39.3,41.2,,44.77,41.6,1.0,484,,,(5.4),,,,,,
,201017,4京3,4,新馬,スーパーフェイバー,,牡,2,国分優作, 55 ,16,13,"  ","  ","  ","  ",,12,12,ダ,1400,,重,0,,(栗),矢作芳人,1274,2.3,,16,16,37.2,51.2,*,44.77,41.6,3.4,494,,,(59.2),,,,,,
,201017,4京3,4,新馬,ゴイゴイスー,,牡,2,松若風馬, 55 ,16,11,"  ","  ","  ","  ",,11,13,ダ,1400,,重,0,*,(栗),中尾秀正,1275,2.4,,7,7,39.9,39.5,,44.77,41.6,0.8,486,,,(51.4),,,,,,
,201017,4京3,4,新馬,ハローチュース,,牡,2,岩田康誠, 55 ,16,16,"  ","  ","  ","  ",,15,14,ダ,1400,,重,0,,(栗),中竹和也,1285,3.4,,14,15,38.9,45.6,,44.77,41.6,2.8,458,,,(85.5),,,,,,
,201017,4京3,4,新馬,ショウナンガニアン,,牡,2,藤岡康太, 55 ,16,8,"  ","  ","  ","  ",,2,15,ダ,1400,,重,0,,(栗),須貝尚介,1286,3.5,,4,5,41.4,35.5,,44.77,41.6,0.4,442,,,(5.4),,,,,,
,201017,4京3,4,新馬,マラムレシュ,,牝,2,富田暁,53☆,16,3,"  ","  ","  ","  ",,8,16,ダ,1400,,重,0,,(栗),石坂公一,1303,5.2,,4,10,42.9,32.9,,44.77,41.6,0.6,428,,,(24.9),,,,,,
,201017,4京3,3,未勝利*,スタッドリー,,牡,2,福永祐一, 55 ,11,1,"  ","  ","  ","  ",,4,１,芝,2000,A,稍,510,,(栗),奥村豊,2039,-0.2,11,9,4,36.7,51.8,*,49.27,48.7,0.8,510,0,,1570,220,2290,2440,5870,1230,13840
,201017,4京3,3,未勝利*,セファーラジエル,,牡,2,藤岡佑介, 55 ,11,6,"  ","  ","  ","  ",,3,２,芝,2000,A,稍,200,,(栗),高柳大輔,2041,0.2,2,2,1,37.7,48.2,*,49.27,48.7,0.0,508,+8,,(3.9),140,2290,2440,5870,1230,13840
,201017,4京3,3,未勝利*,ショウナンアレス,,牡,2,池添謙一, 55 ,11,4,"  ","  ","  ","  ",,1,３,芝,2000,A,稍,130,,(栗),池添兼雄,2047,0.8,3,4,2,38.0,47.8,*,49.27,48.7,0.3,514,0,,(2.4),110,,,,1230,13840
,201017,4京3,3,未勝利*,コスモホクシン,,牡,2,国分優作, 55 ,11,2,"  ","  ","  ","  ",,5,４,芝,2000,A,稍,77,,(栗),西園正都,2047,0.8,5,6,4,37.8,48.5,*,49.27,48.7,0.5,470,+8,,(16.0),,,,,,
,201017,4京3,3,未勝利*,ランスオブアース,,牝,2,泉谷楓真,51▲,11,5,"  ","  ","  ","  ",,7,５,芝,2000,A,稍,51,,(栗),本田優,2054,1.5,5,7,7,38.3,47.5,,49.27,48.7,0.7,476,+8,,(24.4),,,,,,
,201017,4京3,3,未勝利*,カフジアスール,,牡,2,団野大成,54☆,11,7,"  ","  ","  ","  ",,8,６,芝,2000,A,稍,0,,(栗),中竹和也,2055,1.6,8,7,8,38.3,47.6,,49.27,48.7,0.8,462,0,,(59.3),,,,,,
,201017,4京3,3,未勝利*,ロードラスター,,牡,2,川須栄彦, 55 ,11,3,"  ","  ","  ","  ",,6,７,芝,2000,A,稍,0,,(栗),千田輝彦,2062,2.3,5,5,4,39.3,44.8,,49.27,48.7,0.5,492,+8,,(21.8),,,,,,
,201017,4京3,3,未勝利*,マコトオテギネ,,牝,2,酒井学, 54 ,11,11,"  ","  ","  ","  ",,9,８,芝,2000,A,稍,0,,(栗),鮫島一歩,2072,3.3,8,10,10,39.7,44.5,,49.27,48.7,1.1,400,+2,,(245.6),,,,,,
,201017,4京3,3,未勝利*,ダッシュダクラウン,,牡,2,富田暁,54☆,11,8,"  ","  ","  ","  ",,10,９,芝,2000,A,稍,0,,(栗),武英智,2078,3.9,8,10,10,40.2,43.4,,49.27,48.7,1.2,458,-2,,(311.2),,,,,,
,201017,4京3,3,未勝利*,メイセキム,,牝,2,藤岡康太, 54 ,11,9,"  ","  ","  ","  ",,2,10,芝,2000,A,稍,0,,(栗),平田修,2082,4.3,3,3,3,41.6,39.2,,49.27,48.7,0.2,428,+10,,(3.5),,,,,,
,201017,4京3,3,未勝利*,マーシャルロー,,牝,2,石川裕紀, 54 ,11,10,"  ","  ","  ","  ",,11,11,芝,2000,A,稍,0,,(栗),西浦勝一,2124,8.5,1,1,8,45.9,30.8,,49.27,48.7,0.1,394,+4,,(393.6),,,,,,
,201017,4京3,2,未勝利・牝*,ルージュグラース,,牝,2,福永祐一, 54 ,12,5,"  ","  ","  ","  ",,1,１,芝,1600,A,稍,510,,(栗),安田隆行,1371,-0.2,,4,2,36.7,48.7,*,48.53,46.6,0.5,432,0,,310,130,390,420,890,3000,9940
,201017,4京3,2,未勝利・牝*,ヘネラルカレーラ,,牝,2,池添謙一, 54 ,12,1,"  ","  ","  ","  ",,2,２,芝,1600,A,稍,200,,(栗),角田晃一,1373,0.2,,4,2,36.9,48.2,*,48.53,46.6,0.5,466,+6,,(3.1),120,390,420,890,3000,9940
,201017,4京3,2,未勝利・牝*,スンリ,,牝,2,藤岡佑介, 54 ,12,6,"  ","  ","  ","  ",,7,３,芝,1600,A,稍,130,,(栗),清水久詞,1376,0.5,,7,5,36.9,48.7,*,48.53,46.6,0.8,462,+2,B,(17.7),250,,,,3000,9940
,201017,4京3,2,未勝利・牝*,メイショウホシアイ,,牝,2,泉谷楓真,51▲,12,4,"  ","  ","  ","  ",,5,４,芝,1600,A,稍,77,*,(栗),西浦勝一,1378,0.7,,2,2,37.6,46.1,*,48.53,46.6,0.3,468,0,,(16.5),,,,,,
,201017,4京3,2,未勝利・牝*,センショウライツ,,牝,2,秋山真一, 54 ,12,9,"  ","  ","  ","  ",,4,５,芝,1600,A,稍,51,*,(栗),武幸四郎,1378,0.7,,10,9,36.9,49.0,*,48.53,46.6,1.0,462,-4,,(8.3),,,,,,
,201017,4京3,2,未勝利・牝*,カワカミカリーナ,,牝,2,石川裕紀, 54 ,12,2,"  ","  ","  ","  ",,10,６,芝,1600,A,稍,0,*,(栗),西浦勝一,1380,0.9,,1,1,38.1,44.3,*,48.53,46.6,0.0,468,-6,,(45.5),,,,,,
,201017,4京3,2,未勝利・牝*,アースフレア,,牝,2,団野大成,53☆,12,11,"  ","  ","  ","  ",,11,７,芝,1600,A,稍,0,,(栗),本田優,1382,1.1,,7,5,37.6,46.7,,48.53,46.6,0.7,496,+2,,(66.4),,,,,,
,201017,4京3,2,未勝利・牝*,リナーシェ,,牝,2,小牧太, 54 ,12,10,"  ","  ","  ","  ",,9,８,芝,1600,A,稍,0,*,(栗),武幸四郎,1384,1.3,,12,12,37.3,48.3,,48.53,46.6,1.2,414,0,,(32.6),,,,,,
,201017,4京3,2,未勝利・牝*,マヤローザ,,牝,2,和田翼, 54 ,12,12,"  ","  ","  ","  ",,12,９,芝,1600,A,稍,0,,(栗),大橋勇樹,1387,1.6,,10,9,37.8,46.7,,48.53,46.6,1.0,436,-6,,(309.2),,,,,,
,201017,4京3,2,未勝利・牝*,ネロリビガラード,,牝,2,国分優作, 54 ,12,8,"  ","  ","  ","  ",,8,10,芝,1600,A,稍,0,,(栗),吉田直弘,1399,2.8,,7,9,39.2,42.9,,48.53,46.6,0.8,430,+4,,(22.7),,,,,,
,201017,4京3,2,未勝利・牝*,リーベ,,牝,2,高倉稜, 54 ,12,7,"  ","  ","  ","  ",,6,11,芝,1600,A,稍,0,,(栗),杉山晴紀,1405,3.4,,4,8,40.0,40.8,,48.53,46.6,0.6,468,-10,,(17.2),,,,,,
,201017,4京3,2,未勝利・牝*,スマートパサート,,牝,2,藤岡康太, 54 ,12,3,"  ","  ","  ","  ",,3,12,芝,1600,A,稍,0,,(栗),須貝尚介,1423,5.2,,2,5,42.1,35.8,,48.53,46.6,0.3,484,+6,,(6.6),,,,,,
,201017,4京3,1,未勝利*,スウィープザボード,,牡,2,川須栄彦, 55 ,10,5,"  ","  ","  ","  ",,1,１,ダ,1800,,稍,510,,(栗),中尾秀正,1526,-1.1,2,2,2,37.5,50.1,*,46.57,49.3,0.2,454,0,,240,110,480,760,1370,1040,4160
,201017,4京3,1,未勝利*,レディアリエス,,牝,2,岩田康誠, 54 ,10,9,"  ","  ","  ","  ",,4,２,ダ,1800,,稍,200,,(栗),橋口慎介,1537,1.1,1,1,1,38.8,46.5,*,46.57,49.3,0.0,474,-6,,(6.3),150,480,760,1370,1040,4160
,201017,4京3,1,未勝利*,レディマーシー,,牝,2,秋山真一, 54 ,10,2,"  ","  ","  ","  ",,2,３,ダ,1800,,稍,130,,(栗),北出成人,1553,2.7,2,2,3,40.3,43.1,*,46.57,49.3,0.1,466,0,,(5.4),150,,,,1040,4160
,201017,4京3,1,未勝利*,タガノタイリン,,牝,2,国分恭介, 54 ,10,6,"  ","  ","  ","  ",,5,４,ダ,1800,,稍,77,,(栗),五十嵐忠,1554,2.8,8,9,7,38.5,49.9,*,46.57,49.3,2.0,490,+4,,(9.1),,,,,,
,201017,4京3,1,未勝利*,アミスタ,,牝,2,森裕太朗,53☆,10,7,"  ","  ","  ","  ",,8,５,ダ,1800,,稍,51,,(栗),羽月友彦,1556,3.0,10,8,7,39.0,48.2,,46.57,49.3,1.7,472,-6,,(59.3),,,,,,
,201017,4京3,1,未勝利*,クライマックス,,牡,2,酒井学, 55 ,10,4,"  ","  ","  ","  ",,7,６,ダ,1800,,稍,0,,(栗),角田晃一,1557,3.1,5,4,4,40.1,44.3,,46.57,49.3,0.7,472,+2,,(32.9),,,,,,
,201017,4京3,1,未勝利*,ミエノピュア,,牡,2,太宰啓介, 55 ,10,8,"  ","  ","  ","  ",,9,７,ダ,1800,,稍,0,,(栗),高橋亮,1566,4.0,6,6,9,40.4,44.3,,46.57,49.3,1.3,484,+10,,(111.0),,,,,,
,201017,4京3,1,未勝利*,サルバトーレミノル,,牡,2,泉谷楓真,52▲,10,1,"  ","  ","  ","  ",,3,８,ダ,1800,,稍,0,,(栗),本田優,1575,4.9,2,5,5,41.8,40.6,,46.57,49.3,0.8,528,-2,,(5.6),,,,,,
,201017,4京3,1,未勝利*,アイファーライオン,,牡,2,団野大成,54☆,10,3,"  ","  ","  ","  ",,10,９,ダ,1800,,稍,0,,(栗),西橋豊治,1579,5.3,8,10,10,40.8,44.5,,46.57,49.3,2.2,478,+12,,(136.1),,,,,,
,201017,4京3,1,未勝利*,ウォーターイグアス,,牡,2,松若風馬, 55 ,10,10,"  ","  ","  ","  ",,6,10,ダ,1800,,稍,0,,(栗),石橋守,1584,5.8,7,6,6,42.3,40.0,,46.57,49.3,1.2,502,+6,,(11.6),,,,,,
,201011,4京2,12,２勝ｸﾗｽ,メイショウハナモリ,,牡,4,松山弘平, 57 ,16,8,"  ","  ","  ","  ",,6,１,ダ,1400,,重,1100,,(栗),本田優,1226,-0.2,,1,1,37.4,40.6,*,42.23,40.6,0.0,506,-4,,1240,320,2930,3220,7390,57590,290270
,201011,4京2,12,２勝ｸﾗｽ,メイショウベンガル,,牡,3,岩田康誠, 55 ,16,2,"  ","  ","  ","  ",,1,２,ダ,1400,,重,440,,(栗),松永昌博,1228,0.2,,8,5,36.6,44.7,*,42.23,40.6,1.0,460,+10,,(3.6),200,2930,3220,7390,57590,290270
,201011,4京2,12,２勝ｸﾗｽ,タイミングナウ,,セ,4,森裕太朗,56☆,16,1,"  ","  ","  ","  ",,11,３,ダ,1400,,重,280,,(栗),角居勝彦,1232,0.6,,4,3,37.5,41.4,*,42.23,40.6,0.5,464,-2,,(65.6),1520,,,,57590,290270
,201011,4京2,12,２勝ｸﾗｽ,ハリーバローズ,,牡,3,藤岡佑介, 55 ,16,3,"  ","  ","  ","  ",,4,４,ダ,1400,,重,170,,(栗),中内田充,1233,0.7,,2,2,37.9,39.8,*,42.23,40.6,0.2,492,+4,,(6.5),,,,,,
,201011,4京2,12,２勝ｸﾗｽ,コンクエストシチー,,セ,8,国分恭介, 57 ,16,7,"  ","  ","  ","  ",,14,５,ダ,1400,,重,110,,(栗),村山明,1235,0.9,,13,10,36.5,46.6,*,42.23,40.6,1.8,466,+2,,(178.4),,,,,,
,201011,4京2,12,２勝ｸﾗｽ,モハー,,牝,6,古川吉洋, 55 ,16,14,"  ","  ","  ","  ",,13,６,ダ,1400,,重,0,,(栗),上村洋行,1236,1.0,,14,14,36.4,47.3,*,42.23,40.6,2.0,512,+6,,(104.7),,,,,,
,201011,4京2,12,２勝ｸﾗｽ,ヤウガウ,,牡,3,福永祐一, 55 ,16,5,"  ","  ","  ","  ",,3,７,ダ,1400,,重,0,*,(栗),須貝尚介,1238,1.2,,10,10,37.2,44.0,,42.23,40.6,1.4,464,-2,B,(5.8),,,,,,
,201011,4京2,12,２勝ｸﾗｽ,テーオーソルジャー,,牡,9,泉谷楓真,54▲,16,16,"  ","  ","  ","  ",,15,８,ダ,1400,,重,0,,(栗),宮徹,1238,1.2,,7,5,37.8,41.3,,42.23,40.6,0.8,482,+4,,(238.8),,,,,,
,201011,4京2,12,２勝ｸﾗｽ,コパノマーキュリー,,牡,3,小牧太, 55 ,16,4,"  ","  ","  ","  ",,7,９,ダ,1400,,重,0,,(栗),田所秀孝,1238,1.2,,11,10,37.0,44.9,*,42.23,40.6,1.6,502,+6,,(18.2),,,,,,
,201011,4京2,12,２勝ｸﾗｽ,ヴィーナスフローラ,,牝,6,浜中俊, 55 ,16,9,"  ","  ","  ","  ",,10,10,ダ,1400,,重,0,*,(栗),須貝尚介,1239,1.3,,16,16,35.8,50.8,*,42.23,40.6,2.9,472,-8,,(37.0),,,,,,
,201011,4京2,12,２勝ｸﾗｽ,コマノバルーガ,,牡,4,川田将雅, 57 ,16,13,"  ","  ","  ","  ",,2,11,ダ,1400,,重,0,,(栗),庄野靖志,1242,1.6,,3,3,38.6,38.6,,42.23,40.6,0.4,478,+2,,(3.7),,,,,,
,201011,4京2,12,２勝ｸﾗｽ,クインズカトレア,,牝,5,川又賢治, 55 ,16,6,"  ","  ","  ","  ",,16,12,ダ,1400,,重,0,,(栗),宮本博,1245,1.9,,8,8,38.4,40.0,,42.23,40.6,0.9,450,0,,(319.7),,,,,,
,201011,4京2,12,２勝ｸﾗｽ,ウェイクール,,牡,4,国分優作, 57 ,16,12,"  ","  ","  ","  ",,12,13,ダ,1400,,重,0,,(栗),松下武士,1246,2.0,,15,15,37.1,46.0,,42.23,40.6,2.3,520,+2,B,(96.4),,,,,,
,201011,4京2,12,２勝ｸﾗｽ,ショウナンパンサー,,セ,4,川須栄彦, 57 ,16,10,"  ","  ","  ","  ",,8,14,ダ,1400,,重,0,,(栗),梅田智之,1251,2.5,,11,13,38.3,41.6,,42.23,40.6,1.6,496,+6,,(29.0),,,,,,
,201011,4京2,12,２勝ｸﾗｽ,デルタバローズ,,セ,5,和田竜二, 57 ,16,11,"  ","  ","  ","  ",,5,15,ダ,1400,,重,0,,(栗),西村真幸,1265,3.9,,4,8,40.7,34.4,,42.23,40.6,0.6,506,-20,,(8.9),,,,,,
,201011,4京2,12,２勝ｸﾗｽ,グレートバニヤン,,牡,4,藤岡康太, 57 ,16,15,"  ","  ","  ","  ",,9,16,ダ,1400,,重,0,,(栗),牧田和弥,1267,4.1,,4,5,40.9,34.0,,42.23,40.6,0.6,536,-8,,(34.7),,,,,,
,201011,4京2,11,京都大賞G2,グローリーヴェイズ,,牡,5,川田将雅, 58 ,17,13,"  ","  ","  ","  ",,3,１,芝,2400,A,稍,6700,,(美),尾関知人,2256,-0.1,5,5,5,34.5,57.3,*,57.87,55.3,0.5,456,-4,,620,240,970,1170,2590,3280,17470
,201011,4京2,11,京都大賞G2,キセキ,,牡,6,浜中俊, 57 ,17,2,"  ","  ","  ","  ",,1,２,芝,2400,A,稍,2700,,(栗),角居勝彦,2257,0.1,17,11,7,34.3,58.3,*,57.87,55.3,0.8,502,0,,(3.5),180,970,1170,2590,3280,17470
,201011,4京2,11,京都大賞G2,キングオブコージ,,牡,4,横山典弘, 57 ,17,17,"  ","  ","  ","  ",,2,３,芝,2400,A,稍,1700,,(栗),安田翔伍,2259,0.3,9,11,12,34.4,58.0,*,57.87,55.3,0.9,492,0,,(5.2),210,,,,3280,17470
,201011,4京2,11,京都大賞G2,シルヴァンシャー,,牡,5,北村友一, 56 ,17,3,"  ","  ","  ","  ",,8,４,芝,2400,A,稍,1000,*,(栗),池江泰寿,2259,0.3,7,7,9,34.6,57.2,*,57.87,55.3,0.7,472,-10,,(13.6),,,,,,
,201011,4京2,11,京都大賞G2,ステイフーリッシュ,,牡,5,藤岡佑介, 56 ,17,6,"  ","  ","  ","  ",,4,５,芝,2400,A,稍,670,*,(栗),矢作芳人,2260,0.4,4,3,2,35.2,54.9,*,57.87,55.3,0.2,466,+2,,(7.3),,,,,,
,201011,4京2,11,京都大賞G2,パフォーマプロミス,,牡,8,福永祐一, 56 ,17,15,"  ","  ","  ","  ",,6,６,芝,2400,A,稍,0,,(栗),藤原英昭,2261,0.5,8,9,7,34.9,56.2,*,57.87,55.3,0.6,468,+2,,(9.9),,,,,,
,201011,4京2,11,京都大賞G2,ダンビュライト,,セ,6,松若風馬, 56 ,17,1,"  ","  ","  ","  ",,5,７,芝,2400,A,稍,0,,(栗),音無秀孝,2261,0.5,1,1,1,35.5,53.8,*,57.87,55.3,0.0,498,+10,,(8.8),,,,,,
,201011,4京2,11,京都大賞G2,アイスバブル,,牡,5,幸英明, 56 ,17,14,"  ","  ","  ","  ",,13,８,芝,2400,A,稍,0,*,(栗),池江泰寿,2261,0.5,12,14,14,34.4,58.2,*,57.87,55.3,1.1,456,+6,,(94.4),,,,,,
,201011,4京2,11,京都大賞G2,バイオスパーク,,牡,5,和田竜二, 56 ,17,11,"  ","  ","  ","  ",,10,９,芝,2400,A,稍,0,,(栗),浜田多実,2262,0.6,3,3,2,35.4,54.3,*,57.87,55.3,0.2,474,-2,,(43.3),,,,,,
,201011,4京2,11,京都大賞G2,カセドラルベル,,牝,4,松山弘平, 54 ,17,8,"  ","  ","  ","  ",,7,10,芝,2400,A,稍,0,,(栗),西村真幸,2263,0.7,2,2,2,35.6,53.7,*,57.87,55.3,0.1,558,+6,,(11.2),,,,,,
,201011,4京2,11,京都大賞G2,リッジマン,,牡,7,古川吉洋, 56 ,17,7,"  ","  ","  ","  ",,17,11,芝,2400,A,稍,0,,(栗),庄野靖志,2267,1.1,12,11,13,35.1,56.0,,57.87,55.3,1.0,464,+12,,(370.8),,,,,,
,201011,4京2,11,京都大賞G2,ノーブルマーズ,,牡,7,高倉稜, 56 ,17,5,"  ","  ","  ","  ",,12,12,芝,2400,A,稍,0,,(栗),宮本博,2271,1.5,5,5,5,36.0,52.9,,57.87,55.3,0.5,498,+6,,(87.5),,,,,,
,201011,4京2,11,京都大賞G2,ミスマンマミーア,,牝,5,池添謙一, 54 ,17,16,"  ","  ","  ","  ",,9,13,芝,2400,A,稍,0,,(栗),寺島良,2272,1.6,14,15,16,35.2,56.1,,57.87,55.3,1.4,468,-2,,(37.9),,,,,,
,201011,4京2,11,京都大賞G2,タイセイトレイル,,牡,5,川須栄彦, 56 ,17,4,"  ","  ","  ","  ",,11,14,芝,2400,A,稍,0,*,(栗),矢作芳人,2273,1.7,9,9,9,35.9,53.4,,57.87,55.3,0.8,494,-2,,(71.3),,,,,,
,201011,4京2,11,京都大賞G2,ドゥオーモ,,牡,7,藤岡康太, 56 ,17,12,"  ","  ","  ","  ",,14,15,芝,2400,A,稍,0,,(栗),野中賢二,2274,1.8,14,15,16,35.5,55.1,,57.87,55.3,1.3,476,+4,,(128.6),,,,,,
,201011,4京2,11,京都大賞G2,モンドインテロ,,牡,8,嶋田純次, 57 ,17,9,"  ","  ","  ","  ",,16,16,芝,2400,A,稍,0,,(美),手塚貴久,2279,2.3,9,7,9,36.6,51.4,,57.87,55.3,0.7,488,+4,,(247.7),,,,,,
,201011,4京2,11,京都大賞G2,アルバート,,牡,9,岩田康誠, 56 ,17,10,"  ","  ","  ","  ",,15,17,芝,2400,A,稍,0,,(栗),橋口慎介,2281,2.5,16,15,15,36.3,52.7,,57.87,55.3,1.2,488,+16,,(171.2),,,,,,
,201011,4京2,10,藤森Ｓ･3勝,ジェネティクス,,牡,3,松山弘平, 55 ,16,3,"  ","  ","  ","  ",,1,１,ダ,1200,,重,1820,,(栗),西村真幸,1100,-0.3,,2,1,36.1,43.9,*,45.20,43.9,0.0,528,+8,,280,140,710,770,1300,1520,5450
,201011,4京2,10,藤森Ｓ･3勝,サダムスキャット,,牝,3,川須栄彦, 53 ,16,8,"  ","  ","  ","  ",,2,２,ダ,1200,,重,730,,(栗),中尾秀正,1103,0.3,,8,8,35.5,48.0,*,45.20,43.9,0.9,460,+6,,(4.7),160,710,770,1300,1520,5450
,201011,4京2,10,藤森Ｓ･3勝,ノンライセンス,,牝,4,浜中俊, 55 ,16,2,"  ","  ","  ","  ",,3,３,ダ,1200,,重,460,,(栗),松永幹夫,1105,0.5,,3,3,36.4,43.7,*,45.20,43.9,0.2,464,-2,,(6.5),200,,,,1520,5450
,201011,4京2,10,藤森Ｓ･3勝,サンライズカラマ,,牡,6,池添謙一, 57 ,16,1,"  ","  ","  ","  ",,6,４,ダ,1200,,重,270,,(栗),石坂公一,1106,0.6,,7,8,35.9,46.7,*,45.20,43.9,0.8,498,+2,B,(13.4),,,,,,
,201011,4京2,10,藤森Ｓ･3勝,メディクス,,牡,4,藤岡康太, 57 ,16,13,"  ","  ","  ","  ",,4,５,ダ,1200,,重,182,,(栗),渡辺薫彦,1107,0.7,,11,10,35.7,48.0,*,45.20,43.9,1.1,470,0,,(6.9),,,,,,
,201011,4京2,10,藤森Ｓ･3勝,プリカジュール,,牝,4,北村友一, 55 ,16,15,"  ","  ","  ","  ",,9,６,ダ,1200,,重,0,,(栗),寺島良,1108,0.8,,1,2,36.9,41.9,*,45.20,43.9,0.0,514,+2,B,(32.0),,,,,,
,201011,4京2,10,藤森Ｓ･3勝,アヴォンリー,,牝,4,川又賢治, 55 ,16,16,"  ","  ","  ","  ",,5,７,ダ,1200,,重,0,,(美),竹内正洋,1108,0.8,,5,4,36.3,45.0,*,45.20,43.9,0.6,488,0,,(11.7),,,,,,
,201011,4京2,10,藤森Ｓ･3勝,マイネルラック,,牡,7,国分優作, 57 ,16,11,"  ","  ","  ","  ",,14,８,ダ,1200,,重,0,,(栗),梅田智之,1109,0.9,,13,13,35.7,48.6,*,45.20,43.9,1.3,482,+2,,(166.1),,,,,,
,201011,4京2,10,藤森Ｓ･3勝,メイショウラビエ,,牝,5,横山典弘, 55 ,16,14,"  ","  ","  ","  ",,7,９,ダ,1200,,重,0,,(栗),池添兼雄,1110,1.0,,14,13,35.7,48.9,*,45.20,43.9,1.4,496,+2,,(15.2),,,,,,
,201011,4京2,10,藤森Ｓ･3勝,キタノオドリコ,,牝,4,松若風馬, 55 ,16,5,"  ","  ","  ","  ",,8,10,ダ,1200,,重,0,,(美),相沢郁,1110,1.0,,5,4,36.5,44.5,*,45.20,43.9,0.6,504,-2,,(30.7),,,,,,
,201011,4京2,10,藤森Ｓ･3勝,ヨドノビクトリー,,牡,6,和田竜二, 57 ,16,9,"  ","  ","  ","  ",,11,10,ダ,1200,,重,0,,(栗),北出成人,1110,1.0,,8,4,36.2,46.1,*,45.20,43.9,0.9,502,-4,,(36.2),,,,,,
,201011,4京2,10,藤森Ｓ･3勝,ゴールドリング,,牝,4,国分恭介, 55 ,16,7,"  ","  ","  ","  ",,15,12,ダ,1200,,重,0,,(栗),坂口智康,1111,1.1,,10,10,36.2,46.4,,45.20,43.9,1.0,470,-6,,(194.7),,,,,,
,201011,4京2,10,藤森Ｓ･3勝,ハルサカエ,,牝,4,岩田康誠, 55 ,16,10,"  ","  ","  ","  ",,12,13,ダ,1200,,重,0,,(美),大竹正博,1115,1.5,,14,15,36.2,47.5,,45.20,43.9,1.4,504,+4,,(43.5),,,,,,
,201011,4京2,10,藤森Ｓ･3勝,ヴォーガ,,牡,6,小牧太, 57 ,16,12,"  ","  ","  ","  ",,13,14,ダ,1200,,重,0,,(栗),森秀行,1117,1.7,,11,12,36.6,45.9,,45.20,43.9,1.2,452,+6,B,(75.6),,,,,,
,201011,4京2,10,藤森Ｓ･3勝,クリノライメイ,,牡,6,城戸義政, 57 ,16,6,"  ","  ","  ","  ",,16,15,ダ,1200,,重,0,,(栗),荒川義之,1118,1.8,,16,16,36.1,48.9,,45.20,43.9,1.8,502,-10,,(274.5),,,,,,
,201011,4京2,10,藤森Ｓ･3勝,ロイヤルパールス,,牡,5,古川吉洋, 57 ,16,4,"  ","  ","  ","  ",,10,16,ダ,1200,,重,0,,(栗),湯窪幸雄,1124,2.4,,3,4,38.1,40.0,,45.20,43.9,0.4,530,-2,B,(34.6),,,,,,
,201011,4京2,9,りんどう･1勝,サルビア,,牝,2,福永祐一, 54 ,6,2,"  ","  ","  ","  ",,1,１,芝,1400,A,稍,1010,,(栗),鈴木孝志,1232,-0.8,,4,4,35.1,52.8,*,51.27,51.3,0.3,460,-2,,150,110,,300,380,320,950
,201011,4京2,9,りんどう･1勝,ウインスーリール,,牝,2,国分優作, 54 ,6,1,"  ","  ","  ","  ",,3,２,芝,1400,A,稍,400,,(栗),西園正都,1240,0.8,,1,1,36.2,49.0,*,51.27,51.3,0.0,476,0,,(6.3),170,,300,380,320,950
,201011,4京2,9,りんどう･1勝,レッツゴーアスク,,牝,2,岩田康誠, 54 ,6,4,"  ","  ","  ","  ",,2,３,芝,1400,A,稍,250,,(栗),梅田智之,1240,0.8,,6,6,35.6,52.0,*,51.27,51.3,0.6,478,,,(4.4),,,,,320,950
,201011,4京2,9,りんどう･1勝,リターンギフト,,牝,2,和田竜二, 54 ,6,5,"  ","  ","  ","  ",,6,４,芝,1400,A,稍,150,,(栗),長谷川浩,1243,1.1,,2,2,36.5,48.2,,51.27,51.3,0.0,380,-10,,(61.7),,,,,,
,201011,4京2,9,りんどう･1勝,クープドクール,,牝,2,難波剛健, 54 ,6,3,"  ","  ","  ","  ",,4,５,芝,1400,A,稍,101,,(栗),高橋義忠,1248,1.6,,2,3,36.9,47.4,,51.27,51.3,0.1,458,+8,,(6.9),,,,,,
,201011,4京2,9,りんどう･1勝,エイシンシトリン,,牝,2,幸英明, 54 ,6,6,"  ","  ","  ","  ",,5,６,芝,1400,A,稍,0,,(栗),高橋康之,1250,1.8,,4,4,36.9,47.8,,51.27,51.3,0.3,454,0,,(44.3),,,,,,
,201011,4京2,8,２勝ｸﾗｽ,サンライズオネスト,,牡,3,川田将雅, 55 ,8,8,"  ","  ","  ","  ",,1,１,芝,1600,A,稍,1100,,(栗),河内洋,1350,-0.1,,2,2,34.9,53.3,*,54.20,52.9,0.1,470,+2,,290,110,,350,740,420,1930
,201011,4京2,8,２勝ｸﾗｽ,チュウワノキセキ,,牡,3,松山弘平, 55 ,8,3,"  ","  ","  ","  ",,2,２,芝,1600,A,稍,440,,(栗),大久保龍,1351,0.1,,6,6,34.6,54.9,*,54.20,52.9,0.5,476,0,,(3.0),110,,350,740,420,1930
,201011,4京2,8,２勝ｸﾗｽ,ゴールドティア,,牝,3,北村友一, 53 ,8,4,"  ","  ","  ","  ",,3,３,芝,1600,A,稍,280,,(栗),池添学,1351,0.1,,5,4,34.7,54.4,*,54.20,52.9,0.4,472,+12,B,(3.8),130,,,,420,1930
,201011,4京2,8,２勝ｸﾗｽ,ブレイニーラン,,牡,5,藤岡康太, 57 ,8,6,"  ","  ","  ","  ",,6,４,芝,1600,A,稍,170,,(栗),須貝尚介,1356,0.6,,3,2,35.4,52.0,*,54.20,52.9,0.2,462,-6,,(29.2),,,,,,
,201011,4京2,8,２勝ｸﾗｽ,リュクスポケット,,牡,5,藤岡佑介, 57 ,8,7,"  ","  ","  ","  ",,5,５,芝,1600,A,稍,110,,(栗),庄野靖志,1358,0.8,,1,1,35.8,50.6,*,54.20,52.9,0.0,514,+4,,(12.8),,,,,,
,201011,4京2,8,２勝ｸﾗｽ,ドゥリトル,,牡,5,松若風馬, 57 ,8,5,"  ","  ","  ","  ",,8,６,芝,1600,A,稍,0,,(栗),村山明,1358,0.8,,7,7,35.1,53.8,*,54.20,52.9,0.7,490,0,,(92.4),,,,,,
,201011,4京2,8,２勝ｸﾗｽ,トーセンスカイ,,牡,4,福永祐一, 57 ,8,2,"  ","  ","  ","  ",,4,７,芝,1600,A,稍,0,,(栗),藤原英昭,1360,1.0,,3,4,35.7,51.3,*,54.20,52.9,0.3,498,+4,,(5.5),,,,,,
,201011,4京2,8,２勝ｸﾗｽ,ウォークザライン,,牡,4,太宰啓介, 57 ,8,1,"  ","  ","  ","  ",,7,８,芝,1600,A,稍,0,,(栗),高橋亮,1365,1.5,,7,7,35.9,51.3,,54.20,52.9,0.6,490,+12,,(55.8),,,,,,
,201011,4京2,7,１勝ｸﾗｽ,ホッコーアカツキ,,牡,3,国分優作, 55 ,11,10,"  ","  ","  ","  ",,2,１,ダ,1800,,重,760,,(栗),西浦勝一,1514,-0.1,1,1,1,37.3,49.3,*,49.83,49.3,0.0,510,+4,,330,140,2980,3040,4160,1690,13150
,201011,4京2,7,１勝ｸﾗｽ,オーケーメジャー,,セ,3,和田竜二, 55 ,11,11,"  ","  ","  ","  ",,7,２,ダ,1800,,重,300,,(栗),奥村豊,1515,0.1,2,2,2,37.3,49.5,*,49.83,49.3,0.1,470,0,,(18.2),330,2980,3040,4160,1690,13150
,201011,4京2,7,１勝ｸﾗｽ,ヒルノブルージュ,,牡,3,横山典弘, 55 ,11,2,"  ","  ","  ","  ",,1,３,ダ,1800,,重,190,,(栗),昆貢,1515,0.1,7,6,7,37.0,50.7,*,49.83,49.3,0.4,480,+2,,(2.4),120,,,,1690,13150
,201011,4京2,7,１勝ｸﾗｽ,マナローラ,,牝,6,酒井学, 55 ,11,8,"  ","  ","  ","  ",,4,４,ダ,1800,,重,110,,(栗),鮫島一歩,1520,0.6,7,8,7,37.4,49.7,*,49.83,49.3,0.5,488,+6,,(13.0),,,,,,
,201011,4京2,7,１勝ｸﾗｽ,ブロフェルド,,牡,3,富田暁,54☆,11,6,"  ","  ","  ","  ",,10,５,ダ,1800,,重,76,,(栗),藤岡健一,1522,0.8,3,3,3,37.9,48.0,*,49.83,49.3,0.2,514,-4,,(65.9),,,,,,
,201011,4京2,7,１勝ｸﾗｽ,ジェミニキング,,セ,4,小牧太, 57 ,11,5,"  ","  ","  ","  ",,9,６,ダ,1800,,重,0,,(栗),服部利之,1523,0.9,11,11,10,37.2,50.9,*,49.83,49.3,1.0,474,-14,B,(32.7),,,,,,
,201011,4京2,7,１勝ｸﾗｽ,サウンドテーブル,,牡,6,水口優也, 57 ,11,1,"  ","  ","  ","  ",,6,７,ダ,1800,,重,0,,(栗),田所秀孝,1526,1.2,5,6,5,38.1,47.8,,49.83,49.3,0.4,502,+4,B,(16.7),,,,,,
,201011,4京2,7,１勝ｸﾗｽ,マイティバローズ,,牡,5,松山弘平, 57 ,11,3,"  ","  ","  ","  ",,8,８,ダ,1800,,重,0,,(栗),上村洋行,1526,1.2,10,4,5,38.1,47.8,,49.83,49.3,0.4,458,+10,,(28.7),,,,,,
,201011,4京2,7,１勝ｸﾗｽ,デフィ,,牡,6,川又賢治, 57 ,11,7,"  ","  ","  ","  ",,11,９,ダ,1800,,重,0,,(栗),高橋康之,1532,1.8,6,10,9,38.3,47.8,,49.83,49.3,0.8,524,+7,,(77.3),,,,,,
,201011,4京2,7,１勝ｸﾗｽ,サンライズプラウ,,牡,3,幸英明, 55 ,11,9,"  ","  ","  ","  ",,5,10,ダ,1800,,重,0,,(栗),浜田多実,1565,5.1,9,8,10,41.6,40.0,,49.83,49.3,0.8,460,-2,,(14.9),,,,,,
,201011,4京2,6,１勝ｸﾗｽ,トウケイミラ,,牝,3,鮫島良太, 53 ,11,7,"  ","  ","  ","  ",,4,１,芝,1400,A,稍,760,,(栗),高柳大輔,1218,-0.1,,3,2,35.0,50.3,*,48.73,44.9,1.1,442,+12,,740,230,1960,2380,4210,7520,42050
,201011,4京2,6,１勝ｸﾗｽ,ヴィルトゥース,,牝,5,浜中俊, 55 ,11,3,"  ","  ","  ","  ",,5,２,芝,1400,A,稍,300,,(栗),石坂正,1219,0.1,,7,7,34.8,51.5,*,48.73,44.9,1.4,420,+4,,(7.9),240,1960,2380,4210,7520,42050
,201011,4京2,6,１勝ｸﾗｽ,グランレイ,,牡,3,松山弘平, 55 ,11,11,"  ","  ","  ","  ",,3,３,芝,1400,A,稍,190,,(栗),池添学,1220,0.2,,1,1,36.3,44.4,*,48.73,44.9,0.0,462,+4,,(7.0),240,,,,7520,42050
,201011,4京2,6,１勝ｸﾗｽ,メイショウユリシス,,牝,3,横山典弘, 53 ,11,6,"  ","  ","  ","  ",,10,４,芝,1400,A,稍,110,,(栗),高橋亮,1221,0.3,,3,5,35.1,50.4,*,48.73,44.9,1.3,470,-2,,(29.3),,,,,,
,201011,4京2,6,１勝ｸﾗｽ,マテンロウディーバ,,牝,3,川田将雅, 53 ,11,4,"  ","  ","  ","  ",,2,５,芝,1400,A,稍,76,,(栗),中内田充,1221,0.3,,9,10,34.7,52.4,*,48.73,44.9,1.7,396,-8,,(4.3),,,,,,
,201011,4京2,6,１勝ｸﾗｽ,ヴェルザスカ,,牝,3,和田竜二, 53 ,11,1,"  ","  ","  ","  ",,7,６,芝,1400,A,稍,0,,(栗),今野貞一,1224,0.6,,7,8,35.2,50.6,*,48.73,44.9,1.5,444,0,,(11.6),,,,,,
,201011,4京2,6,１勝ｸﾗｽ,ダブルアンコール,,牝,3,水口優也, 53 ,11,10,"  ","  ","  ","  ",,1,７,芝,1400,A,稍,0,,(栗),池江泰寿,1225,0.7,,2,2,36.0,46.9,*,48.73,44.9,0.8,436,+12,,(4.3),,,,,,
,201011,4京2,6,１勝ｸﾗｽ,ダノンシティ,,牡,4,北村友一, 57 ,11,8,"  ","  ","  ","  ",,9,８,芝,1400,A,稍,0,,(栗),橋口慎介,1225,0.7,,9,8,35.3,50.3,*,48.73,44.9,1.5,480,+4,,(15.7),,,,,,
,201011,4京2,6,１勝ｸﾗｽ,アサケエース,,牡,3,泉谷楓真,52▲,11,9,"  ","  ","  ","  ",,8,９,芝,1400,A,稍,0,,(栗),大橋勇樹,1225,0.7,,3,2,35.8,47.8,*,48.73,44.9,1.0,430,+6,,(11.8),,,,,,
,201011,4京2,6,１勝ｸﾗｽ,ムーンライト,,牝,3,藤岡佑介, 53 ,11,5,"  ","  ","  ","  ",,6,10,芝,1400,A,稍,0,,(栗),清水久詞,1227,0.9,,11,11,34.9,52.7,*,48.73,44.9,2.1,460,-4,,(10.5),,,,,,
,201011,4京2,6,１勝ｸﾗｽ,ノーブルスコア,,牝,4,福永祐一, 55 ,11,2,"  ","  ","  ","  ",,11,11,芝,1400,A,稍,0,,(栗),藤原英昭,1230,1.2,,3,5,36.0,47.9,,48.73,44.9,1.3,442,-14,,(32.7),,,,,,
,201011,4京2,5,新馬,ヴアーサ,,牡,2,藤岡康太, 55 ,14,4,"  ","  ","  ","  ",,7,１,芝,1800,A,稍,700,,(栗),鮫島一歩,1497,-0.0,,7,7,35.9,52.8,*,52.70,50.7,0.5,448,,,1890,310,1000,7520,17210,7530,96650
,201011,4京2,5,新馬,ブレーヴジャッカル,,牡,2,福永祐一, 55 ,14,6,"  ","  ","  ","  ",,4,２,芝,1800,A,稍,280,,(栗),高野友和,1497,0.0,,5,4,36.1,51.9,*,52.70,50.7,0.3,468,,,(9.1),210,1000,7520,17210,7530,96650
,201011,4京2,5,新馬,バーデンヴァイラー,,牡,2,北村友一, 55 ,14,5,"  ","  ","  ","  ",,2,３,芝,1800,A,稍,180,,(栗),斉藤崇史,1498,0.1,,10,11,35.8,53.4,*,52.70,50.7,0.7,498,,,(3.6),160,,,,7530,96650
,201011,4京2,5,新馬,グッドラベリング,,牝,2,藤岡佑介, 54 ,14,10,"  ","  ","  ","  ",,11,４,芝,1800,A,稍,110,,(栗),藤岡健一,1498,0.1,,7,4,36.1,52.1,*,52.70,50.7,0.4,416,,,(62.9),,,,,,
,201011,4京2,5,新馬,レンツシュピッツェ,,牡,2,松山弘平, 55 ,14,1,"  ","  ","  ","  ",,3,５,芝,1800,A,稍,70,,(栗),寺島良,1499,0.2,,1,1,36.6,50.1,*,52.70,50.7,0.0,468,,,(6.3),,,,,,
,201011,4京2,5,新馬,ニホンピロタイズ,,牡,2,酒井学, 55 ,14,11,"  ","  ","  ","  ",,12,６,芝,1800,A,稍,0,,(栗),大橋勇樹,1507,1.0,,10,8,36.8,50.4,*,52.70,50.7,0.6,462,,,(74.9),,,,,,
,201011,4京2,5,新馬,ラインポラリス,,牡,2,岩田康誠, 55 ,14,3,"  ","  ","  ","  ",,6,７,芝,1800,A,稍,0,,(栗),松永昌博,1507,1.0,,5,4,37.2,48.8,*,52.70,50.7,0.2,478,,,(18.2),,,,,,
,201011,4京2,5,新馬,ガリレオインパクト,,牝,2,川田将雅, 54 ,14,7,"  ","  ","  ","  ",,1,８,芝,1800,A,稍,0,,(栗),中内田充,1507,1.0,,7,8,36.9,50.0,*,52.70,50.7,0.5,444,,,(2.8),,,,,,
,201011,4京2,5,新馬,ノーブルアイランド,,牡,2,川又賢治, 55 ,14,9,"  ","  ","  ","  ",,8,９,芝,1800,A,稍,0,,(栗),宮本博,1508,1.1,,2,2,37.4,48.1,,52.70,50.7,0.1,470,,,(33.2),,,,,,
,201011,4京2,5,新馬,ダッシュダクラウン,,牡,2,富田暁,54☆,14,13,"  ","  ","  ","  ",,10,10,芝,1800,A,稍,0,,(栗),武英智,1509,1.2,,13,12,36.5,51.9,*,52.70,50.7,1.1,460,,,(60.8),,,,,,
,201011,4京2,5,新馬,アルーブルト,,牡,2,幸英明, 55 ,14,12,"  ","  ","  ","  ",,5,11,芝,1800,A,稍,0,,(栗),西浦勝一,1515,1.8,,2,3,38.1,46.3,,52.70,50.7,0.1,460,,,(15.0),,,,,,
,201011,4京2,5,新馬,ダノングロッケン,,牡,2,松若風馬, 55 ,14,2,"  ","  ","  ","  ",,9,12,芝,1800,A,稍,0,,(栗),千田輝彦,1524,2.7,,12,12,38.1,47.5,,52.70,50.7,1.0,530,,,(42.0),,,,,,
,201011,4京2,5,新馬,アーデントバローズ,,牡,2,浜中俊, 55 ,14,8,"  ","  ","  ","  ",,13,13,芝,1800,A,稍,0,,(栗),角田晃一,1537,4.0,,2,10,40.1,41.8,,52.70,50.7,0.3,476,,,(83.6),,,,,,
,201011,4京2,5,新馬,ウインバシリス,,牝,2,泉谷楓真,51▲,14,14,"  ","  ","  ","  ",,14,14,芝,1800,A,稍,0,,(栗),加用正,1583,8.6,,14,14,42.0,40.8,,52.70,50.7,3.0,470,,,(120.5),,,,,,
,201011,4京2,4,新馬・牝,オプティミスモ,,牝,2,藤井勘一, 54 ,16,12,"  ","  ","  ","  ",,12,１,芝,1400,A,稍,700,*,(栗),石坂公一,1233,-0.0,,3,2,35.8,49.5,*,49.90,48.1,0.3,420,,,9710,1430,1220,13420,34940,21950,351270
,201011,4京2,4,新馬・牝,シャーレイポピー,,牝,2,池添謙一, 54 ,16,7,"  ","  ","  ","  ",,1,２,芝,1400,A,稍,280,*,(栗),石坂公一,1233,0.0,,5,5,35.6,50.5,*,49.90,48.1,0.5,426,,,(4.0),190,1220,13420,34940,21950,351270
,201011,4京2,4,新馬・牝,ローゼライト,,牝,2,福永祐一, 54 ,16,11,"  ","  ","  ","  ",,3,３,芝,1400,A,稍,180,,(栗),清水久詞,1236,0.3,,5,5,35.9,49.7,*,49.90,48.1,0.5,430,,,(6.0),200,,,,21950,351270
,201011,4京2,4,新馬・牝,クラウディベイ,,牝,2,川田将雅, 54 ,16,2,"  ","  ","  ","  ",,2,４,芝,1400,A,稍,110,,(栗),友道康夫,1238,0.5,,3,4,36.4,47.7,*,49.90,48.1,0.2,464,,,(4.2),,,,,,
,201011,4京2,4,新馬・牝,テリーヌ,,牝,2,松山弘平, 54 ,16,3,"  ","  ","  ","  ",,7,５,芝,1400,A,稍,70,,(栗),長谷川浩,1240,0.7,,5,7,36.3,48.6,*,49.90,48.1,0.5,404,,,(17.9),,,,,,
,201011,4京2,4,新馬・牝,メイショウヒゾッコ,,牝,2,酒井学, 54 ,16,8,"  ","  ","  ","  ",,15,６,芝,1400,A,稍,0,,(栗),石橋守,1241,0.8,,12,12,35.6,52.2,*,49.90,48.1,1.3,394,,,(106.4),,,,,,
,201011,4京2,4,新馬・牝,マニトゥーリン,,牝,2,北村友一, 54 ,16,6,"  ","  ","  ","  ",,9,７,芝,1400,A,稍,0,,(栗),吉田直弘,1242,0.9,,1,1,37.0,45.7,*,49.90,48.1,0.0,422,,,(29.1),,,,,,
,201011,4京2,4,新馬・牝,マラムコーブ,,牝,2,藤岡康太, 54 ,16,14,"  ","  ","  ","  ",,4,８,芝,1400,A,稍,0,,(栗),西園正都,1246,1.3,,2,2,37.4,44.7,,49.90,48.1,0.0,432,,,(7.4),,,,,,
,201011,4京2,4,新馬・牝,ガールズヒロイン,,牝,2,国分優作, 54 ,16,9,"  ","  ","  ","  ",,13,９,芝,1400,A,稍,0,,(栗),湯窪幸雄,1247,1.4,,8,8,36.8,47.6,,49.90,48.1,0.7,438,,,(98.3),,,,,,
,201011,4京2,4,新馬・牝,アーサーズシスター,,牝,2,浜中俊, 54 ,16,16,"  ","  ","  ","  ",,10,10,芝,1400,A,稍,0,,(栗),武幸四郎,1249,1.6,,15,14,35.9,52.4,*,49.90,48.1,1.8,436,,,(43.3),,,,,,
,201011,4京2,4,新馬・牝,グレイシャーパーク,,牝,2,和田竜二, 54 ,16,1,"  ","  ","  ","  ",,6,11,芝,1400,A,稍,0,,(栗),高橋義忠,1252,1.9,,8,8,37.3,46.3,,49.90,48.1,0.7,464,,,(13.8),,,,,,
,201011,4京2,4,新馬・牝,ブリリアントウェイ,,牝,2,藤岡佑介, 54 ,16,15,"  ","  ","  ","  ",,8,12,芝,1400,A,稍,0,,(栗),武英智,1252,1.9,,16,16,35.9,53.0,*,49.90,48.1,2.1,422,,,(23.9),,,,,,
,201011,4京2,4,新馬・牝,メイショウサチヒメ,,牝,2,富田暁,53☆,16,13,"  ","  ","  ","  ",,14,13,芝,1400,A,稍,0,,(栗),松永昌博,1258,2.5,,8,8,37.9,44.8,,49.90,48.1,0.7,428,,,(104.9),,,,,,
,201011,4京2,4,新馬・牝,ワイドアウェイク,,牝,2,幸英明, 54 ,16,5,"  ","  ","  ","  ",,5,14,芝,1400,A,稍,0,,(栗),加用正,1259,2.6,,13,13,37.2,48.2,,49.90,48.1,1.5,494,,,(8.5),,,,,,
,201011,4京2,4,新馬・牝,グルーヴィカグヤ,,牝,2,松若風馬, 54 ,16,10,"  ","  ","  ","  ",,11,15,芝,1400,A,稍,0,,(栗),池添学,1259,2.6,,14,14,37.0,49.1,,49.90,48.1,1.7,474,,,(59.6),,,,,,
,201011,4京2,4,新馬・牝,ペーパードライバー,,牝,2,水口優也, 54 ,16,4,"  ","  ","  ","  ",,16,16,芝,1400,A,稍,0,,(栗),浜田多実,1265,3.2,,11,11,38.3,44.4,,49.90,48.1,1.0,444,,,(237.5),,,,,,
,201011,4京2,3,新馬,ドンカポノ,,牡,2,北村友一, 55 ,11,6,"  ","  ","  ","  ",,2,１,ダ,1800,,重,700,,(栗),庄野靖志,1523,-0.2,2,2,2,37.2,50.9,*,49.60,50.5,0.1,510,,,580,150,420,2150,4000,1000,10440
,201011,4京2,3,新馬,アレグリッシモ,,牡,2,松若風馬, 55 ,11,10,"  ","  ","  ","  ",,4,２,ダ,1800,,重,280,,(栗),杉山晴紀,1525,0.2,1,1,1,37.5,50.0,*,49.60,50.5,0.0,480,,,(7.9),160,420,2150,4000,1000,10440
,201011,4京2,3,新馬,ジョークラッシャー,,セ,2,松山弘平, 55 ,11,11,"  ","  ","  ","  ",,1,３,ダ,1800,,重,180,,(栗),大久保龍,1536,1.3,6,2,2,38.4,47.9,*,49.60,50.5,0.2,536,,,(1.8),110,,,,1000,10440
,201011,4京2,3,新馬,トリニタリアニズム,,牡,2,岩田康誠, 55 ,11,8,"  ","  ","  ","  ",,6,４,ダ,1800,,重,110,,(栗),高野友和,1545,2.2,3,4,4,39.1,46.4,,49.60,50.5,0.4,494,,,(21.6),,,,,,
,201011,4京2,3,新馬,シグネチャーセル,,牡,2,和田竜二, 55 ,11,2,"  ","  ","  ","  ",,3,５,ダ,1800,,重,70,,(栗),小崎憲,1545,2.2,3,4,4,39.1,46.4,,49.60,50.5,0.4,488,,,(6.5),,,,,,
,201011,4京2,3,新馬,ツウカイアペックス,,牡,2,太宰啓介, 55 ,11,7,"  ","  ","  ","  ",,8,６,ダ,1800,,重,0,,(栗),千田輝彦,1550,2.7,3,4,4,39.5,45.6,,49.60,50.5,0.5,468,,,(55.8),,,,,,
,201011,4京2,3,新馬,インバシオン,,牡,2,幸英明, 55 ,11,4,"  ","  ","  ","  ",,7,７,ダ,1800,,重,0,,(栗),鮫島一歩,1550,2.7,9,11,10,38.3,50.1,*,49.60,50.5,1.7,488,,,(27.3),,,,,,
,201011,4京2,3,新馬,ジューンゴゼン,,牝,2,国分優作, 54 ,11,1,"  ","  ","  ","  ",,10,８,ダ,1800,,重,0,,(栗),坂口智康,1559,3.6,7,7,7,40.2,44.2,,49.60,50.5,0.7,456,,,(91.1),,,,,,
,201011,4京2,3,新馬,マサノムサシ,,セ,2,国分恭介, 55 ,11,5,"  ","  ","  ","  ",,11,９,ダ,1800,,重,0,,(栗),五十嵐忠,1567,4.4,11,9,7,40.7,43.4,,49.60,50.5,1.0,444,,,(184.8),,,,,,
,201011,4京2,3,新馬,ディープギンガ,,牡,2,藤岡康太, 55 ,11,9,"  ","  ","  ","  ",,5,10,ダ,1800,,重,0,,(栗),本田優,1581,5.8,9,10,11,41.8,41.3,,49.60,50.5,1.3,504,,,(16.1),,,,,,
,201011,4京2,3,新馬,ブレイリーマックス,,牡,2,泉谷楓真,52▲,11,3,"  ","  ","  ","  ",,9,11,ダ,1800,,重,0,,(栗),上村洋行,1588,6.5,7,7,9,43.0,38.1,,49.60,50.5,0.8,462,,,(74.4),,,,,,
,201011,4京2,2,未勝利*,カスティーリャ,,牡,2,松山弘平, 55 ,10,1,"  ","  ","  ","  ",,1,１,芝,1600,A,稍,510,,(栗),橋口慎介,1364,-0.2,,3,4,36.1,50.2,*,50.53,48.9,0.3,432,+6,,170,110,4290,3700,5030,5690,23470
,201011,4京2,2,未勝利*,リツィタル,,牝,2,和田竜二, 54 ,10,6,"  ","  ","  ","  ",,5,２,芝,1600,A,稍,200,*,(栗),牧田和弥,1366,0.2,,8,7,36.0,51.0,*,50.53,48.9,0.6,400,-4,,(68.9),460,4290,3700,5030,5690,23470
,201011,4京2,2,未勝利*,シゲルソウサイ,,牡,2,池添謙一, 55 ,10,8,"  ","  ","  ","  ",,4,３,芝,1600,A,稍,130,,(栗),上村洋行,1368,0.4,,8,7,36.2,50.4,*,50.53,48.9,0.6,490,+10,,(11.1),180,,,,5690,23470
,201011,4京2,2,未勝利*,リスカム,,牡,2,藤岡佑介, 55 ,10,2,"  ","  ","  ","  ",,3,４,芝,1600,A,稍,77,,(栗),昆貢,1369,0.5,,1,1,36.9,47.6,*,50.53,48.9,0.0,478,+2,,(5.3),,,,,,
,201011,4京2,2,未勝利*,ヴェルナー,,牡,2,北村友一, 55 ,10,4,"  ","  ","  ","  ",,2,５,芝,1600,A,稍,51,,(栗),高野友和,1371,0.7,,7,7,36.6,49.2,*,50.53,48.9,0.5,522,+6,,(3.7),,,,,,
,201011,4京2,2,未勝利*,アサケレディ,,牝,2,酒井学, 54 ,10,7,"  ","  ","  ","  ",,7,６,芝,1600,A,稍,0,,(栗),大橋勇樹,1373,0.9,,5,5,36.9,48.2,*,50.53,48.9,0.4,454,0,,(86.5),,,,,,
,201011,4京2,2,未勝利*,リュウールドレ,,牝,2,岩田康誠, 54 ,10,3,"  ","  ","  ","  ",,8,７,芝,1600,A,稍,0,*,(栗),牧田和弥,1373,0.9,,10,10,36.3,50.8,*,50.53,48.9,1.0,400,+2,,(136.6),,,,,,
,201011,4京2,2,未勝利*,ピエナパプリカ,,牡,2,太宰啓介, 55 ,10,5,"  ","  ","  ","  ",,9,８,芝,1600,A,稍,0,,(栗),渡辺薫彦,1380,1.6,,2,2,37.9,45.1,,50.53,48.9,0.1,446,+2,,(137.5),,,,,,
,201011,4京2,2,未勝利*,パピードッグ,,牝,2,松若風馬, 54 ,10,10,"  ","  ","  ","  ",,10,９,芝,1600,A,稍,0,,(栗),加用正,1380,1.6,,3,2,37.8,45.6,,50.53,48.9,0.2,466,+2,,(262.0),,,,,,
,201011,4京2,2,未勝利*,マジックランプ,,牝,2,小牧太, 54 ,10,9,"  ","  ","  ","  ",,6,10,芝,1600,A,稍,0,,(栗),服部利之,1381,1.7,,5,5,37.7,46.1,,50.53,48.9,0.4,478,-2,,(84.4),,,,,,
,201011,4京2,1,未勝利*,ショウナンバサロ,,牡,2,浜中俊, 55 ,16,3,"  ","  ","  ","  ",,10,１,ダ,1200,,重,510,,(栗),吉村圭司,1118,-0.0,,1,1,37.1,43.5,*,46.37,43.5,0.0,472,-2,,2110,550,1610,10630,21960,40610,328670
,201011,4京2,1,未勝利*,ドローム,,牝,2,国分優作, 54 ,16,15,"  ","  ","  ","  ",,7,２,ダ,1200,,重,200,,(栗),飯田雄三,1118,0.0,,4,4,36.7,45.6,*,46.37,43.5,0.4,454,-2,,(11.0),340,1610,10630,21960,40610,328670
,201011,4京2,1,未勝利*,スギノマジェスティ,,牡,2,池添謙一, 55 ,16,4,"  ","  ","  ","  ",,6,３,ダ,1200,,重,130,,(栗),上村洋行,1120,0.2,,12,9,36.0,50.0,*,46.37,43.5,1.3,450,+4,,(10.2),440,,,,40610,328670
,201011,4京2,1,未勝利*,ミヤジオシャラク,,牝,2,和田竜二, 54 ,16,10,"  ","  ","  ","  ",,5,４,ダ,1200,,重,77,,(栗),川村禎彦,1121,0.3,,7,7,36.8,45.9,*,46.37,43.5,0.6,480,+4,,(10.2),,,,,,
,201011,4京2,1,未勝利*,イルデレーヴ,,牡,2,北村友一, 55 ,16,13,"  ","  ","  ","  ",,2,５,ダ,1200,,重,51,,(栗),池添学,1121,0.3,,4,6,36.9,45.4,*,46.37,43.5,0.5,476,+8,,(5.9),,,,,,
,201011,4京2,1,未勝利*,インテンスフレイム,,牡,2,藤岡康太, 55 ,16,16,"  ","  ","  ","  ",,4,６,ダ,1200,,重,0,,(栗),千田輝彦,1121,0.3,,8,8,36.7,46.5,*,46.37,43.5,0.7,494,+2,,(7.5),,,,,,
,201011,4京2,1,未勝利*,トーホウスザク,,牡,2,松若風馬, 55 ,16,1,"  ","  ","  ","  ",,1,７,ダ,1200,,重,0,,(栗),谷潔,1126,0.8,,10,9,36.9,46.7,*,46.37,43.5,1.0,492,+6,,(4.9),,,,,,
,201011,4京2,1,未勝利*,ビーアップ,,牝,2,国分恭介, 54 ,16,2,"  ","  ","  ","  ",,12,８,ダ,1200,,重,0,,(栗),五十嵐忠,1127,0.9,,12,9,36.7,48.1,*,46.37,43.5,1.3,454,0,,(55.6),,,,,,
,201011,4京2,1,未勝利*,タガノミューコ,,牝,2,岡田祥嗣, 54 ,16,6,"  ","  ","  ","  ",,13,９,ダ,1200,,重,0,,(栗),浅見秀一,1128,1.0,,10,13,37.0,46.8,*,46.37,43.5,1.1,460,+6,,(154.4),,,,,,
,201011,4京2,1,未勝利*,アイファーパンサー,,牝,2,水口優也, 54 ,16,9,"  ","  ","  ","  ",,16,10,ダ,1200,,重,0,,(栗),服部利之,1129,1.1,,14,14,36.6,49.2,*,46.37,43.5,1.6,422,+12,,(455.1),,,,,,
,201011,4京2,1,未勝利*,キャンユーキッス,,牝,2,松山弘平, 54 ,16,8,"  ","  ","  ","  ",,3,11,ダ,1200,,重,0,,(栗),鈴木孝志,1131,1.3,,2,2,38.2,41.4,,46.37,43.5,0.2,426,0,,(6.2),,,,,,
,201011,4京2,1,未勝利*,ニホンピロメドウ,,牝,2,和田翼, 54 ,16,5,"  ","  ","  ","  ",,14,12,ダ,1200,,重,0,,(栗),大橋勇樹,1131,1.3,,16,15,36.6,49.7,*,46.37,43.5,1.8,468,+6,,(219.3),,,,,,
,201011,4京2,1,未勝利*,マテンロウルビー,,牝,2,福永祐一, 54 ,16,12,"  ","  ","  ","  ",,9,13,ダ,1200,,重,0,,(栗),野中賢二,1133,1.5,,4,4,38.2,41.9,,46.37,43.5,0.4,442,+2,,(18.1),,,,,,
,201011,4京2,1,未勝利*,シンゼンシャイン,,牡,2,幸英明, 55 ,16,11,"  ","  ","  ","  ",,8,14,ダ,1200,,重,0,,(栗),飯田祐史,1138,2.0,,2,3,38.8,40.2,,46.37,43.5,0.3,484,-6,,(13.2),,,,,,
,201011,4京2,1,未勝利*,タマモメルヘン,,牝,2,泉谷楓真,51▲,16,7,"  ","  ","  ","  ",,11,15,ダ,1200,,重,0,,(栗),南井克巳,1142,2.4,,14,16,37.9,45.8,,46.37,43.5,1.6,470,-2,,(33.6),,,,,,
,201011,4京2,1,未勝利*,スプリングローズ,,牝,2,富田暁,53☆,16,14,"  ","  ","  ","  ",,15,16,ダ,1200,,重,0,,(栗),木原一良,1147,2.9,,8,9,39.2,40.6,,46.37,43.5,0.8,428,+4,,(387.0),,,,,,
,201010,4京1,12,２勝ｸﾗｽ・牝,ハギノリュクス,,牝,3,福永祐一, 53 ,16,6,"  ","  ","  ","  ",,1,１,ダ,1800,,不,1100,,(栗),松田国英,1493,-0.2,2,2,2,36.8,48.5,*,48.83,47.7,0.2,444,+2,,170,110,450,580,840,12540,27920
,201010,4京1,12,２勝ｸﾗｽ・牝,リネンファッション,,牝,3,秋山真一, 53 ,16,4,"  ","  ","  ","  ",,3,２,ダ,1800,,不,440,,(栗),坂口智康,1495,0.2,1,1,1,37.2,47.2,*,48.83,47.7,0.0,446,0,,(5.6),200,450,580,840,12540,27920
,201010,4京1,12,２勝ｸﾗｽ・牝,バラーディスト,,牝,4,岩田康誠, 55 ,16,8,"  ","  ","  ","  ",,12,３,ダ,1800,,不,280,,(栗),石坂正,1498,0.5,13,13,10,36.4,50.8,*,48.83,47.7,1.1,488,+4,,(104.3),1080,,,,12540,27920
,201010,4京1,12,２勝ｸﾗｽ・牝,メリッサーニ,,牝,5,川須栄彦, 55 ,16,3,"  ","  ","  ","  ",,5,４,ダ,1800,,不,170,,(栗),笹田和秀,1499,0.6,9,9,8,36.8,49.3,*,48.83,47.7,0.8,500,+4,,(27.1),,,,,,
,201010,4京1,12,２勝ｸﾗｽ・牝,ジョウショーリード,,牝,3,国分恭介, 53 ,16,1,"  ","  ","  ","  ",,4,５,ダ,1800,,不,110,,(栗),服部利之,1499,0.6,6,7,8,37.1,48.1,*,48.83,47.7,0.5,476,+6,,(9.1),,,,,,
,201010,4京1,12,２勝ｸﾗｽ・牝,スズカスマート,,牝,6,太宰啓介, 55 ,16,9,"  ","  ","  ","  ",,13,６,ダ,1800,,不,0,,(栗),大橋勇樹,1502,0.9,15,16,15,36.4,51.4,*,48.83,47.7,1.5,504,0,,(117.3),,,,,,
,201010,4京1,12,２勝ｸﾗｽ・牝,スマートアリエル,,牝,3,泉谷楓真,50▲,16,15,"  ","  ","  ","  ",,2,７,ダ,1800,,不,0,,(栗),角居勝彦,1502,0.9,6,5,4,37.4,47.3,*,48.83,47.7,0.5,470,+2,,(4.8),,,,,,
,201010,4京1,12,２勝ｸﾗｽ・牝,シゲルマツタケ,,牝,5,富田暁,54☆,16,10,"  ","  ","  ","  ",,11,８,ダ,1800,,不,0,,(栗),谷潔,1505,1.2,13,13,13,37.0,49.3,*,48.83,47.7,1.2,458,+12,,(86.2),,,,,,
,201010,4京1,12,２勝ｸﾗｽ・牝,アスターストーリー,,牝,6,小崎綾也, 55 ,16,12,"  ","  ","  ","  ",,16,９,ダ,1800,,不,0,*,(栗),湯窪幸雄,1505,1.2,5,5,4,37.8,46.2,,48.83,47.7,0.4,472,0,,(365.1),,,,,,
,201010,4京1,12,２勝ｸﾗｽ・牝,ムーンザムーン,,牝,6,松山弘平, 55 ,16,11,"  ","  ","  ","  ",,6,10,ダ,1800,,不,0,,(栗),大久保龍,1509,1.6,16,13,13,37.4,48.3,,48.83,47.7,1.2,500,+10,,(32.8),,,,,,
,201010,4京1,12,２勝ｸﾗｽ・牝,メモリーコバルト,,牝,5,幸英明, 55 ,16,7,"  ","  ","  ","  ",,8,11,ダ,1800,,不,0,*,(栗),湯窪幸雄,1510,1.7,3,2,3,38.4,44.5,,48.83,47.7,0.3,480,0,,(53.7),,,,,,
,201010,4京1,12,２勝ｸﾗｽ・牝,ルプレジール,,牝,4,松若風馬, 55 ,16,2,"  ","  ","  ","  ",,15,12,ダ,1800,,不,0,,(栗),新谷功一,1510,1.7,3,4,4,38.4,44.5,,48.83,47.7,0.3,504,+6,,(181.7),,,,,,
,201010,4京1,12,２勝ｸﾗｽ・牝,フワトロ,,牝,5,丸田恭介, 55 ,16,16,"  ","  ","  ","  ",,7,13,ダ,1800,,不,0,,(栗),奥村豊,1515,2.2,9,7,7,38.6,44.4,,48.83,47.7,0.6,492,+4,,(46.3),,,,,,
,201010,4京1,12,２勝ｸﾗｽ・牝,メイショウアステカ,,牝,4,団野大成,54☆,16,13,"  ","  ","  ","  ",,10,14,ダ,1800,,不,0,,(栗),武幸四郎,1521,2.8,8,9,10,38.9,44.1,,48.83,47.7,0.9,508,+6,,(84.7),,,,,,
,201010,4京1,12,２勝ｸﾗｽ・牝,アマリリステソーロ,,牝,4,藤岡佑介, 55 ,16,14,"  ","  ","  ","  ",,14,15,ダ,1800,,不,0,,(栗),高橋康之,1531,3.8,11,11,10,39.8,42.1,,48.83,47.7,1.0,446,+6,,(156.4),,,,,,
,201010,4京1,12,２勝ｸﾗｽ・牝,ヘイセイラスト,,牝,4,酒井学, 55 ,16,5,"  ","  ","  ","  ",,9,16,ダ,1800,,不,0,,(栗),羽月友彦,1563,7.0,11,11,16,42.9,35.5,,48.83,47.7,1.1,522,-20,,(55.9),,,,,,
,201010,4京1,11,オパーＨ(L),リバティハイツ,,牝,5,団野大成, 53 ,18,8,"  ","  ","  ","  ",,3,１,芝,1200,A,重,2500,,(栗),高野友和,1086,-0.1,,7,6,34.6,48.3,*,47.13,42.7,1.0,472,+8,B,730,270,1810,2240,4620,27870,118150
,201010,4京1,11,オパーＨ(L),ケープコッド,,牝,3,酒井学, 51 ,18,2,"  ","  ","  ","  ",,1,２,芝,1200,A,重,1000,,(美),高柳瑞樹,1087,0.1,,3,3,35.1,45.7,*,47.13,42.7,0.6,482,-4,,(4.8),220,1810,2240,4620,27870,118150
,201010,4京1,11,オパーＨ(L),トウショウピスト,,牡,8,国分恭介, 53 ,18,4,"  ","  ","  ","  ",,15,３,芝,1200,A,重,630,,(美),土田稔,1091,0.5,,7,8,35.0,47.4,*,47.13,42.7,1.1,482,-4,,(41.9),790,,,,27870,118150
,201010,4京1,11,オパーＨ(L),アマルフィコースト,,牝,5,藤岡佑介, 53 ,18,6,"  ","  ","  ","  ",,5,４,芝,1200,A,重,380,,(栗),牧田和弥,1092,0.6,,5,4,35.3,46.0,*,47.13,42.7,0.9,478,+10,,(8.9),,,,,,
,201010,4京1,11,オパーＨ(L),タマモメイトウ,,牡,4,藤岡康太, 53 ,18,1,"  ","  ","  ","  ",,12,５,芝,1200,A,重,250,,(栗),藤岡健一,1093,0.7,,14,13,34.7,49.7,*,47.13,42.7,1.6,488,-2,,(26.9),,,,,,
,201010,4京1,11,オパーＨ(L),プリディカメント,,牝,5,浜中俊, 52 ,18,17,"  ","  ","  ","  ",,6,６,芝,1200,A,重,0,,(栗),吉村圭司,1094,0.8,,16,16,34.2,52.9,*,47.13,42.7,2.2,518,-2,,(9.7),,,,,,
,201010,4京1,11,オパーＨ(L),メジェールスー,,牝,5,岡田祥嗣, 52 ,18,11,"  ","  ","  ","  ",,10,７,芝,1200,A,重,0,,(栗),藤原英昭,1094,0.8,,7,10,35.3,46.6,*,47.13,42.7,1.1,476,+6,,(21.1),,,,,,
,201010,4京1,11,オパーＨ(L),エイシンデネブ,,牝,5,幸英明, 53 ,18,15,"  ","  ","  ","  ",,7,８,芝,1200,A,重,0,,(栗),坂口智康,1095,0.9,,18,18,34.0,54.4,*,47.13,42.7,2.5,440,+10,,(16.0),,,,,,
,201010,4京1,11,オパーＨ(L),カツジ,,牡,5,松山弘平, 56 ,18,3,"  ","  ","  ","  ",,8,９,芝,1200,A,重,0,*,(栗),池添兼雄,1098,1.2,,11,11,35.5,46.6,,47.13,42.7,1.3,498,-2,,(18.1),,,,,,
,201010,4京1,11,オパーＨ(L),フェルトベルク,,牝,6,藤懸貴志, 52 ,18,12,"  ","  ","  ","  ",,17,10,芝,1200,A,重,0,,(栗),荒川義之,1099,1.3,,15,15,35.1,49.1,,47.13,42.7,1.8,456,0,,(60.8),,,,,,
,201010,4京1,11,オパーＨ(L),アスタールビー,,牝,4,古川吉洋, 53 ,18,14,"  ","  ","  ","  ",,4,11,芝,1200,A,重,0,,(栗),南井克巳,1099,1.3,,5,6,36.0,44.2,,47.13,42.7,0.9,442,-8,,(7.8),,,,,,
,201010,4京1,11,オパーＨ(L),イエローマリンバ,,牝,5,川須栄彦, 53 ,18,9,"  ","  ","  ","  ",,13,12,芝,1200,A,重,0,,(栗),河内洋,1099,1.3,,1,1,36.9,39.4,,47.13,42.7,0.0,450,+4,,(33.1),,,,,,
,201010,4京1,11,オパーＨ(L),ミッキースピリット,,牡,4,松若風馬, 54 ,18,7,"  ","  ","  ","  ",,11,13,芝,1200,A,重,0,,(栗),音無秀孝,1100,1.4,,11,13,35.7,46.1,,47.13,42.7,1.3,492,+2,,(23.8),,,,,,
,201010,4京1,11,オパーＨ(L),ヤマカツマーメイド,,牝,3,池添謙一, 51 ,18,13,"  ","  ","  ","  ",,2,14,芝,1200,A,重,0,*,(栗),池添兼雄,1101,1.5,,7,8,36.1,44.2,,47.13,42.7,1.0,480,0,,(6.6),,,,,,
,201010,4京1,11,オパーＨ(L),アリンナ,,牝,6,秋山真一, 51 ,18,5,"  ","  ","  ","  ",,14,15,芝,1200,A,重,0,,(美),上原博之,1101,1.5,,16,16,35.0,50.3,*,47.13,42.7,2.1,440,-4,,(40.9),,,,,,
,201010,4京1,11,オパーＨ(L),メイソンジュニア,,牡,6,和田竜二, 54 ,18,10,"  ","  ","  ","  ",,18,16,芝,1200,A,重,0,,(栗),渡辺薫彦,1105,1.9,,11,11,36.2,44.8,,47.13,42.7,1.3,510,+14,B,(89.2),,,,,,
,201010,4京1,11,オパーＨ(L),レジェーロ,,牝,3,丸田恭介, 51 ,18,16,"  ","  ","  ","  ",,9,17,芝,1200,A,重,0,,(栗),西村真幸,1109,2.3,,3,4,37.2,40.6,,47.13,42.7,0.7,416,+14,,(20.7),,,,,,
,201010,4京1,11,オパーＨ(L),エレナアヴァンティ,,牝,3,田中健, 50 ,18,18,"  ","  ","  ","  ",,16,18,芝,1200,A,重,0,,(美),宗像義忠,1115,2.9,,2,2,38.4,36.2,,47.13,42.7,0.1,454,0,,(52.0),,,,,,
,201010,4京1,10,長岡京Ｓ･3勝,メイショウオーパス,,牡,5,幸英明, 57 ,11,4,"  ","  ","  ","  ",,4,１,芝,1400,A,不,1820,,(栗),飯田祐史,1218,-0.2,,10,10,34.7,51.8,*,50.00,48.3,0.7,516,0,,650,210,1090,5800,8650,24100,121590
,201010,4京1,10,長岡京Ｓ･3勝,シャイニーロック,,牡,4,団野大成, 57 ,11,8,"  ","  ","  ","  ",,9,２,芝,1400,A,不,730,,(栗),佐々木晶,1220,0.2,,7,7,35.2,49.7,*,50.00,48.3,0.4,506,0,,(20.4),580,1090,5800,8650,24100,121590
,201010,4京1,10,長岡京Ｓ･3勝,ジョーアラビカ,,牡,6,川田将雅, 57 ,11,11,"  ","  ","  ","  ",,8,３,芝,1400,A,不,460,,(栗),清水久詞,1221,0.3,,6,2,35.5,48.5,*,50.00,48.3,0.2,498,+2,,(15.1),360,,,,24100,121590
,201010,4京1,10,長岡京Ｓ･3勝,ヤマニンペダラーダ,,牡,6,小崎綾也, 57 ,11,2,"  ","  ","  ","  ",,10,４,芝,1400,A,不,270,,(栗),浅見秀一,1222,0.4,,10,10,35.2,50.1,*,50.00,48.3,0.6,470,0,,(44.7),,,,,,
,201010,4京1,10,長岡京Ｓ･3勝,シトラスノート,,牝,4,岩田康誠, 55 ,11,5,"  ","  ","  ","  ",,7,５,芝,1400,A,不,182,,(栗),石坂正,1222,0.4,,7,7,35.4,49.2,*,50.00,48.3,0.4,460,+6,,(13.1),,,,,,
,201010,4京1,10,長岡京Ｓ･3勝,メイショウチタン,,牡,3,松山弘平, 55 ,11,1,"  ","  ","  ","  ",,3,６,芝,1400,A,不,0,,(栗),本田優,1222,0.4,,3,5,35.5,48.7,*,50.00,48.3,0.3,464,+2,,(5.0),,,,,,
,201010,4京1,10,長岡京Ｓ･3勝,ジュランビル,,牝,4,和田竜二, 55 ,11,6,"  ","  ","  ","  ",,2,７,芝,1400,A,不,0,,(栗),寺島良,1223,0.5,,3,2,35.7,47.9,*,50.00,48.3,0.2,472,+16,,(4.9),,,,,,
,201010,4京1,10,長岡京Ｓ･3勝,フォックスクリーク,,牡,5,藤岡佑介, 57 ,11,7,"  ","  ","  ","  ",,11,８,芝,1400,A,不,0,,(栗),中内田充,1225,0.7,,1,1,36.1,46.4,*,50.00,48.3,0.0,476,+4,,(76.9),,,,,,
,201010,4京1,10,長岡京Ｓ･3勝,トウカイオラージュ,,牡,4,松若風馬, 57 ,11,3,"  ","  ","  ","  ",,6,９,芝,1400,A,不,0,,(栗),長谷川浩,1227,0.9,,3,5,36.1,46.8,*,50.00,48.3,0.2,488,+10,,(12.5),,,,,,
,201010,4京1,10,長岡京Ｓ･3勝,ガゼボ,,牡,5,池添謙一, 57 ,11,9,"  ","  ","  ","  ",,1,10,芝,1400,A,不,0,,(栗),石坂公一,1229,1.1,,7,7,36.0,47.7,,50.00,48.3,0.5,542,+12,,(3.4),,,,,,
,201010,4京1,10,長岡京Ｓ･3勝,ブルスクーロ,,牡,4,福永祐一, 57 ,11,10,"  ","  ","  ","  ",,5,11,芝,1400,A,不,0,,(栗),池添学,1235,1.7,,2,2,37.0,44.3,,50.00,48.3,0.1,522,-4,B,(10.4),,,,,,
,201010,4京1,9,高雄特Ｈ･2勝,ディアマンミノル,,牡,3,和田竜二, 53 ,9,3,"  ","  ","  ","  ",,1,１,芝,2400,A,不,1500,,(栗),本田優,2288,-0.1,7,4,3,37.3,49.6,*,50.23,48.9,0.2,464,+4,,330,140,5350,7320,9600,6930,56960
,201010,4京1,9,高雄特Ｈ･2勝,ピッツィカート,,セ,7,団野大成, 54 ,9,7,"  ","  ","  ","  ",,9,２,芝,2400,A,不,600,,(栗),音無秀孝,2289,0.1,9,9,9,36.7,51.9,*,50.23,48.9,0.9,468,-8,,(50.3),500,5350,7320,9600,6930,56960
,201010,4京1,9,高雄特Ｈ･2勝,ダンシングリッチー,,牡,3,松山弘平, 53 ,9,2,"  ","  ","  ","  ",,3,３,芝,2400,A,不,380,,(栗),長谷川浩,2291,0.3,4,4,6,37.5,49.2,*,50.23,48.9,0.3,464,+14,,(3.8),150,,,,6930,56960
,201010,4京1,9,高雄特Ｈ･2勝,ドゥラモット,,牝,3,丸田恭介, 50 ,9,6,"  ","  ","  ","  ",,4,４,芝,2400,A,不,230,,(栗),安田隆行,2293,0.5,2,3,2,37.9,48.0,*,50.23,48.9,0.1,470,+4,,(8.4),,,,,,
,201010,4京1,9,高雄特Ｈ･2勝,プランドラー,,牡,4,藤岡康太, 56 ,9,4,"  ","  ","  ","  ",,6,５,芝,2400,A,不,150,,(栗),池江泰寿,2293,0.5,4,6,5,37.8,48.3,*,50.23,48.9,0.2,494,+8,,(9.6),,,,,,
,201010,4京1,9,高雄特Ｈ･2勝,エレヴァルアスール,,牡,4,松若風馬, 54 ,9,8,"  ","  ","  ","  ",,7,６,芝,2400,A,不,0,,(栗),鈴木孝志,2293,0.5,3,2,1,38.0,47.6,*,50.23,48.9,0.0,496,+6,B,(27.5),,,,,,
,201010,4京1,9,高雄特Ｈ･2勝,イチダイ,,牡,7,古川吉洋, 54 ,9,1,"  ","  ","  ","  ",,8,７,芝,2400,A,不,0,,(美),柄崎孝,2296,0.8,7,8,6,37.8,48.6,*,50.23,48.9,0.5,530,-4,B,(37.4),,,,,,
,201010,4京1,9,高雄特Ｈ･2勝,トウカイデュエル,,牡,3,酒井学, 53 ,9,5,"  ","  ","  ","  ",,5,８,芝,2400,A,不,0,,(栗),田所秀孝,2302,1.4,6,6,6,38.6,46.4,,50.23,48.9,0.3,464,+4,,(8.9),,,,,,
,201010,4京1,9,高雄特Ｈ･2勝,アルサトワ,,牡,3,幸英明, 54 ,9,9,"  ","  ","  ","  ",,2,９,芝,2400,A,不,0,,(栗),斉藤崇史,2341,5.3,1,1,3,42.8,36.7,,50.23,48.9,0.0,504,+2,,(3.6),,,,,,
,201010,4京1,8,１勝ｸﾗｽ,オヌシナニモノ,,牡,3,松若風馬, 55 ,14,1,"  ","  ","  ","  ",,3,１,ダ,1200,,不,760,,(栗),高橋義忠,1095,-0.2,,1,1,35.7,44.7,*,46.57,44.7,0.0,462,+10,,730,190,1960,6590,10700,3010,37120
,201010,4京1,8,１勝ｸﾗｽ,グーテンモルゲン,,牡,4,国分恭介, 57 ,14,3,"  ","  ","  ","  ",,7,２,ダ,1200,,不,300,,(栗),牧田和弥,1097,0.2,,8,7,35.3,47.5,*,46.57,44.7,0.6,502,-8,,(26.6),260,1960,6590,10700,3010,37120
,201010,4京1,8,１勝ｸﾗｽ,マティアス,,牡,3,松山弘平, 55 ,14,6,"  ","  ","  ","  ",,1,３,ダ,1200,,不,190,,(栗),本田優,1099,0.4,,8,5,35.4,47.5,*,46.57,44.7,0.7,484,-6,,(2.4),140,,,,3010,37120
,201010,4京1,8,１勝ｸﾗｽ,クリノカサット,,牝,5,幸英明, 55 ,14,2,"  ","  ","  ","  ",,11,４,ダ,1200,,不,110,,(栗),藤沢則雄,1101,0.6,,3,4,36.0,44.7,*,46.57,44.7,0.3,476,+6,,(57.7),,,,,,
,201010,4京1,8,１勝ｸﾗｽ,ファイアーボーラー,,セ,4,藤岡康太, 57 ,14,8,"  ","  ","  ","  ",,9,５,ダ,1200,,不,76,,(栗),武幸四郎,1106,1.1,,3,2,36.5,43.4,*,46.57,44.7,0.3,450,-16,,(50.0),,,,,,
,201010,4京1,8,１勝ｸﾗｽ,メイショウロサン,,牡,4,古川吉洋, 57 ,14,11,"  ","  ","  ","  ",,13,６,ダ,1200,,不,0,,(栗),角田晃一,1108,1.3,,13,11,35.8,47.8,*,46.57,44.7,1.2,482,-2,,(237.6),,,,,,
,201010,4京1,8,１勝ｸﾗｽ,ルクスムンディー,,牡,5,川須栄彦, 57 ,14,5,"  ","  ","  ","  ",,8,７,ダ,1200,,不,0,,(栗),寺島良,1109,1.4,,10,10,36.2,45.9,,46.57,44.7,0.9,518,-4,B,(30.1),,,,,,
,201010,4京1,8,１勝ｸﾗｽ,アドバンスマルス,,牡,5,団野大成,56☆,14,4,"  ","  ","  ","  ",,5,８,ダ,1200,,不,0,,(栗),高柳大輔,1109,1.4,,5,7,36.6,43.7,,46.57,44.7,0.5,500,+6,,(11.3),,,,,,
,201010,4京1,8,１勝ｸﾗｽ,コウエイバクシン,,牡,3,岩田康誠, 55 ,14,12,"  ","  ","  ","  ",,4,９,ダ,1200,,不,0,*,(栗),森秀行,1112,1.7,,5,5,36.9,43.0,,46.57,44.7,0.5,446,+6,,(10.9),,,,,,
,201010,4京1,8,１勝ｸﾗｽ,グッドステージ,,牡,3,浜中俊, 55 ,14,13,"  ","  ","  ","  ",,12,10,ダ,1200,,不,0,,(栗),宮徹,1118,2.3,,2,2,37.8,39.9,,46.57,44.7,0.2,514,+2,,(179.7),,,,,,
,201010,4京1,8,１勝ｸﾗｽ,アメリカンニーニャ,,牝,3,泉谷楓真,50▲,14,10,"  ","  ","  ","  ",,10,11,ダ,1200,,不,0,,(栗),石坂公一,1120,2.5,,11,11,37.1,44.1,,46.57,44.7,1.1,522,+4,,(52.7),,,,,,
,201010,4京1,8,１勝ｸﾗｽ,ジャスパージャガー,,牡,3,池添謙一, 55 ,14,7,"  ","  ","  ","  ",,6,12,ダ,1200,,不,0,*,(栗),森秀行,1120,2.5,,14,14,36.7,46.2,,46.57,44.7,1.5,510,+10,,(21.6),,,,,,
,201010,4京1,8,１勝ｸﾗｽ,デュアルキャリアー,,牡,4,福永祐一, 57 ,14,14,"  ","  ","  ","  ",,2,13,ダ,1200,,不,0,,(栗),西村真幸,1125,3.0,,5,9,38.0,40.8,,46.57,44.7,0.7,536,-26,,(2.8),,,,,,
,201010,4京1,8,１勝ｸﾗｽ,サンレイファミリー,,牝,5,国分優作, 55 ,14,9,"  ","  ","  ","  ",,14,14,ダ,1200,,不,0,,(栗),西橋豊治,1138,4.3,,12,13,38.8,40.2,,46.57,44.7,1.2,412,+10,,(477.5),,,,,,
,201010,4京1,7,１勝ｸﾗｽ,マルモネオフォース,,牝,4,富田暁,54☆,8,3,"  ","  ","  ","  ",,3,１,芝,1800,A,不,760,,(栗),木原一良,1495,-0.1,,3,3,35.5,54.2,*,54.77,52.9,0.3,512,-2,,470,140,,1090,2260,2860,9920
,201010,4京1,7,１勝ｸﾗｽ,キラープレゼンス,,牝,4,福永祐一, 55 ,8,8,"  ","  ","  ","  ",,2,２,芝,1800,A,不,300,,(栗),高野友和,1496,0.1,,4,3,35.5,54.4,*,54.77,52.9,0.4,538,+28,,(4.5),170,,1090,2260,2860,9920
,201010,4京1,7,１勝ｸﾗｽ,タニノヨセミテ,,牝,3,幸英明, 53 ,8,1,"  ","  ","  ","  ",,5,３,芝,1800,A,不,190,,(栗),松田国英,1496,0.1,,5,5,35.2,55.7,*,54.77,52.9,0.7,412,+6,,(9.7),220,,,,2860,9920
,201010,4京1,7,１勝ｸﾗｽ,フィニステール,,牡,3,川田将雅, 55 ,8,2,"  ","  ","  ","  ",,1,４,芝,1800,A,不,110,,(栗),中内田充,1498,0.3,,6,5,35.3,55.5,*,54.77,52.9,0.8,466,0,,(1.9),,,,,,
,201010,4京1,7,１勝ｸﾗｽ,サンディレクション,,牡,4,酒井学, 57 ,8,4,"  ","  ","  ","  ",,4,５,芝,1800,A,不,76,*,(栗),千田輝彦,1498,0.3,,1,1,36.1,52.1,*,54.77,52.9,0.0,480,+6,,(9.1),,,,,,
,201010,4京1,7,１勝ｸﾗｽ,メイショウサンガ,,牡,3,太宰啓介, 55 ,8,6,"  ","  ","  ","  ",,6,６,芝,1800,A,不,0,*,(栗),千田輝彦,1500,0.5,,7,7,35.2,56.2,*,54.77,52.9,1.1,532,+32,,(25.0),,,,,,
,201010,4京1,7,１勝ｸﾗｽ,アイスヴィスタ,,牝,3,泉谷楓真,50▲,8,5,"  ","  ","  ","  ",,8,７,芝,1800,A,不,0,,(栗),高柳大輔,1505,1.0,,2,2,36.7,50.5,*,54.77,52.9,0.1,470,0,,(48.9),,,,,,
,201010,4京1,7,１勝ｸﾗｽ,スパークインザアイ,,セ,3,岩田康誠, 55 ,8,7,"  ","  ","  ","  ",,7,８,芝,1800,A,不,0,,(美),小島茂之,1525,3.0,,8,8,36.2,55.4,,54.77,52.9,2.6,450,+4,,(26.6),,,,,,
,201010,4京1,6,１勝ｸﾗｽ・牝,スエーニョブランコ,,牝,3,藤岡康太, 53 ,16,2,"  ","  ","  ","  ",,6,１,ダ,1400,,不,760,,(栗),上村洋行,1220,-0.9,,1,1,36.2,44.9,*,45.37,44.9,0.0,510,+14,,970,330,1260,4840,8970,190340,656720
,201010,4京1,6,１勝ｸﾗｽ・牝,メイショウマサヒメ,,牝,3,和田竜二, 53 ,16,10,"  ","  ","  ","  ",,4,２,ダ,1400,,不,300,,(栗),本田優,1229,0.9,,3,2,36.8,44.0,*,45.37,44.9,0.3,498,+10,,(7.4),350,1260,4840,8970,190340,656720
,201010,4京1,6,１勝ｸﾗｽ・牝,ハニエル,,牝,4,岩田康誠, 55 ,16,8,"  ","  ","  ","  ",,15,３,ダ,1400,,不,190,,(栗),吉村圭司,1229,0.9,,13,12,36.1,47.2,*,45.37,44.9,1.0,446,0,,(156.6),2940,,,,190340,656720
,201010,4京1,6,１勝ｸﾗｽ・牝,ブッチーニ,,牝,4,藤岡佑介, 55 ,16,15,"  ","  ","  ","  ",,7,４,ダ,1400,,不,110,,(栗),中内田充,1230,1.0,,10,11,36.4,46.0,*,45.37,44.9,0.8,436,+24,,(12.0),,,,,,
,201010,4京1,6,１勝ｸﾗｽ・牝,ナムラマッチェリ,,牝,4,幸英明, 55 ,16,1,"  ","  ","  ","  ",,14,５,ダ,1400,,不,76,,(栗),大橋勇樹,1231,1.1,,3,4,37.0,43.4,*,45.37,44.9,0.3,474,+8,,(81.9),,,,,,
,201010,4京1,6,１勝ｸﾗｽ・牝,トライハード,,牝,3,池添謙一, 53 ,16,3,"  ","  ","  ","  ",,5,６,ダ,1400,,不,0,,(栗),松田国英,1231,1.1,,10,10,36.5,45.8,*,45.37,44.9,0.8,466,-12,,(8.3),,,,,,
,201010,4京1,6,１勝ｸﾗｽ・牝,クリノクノイチ,,牝,5,小牧太, 55 ,16,4,"  ","  ","  ","  ",,13,７,ダ,1400,,不,0,,(栗),中尾秀正,1231,1.1,,8,8,36.7,44.8,,45.37,44.9,0.6,460,0,,(80.1),,,,,,
,201010,4京1,6,１勝ｸﾗｽ・牝,クォリティタイム,,牝,3,団野大成,52☆,16,6,"  ","  ","  ","  ",,2,８,ダ,1400,,不,0,*,(栗),高橋義忠,1231,1.1,,12,12,36.3,46.7,*,45.37,44.9,1.0,468,-3,,(5.2),,,,,,
,201010,4京1,6,１勝ｸﾗｽ・牝,エナホープ,,牝,6,高倉稜, 55 ,16,12,"  ","  ","  ","  ",,16,９,ダ,1400,,不,0,,(栗),吉田直弘,1235,1.5,,13,12,36.6,46.1,,45.37,44.9,1.1,498,0,,(310.5),,,,,,
,201010,4京1,6,１勝ｸﾗｽ・牝,ショウゲッコウ,,牝,3,国分恭介, 53 ,16,16,"  ","  ","  ","  ",,9,10,ダ,1400,,不,0,,(栗),湯窪幸雄,1235,1.5,,8,5,37.1,43.8,,45.37,44.9,0.6,470,+6,,(19.6),,,,,,
,201010,4京1,6,１勝ｸﾗｽ・牝,カレンリズ,,牝,3,松山弘平, 53 ,16,7,"  ","  ","  ","  ",,3,11,ダ,1400,,不,0,,(栗),鈴木孝志,1236,1.6,,2,2,37.6,41.8,,45.37,44.9,0.2,440,0,,(5.6),,,,,,
,201010,4京1,6,１勝ｸﾗｽ・牝,メイショウミチノク,,牝,4,太宰啓介, 55 ,16,13,"  ","  ","  ","  ",,11,12,ダ,1400,,不,0,,(栗),高橋亮,1238,1.8,,16,16,36.5,47.2,*,45.37,44.9,1.5,480,+4,,(54.7),,,,,,
,201010,4京1,6,１勝ｸﾗｽ・牝,レッドリボン,,牝,6,小崎綾也, 55 ,16,14,"  ","  ","  ","  ",,10,13,ダ,1400,,不,0,,(栗),野中賢二,1239,1.9,,13,15,36.9,45.5,,45.37,44.9,1.2,468,-2,,(27.6),,,,,,
,201010,4京1,6,１勝ｸﾗｽ・牝,レッドモアナ,,牝,4,藤懸貴志, 55 ,16,5,"  ","  ","  ","  ",,12,14,ダ,1400,,不,0,,(栗),坂口智康,1242,2.2,,6,5,38.0,41.2,,45.37,44.9,0.4,448,+16,,(68.5),,,,,,
,201010,4京1,6,１勝ｸﾗｽ・牝,ミスビアンカ,,牝,3,福永祐一, 53 ,16,9,"  ","  ","  ","  ",,1,15,ダ,1400,,不,0,*,(栗),高橋義忠,1251,3.1,,3,5,39.0,38.7,,45.37,44.9,0.3,452,+14,,(4.2),,,,,,
,201010,4京1,6,１勝ｸﾗｽ・牝,リノ,,牝,3,川須栄彦, 53 ,16,11,"  ","  ","  ","  ",,8,16,ダ,1400,,不,0,,(栗),寺島良,1253,3.3,,6,8,39.0,39.0,,45.37,44.9,0.5,456,+4,B,(18.2),,,,,,
,201010,4京1,5,新馬,アールドヴィーヴル,,牝,2,松山弘平, 54 ,14,7,"  ","  ","  ","  ",,2,１,芝,1600,A,不,700,,(栗),今野貞一,1366,-0.0,,11,10,34.9,56.1,*,52.97,51.4,1.0,446,,,410,170,450,4430,6020,18120,84200
,201010,4京1,5,新馬,ヴィジュネル,,牡,2,幸英明, 55 ,14,12,"  ","  ","  ","  ",,7,２,芝,1600,A,不,280,,(栗),渡辺薫彦,1366,0.0,,2,2,35.8,51.9,*,52.97,51.4,0.1,476,,,(19.9),400,450,4430,6020,18120,84200
,201010,4京1,5,新馬,タガノスペルノヴァ,,牡,2,和田竜二, 55 ,14,8,"  ","  ","  ","  ",,9,３,芝,1600,A,不,180,,(栗),川村禎彦,1368,0.2,,1,1,36.1,50.9,*,52.97,51.4,0.0,424,,,(23.1),530,,,,18120,84200
,201010,4京1,5,新馬,ディヴァインラヴ,,牝,2,団野大成,53☆,14,5,"  ","  ","  ","  ",,4,４,芝,1600,A,不,110,,(栗),斉藤崇史,1372,0.6,,8,8,35.9,52.5,*,52.97,51.4,0.6,464,,,(11.5),,,,,,
,201010,4京1,5,新馬,ジュノエスク,,牝,2,池添謙一, 54 ,14,4,"  ","  ","  ","  ",,10,５,芝,1600,A,不,70,,(栗),坂口智康,1375,0.9,,4,4,36.5,50.3,*,52.97,51.4,0.3,446,,,(32.5),,,,,,
,201010,4京1,5,新馬,グレイスキッパー,,牝,2,高倉稜, 54 ,14,2,"  ","  ","  ","  ",,11,６,芝,1600,A,不,0,,(栗),杉山晴紀,1377,1.1,,13,13,35.7,54.2,*,52.97,51.4,1.3,414,,,(46.6),,,,,,
,201010,4京1,5,新馬,プレジャジンク,,牝,2,松若風馬, 54 ,14,3,"  ","  ","  ","  ",,3,７,芝,1600,A,不,0,,(栗),吉田直弘,1377,1.1,,4,4,36.7,49.7,,52.97,51.4,0.3,444,,,(7.7),,,,,,
,201010,4京1,5,新馬,シゲルチョウサヤク,,牡,2,泉谷楓真,52▲,14,9,"  ","  ","  ","  ",,13,８,芝,1600,A,不,0,,(栗),大橋勇樹,1382,1.6,,11,11,36.5,51.4,,52.97,51.4,1.0,424,,,(245.9),,,,,,
,201010,4京1,5,新馬,マテンロウガイア,,牝,2,岡田祥嗣, 54 ,14,14,"  ","  ","  ","  ",,5,９,芝,1600,A,不,0,,(栗),藤原英昭,1382,1.6,,2,3,37.3,48.0,,52.97,51.4,0.2,466,,,(12.5),,,,,,
,201010,4京1,5,新馬,ルリオウ,,牡,2,福永祐一, 55 ,14,11,"  ","  ","  ","  ",,1,10,芝,1600,A,不,0,,(栗),友道康夫,1383,1.7,,6,4,37.2,48.5,,52.97,51.4,0.4,500,,,(2.5),,,,,,
,201010,4京1,5,新馬,ケイカイ,,牡,2,太宰啓介, 55 ,14,1,"  ","  ","  ","  ",,12,11,芝,1600,A,不,0,,(栗),千田輝彦,1386,2.0,,14,14,36.1,53.9,*,52.97,51.4,1.8,478,,,(122.0),,,,,,
,201010,4京1,5,新馬,プラチナムレイアー,,牡,2,藤岡康太, 55 ,14,13,"  ","  ","  ","  ",,6,12,芝,1600,A,不,0,,(栗),吉岡辰弥,1395,2.9,,6,7,38.4,45.5,,52.97,51.4,0.4,482,,,(18.9),,,,,,
,201010,4京1,5,新馬,ハニーミルク,,牝,2,川須栄彦, 54 ,14,6,"  ","  ","  ","  ",,14,13,芝,1600,A,不,0,,(美),的場均,1396,3.0,,8,8,38.3,46.0,,52.97,51.4,0.6,424,,,(379.2),,,,,,
,201010,4京1,5,新馬,モデュロール,,牡,2,藤岡佑介, 55 ,14,10,"  ","  ","  ","  ",,8,14,芝,1600,A,不,0,,(栗),吉村圭司,1398,3.2,,8,11,38.3,46.3,,52.97,51.4,0.8,446,,,(20.6),,,,,,
,201010,4京1,4,新馬,ディオスクーロイ,,牡,2,川須栄彦, 55 ,16,11,"  ","  ","  ","  ",,2,１,ダ,1200,,不,700,*,(栗),松下武士,1116,-0.8,,2,1,37.1,43.0,*,44.43,43.0,0.0,486,,,420,180,2780,13290,29020,65310,417770
,201010,4京1,4,新馬,シゲルリジ,,牝,2,国分恭介, 54 ,16,9,"  ","  ","  ","  ",,12,２,ダ,1200,,不,280,,(栗),五十嵐忠,1124,0.8,,7,4,37.3,44.1,*,44.43,43.0,0.6,462,,,(52.3),1050,2780,13290,29020,65310,417770
,201010,4京1,4,新馬,ボニンブルー,,牡,2,小崎綾也, 55 ,16,12,"  ","  ","  ","  ",,7,３,ダ,1200,,不,180,,(栗),小崎憲,1124,0.8,,9,10,36.9,46.2,*,44.43,43.0,1.0,456,,,(17.8),470,,,,65310,417770
,201010,4京1,4,新馬,エイユーストロング,,牡,2,松山弘平, 55 ,16,14,"  ","  ","  ","  ",,1,４,ダ,1200,,不,110,,(栗),鈴木孝志,1125,0.9,,5,6,37.3,44.4,*,44.43,43.0,0.7,456,,,(3.7),,,,,,
,201010,4京1,4,新馬,クラーヴォ,,牝,2,川島信二, 54 ,16,7,"  ","  ","  ","  ",,3,５,ダ,1200,,不,70,,(栗),新谷功一,1125,0.9,,3,3,37.6,42.8,*,44.43,43.0,0.4,470,,,(7.4),,,,,,
,201010,4京1,4,新馬,カネトシバレンシア,,牝,2,秋山真一, 54 ,16,13,"  ","  ","  ","  ",,6,６,ダ,1200,,不,0,,(栗),飯田祐史,1126,1.0,,3,4,37.7,42.6,*,44.43,43.0,0.4,442,,,(17.2),,,,,,
,201010,4京1,4,新馬,ウォーターパフィン,,牝,2,酒井学, 54 ,16,3,"  ","  ","  ","  ",,10,７,ダ,1200,,不,0,,(栗),田所秀孝,1129,1.3,,9,7,37.5,44.4,,44.43,43.0,0.9,488,,,(34.4),,,,,,
,201010,4京1,4,新馬,レスールドマカロン,,牝,2,岩田康誠, 54 ,16,2,"  ","  ","  ","  ",,4,８,ダ,1200,,不,0,,(栗),河内洋,1131,1.5,,1,2,38.6,39.4,,44.43,43.0,0.0,444,,,(7.9),,,,,,
,201010,4京1,4,新馬,シゲルカチョウ,,牝,2,幸英明, 54 ,16,15,"  ","  ","  ","  ",,9,９,ダ,1200,,不,0,,(栗),高橋康之,1133,1.7,,7,7,37.9,43.4,,44.43,43.0,0.9,484,,,(20.5),,,,,,
,201010,4京1,4,新馬,アラッタロウ,,牡,2,藤懸貴志, 55 ,16,8,"  ","  ","  ","  ",,16,10,ダ,1200,,不,0,,(栗),荒川義之,1134,1.8,,13,12,37.1,47.8,*,44.43,43.0,1.8,444,,,(225.3),,,,,,
,201010,4京1,4,新馬,ナムラゴロー,,牡,2,松若風馬, 55 ,16,16,"  ","  ","  ","  ",,5,11,ダ,1200,,不,0,,(栗),浜田多実,1138,2.2,,12,12,37.9,44.7,,44.43,43.0,1.4,474,,,(10.3),,,,,,
,201010,4京1,4,新馬,クールビスマルク,,牡,2,国分優作, 55 ,16,6,"  ","  ","  ","  ",,14,12,ダ,1200,,不,0,*,(栗),松下武士,1138,2.2,,14,14,37.2,48.4,*,44.43,43.0,2.1,456,,,(112.5),,,,,,
,201010,4京1,4,新馬,グリントスター,,牡,2,高倉稜, 55 ,16,1,"  ","  ","  ","  ",,11,13,ダ,1200,,不,0,,(栗),吉田直弘,1141,2.5,,9,7,38.7,41.5,,44.43,43.0,0.9,456,,,(38.0),,,,,,
,201010,4京1,4,新馬,プロペラシャフト,,牡,2,田中健, 55 ,16,5,"  ","  ","  ","  ",,15,14,ダ,1200,,不,0,,(栗),安達昭夫,1144,2.8,,16,15,37.0,51.1,*,44.43,43.0,2.9,490,,,(201.0),,,,,,
,201010,4京1,4,新馬,ツイスタンシャウツ,,牡,2,古川吉洋, 55 ,16,4,"  ","  ","  ","  ",,13,15,ダ,1200,,不,0,,(栗),角田晃一,1156,4.0,,5,10,40.5,36.7,,44.43,43.0,0.6,488,,,(68.3),,,,,,
,201010,4京1,4,新馬,ウインレゴリス,,牡,2,城戸義政, 55 ,16,10,"  ","  ","  ","  ",,8,16,ダ,1200,,不,0,,(栗),奥村豊,1172,5.6,,15,16,40.1,42.5,,44.43,43.0,2.6,480,,,(18.8),,,,,,
,201010,4京1,3,未勝利*,ギャラントウォリア,,牡,2,池添謙一, 55 ,13,11,"  ","  ","  ","  ",,1,１,芝,1800,A,不,510,,(栗),平田修,1503,-0.4,,2,2,38.4,43.6,*,43.10,43.2,0.1,490,+8,,240,130,1070,1010,1520,1790,7780
,201010,4京1,3,未勝利*,シーニッククルーズ,,牡,2,浜中俊, 55 ,13,10,"  ","  ","  ","  ",,4,２,芝,1800,A,不,200,,(栗),武幸四郎,1507,0.4,,4,3,38.6,43.4,*,43.10,43.2,0.3,490,0,,(8.1),190,1070,1010,1520,1790,7780
,201010,4京1,3,未勝利*,レイモンドバローズ,,牡,2,松山弘平, 55 ,13,7,"  ","  ","  ","  ",,3,３,芝,1800,A,不,130,,(栗),上村洋行,1507,0.4,,1,1,38.9,42.3,*,43.10,43.2,0.0,476,0,,(5.6),160,,,,1790,7780
,201010,4京1,3,未勝利*,サイモンメガライズ,,牡,2,藤岡康太, 55 ,13,5,"  ","  ","  ","  ",,8,４,芝,1800,A,不,77,,(栗),松田国英,1509,0.6,,9,9,38.4,44.4,*,43.10,43.2,0.7,492,0,,(23.3),,,,,,
,201010,4京1,3,未勝利*,ジュンブーケ,,牝,2,泉谷楓真,51▲,13,6,"  ","  ","  ","  ",,7,５,芝,1800,A,不,51,,(栗),森秀行,1509,0.6,,4,5,38.7,43.3,*,43.10,43.2,0.4,438,-18,,(20.6),,,,,,
,201010,4京1,3,未勝利*,ショウナンアイビー,,牡,2,和田竜二, 55 ,13,3,"  ","  ","  ","  ",,9,６,芝,1800,A,不,0,,(栗),清水久詞,1510,0.7,,4,3,39.0,42.3,*,43.10,43.2,0.2,496,0,,(67.4),,,,,,
,201010,4京1,3,未勝利*,タマモネックタイ,,牡,2,団野大成,54☆,13,2,"  ","  ","  ","  ",,11,７,芝,1800,A,不,0,,(栗),池添学,1510,0.7,,7,5,38.7,43.4,*,43.10,43.2,0.5,468,+2,,(122.2),,,,,,
,201010,4京1,3,未勝利*,サルマン,,牡,2,川須栄彦, 55 ,13,1,"  ","  ","  ","  ",,6,８,芝,1800,A,不,0,,(栗),中尾秀正,1514,1.1,,11,9,38.9,43.2,,43.10,43.2,0.7,508,0,,(19.1),,,,,,
,201010,4京1,3,未勝利*,リリーマイウェー,,牡,2,酒井学, 55 ,13,9,"  ","  ","  ","  ",,12,９,芝,1800,A,不,0,,(栗),池添兼雄,1514,1.1,,7,5,39.1,42.5,,43.10,43.2,0.5,482,+8,,(145.3),,,,,,
,201010,4京1,3,未勝利*,シュンイ,,牝,2,松若風馬, 54 ,13,12,"  ","  ","  ","  ",,10,10,芝,1800,A,不,0,,(栗),矢作芳人,1522,1.9,,13,12,39.1,43.5,,43.10,43.2,1.3,454,-2,,(107.2),,,,,,
,201010,4京1,3,未勝利*,オーホンブリック,,牡,2,藤岡佑介, 55 ,13,13,"  ","  ","  ","  ",,5,11,芝,1800,A,不,0,,(栗),吉村圭司,1523,2.0,,9,11,39.8,41.1,,43.10,43.2,0.7,502,0,,(9.7),,,,,,
,201010,4京1,3,未勝利*,トレデマンド,,牝,2,福永祐一, 54 ,13,8,"  ","  ","  ","  ",,2,12,芝,1800,A,不,0,,(栗),松永幹夫,1532,2.9,,2,5,41.2,37.4,,43.10,43.2,0.2,462,-6,,(5.1),,,,,,
,201010,4京1,3,未勝利*,マイネルオーロラ,,牡,2,国分優作, 55 ,13,4,"  ","  ","  ","  ",,13,13,芝,1800,A,不,0,,(栗),長谷川浩,1584,8.1,,12,13,44.6,32.7,,43.10,43.2,2.0,442,+12,,(275.0),,,,,,
,201010,4京1,2,未勝利*,デルマヤクシ,,牡,2,藤岡康太, 55 ,13,5,"  ","  ","  ","  ",,5,１,芝,1400,A,不,510,,(栗),友道康夫,1236,-0.7,,2,2,36.4,47.3,*,47.20,46.8,0.1,440,+2,,940,280,2840,2530,5050,8750,54160
,201010,4京1,2,未勝利*,サヴァビアン,,牡,2,藤岡佑介, 55 ,13,3,"  ","  ","  ","  ",,3,２,芝,1400,A,不,200,,(栗),羽月友彦,1243,0.7,,3,3,37.0,45.9,*,47.20,46.8,0.2,418,0,,(7.9),260,2840,2530,5050,8750,54160
,201010,4京1,2,未勝利*,タイフォン,,牡,2,幸英明, 55 ,13,8,"  ","  ","  ","  ",,7,３,芝,1400,A,不,130,,(栗),森田直行,1244,0.8,,10,8,36.5,48.4,*,47.20,46.8,0.8,452,+4,,(12.7),360,,,,8750,54160
,201010,4京1,2,未勝利*,ビクトリアバローズ,,牝,2,川田将雅, 54 ,13,7,"  ","  ","  ","  ",,1,４,芝,1400,A,不,77,,(栗),中内田充,1244,0.8,,4,3,37.0,46.1,*,47.20,46.8,0.3,436,0,,(4.2),,,,,,
,201010,4京1,2,未勝利*,ゴールドマイヤー,,牡,2,太宰啓介, 55 ,13,10,"  ","  ","  ","  ",,8,５,芝,1400,A,不,51,,(栗),渡辺薫彦,1245,0.9,,6,6,36.9,46.7,*,47.20,46.8,0.5,428,+10,,(14.5),,,,,,
,201010,4京1,2,未勝利*,ペガサスウイング,,牝,2,川須栄彦, 54 ,13,1,"  ","  ","  ","  ",,6,６,芝,1400,A,不,0,,(栗),中尾秀正,1246,1.0,,6,6,37.0,46.5,*,47.20,46.8,0.5,446,-2,,(11.9),,,,,,
,201010,4京1,2,未勝利*,シューラヴァラ,,牡,2,和田竜二, 55 ,13,9,"  ","  ","  ","  ",,10,６,芝,1400,A,不,0,*,(栗),川村禎彦,1246,1.0,,8,8,36.8,47.4,*,47.20,46.8,0.7,442,+4,,(20.8),,,,,,
,201010,4京1,2,未勝利*,トーホウサキ,,牝,2,団野大成,53☆,13,11,"  ","  ","  ","  ",,11,８,芝,1400,A,不,0,,(栗),石坂公一,1249,1.3,,13,11,36.7,48.5,*,47.20,46.8,1.1,448,-4,,(29.1),,,,,,
,201010,4京1,2,未勝利*,サプライズギフト,,牝,2,国分優作, 54 ,13,4,"  ","  ","  ","  ",,12,９,芝,1400,A,不,0,,(栗),長谷川浩,1252,1.6,,4,5,37.8,44.0,,47.20,46.8,0.3,400,+2,,(41.3),,,,,,
,201010,4京1,2,未勝利*,ナサ,,牝,2,福永祐一, 54 ,13,12,"  ","  ","  ","  ",,2,10,芝,1400,A,不,0,*,(栗),宮本博,1254,1.8,,10,11,37.3,46.7,,47.20,46.8,1.0,450,+4,,(4.9),,,,,,
,201010,4京1,2,未勝利*,クリオズナ,,牝,2,松山弘平, 54 ,13,13,"  ","  ","  ","  ",,4,11,芝,1400,A,不,0,,(栗),浜田多実,1258,2.2,,1,1,38.7,41.3,,47.20,46.8,0.0,438,+2,,(9.0),,,,,,
,201010,4京1,2,未勝利*,ニシノカムイ,,牡,2,岩田康誠, 55 ,13,6,"  ","  ","  ","  ",,9,12,芝,1400,A,不,0,*,(栗),宮本博,1262,2.6,,8,8,38.5,42.9,,47.20,46.8,0.6,458,0,,(15.1),,,,,,
,201010,4京1,2,未勝利*,シゲルアシスタント,,牝,2,国分恭介, 54 ,13,2,"  ","  ","  ","  ",,13,13,芝,1400,A,不,0,*,(栗),川村禎彦,1262,2.6,,10,11,38.2,44.2,,47.20,46.8,0.9,416,0,,(278.6),,,,,,
,201010,4京1,1,未勝利*,マルモルーラー,,牡,2,幸英明, 55 ,13,1,"  ","  ","  ","  ",,5,１,ダ,1800,,不,510,,(栗),木原一良,1523,-0.2,5,4,4,37.8,48.5,*,47.40,45.8,0.7,514,+2,,780,290,5710,5130,10630,9930,70290
,201010,4京1,1,未勝利*,メイショウキリモン,,牡,2,団野大成,54☆,13,9,"  ","  ","  ","  ",,6,２,ダ,1800,,不,200,,(栗),荒川義之,1525,0.2,7,7,5,38.0,48.0,*,47.40,45.8,0.7,472,+2,,(9.5),320,5710,5130,10630,9930,70290
,201010,4京1,1,未勝利*,アスカノミライ,,牡,2,国分恭介, 55 ,13,11,"  ","  ","  ","  ",,4,３,ダ,1800,,不,130,,(栗),川村禎彦,1525,0.2,2,2,2,38.6,45.7,*,47.40,45.8,0.1,500,+6,,(7.8),210,,,,9930,70290
,201010,4京1,1,未勝利*,メイショウミツヒデ,,牡,2,和田竜二, 55 ,13,2,"  ","  ","  ","  ",,2,４,ダ,1800,,不,77,,(栗),南井克巳,1525,0.2,2,3,3,38.3,46.9,*,47.40,45.8,0.4,482,-4,,(5.4),,,,,,
,201010,4京1,1,未勝利*,サルバトーレミノル,,牡,2,泉谷楓真,52▲,13,10,"  ","  ","  ","  ",,8,５,ダ,1800,,不,51,,(栗),本田優,1532,0.9,1,1,1,39.4,43.7,*,47.40,45.8,0.0,530,0,,(28.7),,,,,,
,201010,4京1,1,未勝利*,グリンブルスティ,,牡,2,松山弘平, 55 ,13,4,"  ","  ","  ","  ",,7,６,ダ,1800,,不,0,,(栗),宮本博,1543,2.0,9,11,11,38.8,47.3,,47.40,45.8,1.7,472,+2,,(22.5),,,,,,
,201010,4京1,1,未勝利*,ライム,,牡,2,国分優作, 55 ,13,5,"  ","  ","  ","  ",,3,７,ダ,1800,,不,0,,(栗),湯窪幸雄,1549,2.6,11,4,6,40.4,42.2,,47.40,45.8,0.7,450,0,,(5.9),,,,,,
,201010,4京1,1,未勝利*,オペラムーン,,牝,2,古川吉洋, 54 ,13,8,"  ","  ","  ","  ",,11,８,ダ,1800,,不,0,,(栗),昆貢,1551,2.8,9,9,8,39.8,44.6,,47.40,45.8,1.5,476,-4,,(63.7),,,,,,
,201010,4京1,1,未勝利*,タイセイロワイヤル,,牡,2,池添謙一, 55 ,13,12,"  ","  ","  ","  ",,12,９,ダ,1800,,不,0,,(栗),森田直行,1555,3.2,5,8,8,40.7,41.9,,47.40,45.8,1.0,486,+6,,(65.6),,,,,,
,201010,4京1,1,未勝利*,チョウワイルド,,牡,2,城戸義政, 55 ,13,6,"  ","  ","  ","  ",,13,10,ダ,1800,,不,0,,(栗),西橋豊治,1556,3.3,13,11,10,40.2,43.8,,47.40,45.8,1.6,480,+8,,(174.4),,,,,,
,201010,4京1,1,未勝利*,モーガン,,牡,2,岩田康誠, 55 ,13,3,"  ","  ","  ","  ",,1,11,ダ,1800,,不,0,,(栗),橋口慎介,1559,3.6,4,4,7,41.4,40.0,,47.40,45.8,0.7,464,+10,,(3.1),,,,,,
,201010,4京1,1,未勝利*,ハンサムハーリー,,牡,2,松若風馬, 55 ,13,7,"  ","  ","  ","  ",,10,12,ダ,1800,,不,0,,(栗),平田修,1568,4.5,7,10,12,41.4,41.1,,47.40,45.8,1.6,480,+4,,(55.2),,,,,,
,201010,4京1,1,未勝利*,モーティヴフォース,,牡,2,藤岡佑介, 55 ,13,13,"  ","  ","  ","  ",,9,13,ダ,1800,,不,0,,(栗),安田隆行,1571,4.8,12,13,13,41.1,42.5,,47.40,45.8,2.2,490,-6,,(33.1),,,,,,
